X1,Y1,Z1,X2,Y2,Z2,X3,Y3,Z3,X4,Y4,Z4,X5,Y5,Z5,Activity
346,461,434,572,436,489,406,529,488,509,448,372,451,410,528,Push-up
374,493,464,561,556,529,447,602,534,593,514,420,490,452,584,Push-up
383,499,475,561,592,540,465,620,551,617,535,431,499,467,610,Push-up
386,505,480,557,605,542,473,629,558,625,541,436,499,467,628,Push-up
386,508,483,555,620,548,473,632,558,628,545,438,504,469,628,Push-up
386,509,483,553,622,556,473,632,558,628,549,436,506,471,625,Push-up
387,508,481,551,616,560,473,629,556,631,545,439,501,471,634,Push-up
387,507,484,553,620,558,475,629,554,631,547,439,503,469,637,Push-up
386,511,484,549,626,552,473,626,554,631,547,441,508,467,628,Push-up
385,506,482,550,629,550,475,630,555,629,545,441,507,467,618,Push-up
386,507,481,553,630,548,475,634,556,629,544,442,507,464,624,Push-up
386,507,480,551,631,546,472,635,556,629,542,442,507,462,628,Push-up
386,509,480,551,633,548,467,631,552,628,545,440,505,463,625,Push-up
386,509,478,551,630,553,466,627,547,631,543,443,504,461,622,Push-up
386,506,480,554,624,555,464,626,545,631,543,443,507,463,619,Push-up
385,502,483,556,625,554,463,625,545,629,543,440,505,464,619,Push-up
387,506,481,553,624,552,464,626,544,631,539,441,502,464,614,Push-up
387,495,480,553,621,552,466,625,544,632,540,444,507,464,611,Push-up
387,500,483,553,621,553,466,626,544,633,538,444,508,465,612,Push-up
388,502,480,553,621,554,466,625,546,633,537,444,503,465,615,Push-up
387,501,481,553,622,552,467,625,549,632,539,444,504,466,617,Push-up
387,503,481,554,619,549,466,624,551,632,541,444,507,469,614,Push-up
387,502,480,555,620,545,468,626,551,632,537,442,504,468,616,Push-up
387,499,480,555,620,545,468,625,551,631,541,442,506,467,617,Push-up
387,498,482,556,622,549,466,626,550,631,539,442,506,466,621,Push-up
387,500,482,555,622,551,467,625,548,631,543,442,507,468,619,Push-up
388,499,482,555,621,552,464,624,545,631,542,443,507,469,616,Push-up
388,499,480,556,621,554,464,627,543,630,541,441,507,467,616,Push-up
388,500,479,555,621,556,463,627,543,630,543,441,504,467,619,Push-up
387,499,481,554,622,558,462,627,544,630,541,442,504,468,620,Push-up
387,502,482,554,623,559,462,627,544,630,542,442,504,469,620,Push-up
387,505,481,555,621,557,461,626,543,630,543,442,505,469,620,Push-up
387,502,482,557,621,555,462,628,544,630,541,442,506,470,619,Push-up
387,502,482,557,622,552,465,629,548,631,542,442,506,470,619,Push-up
386,500,482,557,622,552,468,629,550,631,543,443,506,468,621,Push-up
386,500,484,554,624,552,468,629,552,631,543,442,506,468,621,Push-up
386,503,486,554,624,552,468,628,550,631,543,442,505,471,619,Push-up
386,505,482,554,624,552,468,626,550,630,542,442,502,471,620,Push-up
387,503,480,554,623,552,468,626,548,630,543,442,501,472,623,Push-up
387,502,479,553,623,553,468,627,546,630,542,442,504,472,619,Push-up
387,503,479,553,622,553,469,630,548,631,541,443,507,469,616,Push-up
388,504,479,552,622,553,468,629,547,631,541,442,507,470,617,Push-up
388,505,479,550,622,553,467,628,546,630,541,441,507,470,621,Push-up
388,505,479,550,622,553,467,628,544,630,542,441,506,470,621,Push-up
388,505,479,550,623,554,466,628,542,630,543,442,507,469,621,Push-up
388,504,479,551,623,556,465,628,540,630,543,441,507,470,622,Push-up
388,506,479,552,622,556,465,628,538,629,542,441,505,472,622,Push-up
388,502,479,553,622,554,465,627,537,630,542,442,506,470,621,Push-up
388,503,479,553,624,552,465,628,538,630,545,441,506,469,620,Push-up
388,506,479,553,624,552,465,631,538,630,543,441,506,469,621,Push-up
388,504,479,553,624,554,465,629,540,630,542,441,506,469,621,Push-up
388,504,480,554,623,555,464,628,543,630,543,441,505,469,621,Push-up
388,506,480,554,622,556,465,627,545,630,542,441,505,468,621,Push-up
388,504,480,554,622,557,466,628,547,629,543,440,505,469,621,Push-up
388,501,480,554,622,557,466,629,548,629,544,440,506,469,621,Push-up
387,503,480,554,622,557,466,628,545,630,542,440,507,468,618,Push-up
387,502,481,554,622,557,465,628,543,630,543,440,506,468,618,Push-up
387,501,481,554,623,556,464,626,540,630,539,441,505,469,618,Push-up
386,504,481,554,623,555,463,627,538,629,542,439,504,470,619,Push-up
386,504,481,554,621,554,463,628,538,629,544,439,506,470,619,Push-up
386,504,480,553,621,554,464,628,538,630,541,441,507,470,616,Push-up
387,504,480,553,621,555,464,628,541,630,541,440,507,470,618,Push-up
387,504,480,554,621,555,464,628,542,630,543,440,507,470,621,Push-up
387,504,480,554,622,556,464,627,542,630,541,440,505,468,621,Push-up
387,504,480,554,622,557,464,627,542,630,543,440,506,469,621,Push-up
387,503,480,554,622,558,464,627,542,630,542,440,505,469,622,Push-up
387,503,480,554,622,559,464,628,542,630,542,440,506,468,619,Push-up
387,503,480,554,622,560,465,628,542,629,543,440,506,469,620,Push-up
387,504,481,554,622,560,465,628,542,630,542,440,506,469,620,Push-up
387,503,481,554,622,558,465,628,542,630,543,441,506,469,620,Push-up
387,503,481,554,622,555,465,629,542,630,543,440,506,469,620,Push-up
387,503,481,554,622,555,465,629,542,630,541,440,504,469,620,Push-up
387,503,481,554,622,554,465,628,542,630,543,440,505,470,618,Push-up
387,503,482,554,622,555,465,628,542,630,542,440,505,470,620,Push-up
387,502,482,554,622,557,465,628,542,630,541,440,505,470,620,Push-up
387,502,482,554,621,557,465,628,542,630,543,440,505,471,620,Push-up
388,502,484,553,621,557,465,627,542,630,542,440,505,472,619,Push-up
387,503,482,552,621,557,466,628,543,630,543,440,508,471,620,Push-up
386,506,482,552,621,557,466,628,543,630,543,440,508,471,621,Push-up
386,506,481,552,622,557,466,628,543,630,542,441,508,471,621,Push-up
387,504,481,551,623,557,466,628,541,630,543,441,507,471,619,Push-up
388,499,484,551,623,558,465,629,540,629,542,441,507,471,620,Push-up
387,504,482,551,622,560,465,627,539,629,543,441,507,471,622,Push-up
386,502,482,551,622,560,464,628,539,631,540,441,507,471,622,Push-up
385,504,485,551,622,559,465,628,540,631,540,440,507,471,622,Push-up
385,501,485,551,622,557,465,632,541,631,543,443,505,470,619,Push-up
386,495,485,553,622,556,468,629,541,631,539,443,506,470,617,Push-up
387,497,486,553,622,555,466,630,542,630,542,441,508,470,618,Push-up
387,499,484,553,622,556,466,630,540,630,540,441,508,471,616,Push-up
387,502,483,553,621,557,465,629,540,631,539,442,505,470,620,Push-up
387,502,484,553,620,558,465,627,541,631,542,442,505,470,622,Push-up
387,501,485,553,620,559,465,627,541,631,539,444,504,470,622,Push-up
386,497,485,553,621,558,465,627,543,631,541,444,503,470,621,Push-up
385,502,483,553,621,555,465,628,545,631,542,444,507,470,619,Push-up
385,509,481,555,621,554,467,628,547,631,540,441,506,470,621,Push-up
385,507,481,555,623,554,467,628,548,631,541,441,504,469,622,Push-up
385,507,481,554,622,554,467,628,548,631,541,442,507,469,620,Push-up
386,505,482,554,622,555,467,628,545,631,541,442,507,469,620,Push-up
386,504,482,554,622,555,466,628,543,631,541,444,507,469,619,Push-up
386,504,482,554,622,556,466,628,542,630,541,442,507,469,620,Push-up
386,505,482,554,622,557,465,628,541,630,541,442,507,469,620,Push-up
386,503,481,552,622,558,465,628,541,630,543,442,507,469,620,Push-up
386,504,481,552,622,558,465,628,541,630,542,441,507,469,622,Push-up
386,503,482,552,622,557,465,628,541,630,542,441,507,470,620,Push-up
386,503,482,552,622,556,466,628,542,630,542,442,505,470,619,Push-up
386,504,482,552,622,556,466,627,544,630,543,442,506,470,620,Push-up
386,502,483,553,622,556,466,627,544,630,545,442,506,471,619,Push-up
386,500,483,553,622,556,466,627,546,630,542,442,506,473,622,Push-up
386,502,484,553,622,557,466,627,545,630,543,442,508,470,625,Push-up
386,506,484,553,622,558,466,628,542,631,540,442,507,468,621,Push-up
386,508,482,553,620,558,466,628,541,630,543,442,506,470,620,Push-up
386,508,482,552,620,558,467,629,541,629,544,440,506,471,621,Push-up
386,505,482,551,622,558,467,629,541,629,544,441,505,470,621,Push-up
386,505,483,551,623,557,466,629,541,630,545,441,508,471,618,Push-up
386,505,483,551,623,557,466,629,542,630,542,442,508,471,619,Push-up
386,505,483,552,622,557,466,628,542,630,543,442,507,471,620,Push-up
386,505,483,552,622,557,466,628,542,630,542,442,507,472,619,Push-up
386,505,482,552,622,558,466,628,542,629,542,441,508,471,620,Push-up
386,504,481,552,623,558,466,628,543,630,542,442,507,471,620,Push-up
386,504,482,552,623,558,467,628,543,630,542,442,508,471,619,Push-up
386,505,482,552,623,557,467,628,543,630,542,442,508,471,617,Push-up
387,503,482,552,623,557,467,628,543,630,542,442,507,471,619,Push-up
387,505,482,552,623,557,467,628,543,630,542,442,508,471,619,Push-up
387,505,482,552,623,557,467,628,543,630,543,442,507,471,619,Push-up
387,504,482,552,623,557,466,628,543,630,543,442,507,471,620,Push-up
387,504,482,552,623,557,465,628,543,631,543,443,507,470,620,Push-up
387,505,482,552,623,558,464,629,544,631,543,442,507,470,620,Push-up
387,505,482,553,622,558,464,629,542,631,543,442,507,470,620,Push-up
387,505,482,553,622,557,464,628,542,631,544,441,507,470,620,Push-up
387,506,482,553,622,557,465,628,542,631,544,441,507,469,619,Push-up
387,505,481,553,622,557,465,628,542,631,543,441,507,469,617,Push-up
387,503,481,552,623,557,465,628,541,631,543,441,506,468,618,Push-up
387,507,482,551,623,557,465,628,540,631,543,442,508,469,617,Push-up
387,507,482,551,623,559,465,628,540,631,544,441,507,468,618,Push-up
387,505,482,551,623,557,466,628,540,630,544,441,506,467,617,Push-up
387,506,482,551,621,555,466,627,541,630,542,441,508,468,617,Push-up
387,505,483,552,621,555,467,629,542,630,542,441,507,467,617,Push-up
386,506,483,552,622,555,467,629,543,630,544,441,506,466,616,Push-up
386,508,482,552,623,557,468,629,544,631,543,442,507,466,616,Push-up
386,506,483,552,623,557,468,629,544,629,544,441,508,469,613,Push-up
386,508,484,550,623,557,468,629,544,631,544,442,508,468,608,Push-up
387,506,483,550,622,557,469,629,543,630,544,442,507,467,609,Push-up
387,504,481,550,622,556,469,630,543,629,547,441,505,466,609,Push-up
387,512,480,548,622,556,469,629,542,632,537,444,511,468,607,Push-up
387,506,483,549,622,557,468,627,542,628,547,441,508,468,606,Push-up
388,514,480,550,622,556,468,628,542,628,549,439,502,468,603,Push-up
388,505,478,550,622,554,469,629,541,632,539,444,508,464,603,Push-up
387,519,479,549,625,556,469,629,541,625,557,439,511,467,605,Push-up
388,529,482,549,623,553,469,629,541,627,550,438,506,476,593,Push-up
386,503,484,549,623,553,469,630,541,631,542,444,506,472,587,Push-up
387,515,477,549,623,555,474,629,539,626,557,442,509,469,593,Push-up
390,545,477,545,616,558,476,625,542,628,554,441,510,476,588,Push-up
394,520,480,544,619,560,476,625,543,628,554,443,509,479,583,Push-up
391,524,466,542,621,558,478,628,542,623,560,438,511,474,598,Push-up
393,543,472,540,622,559,476,626,544,623,554,435,507,483,599,Push-up
395,542,473,541,622,560,476,627,542,621,564,435,499,481,600,Push-up
394,545,469,539,619,562,479,628,541,627,551,445,513,479,604,Push-up
396,550,471,543,619,565,478,629,541,621,560,438,516,478,610,Push-up
401,568,467,541,619,564,474,637,542,613,571,426,498,479,626,Push-up
396,550,465,540,626,564,477,641,544,611,578,436,506,484,627,Push-up
402,556,472,542,627,570,473,639,544,607,578,432,510,480,619,Push-up
407,577,470,547,628,573,472,638,543,606,569,426,495,478,632,Push-up
395,557,474,543,628,569,476,638,538,610,568,428,509,486,638,Push-up
401,565,479,546,626,566,476,638,536,602,593,434,508,490,634,Push-up
403,571,473,546,621,567,476,637,537,609,582,434,503,487,637,Push-up
399,566,481,540,623,560,481,636,528,603,590,436,507,486,638,Push-up
405,574,473,536,624,563,482,637,528,606,598,445,502,491,648,Push-up
406,584,476,533,621,568,485,637,532,613,579,435,509,493,657,Push-up
406,576,478,528,624,572,496,633,532,611,580,439,506,490,650,Push-up
404,573,471,525,620,574,497,632,541,617,580,445,504,495,650,Push-up
405,579,478,524,613,577,494,636,559,615,577,437,508,502,666,Push-up
399,568,483,521,624,575,498,635,560,607,598,443,501,508,645,Push-up
404,576,477,524,623,576,505,629,552,612,584,450,510,493,618,Push-up
410,588,481,523,612,580,510,636,552,613,567,435,525,484,630,Push-up
403,571,481,518,625,576,511,644,549,602,592,439,510,488,635,Push-up
402,571,481,513,630,571,503,637,547,606,596,439,494,501,656,Push-up
401,572,479,514,624,573,504,626,542,611,579,439,501,501,656,Push-up
399,569,482,516,620,565,509,624,539,611,581,440,517,498,638,Push-up
402,568,482,516,617,562,509,640,541,611,576,435,513,494,622,Push-up
403,566,480,516,624,562,510,645,543,599,599,437,514,495,624,Push-up
404,576,486,511,627,567,510,644,540,601,595,441,510,498,627,Push-up
398,568,485,509,624,576,509,639,532,611,577,438,507,490,637,Push-up
400,571,490,508,615,585,506,634,530,608,586,439,502,491,644,Push-up
398,568,486,508,611,590,506,635,530,608,585,437,510,495,647,Push-up
399,569,485,504,616,586,513,634,526,608,591,443,508,491,642,Push-up
401,569,482,504,615,584,515,637,532,609,583,439,520,490,643,Push-up
400,570,485,503,616,582,515,646,538,607,590,442,515,488,646,Push-up
398,566,484,502,624,578,514,649,539,606,592,441,512,487,649,Push-up
395,563,485,503,623,577,510,649,537,607,597,445,512,485,650,Push-up
397,565,486,507,623,578,508,644,536,608,585,436,509,486,651,Push-up
398,567,483,509,623,575,507,634,534,606,587,439,512,486,648,Push-up
399,569,483,510,623,572,505,632,536,606,591,440,515,485,646,Push-up
398,566,480,513,622,571,503,634,539,604,596,442,515,487,643,Push-up
399,569,483,516,622,571,505,634,542,605,591,440,518,483,638,Push-up
400,563,478,516,620,573,503,637,546,602,590,435,512,482,637,Push-up
403,568,478,516,621,573,501,643,544,602,592,437,503,483,632,Push-up
402,567,476,517,621,575,502,636,537,604,595,441,518,479,633,Push-up
403,569,477,515,620,578,495,636,537,604,584,436,517,482,630,Push-up
403,567,473,521,622,578,492,638,540,607,580,435,510,478,628,Push-up
401,560,470,524,620,575,490,640,535,604,587,435,518,475,631,Push-up
397,559,475,525,622,575,489,636,533,604,584,432,514,475,628,Push-up
399,565,476,528,619,572,486,640,530,606,575,428,506,471,625,Push-up
399,561,469,529,618,572,483,633,534,607,581,431,507,467,628,Push-up
393,548,475,530,623,573,483,636,539,608,577,429,522,467,626,Push-up
396,556,477,533,621,576,485,637,538,608,572,424,507,467,626,Push-up
395,548,472,533,621,572,484,637,534,611,569,430,508,468,622,Push-up
393,540,475,533,618,573,481,635,533,613,566,427,516,464,618,Push-up
391,537,480,534,621,573,480,639,536,617,570,433,509,464,611,Push-up
390,537,480,536,625,572,480,637,536,627,558,445,508,464,607,Push-up
388,532,480,539,623,572,479,634,536,626,564,446,516,467,610,Push-up
390,528,482,541,623,570,481,633,538,628,551,446,512,475,595,Push-up
388,522,485,541,621,565,483,628,535,631,547,448,502,472,585,Push-up
388,534,489,538,621,560,483,631,531,634,534,451,513,468,587,Push-up
387,505,489,536,624,558,483,634,529,634,531,446,519,466,583,Push-up
386,519,488,538,626,559,479,630,530,629,549,444,508,460,598,Push-up
384,529,490,537,626,560,478,627,530,635,536,449,518,461,595,Push-up
387,489,491,539,621,558,473,629,529,636,522,444,507,459,600,Push-up
387,507,486,543,615,557,476,630,533,627,567,445,499,452,611,Push-up
382,520,499,542,617,556,478,629,535,632,531,445,521,455,595,Push-up
385,506,497,542,624,556,475,634,539,631,551,428,512,451,598,Push-up
384,499,497,543,624,560,477,635,542,635,540,444,498,451,603,Push-up
384,493,508,542,619,563,476,633,542,636,546,451,512,453,602,Push-up
386,488,506,545,621,568,474,631,543,640,523,453,517,451,611,Push-up
384,491,502,548,621,569,476,629,543,637,522,449,518,451,603,Push-up
385,498,502,548,618,564,478,631,540,631,556,450,514,453,601,Push-up
388,492,497,544,622,559,481,635,540,635,535,450,513,450,601,Push-up
384,501,501,543,625,554,480,634,541,635,539,449,516,450,599,Push-up
386,499,502,542,630,549,479,633,542,638,530,452,513,452,605,Push-up
386,489,498,542,630,546,479,632,540,638,539,454,515,451,606,Push-up
383,508,499,543,623,547,477,627,540,636,542,450,514,451,611,Push-up
384,506,499,544,621,549,477,626,541,635,540,449,513,451,610,Push-up
387,499,495,544,624,548,477,630,540,634,545,449,513,446,608,Push-up
384,505,495,543,620,549,477,633,540,636,535,451,515,446,607,Push-up
384,506,498,543,622,554,477,634,541,635,538,450,513,448,599,Push-up
386,502,495,543,626,555,477,635,541,633,544,449,510,446,602,Push-up
385,509,493,543,625,557,477,634,541,634,541,451,514,448,603,Push-up
383,509,497,543,625,557,475,629,541,632,547,449,516,453,598,Push-up
383,505,497,545,627,554,475,630,541,633,542,448,510,452,594,Push-up
386,517,492,546,626,550,476,633,539,636,534,452,511,453,591,Push-up
388,497,492,546,626,547,476,631,540,628,556,447,510,454,594,Push-up
389,517,492,545,626,549,476,630,541,630,554,446,510,456,592,Push-up
388,522,493,544,625,554,479,632,541,636,533,449,521,461,579,Push-up
390,515,496,544,623,556,477,633,541,626,571,449,512,457,590,Push-up
387,518,488,543,622,558,481,632,543,631,552,448,507,458,598,Push-up
388,543,484,539,624,556,483,634,535,632,555,456,519,471,582,Push-up
389,522,501,540,617,564,478,632,535,625,574,454,515,472,567,Push-up
386,523,492,540,614,564,479,631,538,626,568,448,504,457,605,Push-up
386,544,488,535,629,553,487,636,530,629,549,448,515,471,604,Push-up
395,564,481,534,627,555,485,632,530,617,590,452,504,470,605,Push-up
399,557,503,537,621,563,481,624,536,631,555,455,504,476,608,Push-up
384,540,502,532,627,560,490,630,532,626,567,453,532,477,606,Push-up
389,542,495,530,627,558,491,646,532,608,596,453,508,469,620,Push-up
408,582,490,532,620,567,488,638,537,626,569,456,499,480,624,Push-up
393,549,494,530,623,573,495,636,534,620,577,458,528,479,625,Push-up
399,572,499,525,627,572,493,640,533,607,598,450,510,470,636,Push-up
404,595,484,528,622,574,490,633,534,619,587,452,496,470,653,Push-up
392,548,502,524,624,574,490,635,534,614,595,460,515,474,643,Push-up
395,556,504,522,626,573,486,638,536,603,608,458,496,476,636,Push-up
396,559,499,525,615,577,492,641,537,611,592,456,501,472,659,Push-up
394,576,498,520,620,579,501,647,537,615,584,454,529,474,653,Push-up
391,567,502,520,620,584,499,643,541,601,607,450,521,473,639,Push-up
398,564,497,525,621,583,498,637,546,607,589,446,505,479,650,Push-up
397,571,499,522,626,566,505,635,542,605,598,455,513,476,657,Push-up
397,566,503,522,631,558,509,633,541,611,587,446,506,479,644,Push-up
400,562,490,525,633,555,510,635,544,614,582,449,498,484,645,Push-up
401,568,491,521,629,548,514,640,544,601,611,456,516,487,643,Push-up
400,568,499,516,634,550,515,642,544,606,591,449,524,485,637,Push-up
397,565,497,510,632,553,515,643,541,608,593,456,505,479,640,Push-up
400,574,500,509,629,559,517,636,539,613,585,448,507,485,651,Push-up
395,564,499,506,629,564,516,633,539,608,599,455,515,485,654,Push-up
394,562,504,504,623,565,513,633,542,610,599,459,514,480,648,Push-up
396,568,500,507,623,569,514,640,545,610,592,453,512,483,646,Push-up
397,565,500,507,624,571,519,637,545,607,602,459,512,484,640,Push-up
397,566,504,504,622,568,519,640,546,605,597,452,511,479,640,Push-up
395,566,504,502,622,570,515,641,544,605,602,458,509,481,642,Push-up
395,568,503,505,627,574,510,639,542,609,593,454,511,478,644,Push-up
397,570,494,508,623,574,509,637,538,608,593,452,510,478,644,Push-up
397,568,495,512,623,573,508,635,538,608,599,455,514,478,640,Push-up
398,566,492,513,624,571,506,639,542,608,597,454,513,478,639,Push-up
400,567,489,513,629,564,509,642,540,610,590,453,512,476,638,Push-up
401,567,480,513,628,560,508,638,539,610,591,453,515,477,638,Push-up
399,564,484,518,623,562,504,637,541,606,597,452,520,480,636,Push-up
399,566,484,518,628,563,501,636,543,607,593,449,514,473,634,Push-up
398,567,481,519,627,562,500,639,540,610,595,453,511,472,632,Push-up
399,562,477,520,626,566,501,634,538,608,593,450,517,473,628,Push-up
398,561,480,521,629,565,496,638,537,608,594,449,519,471,625,Push-up
397,561,480,521,628,564,497,637,540,612,588,447,517,472,625,Push-up
398,557,475,525,626,563,494,638,535,610,595,450,520,471,620,Push-up
396,558,483,524,624,567,492,637,533,606,595,443,514,469,621,Push-up
396,557,479,524,623,566,492,637,532,612,584,444,512,468,624,Push-up
394,551,477,525,626,567,491,632,535,609,575,437,516,465,616,Push-up
394,548,480,526,625,566,489,635,543,609,581,436,511,457,619,Push-up
393,547,476,530,624,568,488,635,546,614,576,439,509,460,622,Push-up
397,548,470,531,627,566,494,636,545,613,578,437,509,457,613,Push-up
390,532,479,533,623,564,488,636,548,607,577,435,513,451,619,Push-up
392,537,478,534,621,564,486,636,552,618,572,442,500,459,618,Push-up
391,543,479,537,629,564,491,636,550,626,564,448,514,460,609,Push-up
385,525,486,537,625,560,491,632,550,625,577,452,519,454,606,Push-up
385,528,487,537,617,561,487,631,551,626,561,447,507,465,602,Push-up
386,537,490,538,624,558,489,635,547,636,530,451,508,476,597,Push-up
385,508,494,537,629,554,489,638,540,633,546,453,507,470,586,Push-up
388,508,488,539,624,553,489,636,534,628,545,446,518,458,578,Push-up
390,519,484,535,625,546,489,642,526,629,532,441,527,452,577,Push-up
387,499,490,532,630,542,483,640,521,632,532,442,512,449,592,Push-up
385,506,497,535,628,547,478,628,519,631,551,446,516,452,606,Push-up
384,504,502,534,629,551,477,623,519,635,545,454,512,456,597,Push-up
388,476,498,539,623,554,473,624,523,630,554,446,500,449,605,Push-up
381,500,506,539,617,559,474,626,528,628,551,443,512,445,612,Push-up
385,495,506,538,621,564,480,633,534,634,536,448,520,451,597,Push-up
389,485,496,536,624,569,482,636,541,637,548,456,512,449,592,Push-up
385,484,506,534,622,571,485,636,547,639,539,456,518,447,594,Push-up
387,499,506,534,624,572,483,636,551,639,528,454,514,447,595,Push-up
389,490,492,536,627,569,482,635,550,633,546,449,503,442,611,Push-up
383,497,502,539,624,564,481,631,548,635,539,450,518,447,605,Push-up
383,499,504,541,623,563,479,630,547,632,552,448,517,443,602,Push-up
386,494,493,542,624,557,478,633,543,635,539,448,503,443,609,Push-up
385,501,493,543,627,550,478,636,538,636,535,452,509,447,604,Push-up
383,504,498,543,625,548,478,635,533,632,549,450,512,439,607,Push-up
385,498,495,544,622,549,476,633,531,633,543,448,512,437,610,Push-up
386,499,495,544,623,552,474,629,531,635,536,450,511,445,607,Push-up
384,502,497,545,626,553,474,630,532,633,546,448,512,445,607,Push-up
385,499,499,545,623,554,475,630,536,634,546,449,517,442,606,Push-up
389,498,492,544,622,555,475,635,539,635,540,450,515,439,607,Push-up
387,502,492,544,625,556,477,636,540,634,543,450,515,441,607,Push-up
386,505,493,542,627,560,477,634,540,631,548,447,515,441,608,Push-up
385,500,495,542,627,561,477,632,540,631,546,447,513,442,605,Push-up
385,499,493,541,624,562,477,633,539,634,542,451,513,450,596,Push-up
386,505,492,541,623,562,477,635,537,633,541,449,516,449,600,Push-up
384,505,496,542,624,563,478,634,538,628,554,445,516,451,597,Push-up
387,498,491,540,627,561,479,634,536,633,545,448,513,456,588,Push-up
386,509,488,539,625,557,480,635,534,630,559,447,516,452,590,Push-up
385,505,497,539,622,556,479,631,533,627,565,448,511,460,588,Push-up
389,503,495,539,625,556,477,631,534,636,534,457,508,457,592,Push-up
389,524,475,538,628,552,482,632,535,634,538,453,516,449,597,Push-up
388,539,477,538,624,551,484,632,535,626,561,446,515,458,597,Push-up
387,543,490,540,621,554,483,630,538,636,536,454,516,472,578,Push-up
380,493,493,537,628,553,485,631,541,627,563,451,509,459,588,Push-up
394,545,482,536,627,550,484,637,542,628,567,451,504,455,607,Push-up
394,562,474,534,625,552,490,637,543,629,562,457,524,472,595,Push-up
387,536,491,534,627,557,489,635,541,625,564,451,530,472,583,Push-up
394,554,495,539,624,562,481,628,543,629,564,450,510,462,611,Push-up
383,532,488,535,622,559,484,633,541,627,575,456,511,460,632,Push-up
388,539,494,528,629,554,489,635,534,617,578,464,507,477,606,Push-up
396,560,494,532,621,561,490,631,530,618,577,451,502,460,624,Push-up
395,584,491,532,620,563,492,633,530,628,566,454,528,470,633,Push-up
383,540,506,524,627,558,495,640,530,608,609,463,519,479,618,Push-up
397,561,498,527,626,564,492,635,535,632,572,462,493,472,636,Push-up
391,542,498,522,626,563,502,637,537,624,582,469,512,482,632,Push-up
390,547,501,523,634,554,504,644,536,611,603,472,515,481,622,Push-up
409,609,496,523,627,556,501,640,539,624,580,463,507,476,646,Push-up
392,567,497,519,628,554,503,639,537,617,595,472,519,483,650,Push-up
395,562,505,520,631,557,504,637,537,614,596,465,516,477,639,Push-up
400,570,489,524,622,565,505,634,543,620,589,468,509,471,643,Push-up
395,551,497,519,627,562,509,640,545,615,597,468,529,481,646,Push-up
398,556,507,516,630,559,509,639,547,608,598,453,522,488,645,Push-up
396,553,501,513,626,564,510,636,545,612,593,460,509,485,639,Push-up
397,558,499,510,626,564,514,637,540,609,598,460,518,483,631,Push-up
403,584,507,509,625,568,512,637,539,608,593,462,515,473,637,Push-up
394,579,501,508,627,570,507,639,538,618,591,471,514,474,644,Push-up
396,565,503,512,630,565,508,638,538,619,586,460,519,479,647,Push-up
397,562,503,515,632,562,508,637,540,610,593,457,515,484,650,Push-up
399,560,501,514,629,555,510,636,534,612,595,462,507,488,644,Push-up
400,571,499,514,623,549,516,636,528,611,583,455,512,480,635,Push-up
399,576,504,513,626,553,515,642,528,616,595,471,515,475,631,Push-up
396,569,506,509,628,558,510,651,532,612,595,462,522,483,638,Push-up
398,573,509,508,629,567,510,640,534,607,601,462,515,480,650,Push-up
395,573,503,508,627,571,512,633,530,615,593,465,516,478,648,Push-up
397,571,504,505,622,571,512,636,533,613,591,460,521,479,644,Push-up
398,563,503,508,623,572,513,638,538,608,595,458,519,478,647,Push-up
396,558,501,504,628,572,516,640,539,609,598,461,517,477,647,Push-up
395,562,504,503,627,569,515,640,541,609,603,466,523,477,644,Push-up
396,566,504,506,625,571,510,642,545,613,596,464,521,478,653,Push-up
398,570,499,509,628,569,504,640,544,618,595,471,521,478,645,Push-up
396,570,499,510,626,566,507,636,540,614,595,466,528,477,642,Push-up
398,572,498,516,624,566,507,636,535,605,601,460,523,479,631,Push-up
398,565,494,518,622,567,507,637,537,605,599,455,515,479,626,Push-up
398,566,496,515,626,565,509,639,537,610,589,450,519,478,622,Push-up
398,568,494,510,630,565,508,634,544,609,597,455,520,480,622,Push-up
398,567,487,511,629,564,506,640,550,607,596,453,516,480,628,Push-up
398,569,486,517,629,562,502,635,549,612,587,452,516,475,629,Push-up
395,562,486,521,627,560,500,635,551,615,591,457,525,471,622,Push-up
400,567,486,526,629,555,497,639,549,611,592,455,524,471,618,Push-up
400,564,475,527,623,554,499,636,551,612,585,449,519,470,616,Push-up
400,565,482,527,625,557,499,636,542,612,581,445,512,467,615,Push-up
395,555,479,527,626,562,493,635,539,614,586,449,513,466,615,Push-up
394,555,482,527,625,564,488,635,537,617,571,442,520,464,622,Push-up
396,562,480,529,629,566,484,642,532,623,574,452,518,461,618,Push-up
393,550,478,531,628,561,487,638,528,621,585,455,525,459,614,Push-up
389,545,484,534,622,560,486,631,530,614,584,446,526,461,612,Push-up
392,544,481,535,619,562,482,631,528,618,573,442,513,460,609,Push-up
389,532,482,534,627,560,485,634,528,614,576,440,510,463,606,Push-up
391,541,488,531,628,560,486,638,526,617,571,441,509,464,602,Push-up
390,536,485,529,627,560,486,635,527,618,576,445,513,458,605,Push-up
386,526,485,529,627,563,485,631,527,624,560,442,519,456,606,Push-up
388,540,488,530,623,566,486,635,529,628,559,448,516,456,608,Push-up
386,520,483,533,619,563,484,638,532,624,567,445,519,454,610,Push-up
386,518,488,535,619,561,485,637,532,625,558,442,516,456,600,Push-up
387,511,493,533,621,560,489,636,532,623,562,440,507,457,595,Push-up
386,510,492,533,625,558,488,630,534,625,562,449,511,453,605,Push-up
387,517,493,531,628,557,488,632,536,634,537,451,514,447,602,Push-up
384,504,493,535,628,557,483,631,540,631,562,450,513,448,604,Push-up
382,528,495,536,623,555,486,630,546,634,552,454,531,452,604,Push-up
384,508,491,534,631,550,488,641,546,638,517,448,525,449,593,Push-up
387,482,502,537,630,550,487,643,545,631,552,450,505,453,582,Push-up
384,502,504,532,624,557,489,633,545,635,538,452,507,445,593,Push-up
386,507,495,527,629,561,486,635,544,629,557,445,517,445,606,Push-up
388,497,495,529,629,567,481,633,544,636,540,455,515,448,601,Push-up
386,488,501,531,622,572,479,628,541,638,539,456,517,445,595,Push-up
384,490,505,532,618,570,478,629,538,631,558,449,514,441,605,Push-up
385,509,496,537,617,568,478,633,535,639,528,455,510,445,600,Push-up
385,496,499,538,625,564,481,635,535,634,550,452,511,441,597,Push-up
386,502,493,535,627,559,481,634,536,631,552,447,514,443,603,Push-up
387,507,491,536,626,556,481,634,538,635,536,452,515,440,607,Push-up
385,507,493,538,629,553,479,634,537,633,549,449,509,430,614,Push-up
383,505,497,540,626,549,478,635,537,632,551,450,513,435,609,Push-up
384,506,494,542,626,549,476,632,538,635,537,452,517,440,607,Push-up
385,505,495,544,630,549,477,635,538,633,547,451,510,436,604,Push-up
385,502,497,543,628,550,479,635,538,633,547,451,511,435,595,Push-up
383,509,498,541,624,555,479,635,539,635,540,451,520,433,601,Push-up
384,508,495,540,628,560,479,634,540,632,548,448,510,436,609,Push-up
387,500,492,540,628,562,480,630,540,634,545,450,505,450,599,Push-up
388,496,490,538,626,562,483,627,540,635,552,456,514,450,586,Push-up
385,509,493,536,624,557,483,634,540,642,520,463,524,452,574,Push-up
386,493,500,536,624,555,481,637,541,627,560,446,519,446,581,Push-up
386,519,490,536,627,556,481,633,541,630,548,446,513,445,597,Push-up
384,520,489,534,628,557,482,632,536,636,534,456,518,461,583,Push-up
385,515,500,535,623,562,482,631,530,628,561,457,510,465,566,Push-up
382,477,482,534,616,565,483,629,531,625,571,453,509,446,589,Push-up
391,559,479,530,621,562,488,633,534,638,524,463,522,456,585,Push-up
388,542,488,530,629,558,485,636,534,622,588,451,511,461,591,Push-up
387,516,500,534,626,561,482,627,540,633,542,453,509,456,604,Push-up
381,515,481,531,626,559,490,631,538,622,568,448,512,448,613,Push-up
393,542,478,529,624,551,492,648,532,618,589,463,512,456,614,Push-up
394,540,471,534,612,551,495,637,537,635,551,470,529,466,599,Push-up
399,554,498,532,621,555,501,626,539,630,557,466,524,456,590,Push-up
394,548,488,531,632,555,495,634,545,626,582,470,509,456,613,Push-up
397,588,489,523,633,555,497,637,555,626,590,472,511,452,640,Push-up
381,536,501,521,634,558,500,643,550,622,582,466,503,474,615,Push-up
394,559,501,526,634,562,501,641,544,616,596,474,491,467,619,Push-up
395,574,489,526,619,566,505,636,541,629,576,474,541,464,636,Push-up
385,550,503,517,618,566,503,643,537,617,591,466,544,460,639,Push-up
396,562,492,517,628,571,495,642,536,612,599,465,502,469,635,Push-up
387,542,494,517,629,575,501,631,530,620,600,482,510,467,645,Push-up
393,558,499,511,626,567,504,636,524,615,602,478,514,475,638,Push-up
397,562,494,513,624,563,503,640,523,615,591,472,507,467,641,Push-up
396,571,491,514,629,566,506,639,521,619,594,476,528,475,642,Push-up
391,566,500,513,631,561,510,637,524,616,597,476,530,479,632,Push-up
396,563,496,514,625,557,509,638,534,615,591,465,515,476,638,Push-up
397,568,498,511,625,555,512,639,537,608,600,465,516,472,640,Push-up
395,570,506,510,630,552,512,635,537,612,594,467,517,475,636,Push-up
393,556,505,510,629,555,510,634,541,615,595,473,515,481,637,Push-up
397,563,500,509,630,559,512,637,539,612,598,465,523,475,640,Push-up
397,567,498,508,626,562,517,639,537,610,602,476,513,476,636,Push-up
399,580,496,504,623,569,518,644,532,620,590,474,511,479,632,Push-up
398,563,503,504,619,579,516,639,534,619,588,473,519,478,636,Push-up
396,561,504,502,621,588,515,638,536,610,605,479,519,477,641,Push-up
398,571,498,499,625,584,513,640,535,611,595,464,517,477,641,Push-up
395,564,496,500,622,577,516,635,536,617,592,474,524,475,643,Push-up
395,562,502,504,624,569,514,634,540,619,591,474,527,479,642,Push-up
397,564,500,506,626,563,516,637,542,614,594,468,520,476,641,Push-up
397,568,500,508,632,557,520,641,539,610,605,475,510,475,640,Push-up
395,566,503,506,631,550,520,638,538,613,596,471,513,475,640,Push-up
394,567,501,504,629,554,516,639,538,616,590,470,529,476,638,Push-up
398,568,502,506,631,558,512,640,539,618,587,468,520,469,636,Push-up
398,562,493,510,627,561,510,640,540,614,596,467,517,470,640,Push-up
398,560,495,510,625,561,513,639,543,614,599,471,521,472,633,Push-up
396,564,497,510,626,562,510,638,543,613,598,470,515,473,632,Push-up
396,570,490,511,627,566,513,637,541,614,587,460,515,471,629,Push-up
397,567,491,511,626,566,512,638,540,615,592,467,522,473,627,Push-up
397,566,491,508,624,566,511,640,539,610,599,464,525,477,629,Push-up
397,565,491,511,624,568,509,636,542,609,598,462,519,477,630,Push-up
396,561,484,511,629,566,509,635,538,613,589,459,519,471,627,Push-up
394,561,490,510,627,562,508,635,532,611,596,461,522,471,621,Push-up
398,561,484,513,623,562,503,639,535,609,598,459,515,472,626,Push-up
399,562,480,517,629,563,500,642,533,611,585,460,516,466,623,Push-up
397,557,484,513,631,565,502,638,533,621,578,457,531,465,620,Push-up
399,556,486,514,621,565,501,638,538,616,591,458,522,461,621,Push-up
396,555,485,520,622,567,494,639,539,616,588,457,516,456,621,Push-up
389,552,488,519,629,568,495,637,536,622,585,462,520,458,619,Push-up
390,552,491,521,628,569,492,636,534,616,581,451,521,457,619,Push-up
390,550,485,522,624,569,489,636,533,618,577,452,518,452,616,Push-up
388,547,494,524,623,567,487,637,532,621,578,454,520,454,614,Push-up
389,545,490,524,623,566,489,637,532,622,572,451,519,455,615,Push-up
388,539,486,526,625,567,490,636,532,624,576,456,522,454,612,Push-up
386,534,496,528,629,563,491,638,532,621,575,449,518,457,614,Push-up
389,532,491,528,628,558,494,637,527,626,554,445,516,460,602,Push-up
382,513,493,525,624,556,495,634,527,622,584,457,513,458,598,Push-up
385,550,494,523,624,557,494,636,530,619,582,451,510,457,609,Push-up
396,538,506,521,632,557,497,636,533,633,552,455,515,455,603,Push-up
388,497,497,522,630,557,493,638,535,628,563,455,517,456,597,Push-up
389,522,496,522,622,560,492,640,538,625,562,447,519,453,601,Push-up
388,521,492,522,622,565,493,639,538,633,539,451,510,451,605,Push-up
389,496,489,523,622,569,490,638,538,629,571,456,512,454,600,Push-up
382,519,496,524,618,573,489,628,541,628,544,442,534,451,597,Push-up
385,498,506,524,623,571,491,633,543,636,525,450,511,449,583,Push-up
388,485,501,529,627,563,486,635,543,628,562,452,502,446,590,Push-up
385,508,494,526,623,561,489,635,545,624,556,446,528,444,600,Push-up
389,489,494,528,633,556,486,637,543,636,518,441,521,440,601,Push-up
387,485,497,535,632,556,479,629,543,628,576,446,510,438,606,Push-up
382,494,504,535,623,558,479,627,539,639,538,460,521,443,604,Push-up
386,498,499,537,622,557,478,633,535,638,533,456,515,435,604,Push-up
385,491,500,542,620,560,477,636,534,640,543,462,511,436,599,Push-up
384,494,500,541,622,564,478,636,533,638,537,457,517,440,595,Push-up
386,494,502,538,625,561,479,636,529,641,516,458,510,442,588,Push-up
386,493,498,537,628,563,479,636,527,638,540,456,508,438,594,Push-up
385,495,498,538,625,562,479,635,527,635,538,452,520,437,601,Push-up
385,491,498,538,623,560,477,631,531,639,525,455,516,441,600,Push-up
385,497,496,538,625,560,475,630,531,636,544,453,509,436,604,Push-up
385,501,497,541,625,560,476,629,532,637,532,452,515,433,606,Push-up
386,497,495,541,620,559,479,633,533,636,538,453,516,441,598,Push-up
386,491,496,541,621,558,478,635,535,635,540,452,514,441,604,Push-up
385,500,500,540,625,558,480,633,535,636,537,452,514,436,603,Push-up
385,495,498,540,626,558,480,633,535,637,538,454,511,434,600,Push-up
386,500,495,537,626,558,481,636,535,637,535,453,515,436,605,Push-up
385,500,497,537,626,557,481,636,535,636,540,453,517,440,611,Push-up
385,498,499,537,628,558,481,634,534,636,540,454,512,437,606,Push-up
385,503,498,537,626,559,481,634,532,639,536,456,515,436,604,Push-up
385,501,496,537,622,559,481,636,532,636,545,455,511,438,609,Push-up
385,498,496,537,625,559,480,636,533,635,541,453,512,437,605,Push-up
385,501,498,537,628,559,482,633,533,636,537,452,518,432,601,Push-up
386,498,496,534,627,559,483,635,536,636,542,454,518,435,603,Push-up
386,500,495,534,627,556,483,636,538,636,544,455,520,435,606,Push-up
386,502,496,534,628,556,483,636,538,637,536,456,518,436,601,Push-up
385,503,497,533,628,556,483,636,536,635,547,455,511,439,590,Push-up
385,505,497,533,627,557,483,636,535,635,546,453,507,438,593,Push-up
385,502,494,533,625,559,481,635,535,638,538,455,511,451,585,Push-up
386,505,493,533,626,562,488,635,532,637,532,454,521,459,572,Push-up
385,516,497,530,625,562,488,637,527,630,547,452,525,454,567,Push-up
383,519,498,528,617,567,483,634,525,635,531,462,519,455,570,Push-up
387,511,501,528,614,564,481,633,526,629,567,462,515,444,592,Push-up
390,507,495,531,627,557,476,626,532,632,549,449,521,436,625,Push-up
388,529,483,534,629,559,479,630,537,632,556,452,520,459,601,Push-up
384,529,486,537,625,559,485,632,534,634,560,470,517,470,560,Push-up
391,516,500,538,614,563,490,622,540,636,557,464,532,461,570,Push-up
390,516,487,532,613,568,494,633,549,634,550,451,511,453,596,Push-up
398,556,480,525,631,571,497,654,553,629,563,472,493,451,603,Push-up
398,562,486,520,638,575,489,637,556,626,580,462,515,448,628,Push-up
390,541,493,523,623,581,489,623,555,630,554,457,523,464,620,Push-up
387,538,490,530,620,576,496,634,544,617,580,464,509,454,619,Push-up
400,584,491,532,620,565,491,637,538,621,578,460,520,454,630,Push-up
389,569,490,530,611,563,498,633,545,629,573,462,528,470,619,Push-up
386,554,504,528,625,560,505,642,547,624,584,472,514,480,603,Push-up
398,554,509,529,634,560,508,638,550,626,583,473,521,468,624,Push-up
394,557,499,517,627,558,510,641,548,621,589,473,511,465,630,Push-up
393,564,504,512,634,553,502,646,543,608,617,480,498,465,645,Push-up
402,596,495,517,632,560,491,633,540,631,577,469,510,467,644,Push-up
381,538,493,522,627,567,497,633,533,618,593,474,520,468,638,Push-up
398,564,501,521,627,567,500,637,527,616,595,469,524,465,642,Push-up
397,562,499,517,615,568,501,642,533,615,593,462,528,463,643,Push-up
397,571,485,512,617,573,506,643,536,615,597,472,518,469,640,Push-up
396,569,495,512,623,577,511,633,539,617,592,463,515,479,636,Push-up
396,563,495,512,620,581,510,632,541,621,573,465,518,475,641,Push-up
391,551,498,507,624,574,512,639,540,605,611,469,516,475,631,Push-up
399,572,499,509,623,568,512,635,540,615,588,454,519,471,633,Push-up
397,574,488,508,621,571,516,637,538,615,598,472,517,476,627,Push-up
399,569,496,508,624,571,516,645,532,615,593,467,513,475,632,Push-up
399,561,496,506,621,573,516,633,529,616,572,447,500,475,652,Push-up
397,554,494,501,623,575,513,637,528,616,577,454,507,482,668,Push-up
396,569,494,499,622,572,511,634,528,621,577,459,522,480,649,Push-up
396,570,498,503,622,578,521,632,525,610,593,453,519,471,624,Push-up
400,576,495,505,619,575,526,637,528,613,598,467,508,472,616,Push-up
398,568,499,503,622,567,527,654,540,617,592,467,519,482,635,Push-up
396,562,502,495,632,568,520,651,546,615,592,463,515,478,652,Push-up
396,563,502,495,633,573,518,632,539,612,588,458,509,465,655,Push-up
395,565,497,498,620,573,520,626,527,616,591,464,521,468,642,Push-up
398,567,494,501,610,574,520,636,528,616,586,458,515,467,629,Push-up
397,570,496,502,618,577,518,647,537,616,586,462,517,470,633,Push-up
393,562,500,497,627,577,519,635,540,614,600,468,526,466,638,Push-up
393,567,504,498,621,575,516,633,548,611,603,465,519,466,645,Push-up
396,567,504,501,621,573,512,638,554,618,588,464,509,466,639,Push-up
400,570,498,505,626,571,515,636,551,621,585,465,524,469,636,Push-up
402,571,492,509,624,571,514,633,551,615,584,459,524,471,634,Push-up
403,568,488,513,619,568,512,635,555,618,581,457,513,465,627,Push-up
397,564,497,509,623,563,512,640,554,612,594,456,522,472,626,Push-up
396,567,506,509,622,565,508,636,558,611,596,455,522,471,630,Push-up
397,575,494,514,623,571,505,635,558,618,581,456,510,461,628,Push-up
394,569,496,516,630,570,510,639,548,619,594,467,526,453,618,Push-up
396,571,498,515,625,571,509,638,543,616,592,460,522,465,616,Push-up
398,567,489,513,623,571,503,637,541,608,595,455,510,467,616,Push-up
397,561,489,512,630,568,505,638,537,610,589,451,514,456,613,Push-up
397,560,487,513,626,567,501,637,535,610,590,447,518,458,612,Push-up
399,564,483,514,620,571,497,637,538,610,590,448,517,455,613,Push-up
395,552,479,521,626,572,497,636,537,614,580,444,518,452,608,Push-up
389,543,489,518,623,567,497,633,539,616,585,447,528,455,603,Push-up
393,552,490,523,618,564,496,634,546,613,579,439,514,452,608,Push-up
392,544,482,527,619,566,494,635,546,620,579,450,516,451,608,Push-up
386,534,484,524,623,569,493,638,545,615,593,454,521,450,607,Push-up
389,540,490,525,622,574,491,632,544,618,568,442,520,445,602,Push-up
391,545,485,526,620,577,490,635,542,620,578,452,519,446,607,Push-up
391,541,484,526,620,575,486,641,540,619,575,446,525,449,609,Push-up
384,514,489,527,621,574,489,634,536,626,558,445,519,448,603,Push-up
388,529,484,529,624,574,491,633,530,622,579,450,521,447,604,Push-up
388,527,484,529,622,572,491,637,528,620,551,433,523,450,610,Push-up
386,510,487,525,625,570,488,640,527,628,536,441,508,447,602,Push-up
386,524,491,525,627,568,487,635,525,626,574,449,523,445,600,Push-up
383,514,502,526,627,566,487,627,531,626,547,441,518,448,597,Push-up
383,508,497,526,627,561,488,632,533,632,540,446,506,449,603,Push-up
385,510,488,532,632,554,492,637,537,634,543,450,519,446,608,Push-up
388,508,486,529,628,550,494,634,542,626,552,438,525,451,595,Push-up
387,506,494,531,625,548,493,630,548,625,551,436,513,449,585,Push-up
385,507,502,531,625,548,492,634,549,644,512,460,502,447,589,Push-up
387,489,502,529,624,548,489,638,551,641,545,466,506,446,594,Push-up
383,498,504,535,619,554,489,633,557,637,534,456,525,438,599,Push-up
386,495,499,536,624,560,490,632,562,641,518,456,521,438,591,Push-up
387,497,494,537,631,558,491,636,561,639,540,458,509,438,592,Push-up
383,494,501,537,624,556,489,634,561,634,538,452,516,440,592,Push-up
383,497,502,536,620,555,484,634,559,635,537,451,511,438,589,Push-up
387,502,490,539,627,554,483,633,557,638,532,455,509,431,600,Push-up
384,498,497,541,628,555,480,630,550,634,536,448,520,434,601,Push-up
385,499,501,541,626,555,480,629,543,637,537,453,519,437,594,Push-up
388,500,492,541,625,555,476,632,535,639,534,453,511,433,604,Push-up
386,498,494,541,622,557,477,632,528,637,539,451,515,435,601,Push-up
386,498,495,542,621,559,478,630,522,634,543,450,516,434,596,Push-up
387,499,493,539,622,564,477,633,520,634,546,449,512,429,603,Push-up
385,502,495,536,624,566,474,634,520,635,540,450,515,432,603,Push-up
385,501,496,537,624,568,474,632,520,636,539,453,514,429,604,Push-up
385,505,494,538,622,568,473,634,520,636,542,453,516,427,604,Push-up
386,504,493,538,623,567,475,634,522,636,540,452,517,428,607,Push-up
386,504,491,538,626,565,475,635,524,637,538,453,512,430,603,Push-up
386,503,492,538,627,565,477,633,524,635,543,450,511,428,600,Push-up
386,496,496,538,625,564,480,635,526,635,541,450,511,435,600,Push-up
386,497,494,535,625,563,481,638,529,636,537,453,512,438,600,Push-up
386,505,493,533,627,565,483,636,528,635,537,450,515,431,597,Push-up
387,502,493,533,625,566,485,635,530,636,541,455,514,436,591,Push-up
386,503,494,532,623,564,484,635,532,636,544,456,511,443,590,Push-up
384,508,497,532,624,564,486,633,533,634,547,453,512,444,585,Push-up
385,499,495,534,624,565,486,632,536,631,547,447,504,444,582,Push-up
382,509,498,532,623,563,486,634,537,635,536,450,502,445,584,Push-up
386,489,504,530,621,564,488,637,537,635,537,452,516,451,580,Push-up
392,514,489,532,621,565,489,635,537,626,560,445,519,443,591,Push-up
390,532,477,532,621,565,490,636,537,630,547,446,515,452,587,Push-up
386,539,486,530,621,563,491,636,537,633,552,456,511,466,566,Push-up
380,480,494,530,618,566,491,630,536,631,557,460,517,451,575,Push-up
398,563,486,530,620,566,491,627,538,631,552,454,516,439,603,Push-up
391,543,478,526,626,562,486,638,536,622,579,454,510,449,618,Push-up
389,527,487,530,629,565,482,638,534,626,570,449,514,463,597,Push-up
393,523,484,529,626,570,490,629,526,630,554,450,513,451,591,Push-up
394,544,477,528,621,567,494,637,520,619,590,462,511,439,614,Push-up
402,593,478,520,617,563,487,646,524,630,568,455,518,442,635,Push-up
397,581,486,523,619,570,483,640,523,628,570,455,519,464,615,Push-up
370,519,505,526,631,577,498,637,517,623,590,473,511,472,606,Push-up
394,552,497,522,621,575,499,638,519,620,592,463,518,457,637,Push-up
391,539,488,515,609,571,495,643,528,612,589,451,517,458,632,Push-up
391,542,489,514,626,570,492,649,528,606,609,467,514,457,625,Push-up
405,585,487,518,638,574,488,633,523,628,578,471,527,457,636,Push-up
394,570,481,519,626,575,491,623,520,620,581,459,518,456,643,Push-up
399,567,485,520,623,569,496,636,521,605,611,468,513,457,633,Push-up
398,569,493,526,621,564,500,641,533,620,583,459,519,458,629,Push-up
393,565,487,519,621,563,507,638,536,622,581,467,512,467,620,Push-up
399,572,492,518,626,562,509,638,540,616,588,462,506,469,625,Push-up
397,567,494,517,628,567,508,637,542,608,599,457,519,465,639,Push-up
396,557,491,511,625,562,508,640,539,604,608,470,514,466,639,Push-up
396,563,496,511,628,561,512,636,534,618,593,464,504,465,635,Push-up
400,582,489,516,627,567,504,633,532,620,581,459,505,466,638,Push-up
402,578,488,510,616,563,509,641,527,620,582,464,515,471,630,Push-up
397,561,497,514,623,563,514,647,526,616,586,459,520,473,629,Push-up
399,560,493,511,626,568,514,641,525,613,591,462,521,471,633,Push-up
397,563,490,504,622,568,515,637,520,613,596,469,514,470,641,Push-up
402,573,494,503,626,566,514,636,519,618,581,458,511,461,648,Push-up
393,561,493,504,622,565,510,639,523,619,585,464,512,470,658,Push-up
394,560,495,501,628,565,507,641,523,612,600,463,514,469,650,Push-up
395,560,494,504,628,568,515,637,522,614,598,466,519,467,631,Push-up
399,561,489,501,623,573,519,641,519,619,590,470,518,476,616,Push-up
401,570,490,499,620,575,519,648,524,621,580,465,514,475,623,Push-up
397,570,490,494,623,584,519,647,525,617,586,467,515,476,627,Push-up
396,564,499,490,625,586,514,635,524,615,594,466,518,474,629,Push-up
397,569,501,493,617,585,510,632,528,608,603,467,516,470,632,Push-up
394,563,498,502,617,580,510,634,529,619,587,466,519,463,631,Push-up
395,563,499,505,620,571,511,634,530,616,591,464,524,463,628,Push-up
396,564,497,507,621,566,509,637,535,608,598,460,512,468,635,Push-up
398,568,493,508,626,565,513,641,530,615,589,462,510,463,632,Push-up
397,561,494,503,626,563,515,640,523,618,589,464,522,461,634,Push-up
396,563,495,502,624,567,509,641,527,613,591,460,516,461,637,Push-up
396,567,499,508,620,571,505,641,529,611,599,466,509,459,632,Push-up
395,569,498,508,624,572,506,642,530,613,595,465,515,459,632,Push-up
395,571,501,508,624,572,505,638,533,617,587,462,513,464,637,Push-up
398,569,495,513,620,572,504,637,536,616,590,462,519,458,633,Push-up
399,564,488,513,624,572,508,638,536,616,590,463,526,457,628,Push-up
399,568,489,512,626,567,510,642,538,614,591,460,517,460,616,Push-up
396,566,487,512,624,564,503,639,538,620,581,459,512,462,629,Push-up
393,562,488,512,630,564,503,634,534,620,588,464,522,461,626,Push-up
398,567,489,514,628,566,503,634,532,617,581,453,515,451,620,Push-up
398,558,475,517,622,569,501,640,533,621,579,456,513,452,614,Push-up
393,551,485,512,621,576,500,642,532,618,582,453,528,453,619,Push-up
395,559,483,513,624,580,496,637,535,616,579,447,518,450,621,Push-up
395,552,476,514,622,581,495,631,531,619,581,451,515,448,613,Push-up
395,546,479,516,620,576,496,635,529,617,577,444,518,445,608,Push-up
392,544,487,521,618,577,493,641,532,618,574,445,517,450,614,Push-up
387,526,486,516,621,573,489,637,534,621,576,450,515,448,612,Push-up
389,544,483,519,627,570,492,635,530,624,569,447,517,437,609,Push-up
391,551,480,524,625,567,492,634,532,627,562,449,521,443,608,Push-up
386,525,484,526,623,563,488,637,533,625,565,445,516,444,601,Push-up
387,525,487,530,625,564,491,635,534,621,576,443,517,442,603,Push-up
388,529,485,531,629,560,491,635,536,627,560,450,518,448,598,Push-up
387,499,491,526,624,557,491,639,538,624,567,448,513,450,589,Push-up
386,518,499,529,625,557,489,633,540,630,544,449,514,449,587,Push-up
385,524,493,530,626,557,491,630,542,637,540,459,521,452,581,Push-up
385,509,497,530,627,555,493,633,542,634,548,456,519,452,582,Push-up
385,483,506,530,626,555,492,630,546,631,531,442,511,455,569,Push-up
388,485,507,530,623,559,493,634,545,640,512,456,510,442,575,Push-up
390,476,504,526,626,559,486,637,544,626,576,446,527,443,594,Push-up
385,494,504,526,626,558,486,638,545,633,532,448,528,443,588,Push-up
389,483,500,531,626,559,485,633,540,648,495,466,516,429,589,Push-up
386,483,504,536,625,558,480,631,538,636,565,462,522,427,598,Push-up
383,501,505,535,619,558,481,630,537,636,527,451,517,433,591,Push-up
386,497,501,536,624,557,479,635,537,640,523,456,507,432,588,Push-up
386,487,499,539,629,558,481,633,539,640,537,463,517,427,595,Push-up
384,495,503,537,629,558,481,632,539,634,546,452,525,427,601,Push-up
388,494,497,537,629,553,480,633,541,637,535,452,515,430,600,Push-up
385,490,502,541,626,553,480,633,544,638,538,457,516,427,601,Push-up
384,494,506,541,627,553,479,634,544,638,534,456,520,427,598,Push-up
386,492,500,541,625,552,483,636,544,636,535,454,511,428,596,Push-up
385,495,499,539,622,553,486,635,544,636,536,453,512,426,601,Push-up
384,496,501,538,627,556,486,635,544,635,544,452,520,431,598,Push-up
385,493,500,535,628,558,486,631,544,636,540,454,516,430,599,Push-up
384,496,500,534,628,558,488,633,544,637,537,458,514,429,599,Push-up
385,495,502,534,627,555,488,638,544,637,537,456,512,431,593,Push-up
386,493,501,534,628,552,489,639,544,636,542,453,515,431,601,Push-up
385,500,501,532,630,552,490,635,543,637,531,454,518,430,607,Push-up
384,501,500,529,630,552,492,630,544,634,546,454,514,426,607,Push-up
384,500,499,531,627,555,493,631,542,635,543,454,515,419,607,Push-up
384,498,500,531,624,556,491,635,546,637,538,455,517,426,602,Push-up
384,499,501,530,627,556,492,639,550,637,537,455,516,441,590,Push-up
384,500,501,527,633,555,493,636,548,636,539,453,520,429,601,Push-up
385,501,497,525,631,557,490,635,547,636,541,455,516,421,607,Push-up
385,498,497,525,629,558,489,634,546,636,544,457,517,428,593,Push-up
385,500,500,528,628,558,488,633,544,636,539,455,521,426,604,Push-up
385,501,499,530,625,559,486,634,542,636,539,453,519,431,597,Push-up
386,499,498,530,626,559,488,636,539,635,541,452,517,430,584,Push-up
385,495,499,532,627,560,490,635,537,635,542,453,517,430,580,Push-up
385,501,502,528,627,560,491,635,539,635,544,455,520,440,577,Push-up
386,503,502,528,630,556,492,637,540,637,530,459,518,447,564,Push-up
385,502,501,527,631,554,492,635,544,634,542,453,514,436,574,Push-up
385,515,496,527,628,554,488,630,546,630,559,451,512,444,579,Push-up
387,509,498,528,624,556,490,629,549,638,532,462,516,456,561,Push-up
385,509,498,529,625,558,492,633,549,630,570,472,525,432,581,Push-up
385,533,484,530,627,557,489,633,549,632,570,467,523,439,596,Push-up
390,552,478,530,620,558,491,632,552,634,548,467,512,452,578,Push-up
387,563,496,535,622,560,496,632,549,634,549,471,508,446,577,Push-up
387,529,511,531,629,562,494,632,546,636,551,454,507,443,607,Push-up
382,505,485,524,627,562,497,637,548,623,584,456,512,454,595,Push-up
393,518,484,521,629,558,502,649,543,604,615,467,516,454,585,Push-up
399,554,491,525,629,558,501,641,541,637,552,462,536,440,611,Push-up
394,565,482,522,626,565,498,634,539,627,571,465,520,432,624,Push-up
391,541,478,523,629,564,492,642,539,615,601,466,503,438,636,Push-up
404,594,485,528,629,565,488,633,544,629,579,468,515,434,644,Push-up
384,541,493,531,629,563,495,629,541,626,582,472,517,448,631,Push-up
391,549,491,535,631,552,500,636,536,620,592,472,529,453,625,Push-up
396,557,487,535,621,543,504,639,539,626,579,468,535,452,629,Push-up
390,549,488,527,622,539,508,640,539,610,599,475,524,456,631,Push-up
397,553,500,524,636,537,506,642,539,610,606,471,516,456,635,Push-up
394,548,490,524,636,545,507,630,538,615,592,459,515,455,638,Push-up
392,552,493,520,635,542,510,639,533,615,590,465,517,461,635,Push-up
395,563,497,515,632,535,507,640,531,618,583,460,527,462,642,Push-up
394,558,491,516,632,546,508,634,534,612,587,450,532,465,640,Push-up
391,547,502,514,632,550,513,639,530,602,612,461,525,468,627,Push-up
392,551,505,513,632,550,517,643,531,612,590,459,522,464,624,Push-up
397,553,503,507,625,553,515,640,535,615,583,455,516,464,638,Push-up
393,561,504,507,625,554,514,640,536,612,593,462,513,467,638,Push-up
393,568,505,509,636,559,513,631,534,612,597,461,524,455,644,Push-up
390,559,500,508,631,560,513,630,535,621,588,468,525,463,635,Push-up
393,557,503,507,627,555,513,641,539,621,589,469,523,478,633,Push-up
396,557,498,511,627,553,513,640,541,614,587,458,514,468,637,Push-up
393,563,495,509,629,557,520,640,538,607,601,461,525,470,631,Push-up
392,552,501,507,630,556,523,643,531,610,596,460,522,472,619,Push-up
394,551,503,504,626,560,517,641,533,612,587,457,522,472,636,Push-up
393,552,504,504,626,562,513,638,535,614,591,462,521,467,641,Push-up
392,562,504,505,633,560,512,637,535,610,598,462,526,460,637,Push-up
393,569,488,509,633,556,514,637,540,615,593,465,523,454,633,Push-up
396,568,494,512,630,552,512,639,541,622,586,465,523,464,634,Push-up
398,561,494,513,634,547,511,638,540,619,586,462,521,468,635,Push-up
397,564,491,514,634,545,511,636,538,616,582,457,524,463,633,Push-up
396,555,491,512,636,544,511,638,533,615,588,458,523,463,631,Push-up
396,556,495,510,631,541,511,637,531,609,600,458,520,465,628,Push-up
396,561,491,512,633,545,507,641,533,611,596,458,522,461,627,Push-up
398,565,488,516,631,546,508,638,531,614,587,457,522,459,623,Push-up
396,567,493,514,628,547,510,638,533,616,585,458,513,462,629,Push-up
396,568,489,516,628,550,503,638,538,620,585,465,514,463,634,Push-up
393,558,493,519,629,554,501,635,539,623,581,463,523,459,621,Push-up
398,569,491,519,633,555,506,635,541,623,579,460,521,457,615,Push-up
398,563,483,519,628,553,508,636,543,624,582,467,518,460,617,Push-up
395,559,490,520,626,554,507,640,546,624,571,457,514,460,622,Push-up
394,558,489,519,633,557,503,639,544,617,584,454,520,453,619,Push-up
392,554,486,517,633,560,507,636,540,622,579,457,520,452,615,Push-up
396,559,482,516,626,559,506,639,542,621,577,455,515,450,616,Push-up
395,553,480,521,626,561,500,638,547,625,574,461,516,447,617,Push-up
393,557,489,520,633,560,501,637,545,627,566,455,513,446,620,Push-up
393,554,481,520,634,556,499,633,543,632,558,455,515,446,620,Push-up
392,544,477,524,627,557,495,633,542,626,573,457,519,445,622,Push-up
391,550,485,529,624,555,491,638,541,616,579,445,524,443,609,Push-up
390,542,488,529,626,555,495,638,539,620,576,449,521,443,600,Push-up
387,523,486,527,628,551,497,638,534,624,549,440,517,445,601,Push-up
390,543,490,529,629,553,495,639,529,623,565,447,521,452,599,Push-up
387,529,487,527,631,553,490,636,526,625,567,451,517,441,597,Push-up
386,518,492,528,635,553,484,633,525,628,559,450,519,443,599,Push-up
385,525,489,529,630,552,485,635,528,636,553,460,521,449,589,Push-up
387,519,494,530,627,552,488,635,528,641,553,472,518,444,590,Push-up
387,517,489,530,628,552,486,635,528,637,552,460,517,445,593,Push-up
386,528,487,528,624,555,487,634,529,641,523,459,518,442,598,Push-up
385,510,493,529,628,560,487,633,529,633,556,455,520,444,596,Push-up
384,504,500,530,629,560,487,628,529,624,558,439,516,444,581,Push-up
383,508,505,530,626,559,489,627,533,639,501,450,505,436,588,Push-up
387,485,502,530,629,554,488,638,535,627,578,451,519,442,595,Push-up
384,489,505,528,629,551,488,638,540,628,543,443,525,440,595,Push-up
385,500,503,530,627,554,491,638,543,642,514,460,515,434,585,Push-up
387,495,499,535,629,554,489,640,540,639,553,466,522,430,593,Push-up
385,494,505,534,623,552,488,635,541,632,540,447,518,432,591,Push-up
387,486,506,532,619,553,486,633,542,641,514,457,506,431,582,Push-up
386,489,507,538,627,553,483,635,542,648,521,472,513,429,589,Push-up
385,494,507,539,631,552,483,631,545,639,528,455,519,425,593,Push-up
386,496,499,538,629,551,482,630,545,638,528,454,517,424,598,Push-up
387,495,496,542,629,549,482,634,545,638,530,455,514,423,600,Push-up
386,495,500,542,628,548,481,634,543,638,533,455,515,426,592,Push-up
386,493,503,541,628,547,481,632,538,635,541,451,517,421,592,Push-up
386,492,502,542,627,548,481,634,533,638,533,454,513,422,597,Push-up
385,492,501,541,629,548,481,636,531,640,532,458,515,430,597,Push-up
385,494,502,542,629,548,481,634,529,637,539,454,519,424,593,Push-up
385,492,502,541,627,552,481,633,527,637,536,455,518,421,596,Push-up
385,493,500,538,627,553,480,635,525,638,538,456,513,428,601,Push-up
385,493,501,536,623,553,479,636,527,636,538,454,516,427,599,Push-up
385,492,503,537,625,552,481,632,529,636,537,453,517,423,592,Push-up
386,493,501,537,629,554,484,631,528,637,537,455,516,426,600,Push-up
386,491,502,535,628,554,483,634,532,637,539,455,516,425,601,Push-up
385,495,503,535,627,553,485,635,535,637,538,455,517,418,597,Push-up
385,496,501,534,631,555,485,635,536,639,537,456,515,422,597,Push-up
385,494,501,534,630,556,486,635,540,634,541,453,515,424,601,Push-up
385,497,502,532,629,556,486,636,541,634,538,452,514,422,598,Push-up
385,497,502,532,631,556,488,635,541,636,540,455,513,423,594,Push-up
385,495,502,532,630,556,488,636,541,636,540,456,516,427,593,Push-up
385,496,502,531,627,556,489,636,545,636,538,454,516,431,589,Push-up
385,496,503,531,629,556,490,635,546,635,540,454,515,436,579,Push-up
386,496,505,532,631,555,491,633,546,638,529,456,515,442,575,Push-up
386,495,503,531,630,552,492,633,547,637,526,454,511,444,571,Push-up
386,495,503,531,628,549,490,634,547,635,544,456,517,441,574,Push-up
386,500,502,531,628,547,489,633,547,632,554,456,525,450,569,Push-up
385,516,494,532,629,547,493,635,546,640,530,461,514,448,567,Push-up
385,521,496,533,628,546,491,633,544,630,565,457,513,445,580,Push-up
390,502,499,533,626,546,488,624,545,628,565,452,517,448,580,Push-up
390,536,485,534,628,549,491,631,545,635,544,461,506,440,576,Push-up
385,532,491,534,633,548,490,638,543,633,556,453,509,440,598,Push-up
386,547,498,532,625,551,483,629,547,633,555,449,525,442,607,Push-up
379,509,510,534,618,555,487,628,547,633,566,460,526,453,590,Push-up
379,497,487,536,631,551,494,645,537,630,570,469,512,454,589,Push-up
401,563,482,531,628,551,498,647,534,629,570,468,523,446,610,Push-up
396,540,487,528,617,557,499,635,538,624,559,453,519,447,616,Push-up
387,509,487,527,632,561,488,631,541,616,588,458,504,450,634,Push-up
399,576,482,529,638,560,488,628,543,627,579,465,514,446,639,Push-up
388,550,490,530,635,557,492,628,545,625,581,469,515,447,623,Push-up
387,545,488,531,624,547,498,633,545,616,603,474,524,452,626,Push-up
399,566,491,536,627,543,499,636,550,637,566,466,528,459,625,Push-up
389,545,483,534,631,545,510,643,551,621,590,471,511,471,613,Push-up
387,529,500,524,637,545,513,650,545,610,601,463,519,462,644,Push-up
395,570,492,522,631,548,511,644,539,615,582,458,528,462,644,Push-up
387,560,496,514,624,553,504,638,528,613,593,463,515,458,644,Push-up
394,561,498,513,623,554,505,634,518,625,574,458,516,459,642,Push-up
390,556,494,517,623,563,507,621,522,618,591,460,528,467,636,Push-up
392,552,495,515,620,560,509,635,530,612,594,457,522,472,629,Push-up
398,563,500,512,636,553,513,645,540,615,583,455,523,468,638,Push-up
393,546,492,509,644,553,520,644,539,615,593,461,520,465,639,Push-up
393,546,495,503,635,551,519,641,534,608,597,453,514,465,645,Push-up
395,558,501,507,629,558,513,639,538,615,587,460,519,458,645,Push-up
390,556,498,507,616,568,511,632,541,616,592,464,525,457,642,Push-up
393,560,497,507,630,570,511,641,544,614,590,455,513,461,639,Push-up
396,559,486,512,628,566,513,634,546,615,589,459,515,466,640,Push-up
396,555,489,513,626,561,521,633,547,623,580,463,519,472,630,Push-up
396,557,494,513,639,549,522,640,548,621,579,460,520,472,625,Push-up
398,579,486,512,635,543,523,641,548,624,575,463,520,471,624,Push-up
390,557,504,512,634,540,525,639,546,620,594,468,528,470,627,Push-up
392,553,508,511,628,537,520,639,542,611,595,457,518,465,634,Push-up
393,553,504,511,631,541,514,638,540,610,593,454,507,464,636,Push-up
394,555,500,513,633,543,516,633,534,615,583,453,513,463,633,Push-up
392,564,495,507,634,545,517,631,532,617,585,458,526,463,634,Push-up
394,565,494,507,629,551,514,635,536,618,584,461,525,461,633,Push-up
396,558,494,509,625,555,512,643,544,621,583,462,524,462,631,Push-up
396,562,494,511,634,559,512,643,546,616,591,461,522,465,637,Push-up
396,558,499,511,628,558,513,637,547,617,597,467,520,462,636,Push-up
395,559,499,512,625,559,510,634,545,614,592,461,527,457,629,Push-up
394,563,497,513,628,562,510,635,540,613,589,457,524,455,627,Push-up
393,564,501,513,628,566,510,638,540,614,588,456,517,461,621,Push-up
395,569,501,512,627,565,509,638,540,616,587,458,519,465,625,Push-up
397,569,496,509,632,565,511,634,540,618,586,456,520,462,626,Push-up
398,567,492,512,633,564,512,636,540,616,580,452,523,459,619,Push-up
393,557,494,510,630,559,510,638,540,617,587,459,526,460,620,Push-up
394,560,499,511,626,556,505,639,542,617,586,454,512,454,617,Push-up
396,563,487,516,631,555,503,637,542,617,583,455,516,449,616,Push-up
395,560,483,516,633,554,506,639,544,617,584,457,530,448,612,Push-up
393,554,496,518,626,551,506,635,548,617,580,452,521,447,615,Push-up
394,551,487,524,626,555,501,635,552,620,576,452,514,442,614,Push-up
392,542,486,526,633,550,500,640,552,620,583,457,521,443,612,Push-up
392,543,489,526,634,546,498,638,547,621,573,451,517,443,613,Push-up
393,551,481,529,628,547,497,632,548,625,574,459,522,441,607,Push-up
392,553,484,530,627,549,497,635,543,623,581,461,519,444,612,Push-up
393,555,485,529,626,552,496,634,541,630,566,457,522,451,612,Push-up
388,534,488,528,622,553,497,636,542,631,576,465,529,447,604,Push-up
387,531,494,527,628,552,501,636,540,624,575,454,516,446,606,Push-up
394,541,481,526,633,551,501,635,538,631,554,453,523,445,609,Push-up
389,521,480,521,630,549,504,638,533,626,577,459,532,444,605,Push-up
385,522,486,521,632,551,499,635,531,625,565,451,519,439,602,Push-up
387,547,498,521,631,556,494,633,533,632,544,450,510,442,600,Push-up
384,510,497,520,626,558,491,638,527,632,559,459,516,443,591,Push-up
385,520,505,517,627,558,492,639,529,637,532,453,511,437,591,Push-up
386,518,497,520,630,564,492,634,530,632,557,454,521,440,599,Push-up
385,512,495,520,635,566,494,638,535,632,550,451,527,434,592,Push-up
384,499,505,523,633,564,493,633,539,635,528,451,514,440,584,Push-up
384,497,507,525,625,563,491,628,544,631,550,449,519,441,585,Push-up
383,514,508,528,618,557,491,630,550,636,534,455,512,438,574,Push-up
390,480,507,531,626,553,493,636,554,646,512,467,515,437,572,Push-up
388,480,510,531,632,551,493,633,559,633,540,448,527,435,584,Push-up
389,489,507,531,628,549,492,632,563,637,509,450,519,430,581,Push-up
388,488,505,535,629,547,488,636,561,648,512,472,520,424,588,Push-up
385,491,506,540,629,545,486,633,557,642,531,463,526,423,590,Push-up
384,498,508,539,624,543,488,635,552,635,534,451,517,424,589,Push-up
388,490,504,542,625,541,485,634,545,636,534,453,508,421,593,Push-up
386,494,502,543,628,541,484,632,537,638,536,457,514,424,590,Push-up
385,496,507,539,629,541,483,635,532,637,531,453,518,423,593,Push-up
385,494,505,539,627,542,482,632,531,636,537,455,519,420,597,Push-up
386,497,501,539,627,546,480,629,533,637,537,457,521,422,590,Push-up
386,500,501,540,629,547,483,632,535,635,538,454,518,427,598,Push-up
386,497,501,537,627,547,486,636,540,635,539,453,518,422,599,Push-up
385,503,501,537,627,548,485,636,543,639,530,456,517,419,598,Push-up
385,497,500,537,630,550,485,633,544,639,536,459,517,429,595,Push-up
385,498,501,535,633,552,485,635,544,636,536,453,515,427,601,Push-up
385,499,503,533,628,556,486,634,544,636,533,453,514,425,596,Push-up
385,502,501,533,628,561,486,634,544,636,539,456,517,425,592,Push-up
385,497,500,533,627,563,490,636,544,636,537,453,517,428,594,Push-up
385,499,500,533,624,560,491,637,545,636,539,453,517,428,597,Push-up
385,501,502,533,629,557,489,635,545,636,537,454,513,425,594,Push-up
385,502,502,534,629,556,489,633,545,638,534,455,511,427,593,Push-up
385,504,502,534,629,552,488,634,546,638,539,457,516,430,590,Push-up
385,504,502,536,629,548,489,634,546,636,540,455,517,432,584,Push-up
385,505,502,537,629,545,490,634,547,635,539,453,513,440,578,Push-up
385,509,500,536,630,544,493,635,546,635,533,453,516,443,572,Push-up
384,498,503,535,629,544,495,635,546,634,535,454,515,441,575,Push-up
384,508,502,532,629,547,492,636,549,632,555,456,515,446,577,Push-up
385,508,496,532,630,551,489,633,550,639,534,460,521,439,579,Push-up
385,523,496,532,630,553,491,632,550,635,544,459,510,433,590,Push-up
386,523,492,533,627,551,487,633,550,629,559,450,511,444,590,Push-up
385,523,490,533,623,552,487,631,549,630,564,453,530,459,574,Push-up
381,503,492,534,624,552,492,632,545,633,556,463,531,444,576,Push-up
389,540,491,533,627,551,498,638,542,629,556,457,518,438,600,Push-up
388,543,486,528,626,550,491,636,544,633,546,451,502,452,592,Push-up
388,534,493,527,622,555,489,631,546,622,585,461,501,444,602,Push-up
389,537,495,531,632,561,487,627,539,622,591,465,512,436,623,Push-up
388,545,482,529,637,561,487,633,535,638,562,471,527,441,615,Push-up
390,546,483,527,628,554,488,643,530,623,594,475,538,449,598,Push-up
392,550,490,532,620,550,490,646,530,628,581,468,536,452,606,Push-up
393,554,488,537,619,555,493,637,532,627,574,463,508,456,622,Push-up
392,547,494,531,632,558,494,637,526,607,601,467,492,458,626,Push-up
390,549,498,528,635,553,495,631,526,622,577,455,511,447,634,Push-up
394,563,493,525,629,554,495,629,529,617,585,462,520,450,640,Push-up
393,552,496,523,628,550,501,639,530,613,609,472,538,452,644,Push-up
398,574,489,525,633,550,501,640,531,628,574,459,536,454,650,Push-up
389,553,494,523,629,552,506,640,529,618,582,458,511,460,644,Push-up
394,557,494,521,625,548,514,641,524,607,595,448,506,467,650,Push-up
395,559,498,519,628,546,513,637,526,613,580,446,510,468,648,Push-up
392,565,498,511,628,547,517,636,524,613,584,453,511,472,628,Push-up
396,566,508,509,636,547,520,641,525,618,573,449,518,468,622,Push-up
393,558,495,507,635,548,521,645,534,610,591,452,517,461,639,Push-up
395,554,500,503,631,552,517,645,539,608,606,465,520,461,639,Push-up
396,556,501,503,633,556,512,639,543,621,591,467,527,457,641,Push-up
394,549,493,509,632,560,511,634,545,623,587,466,522,455,647,Push-up
396,559,493,510,623,561,511,634,541,619,584,456,515,459,638,Push-up
396,576,479,513,623,559,514,641,537,616,582,456,516,460,634,Push-up
393,561,495,512,623,560,515,638,531,614,592,462,514,466,632,Push-up
393,556,503,508,629,564,515,638,528,617,584,457,517,465,637,Push-up
393,561,497,506,631,565,518,639,526,619,589,462,523,466,638,Push-up
393,556,499,502,629,563,516,638,525,612,602,464,519,473,637,Push-up
393,556,499,501,630,560,512,642,525,612,601,463,517,466,637,Push-up
398,552,495,504,628,560,515,639,522,618,585,457,512,461,634,Push-up
396,558,492,505,630,560,514,639,516,619,582,457,512,463,634,Push-up
398,571,487,501,623,557,511,642,516,613,586,454,509,459,631,Push-up
397,566,494,507,627,562,510,640,519,614,579,449,515,456,633,Push-up
397,564,497,506,632,566,508,635,522,617,580,451,517,462,630,Push-up
398,562,498,507,626,565,506,634,529,616,584,454,514,467,649,Push-up
395,566,494,513,627,565,489,639,538,615,579,448,520,453,619,Push-up
396,568,495,516,627,561,501,638,533,618,588,455,519,447,609,Push-up
396,565,493,521,630,559,507,638,523,611,591,450,510,454,607,Push-up
395,563,489,516,615,557,508,646,528,610,595,455,516,458,615,Push-up
395,564,497,515,618,565,506,644,533,616,588,456,518,454,621,Push-up
392,560,500,515,635,577,502,633,539,619,582,455,516,452,617,Push-up
395,566,494,515,633,575,501,631,538,617,583,452,519,447,615,Push-up
395,562,489,515,626,566,500,633,534,617,587,455,519,453,615,Push-up
390,555,499,517,622,557,499,638,533,621,579,455,512,450,614,Push-up
396,558,492,520,625,556,499,641,533,621,578,454,510,445,614,Push-up
393,545,487,522,628,561,503,637,532,621,574,451,519,447,615,Push-up
389,544,496,519,624,564,501,641,527,621,574,449,511,444,614,Push-up
395,556,492,519,616,565,497,636,526,623,572,447,507,439,611,Push-up
395,553,476,519,623,570,496,639,528,629,565,454,524,439,609,Push-up
386,536,491,520,632,567,496,639,526,622,576,453,511,439,607,Push-up
397,562,493,520,629,563,497,637,530,625,555,447,513,442,608,Push-up
388,525,487,520,628,558,497,638,532,626,564,452,522,439,597,Push-up
384,521,493,520,629,554,499,641,532,629,556,450,514,438,594,Push-up
391,552,491,523,628,556,496,638,532,630,553,450,511,438,599,Push-up
388,535,486,524,628,560,492,637,533,631,556,454,517,436,592,Push-up
385,523,490,522,627,563,490,639,532,632,551,452,510,436,590,Push-up
388,533,492,523,625,565,490,629,533,629,555,449,510,439,592,Push-up
389,517,484,524,622,569,488,631,535,633,547,453,524,435,584,Push-up
386,507,493,526,623,570,491,638,536,636,541,458,518,436,579,Push-up
387,509,496,528,624,567,491,635,535,629,566,450,505,433,584,Push-up
385,525,493,529,621,563,489,637,535,637,521,453,514,426,592,Push-up
383,501,502,528,626,558,486,635,531,634,550,453,527,429,594,Push-up
383,508,506,531,629,554,485,627,535,632,547,446,521,433,585,Push-up
386,502,502,533,626,555,485,628,536,639,513,459,505,431,577,Push-up
389,483,500,537,626,550,490,641,536,643,506,465,512,428,576,Push-up
386,485,509,535,626,548,490,643,536,639,526,458,517,428,592,Push-up
384,501,507,528,624,553,489,638,537,638,528,454,516,427,596,Push-up
386,496,500,529,630,558,486,634,539,641,518,460,516,424,588,Push-up
385,491,504,535,632,558,485,630,539,642,510,462,512,423,579,Push-up
386,491,510,535,626,554,487,633,539,638,523,458,511,425,581,Push-up
388,488,505,534,618,548,487,638,541,637,533,456,517,425,588,Push-up
387,491,504,534,624,547,488,638,541,638,522,457,520,420,588,Push-up
386,491,507,536,634,549,487,635,540,640,520,458,519,419,592,Push-up
385,491,507,536,632,550,485,633,540,641,527,461,516,417,594,Push-up
385,494,504,534,625,547,483,634,538,637,532,454,522,417,597,Push-up
385,497,506,536,624,545,482,634,537,637,532,454,520,420,590,Push-up
386,494,504,539,625,548,485,634,535,637,528,455,513,423,585,Push-up
388,483,505,539,627,550,486,637,532,638,525,457,516,421,590,Push-up
385,489,508,534,628,552,483,637,532,638,529,458,519,419,591,Push-up
384,495,507,531,628,553,483,634,529,639,524,459,516,426,584,Push-up
386,498,501,534,628,555,484,634,528,641,529,462,516,430,577,Push-up
385,502,502,534,628,554,489,636,528,642,531,465,521,434,573,Push-up
384,498,507,531,630,552,492,638,529,639,530,456,514,442,566,Push-up
384,498,503,528,631,552,492,638,532,634,539,455,514,450,569,Push-up
384,513,498,528,627,555,493,637,536,635,537,458,517,447,563,Push-up
384,518,501,526,626,557,495,635,538,634,536,452,508,441,571,Push-up
391,510,497,526,630,558,492,634,541,628,556,450,517,443,585,Push-up
390,517,485,524,626,559,493,634,544,636,541,458,523,438,579,Push-up
389,509,492,527,626,561,491,634,542,629,556,450,522,432,589,Push-up
391,563,484,530,625,565,487,633,541,627,561,451,523,438,591,Push-up
389,550,481,531,618,565,487,632,538,637,544,454,517,449,577,Push-up
387,529,497,532,618,560,489,637,533,623,575,456,521,445,579,Push-up
395,541,497,534,621,558,492,628,531,635,554,459,513,443,592,Push-up
391,530,478,531,625,558,498,636,531,623,586,464,511,452,605,Push-up
401,555,491,525,631,553,500,652,531,630,569,457,525,450,619,Push-up
392,550,480,525,634,555,500,644,535,625,569,456,526,449,628,Push-up
388,540,497,524,622,557,493,646,534,612,596,454,522,443,622,Push-up
396,554,493,520,626,558,491,632,530,621,575,447,527,435,638,Push-up
400,589,477,525,622,565,496,626,534,628,566,455,506,442,627,Push-up
393,564,490,518,624,566,501,642,540,615,597,464,518,448,623,Push-up
401,564,491,521,635,566,499,642,546,614,593,457,543,457,637,Push-up
393,548,490,518,632,575,501,634,548,618,584,463,523,456,637,Push-up
396,556,499,510,629,572,506,641,538,619,590,460,522,447,635,Push-up
395,562,496,513,625,570,506,636,527,620,581,453,518,455,636,Push-up
393,575,492,512,616,570,501,630,526,616,581,453,512,470,637,Push-up
394,567,501,510,617,566,503,645,522,612,587,450,518,463,628,Push-up
397,561,508,511,631,569,511,632,514,615,588,457,533,465,625,Push-up
395,555,501,506,628,570,514,639,515,614,596,466,525,467,636,Push-up
396,571,501,502,622,562,514,647,518,618,576,452,518,457,652,Push-up
396,580,499,505,629,559,516,635,521,618,577,449,518,452,646,Push-up
394,568,502,500,627,556,514,639,523,617,587,457,521,457,655,Push-up
397,560,507,499,627,553,512,636,525,608,590,447,531,455,663,Push-up
394,551,498,505,629,558,516,636,524,613,587,454,530,453,652,Push-up
395,561,497,500,626,562,519,639,523,620,587,459,532,461,636,Push-up
394,568,501,498,623,564,518,640,526,617,593,461,523,461,638,Push-up
394,559,505,497,624,570,515,644,533,613,593,459,518,457,639,Push-up
395,557,507,496,627,576,520,650,529,615,587,456,525,457,636,Push-up
394,554,506,491,626,579,520,641,527,613,591,458,531,454,632,Push-up
395,564,503,491,619,584,514,634,533,610,590,451,517,454,631,Push-up
399,583,495,497,625,583,509,640,538,615,583,452,520,458,628,Push-up
397,569,501,500,625,575,510,639,540,615,586,454,528,462,631,Push-up
398,564,503,499,625,569,513,633,548,611,594,456,526,459,630,Push-up
399,564,499,510,626,567,512,632,554,612,586,449,519,455,620,Push-up
400,565,500,511,627,560,512,638,551,614,583,451,522,455,616,Push-up
394,570,505,509,627,551,512,641,547,613,593,456,520,460,619,Push-up
395,576,499,511,623,547,508,640,546,610,597,458,518,453,610,Push-up
401,574,495,516,628,552,507,639,541,617,587,457,529,459,616,Push-up
397,562,500,517,632,553,508,639,536,617,584,452,534,467,617,Push-up
399,572,493,516,626,553,503,638,535,613,590,453,514,455,611,Push-up
397,555,492,516,623,556,499,636,529,613,583,448,517,450,612,Push-up
396,563,493,512,629,556,504,637,519,618,582,451,522,452,614,Push-up
396,564,494,508,625,558,497,633,517,613,585,449,517,448,620,Push-up
397,563,487,513,622,568,488,635,522,608,602,460,530,447,620,Push-up
395,554,494,514,630,572,489,638,522,617,586,454,531,443,614,Push-up
394,559,491,513,628,572,496,635,526,618,580,449,517,442,617,Push-up
394,556,491,518,623,570,494,633,533,612,590,450,522,441,611,Push-up
391,556,493,520,621,566,494,638,537,616,580,448,525,441,612,Push-up
390,555,499,520,628,564,497,645,538,619,576,445,516,443,611,Push-up
393,555,493,517,627,565,494,642,540,622,571,446,517,439,609,Push-up
391,553,487,521,624,565,494,640,540,626,574,453,530,442,607,Push-up
390,549,491,522,625,565,496,636,538,619,577,447,522,441,607,Push-up
391,540,487,522,621,563,494,633,540,618,568,444,519,441,601,Push-up
392,536,489,525,623,562,492,639,538,621,572,448,519,438,598,Push-up
384,527,494,524,629,558,490,640,533,625,566,448,515,437,601,Push-up
388,550,488,525,627,560,486,630,529,628,561,453,519,437,600,Push-up
390,537,483,526,627,564,486,632,525,630,554,450,520,437,599,Push-up
384,505,495,527,627,561,485,637,524,630,553,451,521,440,591,Push-up
390,532,492,529,623,560,487,634,525,632,556,454,522,439,595,Push-up
387,520,489,530,626,560,483,636,527,628,547,446,519,437,592,Push-up
386,511,492,528,628,557,483,636,528,629,544,445,514,431,586,Push-up
386,533,494,528,626,557,484,631,525,630,546,445,513,436,587,Push-up
385,520,492,531,622,561,480,632,525,635,530,451,525,437,581,Push-up
383,500,503,529,622,563,480,639,526,637,542,456,529,442,573,Push-up
383,505,501,534,629,562,480,636,525,638,530,458,520,442,571,Push-up
386,498,500,534,629,560,479,632,522,644,496,465,502,435,579,Push-up
387,485,508,535,629,556,477,631,519,647,485,471,509,427,580,Push-up
386,489,508,535,625,555,476,630,517,637,525,454,529,426,597,Push-up
387,496,501,534,622,558,476,634,516,638,520,453,525,432,598,Push-up
384,496,505,535,622,561,476,636,515,642,510,460,515,427,590,Push-up
384,492,509,539,621,564,478,630,514,639,519,458,522,422,594,Push-up
384,494,508,536,620,561,478,630,513,635,540,449,523,429,604,Push-up
385,496,500,532,620,557,479,637,517,639,525,456,518,428,593,Push-up
385,496,504,534,623,558,480,638,518,643,511,463,522,417,596,Push-up
384,492,508,535,631,563,479,636,519,641,524,460,522,419,599,Push-up
385,493,506,531,631,563,479,636,518,636,530,453,517,425,597,Push-up
386,495,502,529,622,562,479,635,520,638,530,454,521,421,596,Push-up
385,499,504,531,625,562,480,638,522,638,524,455,524,420,593,Push-up
385,495,505,532,630,564,479,635,522,638,521,456,519,429,589,Push-up
385,492,505,531,627,565,479,631,526,639,528,457,520,436,582,Push-up
382,499,505,530,623,565,479,632,526,639,523,458,524,442,566,Push-up
384,515,503,532,621,565,483,630,527,639,520,458,521,455,552,Push-up
386,515,503,537,623,563,490,637,532,628,565,452,525,451,563,Push-up
386,513,497,532,629,559,492,641,537,632,548,450,522,450,572,Push-up
384,516,495,528,630,555,492,636,542,641,520,459,512,454,561,Push-up
384,494,497,525,630,554,488,628,540,632,574,468,514,450,564,Push-up
392,508,494,529,629,555,487,632,538,634,557,458,524,450,570,Push-up
394,535,487,529,622,558,489,639,537,643,513,459,521,441,579,Push-up
388,530,498,533,621,555,486,641,536,627,577,462,527,426,608,Push-up
389,546,476,535,626,557,480,640,535,626,566,450,529,432,618,Push-up
392,544,482,533,621,558,482,629,533,624,557,446,522,433,608,Push-up
390,545,491,537,621,555,485,625,533,621,582,452,521,428,616,Push-up
399,563,481,541,624,554,489,623,541,628,562,450,506,450,611,Push-up
394,552,484,539,619,548,498,628,550,623,564,449,512,444,614,Push-up
400,562,492,530,634,537,507,642,556,609,600,458,535,443,620,Push-up
391,553,485,531,643,537,507,643,559,629,579,474,531,440,624,Push-up
394,566,488,524,638,541,508,642,554,625,585,472,518,447,650,Push-up
400,573,484,528,637,540,498,635,554,630,586,477,517,440,647,Push-up
396,570,483,530,625,546,501,635,549,627,586,474,518,444,629,Push-up
397,567,482,526,625,551,508,640,536,617,595,467,535,455,626,Push-up
400,553,481,524,623,556,515,643,529,614,582,452,545,462,638,Push-up
392,556,488,519,617,561,512,646,524,612,589,452,513,461,624,Push-up
392,560,499,508,627,561,511,641,519,614,595,463,523,463,634,Push-up
392,562,501,499,641,562,511,638,515,617,590,462,545,460,637,Push-up
390,560,505,496,635,562,509,633,517,609,596,458,524,454,636,Push-up
396,564,503,501,628,561,505,633,527,607,600,461,530,451,644,Push-up
397,565,486,506,638,560,507,641,530,617,587,462,542,456,635,Push-up
397,566,492,507,637,556,514,643,531,619,593,466,532,464,637,Push-up
398,563,495,505,624,555,514,637,537,615,587,454,522,463,633,Push-up
397,557,493,512,620,560,512,640,540,609,598,457,523,452,628,Push-up
396,561,498,509,625,557,517,637,536,609,589,449,524,453,631,Push-up
395,564,496,506,627,554,518,636,540,608,594,450,524,458,642,Push-up
395,568,497,506,620,555,512,639,546,612,586,449,522,456,637,Push-up
394,568,498,506,631,551,516,638,546,613,583,449,523,449,634,Push-up
397,566,496,510,638,550,520,634,547,613,586,450,519,449,632,Push-up
398,564,491,508,634,549,519,642,548,614,585,452,520,455,634,Push-up
398,563,488,509,630,544,516,641,546,620,584,458,531,459,633,Push-up
399,568,492,512,632,543,516,641,545,617,586,457,520,449,630,Push-up
399,573,490,514,633,544,513,639,541,616,581,453,514,448,626,Push-up
400,574,486,515,629,548,513,635,537,617,585,458,520,452,628,Push-up
396,568,491,512,625,550,513,638,539,610,591,451,523,448,623,Push-up
398,568,496,508,623,553,508,636,544,615,587,455,528,446,617,Push-up
400,565,488,510,631,563,506,631,545,618,579,453,521,443,611,Push-up
399,560,480,509,636,568,511,638,541,618,583,457,533,459,619,Push-up
397,569,484,509,626,564,509,643,540,619,585,460,530,446,617,Push-up
398,571,476,509,619,567,505,641,545,623,574,454,524,432,613,Push-up
398,553,477,508,629,572,503,636,542,622,582,457,525,441,619,Push-up
394,546,488,508,635,570,502,639,534,620,581,456,517,439,619,Push-up
394,550,488,509,625,567,499,631,525,621,579,454,516,435,612,Push-up
393,549,483,514,621,567,495,634,518,621,587,463,529,437,606,Push-up
393,553,482,516,622,566,499,642,514,610,599,460,525,437,608,Push-up
392,558,482,514,626,567,500,638,517,616,583,455,518,441,608,Push-up
394,550,480,514,625,564,495,635,524,623,579,465,521,435,605,Push-up
390,544,486,515,624,563,499,636,527,622,583,462,520,439,607,Push-up
392,552,484,519,630,558,501,636,533,621,582,461,523,436,608,Push-up
392,541,476,516,626,553,500,639,540,627,570,460,530,436,604,Push-up
387,524,485,518,631,551,500,642,540,625,574,460,520,438,604,Push-up
388,541,494,522,633,552,497,642,542,621,578,459,515,433,598,Push-up
388,533,486,521,627,552,495,636,538,626,576,464,523,433,590,Push-up
383,504,494,522,627,555,497,636,536,631,574,455,520,433,594,Push-up
388,533,498,522,628,556,497,639,538,632,546,446,518,435,598,Push-up
387,521,490,524,629,558,493,640,538,629,564,454,524,431,585,Push-up
385,496,495,520,630,560,492,636,534,631,550,451,522,430,589,Push-up
385,509,499,521,628,561,491,633,530,634,541,451,513,438,583,Push-up
384,510,495,525,622,562,485,631,535,635,537,456,516,439,577,Push-up
381,505,501,528,623,560,486,637,539,637,537,453,516,443,562,Push-up
385,489,521,528,630,558,489,635,539,638,529,455,513,441,557,Push-up
396,455,515,530,628,557,491,633,539,639,512,460,527,435,566,Push-up
399,452,508,530,624,555,488,636,539,641,502,464,530,427,575,Push-up
385,493,508,531,626,553,483,635,542,641,497,462,522,418,601,Push-up
385,499,502,534,628,553,481,632,542,639,528,455,517,434,589,Push-up
390,479,505,539,627,551,480,632,537,634,532,448,512,423,582,Push-up
387,479,508,541,623,548,480,629,530,638,513,454,523,412,592,Push-up
385,486,509,539,621,548,482,631,523,640,523,458,523,425,593,Push-up
388,482,508,536,622,550,483,637,523,638,516,453,513,423,599,Push-up
385,486,506,536,623,553,480,639,530,641,519,458,513,419,593,Push-up
388,486,507,534,630,558,486,636,529,639,521,457,520,419,598,Push-up
386,487,505,533,635,560,487,632,526,638,523,453,518,427,598,Push-up
386,489,507,529,625,560,487,632,529,638,519,454,512,424,593,Push-up
386,488,507,526,623,559,486,637,533,640,516,458,515,418,602,Push-up
386,488,509,528,630,558,488,638,537,640,526,458,520,423,600,Push-up
386,488,506,527,628,561,493,637,539,638,523,454,520,425,593,Push-up
386,487,505,527,627,562,493,637,541,638,516,454,515,418,606,Push-up
386,489,506,528,627,561,496,637,540,638,516,454,515,423,603,Push-up
384,492,507,525,630,557,492,637,540,641,519,457,516,428,586,Push-up
384,488,506,523,630,551,491,635,540,638,525,456,521,422,585,Push-up
386,486,506,528,629,551,495,635,538,636,521,451,523,423,593,Push-up
387,484,504,531,630,554,496,636,538,636,515,453,512,440,576,Push-up
386,483,507,526,630,553,492,641,541,641,509,465,512,448,566,Push-up
382,490,510,522,632,552,488,637,537,643,516,470,519,455,546,Push-up
386,514,500,524,632,554,493,632,533,640,519,463,514,456,544,Push-up
396,508,495,527,625,558,496,630,531,638,531,467,510,447,566,Push-up
390,526,486,527,624,559,494,633,535,625,590,463,513,431,589,Push-up
386,537,486,520,629,557,484,635,540,635,548,451,511,422,610,Push-up
391,544,476,522,630,558,481,624,539,635,545,452,519,423,608,Push-up
388,527,489,534,625,560,490,629,536,624,573,453,530,452,546,Push-up
382,504,497,541,620,555,498,636,535,631,553,454,527,438,573,Push-up
391,542,488,534,614,548,503,654,540,632,550,452,510,457,568,Push-up
390,510,493,525,622,548,496,657,540,630,556,454,499,457,588,Push-up
394,523,495,523,636,552,492,641,540,626,580,459,513,431,627,Push-up
399,564,476,524,639,562,490,617,536,631,560,453,517,410,662,Push-up
392,552,469,522,630,564,490,618,536,618,575,448,522,428,617,Push-up
394,549,494,531,621,555,488,633,543,616,575,436,521,432,627,Push-up
391,559,488,537,618,551,496,633,546,616,587,448,525,439,624,Push-up
388,548,495,532,626,549,509,639,544,615,590,454,516,460,612,Push-up
398,559,495,521,632,545,515,656,541,618,572,441,528,445,634,Push-up
395,558,483,515,626,551,512,644,536,612,577,439,527,453,644,Push-up
395,557,486,508,634,558,514,641,527,611,588,449,513,437,625,Push-up
396,556,490,503,635,562,511,640,515,616,580,450,518,448,624,Push-up
395,556,491,502,626,563,510,634,511,618,577,450,528,442,630,Push-up
393,553,493,503,620,560,509,638,514,608,602,457,524,439,632,Push-up
395,556,493,503,624,557,506,643,519,611,598,453,526,434,637,Push-up
393,555,492,500,632,563,505,637,519,616,594,462,530,435,627,Push-up
392,554,494,500,630,565,508,632,522,615,590,455,521,446,635,Push-up
396,561,491,503,622,565,508,629,527,615,582,448,520,442,630,Push-up
394,558,488,503,619,568,510,633,529,612,584,450,519,438,619,Push-up
394,557,498,500,630,570,519,639,531,608,595,451,522,450,619,Push-up
393,557,497,500,627,573,519,630,539,613,591,455,518,454,622,Push-up
395,557,497,500,621,575,518,636,552,617,589,459,511,450,620,Push-up
395,560,497,499,632,568,523,645,554,614,596,464,529,450,622,Push-up
393,560,495,501,632,562,528,641,554,612,590,457,524,442,626,Push-up
392,558,494,500,626,559,526,639,556,613,593,460,523,442,621,Push-up
391,559,500,501,623,554,524,640,553,616,590,459,528,439,620,Push-up
392,558,496,502,621,549,522,637,549,606,597,452,514,431,630,Push-up
394,556,492,503,631,548,518,637,547,610,587,450,514,427,625,Push-up
394,554,487,509,630,544,518,643,543,616,584,454,536,430,628,Push-up
395,557,485,505,638,537,519,639,549,618,584,455,530,431,628,Push-up
399,562,484,506,637,537,515,634,557,616,589,457,516,430,617,Push-up
398,575,477,507,636,547,509,633,551,617,589,461,526,432,621,Push-up
395,552,488,508,628,546,514,631,541,616,589,460,522,448,624,Push-up
394,559,491,507,619,539,512,632,542,615,590,460,523,445,627,Push-up
397,563,486,511,618,546,507,635,544,616,587,458,519,436,613,Push-up
395,557,490,507,629,558,513,646,540,619,588,460,516,435,608,Push-up
394,570,492,500,639,567,515,636,530,616,590,461,511,443,609,Push-up
396,566,488,504,625,565,513,633,528,615,590,461,514,451,621,Push-up
398,560,487,503,620,562,508,644,535,622,580,458,524,439,608,Push-up
396,572,474,501,635,564,512,643,540,611,591,456,530,427,607,Push-up
404,577,471,506,637,567,518,630,541,607,587,445,518,433,607,Push-up
403,559,468,504,623,559,517,634,545,616,576,446,519,432,601,Push-up
401,556,472,507,618,549,513,643,546,615,585,452,535,430,592,Push-up
396,540,480,504,625,548,514,639,541,602,604,452,510,427,606,Push-up
393,551,480,504,630,558,509,637,540,614,592,459,510,437,624,Push-up
390,558,476,507,623,565,498,640,540,625,580,464,535,420,597,Push-up
390,550,486,507,624,572,491,642,539,622,587,464,529,410,594,Push-up
392,554,487,509,621,579,497,628,543,623,580,460,525,423,602,Push-up
395,533,483,518,619,581,492,628,544,633,567,463,519,424,599,Push-up
394,530,485,514,623,570,490,641,539,620,586,460,515,412,596,Push-up
392,563,464,519,629,560,493,633,532,616,587,455,524,413,596,Push-up
394,545,468,523,632,562,493,627,526,625,574,459,515,418,595,Push-up
393,541,476,521,628,561,494,639,525,625,569,453,515,418,603,Push-up
392,538,478,523,626,561,490,644,528,626,568,457,517,424,598,Push-up
389,519,480,521,624,561,495,635,535,627,573,462,512,419,597,Push-up
387,540,484,523,627,564,503,634,539,632,563,454,513,422,593,Push-up
390,552,482,520,625,561,500,641,541,633,548,448,520,435,589,Push-up
388,490,500,517,624,556,501,650,543,631,550,450,519,432,583,Push-up
387,521,494,516,631,557,504,642,545,631,550,450,521,432,582,Push-up
386,511,494,522,633,559,501,629,548,635,539,454,525,443,573,Push-up
382,503,500,524,629,556,498,628,547,632,536,448,521,450,559,Push-up
379,515,514,521,627,552,496,639,544,632,531,445,512,451,548,Push-up
391,492,527,520,623,552,500,642,540,637,532,456,515,438,554,Push-up
409,411,518,519,625,559,496,635,533,644,509,474,531,424,569,Push-up
390,479,505,521,624,561,487,631,529,644,476,468,536,418,585,Push-up
383,505,509,523,627,564,478,633,530,640,501,456,518,420,584,Push-up
387,491,501,520,625,561,478,626,532,637,536,453,513,420,583,Push-up
389,473,505,517,624,556,475,621,531,635,529,449,520,413,585,Push-up
385,486,513,516,631,557,475,625,526,641,508,458,524,410,580,Push-up
387,485,509,522,633,559,473,630,524,643,513,464,526,409,582,Push-up
387,485,505,524,629,556,478,635,527,638,523,453,525,417,596,Push-up
386,491,504,521,627,552,482,640,532,637,523,453,519,427,580,Push-up
385,493,507,520,623,552,485,638,535,639,519,457,516,408,593,Push-up
385,490,505,519,625,559,487,628,536,640,518,458,517,409,594,Push-up
386,487,507,515,625,567,490,632,537,640,519,458,518,420,593,Push-up
385,492,507,521,627,572,493,638,547,638,516,454,522,414,591,Push-up
385,496,506,527,625,569,493,636,551,639,519,455,521,410,593,Push-up
385,494,506,536,625,561,498,635,550,639,519,456,521,414,588,Push-up
386,493,505,533,619,552,499,639,550,639,519,456,520,413,591,Push-up
385,494,505,534,618,550,498,639,551,639,518,457,519,416,583,Push-up
385,499,505,540,620,551,499,639,553,639,516,457,514,416,580,Push-up
385,496,502,543,625,552,500,638,554,639,517,457,514,422,574,Push-up
384,493,504,537,627,552,501,637,557,639,519,459,526,432,563,Push-up
384,494,506,534,628,550,501,636,558,641,518,461,521,441,553,Push-up
386,515,497,532,631,550,501,633,558,639,516,460,514,444,561,Push-up
386,523,491,531,628,549,501,636,558,640,519,462,519,452,555,Push-up
385,529,492,531,628,548,499,640,553,636,542,463,513,438,559,Push-up
384,512,499,529,632,549,498,629,546,626,590,465,510,432,575,Push-up
389,534,488,530,630,550,491,623,540,633,548,452,509,444,573,Push-up
388,526,488,529,628,547,491,626,535,637,544,457,526,449,556,Push-up
389,528,490,526,629,547,498,641,530,633,560,469,535,448,566,Push-up
389,534,493,526,631,547,499,644,525,632,559,461,524,444,577,Push-up
392,550,500,526,630,547,498,638,525,629,557,455,499,435,597,Push-up
394,539,490,525,629,551,493,633,525,627,565,456,513,423,613,Push-up
396,548,487,524,630,555,492,631,525,626,569,452,534,420,617,Push-up
399,560,467,524,632,555,496,630,531,619,578,453,535,426,616,Push-up
396,552,482,523,630,552,499,637,539,620,590,462,548,430,616,Push-up
397,570,489,521,631,552,497,645,543,631,585,472,531,421,619,Push-up
380,528,495,521,627,558,505,648,540,620,589,462,510,425,626,Push-up
392,552,495,521,623,558,502,642,535,613,590,457,525,440,643,Push-up
389,565,499,525,622,555,496,630,533,618,584,456,524,437,641,Push-up
392,565,499,526,626,550,509,632,526,613,583,454,518,435,636,Push-up
396,561,490,520,618,552,515,634,526,617,577,453,534,444,642,Push-up
396,561,492,519,620,556,516,638,535,617,588,459,531,447,637,Push-up
396,565,498,522,631,561,517,643,543,619,590,466,518,446,630,Push-up
392,558,502,520,641,566,525,639,547,620,593,472,533,454,641,Push-up
391,562,501,523,631,564,523,643,547,616,593,462,533,449,636,Push-up
391,556,510,524,624,554,518,644,549,613,594,459,526,447,635,Push-up
394,556,503,528,623,548,520,634,546,614,591,460,525,450,639,Push-up
395,546,494,521,625,549,523,638,536,617,583,458,527,445,635,Push-up
397,564,493,517,631,555,521,642,529,614,582,451,528,444,634,Push-up
396,557,487,517,633,563,521,637,523,615,586,455,527,447,638,Push-up
395,561,494,514,633,562,522,638,519,618,588,460,526,446,633,Push-up
393,560,500,508,627,558,514,638,524,616,585,456,521,444,635,Push-up
393,556,497,506,622,557,512,634,526,616,585,456,528,445,629,Push-up
393,562,495,506,629,556,519,635,522,617,585,457,535,444,628,Push-up
393,559,500,505,631,553,518,645,529,610,588,449,528,445,627,Push-up
392,554,503,506,623,547,515,643,536,610,591,452,524,447,624,Push-up
392,561,503,508,626,547,516,638,538,614,587,453,528,448,625,Push-up
394,565,499,505,639,548,515,637,539,614,587,454,525,447,621,Push-up
399,575,495,500,634,543,509,640,539,615,589,458,520,447,606,Push-up
398,567,496,501,624,544,510,637,536,619,582,457,529,440,608,Push-up
398,571,492,500,628,551,516,635,531,614,586,454,528,460,629,Push-up
396,563,493,495,634,557,513,640,534,608,595,455,521,466,607,Push-up
399,569,493,498,624,559,499,641,540,618,581,454,515,443,603,Push-up
397,564,491,499,628,563,509,638,529,618,590,461,526,429,617,Push-up
394,564,497,494,634,562,518,632,515,611,598,460,530,438,627,Push-up
394,565,494,497,625,565,513,640,519,605,593,451,519,453,619,Push-up
397,571,481,505,626,569,501,645,534,617,585,456,526,437,614,Push-up
397,558,482,500,631,568,500,643,534,618,584,453,521,435,615,Push-up
398,559,484,499,622,567,515,623,529,612,588,452,519,436,608,Push-up
399,552,481,504,620,568,508,629,531,611,592,457,523,438,600,Push-up
396,544,481,508,628,568,505,650,532,619,584,459,522,438,604,Push-up
399,556,473,505,626,563,506,650,532,617,584,452,516,430,615,Push-up
405,568,461,510,619,562,506,638,529,614,589,456,517,430,616,Push-up
399,552,470,508,627,559,501,633,523,622,581,459,523,429,614,Push-up
399,563,474,506,633,558,494,637,527,626,571,453,518,422,606,Push-up
401,562,464,506,623,558,488,640,533,626,572,457,516,421,605,Push-up
392,538,476,515,613,562,491,637,534,623,584,463,523,437,602,Push-up
393,546,481,511,632,568,496,632,533,622,580,456,516,431,601,Push-up
391,541,479,505,644,569,493,634,538,624,576,457,516,428,593,Push-up
391,531,481,509,617,561,497,639,540,626,569,457,521,441,597,Push-up
389,525,483,514,606,556,499,643,536,626,571,457,518,437,600,Push-up
385,519,491,511,638,555,496,638,533,626,562,452,512,431,594,Push-up
387,531,489,509,642,557,493,634,529,630,553,452,514,431,586,Push-up
386,517,487,511,635,561,495,637,523,632,560,458,516,440,586,Push-up
384,510,501,517,621,558,496,637,523,627,556,447,514,445,585,Push-up
383,514,504,521,614,560,492,639,528,628,550,444,514,443,578,Push-up
383,500,506,523,634,566,494,639,531,636,538,457,518,443,577,Push-up
383,500,509,524,630,565,497,633,528,638,534,455,517,437,578,Push-up
387,491,511,525,623,563,496,633,528,638,532,455,519,432,580,Push-up
394,449,512,523,619,559,490,639,533,636,519,451,525,430,583,Push-up
390,474,512,525,627,561,485,638,534,643,509,465,530,431,587,Push-up
385,494,508,524,636,558,483,634,532,644,503,461,519,430,589,Push-up
385,499,503,520,625,555,483,630,529,638,514,452,505,427,579,Push-up
388,486,503,519,629,555,479,630,523,638,516,454,514,420,573,Push-up
386,484,508,523,629,555,482,635,518,638,514,454,527,418,588,Push-up
385,488,509,524,622,552,484,637,515,637,515,451,520,421,578,Push-up
386,488,506,524,627,549,479,633,518,640,516,456,518,413,596,Push-up
387,489,504,528,636,546,481,631,524,641,521,456,527,427,596,Push-up
385,490,503,527,636,541,482,636,527,638,523,454,522,423,576,Push-up
384,497,506,525,619,540,480,633,534,638,519,453,516,403,587,Push-up
386,490,503,531,623,545,482,625,536,639,514,455,517,419,599,Push-up
388,486,500,530,636,550,487,630,531,636,511,453,518,427,600,Push-up
384,501,505,533,630,551,483,636,538,639,514,455,516,408,594,Push-up
384,497,503,535,620,554,485,639,545,642,517,458,520,411,580,Push-up
387,492,503,534,621,554,492,638,538,639,517,454,520,417,596,Push-up
387,491,503,531,627,558,498,638,539,637,520,451,515,438,579,Push-up
385,497,503,527,627,563,495,647,547,641,514,457,514,428,566,Push-up
385,503,504,530,626,568,492,644,548,642,511,460,519,441,552,Push-up
387,470,500,532,631,567,497,631,549,642,502,461,529,458,544,Push-up
395,485,496,530,627,560,500,630,549,639,516,462,536,452,552,Push-up
388,566,489,530,624,558,498,639,550,632,543,469,520,444,557,Push-up
383,560,487,536,629,558,490,637,553,629,551,455,499,435,562,Push-up
382,542,498,538,625,554,482,628,552,618,589,455,494,425,573,Push-up
382,519,505,531,621,551,481,617,543,622,587,456,504,430,570,Push-up
383,519,503,535,629,551,485,615,540,648,525,457,520,446,570,Push-up
394,536,491,536,631,550,485,629,540,624,593,470,541,444,590,Push-up
392,530,488,531,622,544,497,653,542,619,589,462,540,443,593,Push-up
385,532,492,528,629,543,504,658,542,634,559,464,517,440,597,Push-up
404,571,480,531,638,546,502,647,542,623,575,460,510,433,618,Push-up
393,562,473,531,639,548,500,634,541,619,572,444,511,426,624,Push-up
397,572,487,528,628,545,500,627,544,609,587,449,521,424,625,Push-up
395,546,480,525,629,542,510,631,549,618,581,455,547,419,627,Push-up
399,556,485,523,633,545,503,640,555,617,584,455,534,429,636,Push-up
402,582,478,528,627,552,496,637,557,610,593,456,512,425,645,Push-up
397,563,487,534,622,559,494,643,536,618,601,473,518,429,643,Push-up
391,553,495,536,624,561,503,647,517,622,594,470,519,433,643,Push-up
393,562,497,539,616,561,501,636,502,619,590,461,522,448,650,Push-up
395,568,497,532,618,559,504,628,504,619,584,458,522,454,641,Push-up
396,568,499,527,615,557,512,633,514,613,584,452,515,456,633,Push-up
393,559,500,526,613,566,521,620,529,611,591,454,525,451,636,Push-up
397,564,497,522,634,571,522,642,535,609,595,456,529,444,645,Push-up
397,560,493,515,635,564,523,647,525,615,587,457,522,441,643,Push-up
395,562,496,519,632,558,518,657,520,618,587,460,528,438,646,Push-up
395,561,499,525,634,551,510,645,523,617,585,459,524,433,649,Push-up
396,563,493,523,637,545,512,634,521,616,586,458,527,433,642,Push-up
394,568,490,521,639,542,512,640,518,614,588,455,532,436,632,Push-up
396,572,492,522,626,547,509,637,520,610,593,453,526,441,625,Push-up
395,559,499,518,616,554,506,644,524,617,585,455,523,444,623,Push-up
396,560,503,510,615,562,507,646,520,614,591,461,528,451,621,Push-up
395,561,500,500,620,572,510,641,514,612,591,457,523,447,617,Push-up
398,564,499,494,622,577,508,639,516,613,590,457,528,445,616,Push-up
395,556,497,491,623,576,510,639,521,612,595,460,526,444,621,Push-up
395,585,493,487,627,578,511,639,524,613,593,462,513,448,626,Push-up
398,580,494,489,625,581,504,637,534,618,585,462,520,446,613,Push-up
400,572,490,496,619,585,498,633,535,618,590,467,531,428,614,Push-up
399,567,489,496,618,585,507,624,530,617,589,462,520,439,636,Push-up
403,564,478,497,621,580,507,629,532,618,582,461,513,451,621,Push-up
412,587,476,503,618,577,494,646,534,623,581,464,526,441,597,Push-up
400,558,479,505,629,572,499,651,525,618,590,466,527,443,591,Push-up
400,555,477,503,631,568,504,636,515,620,592,470,520,434,612,Push-up
400,551,473,503,625,566,500,630,516,626,579,466,513,436,604,Push-up
398,558,474,508,624,567,496,642,521,626,575,463,513,433,602,Push-up
397,562,480,504,621,566,500,645,522,619,579,456,516,429,607,Push-up
398,565,477,504,616,563,508,634,522,618,582,454,521,438,608,Push-up
396,556,483,506,618,564,504,629,526,620,575,451,520,431,601,Push-up
397,561,481,506,625,568,500,646,532,621,572,450,517,430,604,Push-up
394,552,482,509,634,575,500,647,531,624,571,455,520,430,607,Push-up
392,558,483,511,618,572,502,634,526,626,564,454,516,420,607,Push-up
394,555,484,507,614,571,501,633,528,627,567,452,511,419,605,Push-up
391,543,483,508,621,578,497,637,533,627,572,456,516,422,594,Push-up
391,547,489,509,615,587,501,643,542,631,564,456,517,420,596,Push-up
389,536,491,512,616,581,500,641,541,634,554,455,515,416,599,Push-up
386,537,493,507,613,569,496,639,540,632,553,452,521,419,596,Push-up
388,544,494,504,632,573,491,640,535,630,560,453,516,419,598,Push-up
388,536,493,509,629,574,490,639,529,632,549,450,511,421,596,Push-up
388,533,489,511,612,572,490,637,532,632,545,450,513,430,587,Push-up
386,519,496,511,620,568,490,635,532,630,553,447,517,441,578,Push-up
382,525,497,512,636,567,495,636,534,636,544,457,514,443,573,Push-up
382,524,504,512,629,565,498,634,536,639,538,459,513,447,561,Push-up
387,507,514,514,626,565,496,637,534,635,529,455,517,447,564,Push-up
396,466,516,517,619,565,499,644,533,634,516,451,523,437,567,Push-up
399,438,512,519,621,563,499,636,528,639,494,465,526,425,582,Push-up
388,487,509,520,629,560,493,631,526,642,482,464,518,421,587,Push-up
382,508,508,520,634,560,484,634,528,642,503,463,514,422,590,Push-up
385,500,503,523,629,559,480,637,530,641,525,457,518,420,590,Push-up
385,493,505,526,619,559,481,631,530,639,514,453,518,420,583,Push-up
386,489,506,525,615,565,482,628,523,639,503,455,518,417,582,Push-up
386,489,507,526,627,568,481,632,513,640,512,456,518,418,577,Push-up
385,494,507,523,624,569,480,637,512,640,518,458,517,420,585,Push-up
386,493,506,521,629,568,479,639,513,640,510,457,519,420,583,Push-up
386,492,504,521,629,558,482,634,520,640,510,456,520,411,589,Push-up
386,493,506,519,627,557,481,628,521,640,513,456,515,421,600,Push-up
387,489,505,517,625,561,481,630,524,640,516,457,517,426,583,Push-up
387,490,505,517,618,563,480,635,528,640,514,456,519,409,581,Push-up
386,491,506,521,616,566,482,637,531,640,514,456,517,406,589,Push-up
387,488,504,528,624,571,484,633,528,639,515,456,516,420,597,Push-up
386,490,503,532,630,571,487,638,529,638,514,454,519,425,583,Push-up
384,494,508,528,627,567,483,640,532,641,517,457,515,413,583,Push-up
385,491,507,528,618,564,485,636,531,641,519,459,516,402,596,Push-up
388,485,503,528,616,564,490,633,529,638,516,454,514,410,601,Push-up
386,491,505,529,627,564,492,640,531,638,517,454,514,427,580,Push-up
386,492,506,530,630,564,489,645,536,639,517,458,515,420,582,Push-up
386,486,504,530,626,561,491,639,534,639,519,458,520,401,600,Push-up
389,481,503,531,624,559,492,634,530,639,520,454,521,407,600,Push-up
387,485,507,532,621,555,494,636,529,639,517,454,514,426,587,Push-up
386,487,507,534,627,555,490,641,529,639,515,458,515,424,583,Push-up
386,484,507,534,626,558,489,638,528,640,518,458,519,409,597,Push-up
386,487,507,532,622,558,490,635,525,640,522,455,519,411,595,Push-up
386,486,507,527,625,558,490,634,524,639,524,455,517,422,581,Push-up
386,485,507,531,632,560,490,636,524,639,518,457,520,414,589,Push-up
386,484,507,532,626,558,492,637,526,639,517,457,522,413,591,Push-up
386,482,508,527,621,553,492,637,529,639,520,456,519,417,586,Push-up
386,483,507,526,631,556,491,637,529,639,523,455,517,409,584,Push-up
386,486,506,527,635,560,491,638,529,639,523,455,517,406,590,Push-up
386,488,505,524,624,560,491,638,529,639,523,454,518,417,582,Push-up
387,484,507,521,620,559,490,636,532,639,521,453,519,416,576,Push-up
387,489,506,523,629,559,489,636,533,639,520,455,521,414,579,Push-up
387,490,507,523,634,559,489,636,532,638,524,453,521,432,559,Push-up
389,486,509,523,629,559,491,636,532,637,523,455,523,433,561,Push-up
387,481,508,522,624,559,493,638,531,640,507,458,523,436,561,Push-up
384,501,508,522,627,559,492,638,532,643,500,462,518,454,544,Push-up
378,514,500,524,628,558,491,636,532,642,512,467,521,461,532,Push-up
381,480,505,522,629,558,493,636,534,639,536,474,516,441,554,Push-up
394,495,510,522,628,558,495,633,531,630,565,461,512,405,610,Push-up
393,546,482,522,628,559,487,632,532,631,555,449,516,402,611,Push-up
388,538,478,524,627,559,477,633,540,633,559,456,517,422,588,Push-up
396,556,473,524,627,559,479,635,538,627,566,451,520,448,572,Push-up
395,558,471,524,627,559,493,622,533,633,550,452,526,462,552,Push-up
389,509,487,524,628,560,512,635,535,639,547,464,518,453,578,Push-up
392,527,485,525,625,558,516,661,536,626,569,455,520,446,614,Push-up
391,528,484,523,629,558,506,651,546,624,568,451,521,434,614,Push-up
390,540,493,522,634,558,498,641,548,619,579,453,523,417,628,Push-up
391,555,490,524,632,556,495,620,535,620,575,449,530,414,633,Push-up
393,565,469,522,627,555,492,621,536,621,585,457,531,415,630,Push-up
404,580,473,521,624,555,494,639,541,619,587,457,528,418,637,Push-up
399,557,469,521,625,555,499,646,549,626,579,458,526,428,643,Push-up
398,556,478,527,626,556,505,645,553,624,579,459,527,439,639,Push-up
396,545,479,540,625,559,508,634,542,616,585,451,532,446,632,Push-up
394,544,481,540,621,556,511,636,533,615,589,454,537,457,608,Push-up
396,557,481,528,617,543,511,645,523,618,582,453,528,451,627,Push-up
393,561,490,518,615,540,512,637,517,616,581,449,527,456,621,Push-up
393,564,495,511,636,554,510,641,518,616,586,450,530,452,613,Push-up
391,560,498,512,654,559,508,633,518,620,582,456,526,444,627,Push-up
394,565,496,520,646,559,511,635,521,622,575,455,531,440,640,Push-up
395,559,490,526,618,553,511,637,523,620,576,451,527,439,640,Push-up
395,556,491,530,615,543,509,637,522,620,579,454,521,438,640,Push-up
396,557,487,532,630,548,509,638,519,624,572,452,518,439,636,Push-up
400,575,483,523,637,552,513,638,513,625,571,455,523,443,631,Push-up
401,574,485,518,641,547,512,642,513,623,569,451,536,443,629,Push-up
394,559,488,516,628,548,517,641,520,625,569,450,533,445,632,Push-up
393,553,494,514,615,546,525,633,532,622,578,453,534,449,631,Push-up
393,550,497,510,617,548,523,639,549,614,588,448,524,443,618,Push-up
390,559,496,503,628,556,521,651,554,616,570,442,524,439,613,Push-up
391,566,493,506,639,561,526,639,547,619,577,450,531,441,617,Push-up
394,562,491,501,631,555,522,630,542,613,598,455,535,442,622,Push-up
395,559,484,503,640,552,514,637,547,613,589,448,525,435,629,Push-up
400,566,483,508,640,547,510,640,552,616,575,447,524,439,628,Push-up
408,573,471,510,641,542,512,639,547,625,568,452,527,444,631,Push-up
408,566,467,508,628,540,511,634,522,625,574,456,521,443,608,Push-up
406,564,469,509,614,543,508,636,514,623,574,452,528,438,603,Push-up
407,571,467,509,625,553,502,636,520,626,574,457,530,438,605,Push-up
402,562,476,504,632,558,507,628,532,622,571,450,524,448,606,Push-up
397,557,476,499,627,552,510,638,547,614,580,446,533,441,599,Push-up
395,558,481,500,641,551,507,639,553,614,586,449,539,434,603,Push-up
397,564,485,499,639,552,509,634,551,614,587,449,526,440,614,Push-up
394,562,477,501,634,557,513,638,558,617,585,454,521,437,599,Push-up
392,550,487,509,630,560,510,642,557,621,580,456,532,431,603,Push-up
391,558,492,510,630,558,508,639,554,624,577,456,534,420,617,Push-up
394,560,488,506,642,549,514,639,552,621,581,454,521,435,623,Push-up
394,547,481,508,634,542,506,642,552,620,581,453,527,429,606,Push-up
393,556,473,513,629,545,499,640,551,623,579,458,531,424,596,Push-up
398,559,467,518,620,547,501,636,539,623,576,455,524,427,604,Push-up
397,547,474,516,615,543,503,622,530,628,569,458,523,435,612,Push-up
392,538,475,513,617,542,498,635,536,628,571,460,527,431,603,Push-up
393,536,484,515,621,548,495,644,537,629,567,460,526,427,598,Push-up
393,539,477,511,650,560,494,637,532,631,570,466,516,433,606,Push-up
393,540,473,511,641,562,497,636,529,633,568,465,522,432,605,Push-up
388,532,482,507,630,562,499,635,524,631,571,466,522,426,601,Push-up
389,529,482,511,628,560,499,635,529,631,562,460,521,422,604,Push-up
388,525,484,515,622,558,498,632,538,630,553,452,525,427,597,Push-up
386,526,485,516,628,556,494,638,543,626,559,450,524,426,593,Push-up
388,526,490,521,638,550,495,643,546,632,554,455,520,431,586,Push-up
386,508,493,526,640,547,498,639,543,634,550,456,516,435,583,Push-up
385,515,496,523,628,544,500,637,540,636,546,458,514,437,579,Push-up
384,507,497,528,620,537,495,640,535,637,542,461,520,438,576,Push-up
384,496,507,528,631,527,493,637,533,636,541,456,526,444,575,Push-up
386,494,513,525,642,531,494,633,531,638,526,455,526,443,570,Push-up
387,484,509,525,638,539,497,634,531,637,520,453,520,435,568,Push-up
389,476,508,523,630,548,495,639,526,642,506,463,521,422,582,Push-up
388,478,509,518,622,551,491,638,525,641,488,460,521,423,589,Push-up
385,493,506,519,622,555,488,632,524,641,501,457,521,424,585,Push-up
385,496,507,518,630,560,482,631,524,640,523,454,519,415,588,Push-up
386,491,503,516,634,563,482,627,527,640,520,456,523,416,591,Push-up
386,492,504,521,627,558,483,623,528,640,511,454,522,418,581,Push-up
385,492,506,526,630,553,483,634,534,640,512,455,516,416,573,Push-up
387,486,504,530,636,548,483,640,540,642,515,458,522,411,581,Push-up
387,486,504,528,632,545,483,640,540,639,519,456,527,418,597,Push-up
386,490,504,525,627,544,486,635,540,638,517,452,520,427,580,Push-up
386,490,504,525,627,544,484,632,543,640,516,456,519,416,581,Push-up
386,486,506,525,626,543,484,629,543,640,515,456,521,409,595,Push-up
388,484,505,526,631,545,487,631,543,639,514,454,518,421,587,Push-up
387,487,505,526,632,546,488,639,543,639,519,455,519,419,577,Push-up
386,491,505,528,632,548,486,639,545,640,521,457,520,406,594,Push-up
386,491,503,534,627,549,487,636,544,640,520,456,521,409,605,Push-up
386,490,503,532,624,550,489,634,543,640,520,455,518,424,590,Push-up
385,492,504,531,627,550,489,634,543,640,518,455,517,419,578,Push-up
385,492,504,537,633,549,488,637,542,640,518,458,519,401,600,Push-up
387,488,504,538,632,545,492,634,538,640,519,457,518,413,595,Push-up
386,491,504,536,627,543,493,637,539,640,521,456,518,422,584,Push-up
385,494,504,536,629,543,491,643,540,640,521,456,520,410,590,Push-up
385,492,502,541,628,543,491,642,539,640,521,457,519,408,592,Push-up
386,491,502,540,621,542,492,637,535,640,520,456,516,418,586,Push-up
386,491,502,535,623,540,494,635,534,640,519,456,516,415,586,Push-up
385,492,504,536,630,542,493,636,531,640,519,457,521,412,597,Push-up
385,490,505,537,634,544,492,636,530,640,522,456,519,423,590,Push-up
385,490,504,536,632,541,491,636,530,639,521,456,518,412,587,Push-up
385,492,506,535,631,537,487,635,530,640,521,457,518,412,586,Push-up
386,489,505,535,636,537,491,631,527,640,521,456,518,421,580,Push-up
386,488,504,537,631,539,491,635,526,640,519,456,519,412,592,Push-up
386,491,504,532,626,542,491,637,531,640,519,456,524,414,596,Push-up
385,492,506,529,631,543,489,638,535,640,518,456,523,412,594,Push-up
385,490,504,529,634,547,487,635,538,640,521,455,521,406,592,Push-up
385,492,504,530,631,549,487,632,536,641,520,457,519,412,583,Push-up
386,488,504,527,626,549,490,632,531,638,525,453,520,415,591,Push-up
388,484,503,526,630,549,492,640,533,635,526,449,519,414,597,Push-up
385,491,506,526,633,549,489,639,538,638,526,454,518,415,601,Push-up
384,494,506,526,632,548,489,638,542,640,528,460,518,415,596,Push-up
385,492,504,526,631,548,491,630,544,640,528,459,517,414,598,Push-up
386,495,501,529,630,549,493,626,540,640,525,457,514,425,592,Push-up
385,495,502,527,625,549,496,635,542,638,526,455,518,420,602,Push-up
385,497,502,526,629,549,496,653,544,638,526,456,520,420,603,Push-up
385,497,503,525,631,552,498,647,545,639,523,457,514,422,600,Push-up
385,494,506,527,631,554,496,636,545,639,522,456,513,420,605,Push-up
385,493,505,530,626,555,490,630,545,640,522,459,516,423,608,Push-up
385,497,503,533,622,555,488,633,545,637,518,453,512,430,606,Push-up
385,497,502,530,618,557,482,632,542,639,517,454,513,428,610,Push-up
385,496,503,526,630,563,480,622,538,642,524,462,513,429,609,Push-up
386,496,500,523,642,562,470,632,538,641,529,459,510,435,609,Push-up
386,500,501,524,639,554,471,633,535,642,527,461,511,438,611,Push-up
385,503,500,527,628,543,482,652,535,636,536,454,512,437,619,Push-up
384,510,503,532,627,534,472,646,536,634,535,450,514,441,617,Push-up
384,510,503,532,634,533,459,630,527,639,536,457,515,443,614,Push-up
384,508,498,535,638,537,495,630,524,636,541,452,511,450,615,Push-up
384,508,496,533,629,537,508,668,524,631,544,444,505,455,617,Push-up
384,509,499,534,622,538,493,671,535,635,538,448,504,459,616,Push-up
384,508,498,535,630,543,460,657,522,635,538,448,505,467,620,Push-up
384,508,498,536,636,544,440,653,510,634,539,446,501,470,620,Push-up
384,506,497,535,627,545,447,647,542,636,530,446,505,470,602,Push-up
384,509,496,539,626,547,456,675,569,638,527,449,509,469,592,Push-up
386,510,496,535,623,549,433,679,568,635,529,446,502,468,609,Push-up
387,507,492,539,637,547,429,676,557,634,526,446,504,476,606,Push-up
384,505,492,547,641,546,453,655,556,637,526,449,509,462,598,Push-up
384,516,495,548,628,540,468,598,545,637,528,450,508,464,604,Push-up
387,520,486,547,614,537,490,561,530,636,527,448,503,474,621,Push-up
386,518,481,555,622,550,503,542,507,636,525,447,506,461,621,Push-up
384,514,491,558,628,567,530,534,495,635,527,446,503,451,611,Push-up
385,511,493,552,627,570,538,538,488,634,528,443,512,459,592,Push-up
387,515,482,549,617,562,552,563,490,633,531,443,509,456,615,Push-up
388,517,480,552,618,558,561,594,498,628,534,435,508,463,615,Push-up
387,511,483,553,625,555,577,621,500,627,535,434,517,463,615,Push-up
386,513,485,551,624,559,596,613,487,631,539,442,513,460,596,Push-up
386,512,489,550,616,556,616,744,492,633,536,444,490,466,581,Push-up
388,500,486,552,620,553,632,883,522,632,528,441,486,470,592,Push-up
388,494,482,555,619,552,617,595,511,632,529,443,508,461,605,Push-up
385,500,492,558,616,558,558,513,474,631,529,440,521,463,608,Push-up
385,503,494,563,623,552,562,604,524,630,527,439,530,474,601,Push-up
387,508,484,564,628,544,549,700,536,635,536,449,516,467,630,Push-up
386,511,484,574,623,542,517,627,533,633,546,448,498,455,660,Push-up
384,507,492,572,603,545,521,636,554,635,539,448,509,468,628,Push-up
383,507,495,566,597,547,536,668,571,637,543,451,487,467,671,Push-up
383,507,489,569,618,547,534,659,559,628,554,440,491,468,673,Push-up
381,510,495,574,639,546,415,686,579,625,548,434,518,481,646,Push-up
383,510,491,577,614,544,556,661,562,628,544,440,528,468,628,Push-up
386,508,484,576,595,549,658,593,538,632,551,447,528,452,612,Push-up
386,504,485,567,575,568,635,578,537,632,552,448,529,465,602,Push-up
387,507,483,552,608,588,599,603,541,630,550,445,516,467,597,Push-up
388,498,482,543,636,593,562,636,562,632,536,444,507,468,603,Push-up
388,499,478,546,631,589,539,634,576,635,526,445,512,462,615,Push-up
389,491,482,550,621,567,529,628,581,631,548,446,526,457,623,Push-up
384,493,487,558,611,542,519,627,579,631,554,448,528,457,626,Push-up
383,487,485,565,619,544,525,635,575,632,548,447,520,453,616,Push-up
382,488,485,564,623,550,535,638,565,632,547,445,522,450,613,Push-up
389,493,482,559,624,551,540,627,552,629,551,444,527,453,611,Push-up
381,488,481,549,636,529,548,618,546,629,548,442,527,454,612,Push-up
371,490,479,557,624,522,553,623,548,631,544,444,525,450,615,Push-up
366,499,479,547,644,554,557,629,558,631,547,444,525,451,621,Push-up
374,493,488,548,638,557,566,614,559,632,546,445,521,450,620,Push-up
379,490,487,544,623,551,565,614,557,630,550,444,519,446,619,Push-up
387,481,485,522,642,544,557,619,562,629,554,442,524,449,612,Push-up
397,480,493,514,639,543,547,631,570,629,557,442,522,444,610,Push-up
395,480,480,522,622,553,544,633,569,634,551,445,524,441,609,Push-up
385,480,474,527,620,556,542,624,568,644,540,446,524,439,607,Push-up
382,471,481,535,627,554,547,628,565,653,539,446,524,434,612,Push-up
385,465,486,544,622,548,553,628,557,667,540,438,515,425,615,Push-up
392,462,486,541,627,534,552,621,548,669,555,429,509,422,606,Push-up
392,460,483,536,636,530,553,627,543,669,529,437,518,422,597,Push-up
388,453,487,530,634,535,556,625,542,667,514,453,532,421,594,Push-up
390,449,514,535,637,537,559,620,552,654,517,452,533,419,597,Push-up
384,465,516,544,635,532,550,632,561,648,517,465,529,421,601,Push-up
379,496,500,542,627,522,549,628,563,632,517,479,531,425,599,Push-up
376,505,484,534,626,507,546,622,565,625,505,497,531,424,600,Push-up
378,490,491,533,629,497,543,634,567,622,527,516,526,424,600,Push-up
384,488,511,532,628,496,548,632,566,620,536,500,521,429,600,Push-up
394,495,524,523,618,494,550,621,562,622,485,483,520,433,596,Push-up
402,490,528,516,613,481,555,616,559,643,564,469,519,435,596,Push-up
401,494,510,504,634,473,551,621,559,637,600,447,519,432,594,Push-up
394,496,494,488,637,461,553,627,559,619,600,443,528,431,594,Push-up
389,492,481,480,633,462,559,621,558,599,574,451,533,433,596,Push-up
387,492,474,483,631,477,556,626,555,593,548,433,538,436,598,Push-up
381,518,456,490,634,496,552,624,552,594,562,363,539,433,603,Push-up
370,525,425,495,643,520,553,624,554,611,580,393,536,430,600,Push-up
365,524,407,503,641,537,551,628,561,643,557,449,539,425,602,Push-up
365,502,412,508,636,545,549,625,563,644,527,474,540,424,605,Push-up
369,485,432,513,638,544,553,622,562,640,498,490,544,426,607,Push-up
379,480,471,514,639,537,558,619,559,648,518,491,546,430,597,Push-up
389,501,502,513,640,528,557,621,563,646,542,471,544,425,590,Push-up
391,500,522,513,634,518,551,624,570,634,547,464,544,424,588,Push-up
391,504,521,507,634,515,549,627,569,638,552,462,544,423,591,Push-up
393,504,520,501,640,514,551,626,561,639,553,462,542,425,585,Push-up
392,500,510,491,625,515,550,628,560,635,540,469,544,420,580,Push-up
384,498,501,482,625,514,548,627,558,634,524,479,553,424,583,Push-up
383,499,491,481,631,510,551,618,552,636,546,469,554,426,588,Push-up
383,502,482,477,636,511,554,618,555,654,592,443,551,421,583,Push-up
389,503,479,484,636,506,556,628,565,650,552,460,547,420,586,Push-up
397,510,476,495,635,504,554,624,574,639,519,493,551,418,583,Push-up
401,510,474,503,636,504,552,622,581,645,535,491,556,421,577,Push-up
406,508,475,503,630,508,554,628,583,645,548,474,559,424,576,Push-up
411,512,477,502,629,509,553,623,571,640,531,468,552,426,571,Push-up
412,508,472,504,629,512,552,621,562,639,519,478,547,421,571,Push-up
412,506,468,501,630,507,551,624,556,642,516,484,552,422,574,Push-up
408,508,469,497,629,500,550,626,550,643,532,480,555,418,581,Push-up
403,513,473,494,632,494,547,627,548,641,537,474,558,417,586,Push-up
396,513,474,506,637,488,549,627,552,643,543,468,560,417,585,Push-up
388,513,474,511,629,489,550,627,561,641,544,466,560,416,584,Push-up
381,515,474,514,624,494,549,626,564,641,544,471,561,415,584,Push-up
371,513,477,510,633,494,555,622,560,643,542,475,563,415,584,Push-up
364,511,483,509,642,491,553,626,559,643,538,475,561,416,583,Push-up
361,515,490,510,632,482,551,626,559,643,537,474,558,415,582,Push-up
361,517,496,519,632,471,552,622,557,643,535,474,558,415,579,Push-up
363,515,500,524,624,473,551,626,559,643,534,475,556,416,580,Push-up
366,511,498,523,629,485,547,628,559,643,533,475,556,416,583,Push-up
371,506,496,518,631,501,546,627,561,642,531,476,555,417,579,Push-up
373,506,496,515,631,515,551,622,564,642,529,477,556,415,577,Push-up
377,510,496,510,633,524,554,619,566,644,530,475,560,419,577,Push-up
377,516,496,510,636,521,555,626,570,640,528,472,562,419,585,Push-up
376,515,493,513,634,514,555,622,567,630,527,475,561,423,579,Push-up
375,511,487,518,633,506,555,620,554,629,528,480,561,418,581,Push-up
378,505,483,520,633,499,554,626,543,640,537,476,554,418,581,Push-up
383,495,483,519,633,494,552,630,539,647,535,475,556,416,583,Push-up
387,495,486,517,633,491,552,626,543,644,525,480,563,424,581,Push-up
389,501,484,520,631,491,551,626,546,641,520,483,573,425,577,Push-up
388,506,475,525,630,493,548,630,544,650,533,474,570,423,577,Push-up
385,508,467,531,635,495,542,630,553,647,547,471,568,421,577,Push-up
385,506,469,531,639,496,546,625,560,646,540,482,571,419,581,Push-up
386,513,474,524,633,500,555,624,572,644,541,484,576,424,579,Push-up
384,516,474,511,629,496,559,626,584,643,545,471,579,427,577,Push-up
376,520,466,501,635,494,556,623,587,643,544,468,579,426,576,Push-up
374,520,460,497,643,493,555,622,577,643,535,478,575,426,574,Push-up
373,518,461,496,629,495,545,626,560,643,532,485,575,426,576,Push-up
371,520,464,496,619,491,542,624,553,643,529,482,577,424,578,Push-up
373,515,472,497,619,481,554,615,550,644,530,480,577,422,578,Push-up
377,514,482,508,616,470,559,628,559,641,533,480,579,421,574,Push-up
345,456,438,575,457,467,394,532,498,566,490,414,459,422,536,Push-up
372,493,472,622,494,506,432,586,538,613,526,443,490,470,599,Push-up
381,510,480,638,506,519,447,610,553,624,550,448,495,481,629,Push-up
382,508,483,555,560,513,453,621,559,628,550,448,498,490,632,Push-up
382,508,486,539,579,507,459,621,557,632,546,450,508,495,626,Push-up
383,511,483,539,598,514,461,605,551,634,544,455,513,495,620,Push-up
383,506,481,559,615,532,478,616,559,634,544,456,510,488,620,Push-up
383,508,481,579,622,539,489,627,572,634,546,456,510,481,623,Push-up
383,511,479,586,610,537,489,624,585,632,546,454,513,476,611,Push-up
388,507,481,594,647,545,474,625,589,634,545,451,514,475,609,Push-up
385,503,485,590,643,568,468,616,589,632,552,449,514,476,621,Push-up
384,506,489,577,654,571,465,613,588,632,552,450,514,476,629,Push-up
385,503,489,583,703,563,460,622,588,633,548,451,510,474,630,Push-up
385,496,488,592,693,540,457,623,582,634,548,453,512,475,623,Push-up
392,501,485,587,624,521,456,621,571,634,546,453,512,474,618,Push-up
388,497,490,577,614,521,460,621,565,634,543,451,514,476,618,Push-up
387,504,488,578,609,521,450,623,564,633,544,450,517,474,621,Push-up
387,507,488,578,601,535,452,623,558,633,543,449,510,474,626,Push-up
389,504,488,579,587,572,460,631,552,633,546,449,509,473,626,Push-up
387,497,490,575,606,610,460,636,541,633,548,450,511,472,630,Push-up
384,506,488,567,613,622,454,633,528,633,547,448,511,475,626,Push-up
383,512,491,566,608,610,453,627,519,634,543,450,505,475,622,Push-up
383,507,491,565,609,581,455,615,523,634,540,452,502,477,622,Push-up
383,509,491,570,613,552,463,607,541,635,541,453,507,479,623,Push-up
383,516,491,574,622,534,464,613,562,636,538,453,508,480,624,Push-up
385,515,489,572,628,527,464,624,575,636,535,453,504,479,623,Push-up
387,514,486,576,624,530,466,624,579,637,533,454,506,478,616,Push-up
386,516,486,577,617,538,474,610,579,637,533,457,509,480,611,Push-up
385,517,492,572,612,546,475,597,576,639,529,458,506,477,611,Push-up
386,511,487,564,614,558,476,606,578,639,530,459,506,471,618,Push-up
386,509,489,563,611,570,474,625,585,639,530,457,508,472,621,Push-up
385,513,491,559,600,577,472,631,584,638,529,454,505,472,622,Push-up
385,515,492,555,605,584,473,621,580,638,534,455,503,468,622,Push-up
387,514,487,559,612,587,473,619,576,638,536,455,505,466,623,Push-up
387,516,488,562,600,592,470,622,575,638,534,454,508,469,621,Push-up
386,522,488,564,603,588,473,621,577,638,535,454,508,467,622,Push-up
386,522,487,567,607,579,472,623,579,638,536,455,508,469,624,Push-up
385,519,489,567,610,572,473,616,589,638,533,455,505,473,621,Push-up
385,513,491,565,617,570,467,620,579,638,536,455,504,474,621,Push-up
385,516,489,565,618,575,474,624,574,638,534,455,506,476,620,Push-up
385,511,490,563,612,579,481,624,570,639,534,456,511,477,621,Push-up
384,521,491,558,609,579,480,628,564,638,534,454,510,479,623,Push-up
386,516,491,557,606,580,479,620,557,638,536,455,505,479,624,Push-up
387,512,490,554,609,583,478,622,549,636,539,453,505,482,622,Push-up
386,518,493,549,611,582,478,594,543,635,539,449,505,482,619,Push-up
386,519,490,546,614,581,477,562,543,636,539,453,503,481,618,Push-up
383,513,492,546,610,579,457,689,558,636,536,454,505,481,623,Push-up
386,523,488,549,607,572,481,624,547,636,539,452,506,476,624,Push-up
387,519,483,552,612,565,471,630,567,636,537,452,508,473,624,Push-up
387,515,486,556,617,566,470,623,570,636,538,452,510,472,623,Push-up
387,524,484,559,616,573,466,629,576,636,537,452,509,471,624,Push-up
388,526,480,562,616,581,465,623,582,636,538,451,507,471,628,Push-up
387,520,482,567,617,582,467,618,579,636,539,453,505,475,630,Push-up
385,520,484,569,611,583,467,614,573,636,539,452,507,478,624,Push-up
385,521,483,569,611,581,466,624,564,636,540,452,509,479,616,Push-up
385,520,467,569,611,579,464,623,557,633,540,449,511,482,613,Push-up
387,516,462,566,614,576,465,621,552,637,533,453,508,479,609,Push-up
388,517,462,563,610,572,465,624,550,637,540,453,511,470,619,Push-up
391,514,479,561,610,568,468,626,551,635,544,452,517,471,616,Push-up
393,511,520,563,608,569,467,626,555,635,543,452,522,473,616,Push-up
388,510,493,560,609,566,464,620,558,637,538,456,521,476,629,Push-up
385,525,476,563,610,559,460,614,563,639,537,456,513,482,627,Push-up
388,508,471,571,607,556,460,611,565,633,550,450,510,480,622,Push-up
388,512,474,575,604,556,460,611,570,631,552,448,516,478,620,Push-up
387,530,467,574,606,553,464,616,576,632,551,450,516,476,625,Push-up
387,511,466,573,616,546,469,620,579,637,540,454,512,478,627,Push-up
393,496,468,573,616,541,476,623,582,637,536,455,517,479,625,Push-up
398,501,484,572,620,540,476,625,583,634,545,451,513,479,623,Push-up
388,497,493,570,621,547,476,625,582,633,545,449,508,476,625,Push-up
384,504,485,568,618,558,475,624,579,636,540,452,506,477,630,Push-up
385,509,481,566,614,564,471,622,576,634,546,451,508,483,627,Push-up
387,513,475,566,614,565,470,623,571,634,542,449,505,480,624,Push-up
390,500,483,568,616,561,470,623,564,636,537,451,503,478,626,Push-up
388,518,466,568,618,552,470,627,555,637,536,456,508,483,622,Push-up
387,542,448,569,617,547,470,622,555,637,536,454,505,485,619,Push-up
397,551,441,569,614,547,469,617,552,637,537,452,503,484,617,Push-up
393,504,486,568,615,553,471,618,557,637,536,450,504,479,621,Push-up
388,534,482,565,620,560,473,621,563,635,542,451,508,478,621,Push-up
386,509,483,560,616,557,473,623,567,636,540,450,502,478,624,Push-up
387,516,474,561,616,557,472,621,568,635,541,448,498,480,627,Push-up
389,517,474,561,616,561,471,620,569,635,540,446,501,481,623,Push-up
386,510,477,561,617,564,472,623,568,634,541,448,505,478,622,Push-up
388,516,477,560,615,565,473,626,564,634,542,449,506,477,620,Push-up
390,510,476,563,614,562,472,629,561,633,541,447,504,477,620,Push-up
387,512,476,563,616,562,471,627,558,634,540,447,503,478,621,Push-up
388,516,476,561,618,564,470,625,557,634,542,449,503,477,621,Push-up
388,519,476,561,618,568,469,625,557,634,542,449,503,477,623,Push-up
389,514,477,559,614,572,470,625,557,634,540,449,503,478,623,Push-up
390,515,477,558,614,574,470,623,557,634,542,450,503,478,622,Push-up
387,510,479,558,613,576,470,622,561,634,544,450,504,476,622,Push-up
387,512,477,558,613,575,471,622,564,634,543,450,504,475,623,Push-up
388,513,478,559,613,571,473,622,569,634,542,450,504,474,619,Push-up
388,514,479,561,612,569,474,622,573,634,542,450,504,474,620,Push-up
388,514,480,561,614,569,474,622,575,634,543,450,506,474,619,Push-up
386,516,477,560,615,568,474,622,576,634,543,450,506,472,622,Push-up
386,515,477,560,616,568,474,622,574,635,541,451,505,472,621,Push-up
387,513,477,560,617,568,474,622,570,635,541,451,505,472,619,Push-up
387,515,479,560,615,568,474,624,564,634,541,450,505,472,619,Push-up
387,517,479,560,614,568,473,624,559,635,540,451,505,473,620,Push-up
386,517,480,559,614,569,473,624,559,635,541,451,504,473,621,Push-up
386,515,480,559,615,568,473,624,560,635,542,452,505,472,617,Push-up
386,515,480,559,616,567,473,624,562,635,542,452,505,472,617,Push-up
386,515,482,558,618,565,473,623,564,635,542,452,505,471,618,Push-up
386,516,482,557,615,565,473,625,567,635,542,452,506,470,620,Push-up
386,515,482,557,615,566,475,625,568,635,542,452,505,469,620,Push-up
387,515,482,559,614,567,475,624,568,635,544,452,503,468,619,Push-up
387,515,482,556,610,571,474,624,567,635,541,451,504,470,619,Push-up
387,516,483,555,611,575,473,622,567,635,541,451,504,469,617,Push-up
386,518,484,555,612,579,474,621,564,635,542,452,504,465,618,Push-up
386,515,483,555,610,580,474,625,562,635,542,452,507,467,617,Push-up
386,516,483,554,611,580,474,625,560,635,542,452,508,468,616,Push-up
386,516,483,553,613,579,474,625,560,635,542,452,507,467,616,Push-up
386,516,484,553,614,576,475,626,560,636,541,452,506,465,617,Push-up
386,516,484,554,613,572,476,626,560,636,541,453,508,467,613,Push-up
386,517,484,554,615,569,475,626,560,636,542,453,506,466,612,Push-up
384,516,487,553,616,568,474,628,559,636,542,452,507,462,614,Push-up
385,521,485,554,616,568,473,626,558,635,540,450,505,462,615,Push-up
388,524,484,553,618,570,473,624,557,635,542,450,501,465,611,Push-up
390,517,483,553,616,570,470,626,554,635,541,452,502,464,608,Push-up
391,524,479,553,613,571,471,627,554,635,543,452,507,464,605,Push-up
390,521,483,554,613,574,474,627,554,634,545,452,513,470,596,Push-up
388,524,485,554,613,574,476,627,557,631,546,449,509,467,596,Push-up
389,531,481,554,614,575,479,627,557,637,541,455,502,466,596,Push-up
392,533,479,553,614,572,482,628,555,637,540,460,510,471,589,Push-up
387,511,486,552,615,570,482,628,555,632,550,456,511,473,587,Push-up
388,540,491,548,616,570,481,625,558,636,538,455,503,470,594,Push-up
388,541,486,544,615,572,483,624,561,633,551,454,510,475,592,Push-up
387,535,494,546,613,575,485,625,563,628,565,456,520,478,579,Push-up
396,553,493,546,618,573,480,621,569,631,555,453,498,468,593,Push-up
398,553,480,545,621,565,483,624,567,629,560,454,497,464,613,Push-up
387,541,487,551,619,564,488,625,565,621,576,449,511,476,609,Push-up
403,575,488,552,619,561,483,625,561,628,564,447,489,472,615,Push-up
404,569,472,546,615,560,487,629,555,623,579,454,502,471,614,Push-up
399,559,482,545,612,562,495,633,553,622,581,455,523,481,607,Push-up
395,559,488,545,611,565,495,634,559,625,574,454,507,470,610,Push-up
402,579,484,542,615,568,495,636,563,626,577,459,504,470,622,Push-up
402,577,493,540,613,574,494,632,566,620,580,458,519,480,613,Push-up
397,573,495,539,615,574,486,629,574,619,584,458,497,467,624,Push-up
409,596,493,539,616,574,483,631,579,615,592,461,511,471,641,Push-up
401,578,497,541,615,584,491,626,574,613,586,452,519,469,651,Push-up
409,581,494,542,619,587,488,628,572,609,584,448,496,473,647,Push-up
407,578,491,541,625,583,487,631,562,606,595,451,503,475,641,Push-up
402,582,505,544,623,583,497,634,549,616,589,461,512,466,637,Push-up
406,596,509,541,624,581,500,642,548,621,592,471,518,476,646,Push-up
403,584,508,534,632,578,501,639,550,612,599,467,514,482,654,Push-up
400,578,512,531,625,578,513,636,546,611,601,467,503,482,650,Push-up
401,573,510,531,614,578,519,632,542,615,593,465,492,481,650,Push-up
406,571,505,529,621,575,521,632,547,615,584,461,507,492,650,Push-up
411,592,496,522,617,570,526,628,557,612,591,458,515,490,646,Push-up
411,595,500,512,610,571,529,621,573,612,593,457,516,483,654,Push-up
405,586,503,507,617,574,529,626,591,612,594,463,510,481,652,Push-up
398,568,506,506,621,577,529,629,597,612,598,464,504,479,641,Push-up
405,577,504,503,616,576,527,626,596,609,596,454,507,479,650,Push-up
409,584,495,505,618,574,527,630,588,610,594,459,509,482,646,Push-up
410,589,497,508,621,578,527,632,575,615,586,457,518,474,644,Push-up
407,580,496,507,623,582,521,630,564,614,585,453,510,471,647,Push-up
405,583,500,508,623,582,515,636,558,610,601,458,498,473,648,Push-up
404,583,499,510,620,582,511,636,552,613,594,458,512,472,646,Push-up
404,583,503,510,619,579,510,628,547,614,588,457,503,470,649,Push-up
405,583,501,513,626,574,510,634,548,616,591,459,500,476,649,Push-up
404,578,499,516,627,573,514,636,550,612,594,457,515,473,641,Push-up
405,581,501,520,624,569,513,631,556,615,591,460,507,474,637,Push-up
407,586,497,520,622,566,513,634,562,618,583,459,504,476,636,Push-up
410,585,492,518,623,571,513,634,562,618,585,460,515,476,634,Push-up
405,578,490,520,620,571,510,631,559,614,596,458,514,474,629,Push-up
403,580,498,519,622,572,505,632,558,617,585,457,504,475,628,Push-up
406,581,490,519,625,577,503,635,551,621,580,461,503,473,629,Push-up
403,578,490,521,618,578,502,630,544,619,585,459,517,477,619,Push-up
407,581,492,522,615,578,500,630,544,617,576,446,506,471,624,Push-up
403,573,486,522,614,581,500,639,548,621,579,458,505,472,623,Push-up
400,571,489,521,617,586,497,638,543,623,576,456,511,475,616,Push-up
404,578,487,521,619,582,497,638,546,622,574,454,503,471,616,Push-up
407,574,477,524,614,578,495,634,545,622,573,454,500,461,618,Push-up
399,561,482,528,612,582,501,646,553,621,581,458,516,466,609,Push-up
394,558,493,528,623,580,496,636,549,621,578,453,506,463,611,Push-up
397,563,488,525,623,575,491,631,551,628,563,453,496,459,614,Push-up
392,553,483,531,617,574,490,633,548,626,579,464,513,467,610,Push-up
389,547,492,538,621,575,490,629,552,625,566,451,505,462,609,Push-up
398,564,485,536,620,569,487,632,552,631,555,455,495,456,613,Push-up
389,538,483,535,618,568,491,631,546,628,569,461,517,467,605,Push-up
391,544,490,538,619,568,491,631,545,630,558,455,507,459,603,Push-up
399,567,485,536,625,567,490,633,545,634,560,462,506,451,613,Push-up
389,533,485,538,624,563,490,634,546,629,570,459,516,463,609,Push-up
388,530,492,539,624,561,485,633,550,630,555,454,503,458,612,Push-up
393,555,487,535,626,556,487,632,550,640,538,463,504,448,609,Push-up
386,525,489,539,623,556,489,632,549,631,571,463,517,451,612,Push-up
388,534,492,539,622,562,484,631,552,631,553,453,516,456,613,Push-up
388,532,490,537,622,563,482,633,552,638,537,462,509,456,603,Push-up
385,522,491,542,622,568,482,634,547,636,552,464,505,449,606,Push-up
384,520,497,541,622,570,480,634,544,637,539,459,508,454,603,Push-up
387,535,489,541,623,567,480,633,543,639,534,462,508,454,601,Push-up
385,519,492,542,616,571,484,632,540,635,550,462,511,454,600,Push-up
385,515,500,540,620,573,485,630,542,636,540,457,512,458,591,Push-up
386,506,503,539,625,573,485,628,547,635,542,458,505,456,595,Push-up
385,500,501,539,619,573,483,629,552,636,536,457,506,451,609,Push-up
384,501,502,539,615,571,485,631,553,638,538,462,517,457,597,Push-up
383,503,499,540,618,567,483,627,556,638,540,460,513,453,594,Push-up
386,510,498,540,621,563,482,626,559,638,541,464,508,450,602,Push-up
385,511,498,541,620,563,484,629,559,639,537,461,512,451,604,Push-up
385,507,499,544,620,563,484,631,557,638,538,459,512,451,606,Push-up
384,515,501,544,622,558,483,633,554,638,540,461,509,451,605,Push-up
385,513,500,544,623,555,481,633,548,638,544,462,508,448,609,Push-up
384,510,498,544,622,559,481,635,542,637,543,460,514,452,606,Push-up
384,511,500,543,620,562,478,634,536,639,537,462,509,452,600,Push-up
385,513,500,543,621,566,477,632,533,639,540,462,506,445,610,Push-up
385,512,498,543,619,570,478,630,534,638,539,460,510,450,609,Push-up
384,512,500,543,619,571,478,630,540,640,539,463,505,452,603,Push-up
385,518,499,541,619,567,478,630,544,637,548,463,510,447,608,Push-up
384,515,498,542,621,565,481,630,549,638,539,462,513,453,603,Push-up
386,508,501,544,621,563,483,630,553,639,543,464,507,456,595,Push-up
387,523,497,544,621,561,486,632,554,638,548,467,512,452,598,Push-up
384,521,496,546,621,561,489,636,553,637,547,467,522,459,589,Push-up
387,502,503,545,622,562,487,634,553,635,552,461,511,465,573,Push-up
389,529,496,543,619,563,485,631,551,632,560,460,507,455,592,Push-up
386,533,494,541,622,564,488,633,546,633,558,463,519,461,591,Push-up
385,506,498,541,623,566,485,633,542,628,564,455,513,460,585,Push-up
392,535,490,538,623,567,480,630,541,632,554,454,497,450,602,Push-up
392,551,484,538,621,567,484,631,539,634,548,465,511,462,591,Push-up
385,531,490,539,619,567,488,633,535,626,574,464,516,453,600,Push-up
392,564,493,540,623,562,483,630,538,634,555,463,506,457,604,Push-up
395,569,489,538,615,558,487,631,540,631,565,468,512,471,592,Push-up
386,532,498,542,611,561,494,637,537,624,578,461,515,472,597,Push-up
393,540,497,539,620,563,493,637,538,625,574,464,503,466,608,Push-up
396,559,501,532,625,563,499,637,534,621,579,471,512,465,613,Push-up
388,542,498,531,619,566,497,632,537,625,580,473,516,469,618,Push-up
397,575,499,530,621,563,494,625,554,623,583,468,512,466,626,Push-up
399,580,494,528,623,566,499,630,564,616,593,476,505,470,629,Push-up
396,563,501,527,620,574,506,636,568,620,593,477,505,468,626,Push-up
406,592,501,525,624,575,507,638,567,629,579,473,514,456,634,Push-up
390,549,494,525,629,570,510,639,565,603,615,479,514,471,640,Push-up
404,575,500,528,628,568,506,638,567,616,589,458,498,465,657,Push-up
403,573,501,524,624,568,507,641,559,615,596,473,498,458,654,Push-up
396,566,497,519,624,572,509,643,550,613,597,473,518,464,636,Push-up
403,581,502,520,623,578,507,638,550,611,595,462,511,468,640,Push-up
404,576,496,515,617,580,502,632,550,607,607,474,500,463,644,Push-up
401,571,496,519,614,591,508,633,546,615,592,470,516,457,648,Push-up
405,587,498,519,615,593,504,636,541,609,598,470,516,463,651,Push-up
403,577,495,515,626,583,507,637,537,607,603,465,507,471,652,Push-up
399,569,498,515,623,574,508,636,534,610,596,462,506,469,646,Push-up
404,578,498,519,621,569,508,636,532,610,600,470,510,471,638,Push-up
405,578,492,520,625,567,508,639,530,610,594,467,521,478,635,Push-up
404,571,500,514,625,569,513,638,534,610,596,470,516,480,632,Push-up
399,568,499,512,624,572,515,636,539,603,611,463,510,474,638,Push-up
399,571,502,509,617,577,517,639,543,605,604,468,508,474,641,Push-up
402,577,505,508,613,586,518,638,548,613,593,470,515,476,641,Push-up
399,578,503,502,612,591,519,633,553,611,593,467,516,472,644,Push-up
402,577,501,496,613,596,520,629,556,605,609,470,511,462,640,Push-up
401,576,494,499,614,599,519,637,564,617,594,474,508,468,648,Push-up
401,571,492,503,613,593,517,636,567,620,594,481,518,474,652,Push-up
404,579,493,504,615,583,518,630,559,619,590,479,516,470,644,Push-up
405,580,488,508,621,578,516,636,549,616,595,473,516,471,639,Push-up
404,578,490,511,626,574,511,638,546,607,601,467,508,467,639,Push-up
403,577,491,512,624,572,508,637,550,609,603,473,508,468,634,Push-up
406,578,484,515,617,570,507,636,548,614,598,474,513,466,627,Push-up
404,576,486,515,615,572,508,635,550,613,594,467,520,469,629,Push-up
403,576,489,515,624,573,506,638,555,612,600,472,519,472,627,Push-up
403,570,483,518,625,576,506,638,551,613,598,474,519,469,626,Push-up
401,573,486,519,623,575,502,635,547,614,589,465,514,465,623,Push-up
403,579,482,518,625,571,499,635,545,617,588,467,516,466,621,Push-up
405,570,475,517,620,570,499,638,538,611,600,471,528,471,614,Push-up
400,564,486,519,620,573,498,640,539,611,590,456,514,464,610,Push-up
399,566,483,524,616,576,497,635,539,624,585,471,512,458,613,Push-up
397,561,480,520,622,585,494,628,539,621,588,471,521,463,618,Push-up
396,554,485,522,622,579,489,626,545,620,585,466,512,460,616,Push-up
400,559,480,521,616,572,489,630,548,627,577,474,513,458,611,Push-up
394,559,477,528,620,567,494,629,548,625,580,471,518,460,608,Push-up
401,564,476,534,622,572,497,636,559,624,581,469,524,463,601,Push-up
392,539,481,533,621,571,498,639,563,628,575,472,525,458,601,Push-up
394,549,483,533,614,572,498,634,563,621,579,465,509,456,606,Push-up
397,563,476,532,618,574,493,634,562,623,576,466,512,454,609,Push-up
387,535,481,530,629,576,490,635,557,629,576,472,526,455,608,Push-up
392,543,485,528,630,575,487,626,555,638,550,465,519,453,607,Push-up
394,552,481,528,621,574,489,625,552,636,561,469,516,450,613,Push-up
389,526,483,532,620,574,492,630,548,633,571,472,513,456,608,Push-up
391,518,484,536,620,571,489,632,550,634,555,463,514,453,603,Push-up
388,530,486,537,619,564,491,631,550,636,549,463,515,448,608,Push-up
390,532,488,538,617,562,494,635,548,631,562,461,516,452,606,Push-up
385,521,490,537,618,559,490,637,547,633,544,457,516,455,596,Push-up
386,522,501,535,627,556,491,634,550,642,531,466,515,450,594,Push-up
384,519,497,535,625,559,495,632,551,630,569,462,528,446,602,Push-up
384,516,494,535,620,564,490,631,557,632,536,454,526,450,604,Push-up
385,526,497,535,623,566,488,635,560,645,510,467,511,457,586,Push-up
384,500,500,533,620,567,489,630,555,635,560,463,514,441,599,Push-up
383,517,502,533,624,569,485,627,554,636,529,457,523,438,609,Push-up
385,501,501,533,626,567,484,628,554,645,514,470,516,453,591,Push-up
388,509,498,533,622,568,484,629,552,645,526,473,514,449,586,Push-up
387,498,498,535,622,569,488,634,551,642,529,465,524,436,598,Push-up
384,507,501,537,625,567,488,633,551,640,537,463,519,443,593,Push-up
384,516,499,537,622,567,484,630,552,640,535,463,510,441,602,Push-up
383,509,499,537,618,568,484,630,553,642,530,465,516,438,609,Push-up
383,504,503,538,623,568,484,629,554,641,536,465,519,441,610,Push-up
384,507,503,537,624,568,484,627,559,641,530,464,514,443,604,Push-up
385,518,500,537,620,568,485,630,561,642,526,465,512,435,604,Push-up
385,511,499,541,616,568,489,635,561,641,533,465,513,436,603,Push-up
385,510,500,542,619,565,487,635,559,641,532,464,515,441,605,Push-up
384,513,497,541,622,562,485,631,555,641,533,464,512,438,604,Push-up
384,516,498,540,624,562,485,630,552,641,535,466,508,434,608,Push-up
385,503,501,540,624,564,485,631,550,641,531,466,510,443,601,Push-up
385,512,500,540,625,564,488,632,552,641,537,466,515,446,593,Push-up
384,516,502,540,624,560,491,632,555,639,544,468,520,443,585,Push-up
381,523,506,541,620,558,490,635,554,637,534,461,515,451,577,Push-up
385,503,506,541,622,558,490,637,555,638,528,461,512,454,578,Push-up
386,535,500,539,621,558,493,634,554,639,532,466,519,457,575,Push-up
385,515,504,538,620,561,493,633,553,638,552,475,520,454,572,Push-up
384,525,500,536,623,564,491,631,553,637,549,470,524,441,596,Push-up
386,543,489,531,619,566,489,628,551,638,538,471,523,457,591,Push-up
387,532,496,530,612,572,486,627,546,633,560,476,514,464,575,Push-up
388,525,500,530,617,574,483,626,542,634,555,470,513,448,594,Push-up
390,546,488,533,620,577,489,626,539,632,554,464,514,451,601,Push-up
391,556,480,536,618,581,493,635,534,627,580,474,511,460,593,Push-up
397,539,494,531,614,576,491,640,537,635,566,480,517,458,600,Push-up
398,545,489,526,619,572,493,633,536,631,568,479,532,457,613,Push-up
397,556,486,527,622,577,498,639,536,623,585,473,525,462,616,Push-up
401,560,483,526,619,581,496,638,538,627,580,471,512,458,620,Push-up
398,564,482,524,618,576,498,634,539,621,586,475,516,459,613,Push-up
394,571,486,526,617,576,500,632,541,618,598,483,508,462,621,Push-up
399,573,488,524,617,576,495,637,550,629,583,482,509,461,631,Push-up
402,564,493,519,618,577,501,635,555,617,595,480,514,460,640,Push-up
398,561,486,519,619,583,508,640,561,617,597,480,513,462,640,Push-up
401,566,484,522,623,581,511,640,563,621,586,473,529,460,643,Push-up
404,587,478,522,624,580,512,636,562,613,599,475,519,463,652,Push-up
398,575,495,523,620,579,512,637,555,616,593,479,502,463,648,Push-up
399,568,487,521,614,577,512,636,547,620,586,472,510,464,643,Push-up
399,561,491,518,617,576,515,632,547,615,598,479,515,474,643,Push-up
406,580,494,518,622,575,518,635,554,622,583,477,514,473,644,Push-up
406,586,482,517,617,575,521,639,555,625,585,485,524,472,642,Push-up
401,575,493,515,622,574,523,635,553,614,603,484,528,475,644,Push-up
399,564,504,512,627,570,517,638,555,611,597,471,524,472,648,Push-up
399,562,492,508,624,568,516,638,549,610,603,476,514,474,646,Push-up
401,573,491,508,622,572,519,635,539,617,590,471,508,472,640,Push-up
403,581,493,506,623,576,514,633,536,616,591,469,518,474,637,Push-up
401,572,496,503,622,579,514,635,536,612,604,479,526,479,628,Push-up
398,565,499,501,616,586,516,641,538,616,595,477,525,475,636,Push-up
400,571,497,497,613,589,512,642,539,616,599,484,520,472,642,Push-up
401,575,496,499,620,592,513,638,538,613,595,473,509,471,642,Push-up
399,573,500,501,618,591,516,632,537,615,593,474,504,464,641,Push-up
399,572,497,501,611,586,514,634,538,620,590,477,514,464,642,Push-up
403,572,493,506,612,582,513,639,545,615,595,476,523,472,643,Push-up
401,573,494,506,615,578,514,638,552,616,596,474,519,469,643,Push-up
401,577,495,506,617,573,516,634,556,622,592,481,513,465,640,Push-up
403,579,492,509,625,573,516,634,556,620,592,478,512,471,636,Push-up
400,575,496,511,628,573,517,638,559,616,592,473,510,475,638,Push-up
401,577,495,510,622,573,514,637,554,618,592,473,511,476,639,Push-up
406,575,488,513,616,574,515,636,548,618,589,470,514,470,633,Push-up
404,574,486,512,621,581,512,636,547,619,587,470,518,472,629,Push-up
402,575,487,507,618,583,508,636,544,619,589,469,514,468,627,Push-up
403,577,488,511,616,583,507,638,538,617,588,467,511,469,631,Push-up
402,573,485,509,614,581,506,637,532,619,584,465,503,467,624,Push-up
398,569,491,509,618,579,502,638,529,622,585,472,512,464,624,Push-up
398,573,491,510,619,581,499,637,529,619,582,461,517,460,625,Push-up
401,570,486,511,614,585,498,636,533,619,583,463,510,458,623,Push-up
400,568,484,515,614,587,497,635,539,624,583,472,512,457,620,Push-up
394,559,484,516,613,583,496,635,544,626,577,469,516,457,619,Push-up
399,576,493,519,618,582,496,633,549,629,573,467,516,454,616,Push-up
398,554,477,517,621,581,498,635,553,632,568,472,518,453,610,Push-up
393,544,486,522,620,576,498,638,555,627,576,464,514,450,610,Push-up
392,555,491,529,622,575,496,634,555,630,568,463,512,451,610,Push-up
393,551,484,527,620,574,496,635,555,631,572,467,515,453,606,Push-up
387,531,485,528,620,575,495,635,550,632,558,458,511,455,600,Push-up
394,563,489,527,621,578,496,629,545,634,553,462,514,453,600,Push-up
390,535,486,526,620,576,497,631,546,630,553,457,516,457,590,Push-up
384,514,494,527,620,576,494,637,547,630,558,455,511,452,592,Push-up
391,558,495,528,622,573,495,632,550,633,557,465,512,454,595,Push-up
384,519,491,526,620,568,495,633,554,635,552,465,515,456,590,Push-up
384,498,498,529,621,566,493,630,554,639,533,462,512,451,588,Push-up
389,543,501,529,624,561,495,626,558,640,538,467,514,450,592,Push-up
389,525,494,529,623,561,498,632,561,640,540,468,514,454,586,Push-up
386,513,503,532,619,563,496,635,563,640,535,463,523,447,592,Push-up
385,519,506,532,622,562,494,630,562,641,527,463,513,443,600,Push-up
382,517,502,532,625,563,492,631,563,637,548,465,505,442,601,Push-up
384,508,504,532,621,566,489,632,556,640,531,466,519,441,592,Push-up
385,515,503,530,623,563,490,630,551,640,520,464,525,438,596,Push-up
387,507,503,532,622,562,491,633,547,640,532,463,516,445,594,Push-up
384,509,503,533,619,566,490,643,541,639,531,463,518,443,596,Push-up
385,507,505,534,619,566,487,637,535,638,537,462,518,439,600,Push-up
385,520,503,533,622,566,483,629,530,641,525,463,512,437,604,Push-up
385,512,504,530,623,570,480,630,530,639,544,465,515,432,607,Push-up
383,505,503,528,626,571,480,629,533,638,534,460,525,436,606,Push-up
384,516,499,529,623,572,482,630,538,639,530,462,520,438,599,Push-up
384,511,501,532,622,569,486,633,543,638,542,462,518,434,595,Push-up
384,509,503,535,621,568,487,634,545,638,535,459,520,431,607,Push-up
385,512,500,536,619,571,487,634,550,639,537,463,516,437,605,Push-up
384,512,502,535,621,568,486,633,550,639,539,463,515,441,599,Push-up
384,510,503,533,621,569,486,629,551,639,534,464,516,435,601,Push-up
386,507,500,532,625,571,488,632,554,639,540,464,516,435,604,Push-up
385,515,499,533,626,571,489,635,555,638,538,462,517,444,597,Push-up
385,519,501,534,621,570,489,635,556,638,536,462,516,448,585,Push-up
385,512,501,534,620,568,492,633,556,638,541,465,514,445,583,Push-up
383,518,501,536,622,567,494,633,556,637,544,466,512,444,586,Push-up
381,525,499,536,624,566,494,633,556,636,546,464,511,458,576,Push-up
382,514,498,535,624,565,494,635,557,640,540,469,514,464,570,Push-up
386,521,497,532,623,563,496,631,556,636,565,476,521,450,581,Push-up
387,539,494,532,625,562,492,633,557,633,571,474,520,449,593,Push-up
386,536,489,530,625,563,490,633,558,641,542,474,520,464,580,Push-up
387,530,492,528,621,564,495,629,550,631,566,474,519,465,573,Push-up
392,539,491,529,615,569,495,629,542,630,566,464,509,446,606,Push-up
396,556,474,533,622,568,490,635,544,626,567,468,514,456,597,Push-up
392,550,481,534,621,567,493,638,544,627,582,477,512,459,589,Push-up
392,548,488,530,617,564,487,630,544,636,569,475,519,444,626,Push-up
391,545,483,526,621,563,485,630,544,623,579,471,520,459,617,Push-up
388,540,484,533,628,567,494,641,536,618,597,479,511,457,620,Push-up
401,569,482,529,621,569,492,638,532,628,584,476,528,460,627,Push-up
389,545,483,526,617,563,493,635,529,618,598,483,544,459,625,Push-up
395,558,487,530,625,564,492,638,529,620,597,483,519,462,630,Push-up
399,579,483,524,616,569,490,631,536,639,561,471,510,454,647,Push-up
395,574,490,522,623,572,495,628,542,620,592,482,516,467,635,Push-up
394,560,499,521,625,576,504,641,544,613,600,474,514,458,641,Push-up
399,568,486,516,627,576,505,649,545,620,588,473,532,461,645,Push-up
394,565,488,517,629,575,508,648,543,615,594,473,532,457,635,Push-up
402,575,494,515,622,577,507,637,539,617,584,465,515,455,647,Push-up
399,565,490,512,614,581,505,629,542,612,597,471,520,468,662,Push-up
400,564,494,512,619,590,505,636,549,611,598,466,518,468,652,Push-up
400,577,493,513,619,592,505,625,551,617,594,473,514,459,647,Push-up
402,573,486,506,615,584,512,628,555,619,596,480,528,470,632,Push-up
400,561,491,512,624,579,517,643,561,615,594,472,526,479,624,Push-up
398,562,499,512,625,574,521,640,562,615,591,471,527,474,629,Push-up
396,574,491,512,619,565,520,642,558,608,603,472,520,469,634,Push-up
398,576,499,514,620,561,513,639,552,615,590,466,516,468,644,Push-up
399,575,494,506,624,558,511,626,543,615,600,480,531,468,643,Push-up
395,555,495,500,627,560,511,626,538,617,588,469,527,466,644,Push-up
398,559,491,507,625,570,509,640,540,610,602,471,527,464,644,Push-up
399,569,483,505,626,575,511,642,535,618,596,479,530,464,639,Push-up
402,570,487,508,621,572,513,639,531,619,587,470,524,465,643,Push-up
400,562,485,506,620,570,509,639,533,620,590,477,521,466,643,Push-up
397,561,489,500,623,569,500,636,536,610,604,477,532,464,631,Push-up
399,574,494,506,620,572,501,635,541,614,601,478,528,457,630,Push-up
399,572,492,506,621,572,506,639,546,623,584,475,514,459,628,Push-up
402,573,488,509,621,568,506,639,549,622,588,479,513,465,628,Push-up
400,572,489,510,624,568,507,633,551,612,598,469,514,466,630,Push-up
405,576,490,512,628,566,503,632,557,620,582,469,516,460,636,Push-up
402,573,489,512,632,570,503,629,560,626,585,479,520,461,627,Push-up
403,577,491,512,631,574,502,634,564,625,581,473,515,465,624,Push-up
405,579,480,515,623,578,501,638,567,629,574,474,515,457,622,Push-up
407,582,478,512,620,574,506,629,565,612,598,466,519,459,615,Push-up
401,568,485,517,617,573,504,631,567,616,585,460,503,462,617,Push-up
401,567,485,522,619,576,505,635,565,622,580,464,506,460,616,Push-up
401,566,480,517,621,576,508,632,562,621,578,461,520,461,613,Push-up
400,562,477,516,618,579,506,630,562,622,577,461,515,454,612,Push-up
404,575,480,517,620,574,499,639,563,626,577,469,511,451,613,Push-up
401,563,476,514,621,573,497,644,558,630,577,473,516,456,610,Push-up
395,549,480,520,622,569,494,632,551,629,569,465,512,449,617,Push-up
401,566,478,521,627,561,492,627,548,630,573,468,520,449,614,Push-up
395,550,475,523,626,558,490,629,546,629,567,460,516,446,610,Push-up
398,560,480,526,621,561,488,632,547,631,561,460,515,448,608,Push-up
397,558,475,529,622,562,489,630,547,630,572,468,518,447,607,Push-up
385,535,487,528,623,563,488,634,542,631,564,461,515,444,609,Push-up
394,552,487,528,622,566,486,634,541,634,563,465,515,448,609,Push-up
390,538,481,525,625,571,484,634,541,633,565,465,519,446,604,Push-up
385,526,488,525,624,576,482,632,541,637,547,459,517,444,600,Push-up
393,553,491,525,621,577,488,637,541,634,553,458,512,445,599,Push-up
386,518,489,526,623,575,489,634,537,626,567,453,511,445,599,Push-up
388,528,493,529,622,574,487,629,539,630,547,451,510,444,597,Push-up
388,532,494,529,619,571,488,628,541,633,545,455,511,444,593,Push-up
385,522,500,529,624,570,486,634,546,631,549,452,513,442,599,Push-up
383,529,501,528,627,566,484,629,551,634,539,454,515,447,588,Push-up
384,521,500,528,629,563,488,627,555,640,530,462,513,443,587,Push-up
384,497,506,530,625,562,490,631,560,633,555,456,516,445,586,Push-up
383,499,512,533,623,563,489,634,567,636,531,454,519,443,588,Push-up
385,502,505,534,621,561,489,633,568,645,521,470,518,446,581,Push-up
388,492,506,535,618,561,487,631,567,646,522,473,517,440,584,Push-up
386,504,505,535,621,563,486,629,563,640,527,460,512,437,590,Push-up
385,507,503,536,621,563,486,629,558,640,534,462,516,438,590,Push-up
385,512,505,536,619,566,486,628,555,638,534,459,517,433,596,Push-up
385,504,504,535,618,567,482,626,554,637,536,458,516,433,599,Push-up
384,501,507,536,621,568,482,628,553,640,534,461,516,436,597,Push-up
384,507,507,538,625,570,481,628,553,640,535,462,518,432,597,Push-up
385,506,502,536,623,566,479,630,550,641,530,463,522,427,602,Push-up
384,513,501,538,622,563,480,632,546,639,538,461,516,434,600,Push-up
385,507,501,539,625,561,480,637,544,637,541,459,514,430,604,Push-up
385,514,500,539,626,559,480,636,540,637,534,455,514,431,598,Push-up
384,513,503,539,618,563,480,631,538,637,538,458,513,436,583,Push-up
383,513,505,539,620,563,483,631,540,637,535,461,514,440,577,Push-up
384,497,501,539,620,569,485,632,544,637,531,459,516,443,577,Push-up
385,519,496,539,621,572,489,635,549,637,541,461,515,453,570,Push-up
383,523,500,534,621,569,492,633,555,640,532,470,515,451,567,Push-up
380,516,504,533,623,567,490,628,559,635,551,468,514,442,581,Push-up
378,540,494,532,626,569,486,627,562,638,550,469,502,460,574,Push-up
389,523,508,531,623,567,486,629,565,642,540,470,509,449,573,Push-up
393,520,485,529,620,570,493,628,563,630,559,471,539,446,593,Push-up
393,526,472,534,618,573,498,635,561,623,576,474,532,458,587,Push-up
391,535,480,537,617,573,495,642,557,633,569,480,519,461,583,Push-up
393,534,488,533,618,571,493,622,546,635,566,481,519,448,608,Push-up
392,556,482,530,614,572,490,624,536,620,587,486,500,447,608,Push-up
394,555,484,532,616,568,488,635,531,627,586,489,501,456,608,Push-up
393,517,491,529,617,568,488,637,533,626,587,482,519,455,616,Push-up
398,565,488,521,625,567,494,636,531,612,596,483,526,455,617,Push-up
392,560,483,522,623,572,501,642,530,618,594,481,523,451,627,Push-up
391,557,494,526,621,578,499,639,537,622,585,472,523,449,633,Push-up
400,573,492,521,623,577,502,634,552,611,596,473,517,454,639,Push-up
385,539,487,516,616,577,503,631,562,610,602,478,506,457,639,Push-up
399,573,492,520,617,581,507,628,573,625,585,483,529,453,644,Push-up
399,582,490,520,627,577,513,632,581,613,605,496,529,453,641,Push-up
395,561,489,517,634,570,514,628,581,620,592,484,515,451,645,Push-up
404,576,486,518,625,566,517,635,583,618,594,477,520,451,645,Push-up
397,559,486,522,626,559,521,638,573,610,604,486,515,462,648,Push-up
396,562,495,523,628,554,522,631,566,614,593,474,513,463,651,Push-up
397,570,495,518,624,555,517,630,564,613,600,478,526,465,643,Push-up
392,559,496,509,626,559,515,631,559,605,612,478,522,454,638,Push-up
399,571,499,511,621,567,517,639,558,613,601,481,527,465,642,Push-up
395,558,490,506,619,572,516,644,549,616,599,490,523,466,639,Push-up
399,569,495,506,627,575,516,638,537,614,595,478,521,455,646,Push-up
398,574,483,503,620,577,517,634,529,612,595,475,513,458,647,Push-up
397,573,491,501,620,581,514,633,523,614,599,482,518,457,642,Push-up
398,566,496,502,620,584,513,634,525,616,591,476,525,457,642,Push-up
397,577,486,497,616,581,514,632,528,616,596,480,521,458,642,Push-up
399,567,493,498,625,578,514,637,536,612,602,482,526,460,640,Push-up
398,562,497,499,626,576,516,639,541,613,599,481,526,463,635,Push-up
399,557,493,500,624,571,519,638,542,617,594,477,517,463,631,Push-up
398,561,489,502,625,570,518,643,545,612,594,477,524,461,632,Push-up
397,577,494,502,621,570,517,634,545,610,598,475,521,465,627,Push-up
398,578,492,501,619,573,514,627,552,612,602,480,519,462,627,Push-up
398,572,494,499,616,579,513,637,558,613,601,479,524,458,629,Push-up
398,569,501,505,612,587,516,635,561,612,601,477,529,459,625,Push-up
401,567,492,503,618,588,515,631,567,610,600,471,531,460,626,Push-up
401,576,486,502,621,580,507,633,568,609,598,473,524,455,618,Push-up
401,581,486,506,621,579,506,632,563,616,596,478,516,452,617,Push-up
402,576,486,509,621,575,505,632,558,616,593,475,523,452,612,Push-up
400,566,482,510,621,571,505,633,561,612,597,474,529,450,616,Push-up
402,569,481,514,620,571,502,631,562,616,592,471,522,448,613,Push-up
403,570,468,518,617,575,503,630,565,619,594,477,519,454,611,Push-up
401,558,474,523,621,577,505,633,564,619,595,478,533,460,605,Push-up
398,560,483,520,624,573,507,631,563,619,592,474,523,447,604,Push-up
399,564,478,519,628,568,502,630,562,622,584,474,519,446,612,Push-up
402,557,472,522,625,563,502,636,564,623,585,475,524,453,610,Push-up
398,554,478,525,623,561,505,634,566,621,584,469,523,448,608,Push-up
400,554,478,517,623,561,501,626,566,618,586,469,530,441,614,Push-up
395,547,475,519,621,562,497,630,563,623,575,461,529,443,604,Push-up
393,556,489,526,625,571,495,637,561,624,576,466,527,435,610,Push-up
394,557,492,523,626,571,490,635,556,623,582,470,522,441,608,Push-up
388,550,484,524,622,570,489,630,547,632,568,468,519,438,591,Push-up
390,549,494,525,619,573,491,626,540,631,570,469,523,439,595,Push-up
389,543,490,524,619,573,490,633,541,628,565,460,531,439,599,Push-up
387,537,490,529,617,576,485,638,544,629,562,456,523,438,599,Push-up
391,552,493,531,620,577,490,634,545,631,563,461,521,436,600,Push-up
388,535,493,526,623,572,491,628,541,631,555,458,525,442,601,Push-up
385,525,497,527,628,568,490,630,542,633,556,460,521,438,598,Push-up
388,536,499,527,627,567,491,629,548,637,551,465,514,434,596,Push-up
387,529,493,527,621,563,491,631,551,636,552,465,517,440,589,Push-up
384,517,496,529,621,565,493,636,553,634,548,458,526,436,587,Push-up
384,517,499,532,624,566,495,631,555,633,547,454,518,437,589,Push-up
384,537,498,528,623,566,494,630,560,638,529,458,515,437,593,Push-up
384,525,495,527,623,567,493,634,566,640,535,465,518,435,594,Push-up
384,522,502,526,624,569,492,632,569,640,522,461,510,435,585,Push-up
384,521,502,526,626,568,489,628,568,642,506,461,505,433,585,Push-up
384,503,506,530,624,566,490,631,563,639,523,459,516,440,578,Push-up
385,480,518,534,624,566,490,630,556,638,521,455,523,436,580,Push-up
388,486,518,534,624,563,490,633,556,643,503,462,519,438,585,Push-up
388,487,512,531,619,566,489,633,552,643,511,463,518,430,590,Push-up
385,503,512,533,617,570,487,631,548,637,548,457,520,425,603,Push-up
385,509,504,533,622,575,487,628,547,637,547,455,521,423,607,Push-up
385,510,503,531,624,576,485,629,547,640,526,459,516,422,600,Push-up
385,504,508,532,620,574,481,630,545,641,524,463,518,424,594,Push-up
384,503,510,532,623,574,483,631,544,639,527,462,516,425,594,Push-up
384,503,508,529,627,573,487,631,544,639,534,461,515,425,593,Push-up
385,508,504,529,624,571,490,631,548,639,537,460,516,422,598,Push-up
384,504,505,532,624,568,489,631,553,639,539,459,522,423,599,Push-up
384,512,507,535,622,563,487,631,556,642,524,462,519,423,598,Push-up
384,510,505,535,620,562,487,631,556,642,521,465,517,432,583,Push-up
383,507,507,531,626,562,490,633,554,638,531,462,519,442,566,Push-up
384,500,507,526,630,563,493,635,555,638,523,456,513,454,547,Push-up
389,497,504,522,629,564,500,634,557,636,533,458,512,452,552,Push-up
389,525,503,526,624,568,501,632,562,627,565,461,512,454,579,Push-up
389,527,498,532,620,568,493,632,568,639,548,469,519,452,576,Push-up
389,518,490,535,611,567,489,627,567,637,555,473,533,446,573,Push-up
388,532,490,533,609,567,490,620,566,638,566,475,528,433,580,Push-up
387,552,489,533,628,559,490,625,567,634,575,475,515,449,577,Push-up
390,560,492,524,627,564,495,629,562,631,554,458,497,464,573,Push-up
391,519,499,515,621,569,502,632,559,631,558,463,501,446,604,Push-up
396,541,479,522,617,573,502,639,552,620,585,465,519,448,606,Push-up
390,533,487,524,616,575,501,638,544,617,578,461,520,449,608,Push-up
403,569,488,521,620,571,496,634,543,626,571,466,522,442,616,Push-up
390,565,477,528,623,569,498,630,545,621,597,477,534,439,624,Push-up
394,563,489,530,626,566,500,633,548,622,592,472,535,439,631,Push-up
399,578,491,525,629,560,498,633,555,622,585,476,522,436,630,Push-up
394,564,491,525,625,563,498,637,558,621,583,470,520,444,641,Push-up
403,567,491,523,626,567,499,645,555,624,574,464,521,450,650,Push-up
398,547,478,518,622,570,501,635,548,621,581,465,520,445,636,Push-up
398,563,480,512,621,578,504,634,540,611,608,480,518,438,647,Push-up
399,569,488,514,618,584,500,634,534,625,581,472,511,439,650,Push-up
397,571,484,512,615,590,499,638,535,625,589,489,522,451,639,Push-up
397,563,496,505,618,587,507,641,533,626,591,483,533,455,638,Push-up
400,561,486,499,624,584,512,639,539,618,598,481,540,460,644,Push-up
397,555,489,498,621,580,517,639,546,619,598,483,533,462,639,Push-up
400,575,490,499,619,575,522,636,552,622,584,472,516,463,642,Push-up
400,579,488,502,623,574,518,629,555,622,581,474,517,466,641,Push-up
400,575,487,506,624,574,516,629,553,617,587,467,530,463,629,Push-up
399,570,493,506,625,573,518,635,557,616,590,468,531,459,622,Push-up
400,570,489,507,624,572,519,639,562,617,590,471,531,460,621,Push-up
402,573,487,505,622,571,520,639,562,620,582,466,523,456,632,Push-up
399,562,491,509,620,571,517,636,562,615,595,466,523,457,637,Push-up
398,562,495,511,619,572,512,638,557,618,593,469,521,456,638,Push-up
396,567,495,511,618,571,510,637,555,619,590,471,523,460,636,Push-up
402,587,483,510,624,571,510,637,549,624,590,481,538,461,629,Push-up
401,571,488,508,629,571,515,634,545,625,585,474,535,461,634,Push-up
400,571,498,506,635,573,513,638,547,622,587,470,510,466,635,Push-up
401,566,492,503,622,573,508,634,544,619,582,460,516,466,632,Push-up
402,579,490,507,608,574,514,627,536,614,586,454,525,466,628,Push-up
400,582,498,509,614,578,511,633,534,616,582,455,525,463,622,Push-up
400,578,493,509,624,580,509,639,535,621,574,456,527,464,622,Push-up
403,568,486,512,620,575,510,642,537,621,575,455,531,462,627,Push-up
405,572,488,511,625,570,509,641,540,623,569,454,526,456,623,Push-up
403,577,486,514,620,567,503,637,541,621,577,455,517,454,622,Push-up
399,571,492,517,610,571,498,639,537,619,582,455,520,452,622,Push-up
400,570,492,517,614,578,503,638,531,619,574,449,522,458,613,Push-up
400,571,486,514,612,585,501,638,531,623,572,453,520,453,614,Push-up
401,569,490,515,624,585,501,631,534,627,570,458,515,448,615,Push-up
395,565,487,514,625,584,499,632,537,621,582,454,514,448,618,Push-up
394,566,491,516,624,583,498,635,542,624,584,462,518,453,623,Push-up
398,563,490,520,615,582,501,632,552,622,578,454,527,450,614,Push-up
401,564,489,524,609,580,502,632,556,626,567,456,525,447,609,Push-up
396,562,479,520,610,578,501,631,555,623,574,457,512,445,608,Push-up
395,559,484,522,621,576,499,638,557,625,570,457,513,442,610,Push-up
395,559,493,523,624,576,499,641,555,628,563,455,522,443,607,Push-up
395,553,484,523,626,571,503,642,554,631,556,456,522,446,606,Push-up
393,550,487,523,621,567,502,636,549,627,566,457,512,442,611,Push-up
394,551,490,522,614,569,499,631,544,629,559,455,517,438,611,Push-up
390,545,489,522,612,573,497,634,544,632,555,457,520,440,604,Push-up
392,548,489,520,624,577,495,632,543,627,568,453,514,439,604,Push-up
390,540,488,522,626,575,494,632,545,626,559,450,514,441,598,Push-up
387,535,488,521,627,572,498,633,547,637,553,463,527,447,588,Push-up
383,523,495,525,629,564,500,628,547,634,563,462,520,440,595,Push-up
387,542,494,527,628,563,493,627,554,636,540,458,509,437,601,Push-up
387,529,494,527,623,565,493,632,558,640,544,468,525,444,588,Push-up
385,518,497,530,624,563,498,626,558,633,561,460,524,429,598,Push-up
387,532,497,532,625,562,496,616,562,636,540,456,521,434,604,Push-up
386,531,491,532,624,562,494,625,566,636,544,457,526,443,591,Push-up
383,513,503,530,624,558,492,651,573,631,545,450,521,442,582,Push-up
384,504,504,531,623,562,493,634,569,637,529,458,519,436,585,Push-up
384,513,503,532,625,568,496,633,571,639,537,460,522,434,596,Push-up
385,499,501,537,626,567,489,634,570,638,538,457,526,435,596,Push-up
383,500,505,537,621,562,486,628,567,641,522,463,524,434,589,Push-up
386,502,507,536,623,557,486,626,562,647,510,470,518,434,580,Push-up
387,492,502,536,629,557,486,632,556,641,521,462,522,427,584,Push-up
384,507,504,537,627,561,484,632,552,639,529,458,520,426,592,Push-up
386,510,499,537,624,563,483,635,552,638,537,457,517,430,595,Push-up
385,507,497,541,619,563,480,633,549,638,528,458,518,424,598,Push-up
385,503,501,542,617,559,478,628,544,641,532,462,528,428,599,Push-up
384,501,506,542,617,561,478,627,541,640,529,460,522,437,592,Push-up
384,503,504,540,625,554,476,626,541,640,530,461,516,429,590,Push-up
386,506,497,539,624,557,479,628,541,640,530,460,517,422,595,Push-up
385,504,498,537,624,563,484,629,540,640,530,458,517,433,599,Push-up
384,508,502,537,627,569,484,633,544,637,536,456,517,429,609,Push-up
384,511,499,537,624,567,482,631,547,639,535,460,521,424,604,Push-up
386,513,497,534,621,564,485,630,548,639,534,462,525,427,594,Push-up
387,510,499,531,625,565,490,633,553,636,535,457,525,437,594,Push-up
385,507,504,530,628,571,492,637,558,636,534,458,514,440,589,Push-up
384,503,502,532,621,574,490,638,561,638,534,461,515,442,580,Push-up
383,503,505,531,618,573,490,636,560,636,535,458,521,454,561,Push-up
384,501,509,527,616,573,492,631,558,634,544,457,521,453,565,Push-up
384,521,509,532,623,566,490,626,559,638,535,466,518,448,576,Push-up
384,539,501,535,620,568,486,628,560,644,533,476,513,457,569,Push-up
386,527,501,532,617,564,487,627,560,641,552,482,513,454,570,Push-up
388,514,492,534,617,562,488,622,557,639,547,471,529,449,589,Push-up
391,546,486,535,617,563,490,626,554,636,557,472,524,466,574,Push-up
391,543,497,529,614,563,493,634,549,632,557,473,522,454,569,Push-up
390,529,501,526,624,562,493,635,547,628,556,460,522,444,599,Push-up
390,554,488,531,630,567,493,635,546,628,561,464,510,453,600,Push-up
391,553,491,532,630,569,494,635,545,619,588,468,508,456,607,Push-up
403,566,496,529,630,558,488,623,549,631,563,463,512,449,632,Push-up
394,548,477,528,620,556,491,623,552,631,576,470,526,450,621,Push-up
398,556,484,526,616,562,505,637,550,618,598,474,530,444,611,Push-up
408,564,485,521,631,573,507,653,558,628,577,470,526,450,627,Push-up
397,565,482,519,622,586,505,653,562,624,584,475,523,461,639,Push-up
401,570,489,517,611,586,500,643,551,614,601,473,516,450,644,Push-up
400,569,492,517,617,584,500,625,539,615,594,458,506,452,637,Push-up
397,570,492,512,620,586,504,629,539,614,595,469,523,453,630,Push-up
403,580,495,508,622,586,506,637,548,616,593,472,543,453,650,Push-up
401,580,501,515,616,584,505,638,551,615,585,464,525,453,660,Push-up
396,572,503,515,612,579,506,641,549,601,619,475,520,451,649,Push-up
401,575,505,513,620,576,507,629,540,617,593,464,532,452,647,Push-up
401,574,502,510,625,576,501,624,542,616,591,470,520,464,655,Push-up
403,579,504,508,614,578,503,637,541,613,595,467,519,463,649,Push-up
403,578,506,505,616,582,508,646,530,612,593,463,528,461,638,Push-up
402,575,506,503,618,583,516,634,521,611,597,469,524,465,639,Push-up
401,574,508,496,623,582,515,639,529,611,599,473,527,465,641,Push-up
399,577,508,502,621,577,517,639,538,612,597,469,523,465,642,Push-up
399,576,510,503,620,577,521,642,544,610,604,470,519,460,646,Push-up
397,572,510,501,622,579,519,637,549,615,593,470,517,460,643,Push-up
400,581,508,501,620,579,516,633,549,620,587,471,515,457,639,Push-up
406,584,500,505,618,580,520,639,550,618,585,466,520,462,648,Push-up
409,576,496,505,621,581,520,640,556,617,585,464,528,460,637,Push-up
404,574,500,504,621,581,518,635,560,619,585,466,517,457,635,Push-up
402,581,502,507,620,574,513,631,559,612,600,467,511,458,629,Push-up
404,578,499,514,622,577,509,638,554,615,591,464,521,459,637,Push-up
402,574,500,517,623,577,506,636,551,617,591,468,525,455,631,Push-up
402,584,505,520,614,573,504,634,547,619,593,470,520,456,621,Push-up
406,587,493,520,614,571,502,636,536,619,588,469,512,453,624,Push-up
410,582,487,521,616,571,501,636,534,615,592,468,519,460,615,Push-up
409,586,486,516,626,577,500,638,536,614,597,471,528,457,613,Push-up
408,582,490,515,619,575,497,637,539,620,588,466,519,454,617,Push-up
392,538,489,519,612,580,499,631,543,619,591,471,512,455,616,Push-up
395,565,492,520,612,586,498,635,540,615,586,459,514,450,615,Push-up
396,572,492,518,614,587,492,631,543,620,585,464,517,451,613,Push-up
401,572,484,516,622,585,497,634,546,622,579,460,515,453,607,Push-up
398,558,483,520,624,577,505,641,549,625,569,455,512,452,619,Push-up
395,554,485,522,622,572,501,637,551,625,567,454,522,454,614,Push-up
392,556,489,523,621,562,497,635,551,625,572,457,516,443,610,Push-up
395,562,484,529,623,560,496,629,546,627,568,456,514,442,611,Push-up
394,550,477,528,629,565,495,630,545,628,571,461,517,445,609,Push-up
396,549,484,528,627,569,495,637,549,627,572,461,515,444,608,Push-up
394,548,482,524,618,572,495,635,548,629,569,460,512,440,607,Push-up
389,536,480,526,617,576,495,636,548,629,568,460,512,441,608,Push-up
389,540,485,527,622,579,491,636,547,631,563,465,513,443,600,Push-up
389,537,493,530,621,577,486,636,545,632,559,464,513,437,596,Push-up
390,536,488,530,618,575,490,636,546,636,555,464,518,433,598,Push-up
387,515,489,533,619,572,493,632,543,637,551,463,516,440,598,Push-up
387,519,492,532,622,566,490,632,547,633,542,452,518,441,592,Push-up
386,532,494,530,623,563,486,633,549,634,540,453,520,443,583,Push-up
384,529,498,530,622,567,490,633,544,635,543,456,517,447,576,Push-up
383,506,507,530,628,570,490,630,543,635,539,458,512,445,578,Push-up
385,505,503,531,627,568,486,630,546,639,515,461,514,438,576,Push-up
387,496,504,530,612,572,486,628,548,642,499,464,522,434,581,Push-up
384,487,509,533,615,573,488,629,548,640,506,459,518,440,587,Push-up
383,502,511,535,620,573,485,633,548,638,514,456,514,436,585,Push-up
385,503,503,530,622,574,480,635,543,641,518,461,517,427,586,Push-up
385,507,499,532,622,571,483,633,536,640,523,462,520,424,589,Push-up
385,511,501,538,624,566,486,628,535,639,525,457,517,430,595,Push-up
386,508,501,538,621,561,482,629,538,640,523,460,517,428,591,Push-up
385,505,500,538,618,556,485,630,546,640,520,461,522,422,591,Push-up
384,510,504,540,626,552,484,632,551,641,524,461,520,421,598,Push-up
385,512,501,542,626,552,486,631,556,640,526,461,520,420,599,Push-up
384,513,500,542,625,554,484,630,559,639,529,456,518,418,594,Push-up
384,511,500,541,623,555,484,630,559,639,529,458,516,418,594,Push-up
385,512,497,539,622,561,487,630,560,640,525,459,518,417,602,Push-up
385,511,495,538,625,563,487,634,562,640,528,459,519,423,595,Push-up
384,513,503,537,627,563,489,633,563,641,527,463,516,424,590,Push-up
384,514,505,534,625,563,489,631,561,639,523,458,515,428,595,Push-up
385,505,502,533,624,560,489,632,561,639,530,460,521,423,596,Push-up
382,508,502,534,622,561,492,632,560,638,533,461,523,424,593,Push-up
382,518,501,535,626,563,494,632,560,637,525,455,515,440,584,Push-up
382,515,507,533,628,562,490,632,563,641,526,462,513,435,579,Push-up
382,507,503,530,623,562,492,633,562,635,544,459,519,439,573,Push-up
388,516,492,528,621,562,492,633,559,635,545,457,531,440,565,Push-up
390,484,488,532,621,563,494,630,563,643,532,461,531,445,563,Push-up
390,517,484,532,622,565,494,630,563,636,538,472,510,455,555,Push-up
387,531,490,532,625,568,490,634,565,619,589,468,496,447,565,Push-up
399,538,499,534,620,572,483,628,564,631,563,477,526,445,584,Push-up
387,536,493,543,612,574,483,623,558,638,542,476,525,455,575,Push-up
387,532,489,533,610,570,488,628,552,625,586,481,518,438,589,Push-up
396,548,484,529,618,567,484,623,554,626,581,481,529,454,591,Push-up
392,527,481,530,618,575,489,623,549,631,572,470,504,453,582,Push-up
404,554,480,520,619,583,502,638,543,626,581,472,507,441,607,Push-up
405,567,466,518,632,581,500,644,541,629,579,476,538,478,597,Push-up
395,533,483,522,617,576,498,640,540,621,586,473,526,468,620,Push-up
400,551,491,514,603,572,499,632,540,620,593,474,525,456,629,Push-up
389,542,484,512,615,584,501,624,541,617,596,481,523,461,621,Push-up
399,573,484,504,625,594,505,637,544,613,592,463,515,448,647,Push-up
403,584,484,507,634,597,502,643,552,618,587,462,530,451,660,Push-up
395,566,488,523,630,585,493,643,549,613,605,483,531,455,645,Push-up
393,567,501,526,616,565,489,638,534,619,590,470,530,448,651,Push-up
401,579,489,526,611,552,486,624,522,615,594,472,526,441,653,Push-up
408,589,480,527,625,561,490,636,519,604,610,471,522,451,640,Push-up
398,563,492,524,632,560,487,647,524,612,601,472,528,453,638,Push-up
401,570,492,520,623,561,492,637,529,612,600,472,536,452,646,Push-up
400,569,493,522,629,563,493,644,535,609,596,464,528,458,643,Push-up
401,573,502,522,628,565,496,640,536,604,602,459,523,453,636,Push-up
403,578,496,519,617,569,502,629,542,607,603,470,528,460,639,Push-up
399,576,501,517,628,578,509,627,554,610,595,467,529,472,645,Push-up
399,578,503,510,621,575,509,630,567,612,590,463,520,462,636,Push-up
404,580,499,507,614,577,518,637,572,616,596,473,525,466,628,Push-up
404,578,499,504,621,584,523,639,563,609,609,477,526,468,629,Push-up
404,576,501,498,621,583,519,643,560,609,600,473,518,463,637,Push-up
406,577,492,498,618,582,515,647,553,621,593,479,521,462,635,Push-up
405,580,495,509,614,580,517,644,539,620,595,477,532,464,642,Push-up
402,577,499,504,618,579,512,640,526,614,589,463,518,457,636,Push-up
404,584,500,499,627,580,502,632,520,612,593,463,520,454,631,Push-up
403,592,495,504,623,583,497,637,514,612,596,468,536,465,631,Push-up
402,589,504,511,615,584,501,635,510,612,595,467,525,467,635,Push-up
393,571,505,511,608,582,495,636,522,614,599,471,521,459,622,Push-up
404,575,498,506,614,588,496,640,537,609,604,471,529,449,613,Push-up
406,562,487,507,613,585,509,634,536,604,603,464,523,452,620,Push-up
412,581,471,504,622,589,515,638,540,607,598,462,514,463,620,Push-up
410,580,473,512,626,585,510,645,543,610,596,465,521,458,623,Push-up
405,575,481,515,611,572,505,637,541,610,596,464,529,449,623,Push-up
403,571,485,522,614,561,502,626,535,611,591,459,521,445,624,Push-up
404,569,482,518,626,562,496,627,531,611,595,461,520,451,620,Push-up
403,574,484,516,625,568,496,645,534,611,598,466,532,454,612,Push-up
399,578,488,512,616,576,498,641,530,615,598,470,529,460,626,Push-up
400,578,486,514,616,587,496,628,532,616,587,462,511,455,616,Push-up
403,575,485,513,611,593,486,638,533,620,590,474,528,444,604,Push-up
398,570,481,515,606,593,497,640,531,615,600,479,530,444,614,Push-up
396,558,485,514,627,591,501,630,529,608,601,468,527,452,617,Push-up
397,562,485,515,624,583,494,637,540,620,582,464,529,446,612,Push-up
394,557,489,518,618,573,490,644,543,620,589,469,527,441,611,Push-up
394,555,488,524,612,569,496,633,537,616,591,468,519,442,612,Push-up
397,551,484,523,629,568,499,628,538,620,583,459,519,434,612,Push-up
395,558,475,524,632,566,498,637,542,622,582,462,521,435,615,Push-up
396,562,478,527,622,562,495,639,552,620,583,459,520,437,621,Push-up
394,558,485,529,618,563,495,633,561,622,576,458,517,430,612,Push-up
393,550,483,533,621,569,498,624,563,626,575,462,524,429,608,Push-up
392,544,481,532,623,567,496,628,562,624,574,457,526,434,608,Push-up
390,544,489,528,624,567,497,640,566,627,563,453,521,434,598,Push-up
393,545,488,528,622,569,496,643,566,632,556,461,525,432,594,Push-up
390,536,485,528,620,576,494,635,561,635,553,460,522,439,592,Push-up
388,532,490,527,622,580,492,636,552,637,547,464,516,442,585,Push-up
388,534,491,525,619,584,487,633,545,637,551,464,520,445,580,Push-up
385,530,494,523,616,581,483,628,539,638,536,459,520,439,575,Push-up
386,529,497,523,616,577,484,632,532,637,524,457,516,440,572,Push-up
387,526,493,525,622,575,489,635,531,639,524,458,514,446,579,Push-up
385,516,496,529,625,572,488,632,533,639,517,456,514,442,571,Push-up
386,496,512,529,622,565,485,625,535,640,506,460,517,428,573,Push-up
387,486,507,533,619,562,486,625,539,641,505,463,523,431,579,Push-up
385,495,504,535,620,563,483,637,544,640,504,458,525,429,589,Push-up
383,515,509,537,620,566,482,639,550,640,513,459,520,431,588,Push-up
384,514,504,537,616,567,485,633,553,639,529,460,520,424,594,Push-up
384,512,502,536,616,568,486,624,551,638,534,455,523,425,597,Push-up
384,513,501,535,618,568,486,625,552,640,525,458,525,427,587,Push-up
384,515,503,530,620,571,485,635,550,640,521,459,525,420,594,Push-up
385,516,499,530,622,571,485,638,549,639,524,456,520,422,595,Push-up
385,515,499,533,622,573,486,638,548,642,523,461,522,423,597,Push-up
384,512,501,533,623,571,486,633,543,639,531,460,524,419,599,Push-up
384,519,499,534,623,566,486,627,544,639,532,456,522,417,605,Push-up
384,515,500,535,626,563,484,630,546,640,527,459,520,424,597,Push-up
384,519,504,534,620,563,482,635,547,639,534,461,527,421,591,Push-up
385,505,500,535,622,563,484,637,547,636,533,455,528,423,588,Push-up
387,515,497,532,627,564,489,634,547,639,528,457,518,423,586,Push-up
384,510,503,531,625,565,491,633,546,640,530,463,515,430,581,Push-up
382,504,508,532,623,567,487,634,547,638,524,458,525,439,568,Push-up
383,517,505,531,621,566,489,633,550,638,526,459,525,451,554,Push-up
383,515,501,528,625,565,489,632,554,639,528,456,509,458,546,Push-up
388,495,498,526,626,568,493,634,558,634,540,459,511,437,566,Push-up
387,536,497,534,618,569,491,634,560,630,562,470,518,446,574,Push-up
384,556,496,541,613,567,484,632,560,640,557,480,520,447,560,Push-up
392,568,497,536,609,569,479,627,554,639,560,474,529,437,575,Push-up
386,518,488,536,615,567,482,619,548,632,566,470,529,449,570,Push-up
382,516,492,532,615,568,488,629,543,635,564,475,524,450,569,Push-up
389,538,498,526,621,576,486,647,539,628,586,484,536,439,588,Push-up
391,557,496,527,626,583,482,644,531,629,573,477,508,436,605,Push-up
388,552,496,530,620,580,481,637,522,619,599,485,501,440,622,Push-up
397,559,485,529,617,574,483,617,517,631,584,482,528,441,631,Push-up
395,570,479,525,625,573,487,617,520,632,573,476,522,445,620,Push-up
410,586,477,512,628,568,502,632,529,616,598,479,526,447,621,Push-up
400,559,477,509,623,564,507,640,536,624,577,475,529,452,616,Push-up
390,544,483,510,628,569,516,649,546,618,594,478,512,444,645,Push-up
398,568,488,513,625,569,518,642,548,627,583,482,509,446,650,Push-up
400,582,481,516,612,572,512,635,554,623,593,494,519,454,635,Push-up
399,578,490,514,621,576,518,639,551,618,593,474,534,447,648,Push-up
406,576,486,512,625,569,520,639,556,618,590,473,543,447,641,Push-up
398,556,476,511,631,565,519,639,561,615,599,484,532,448,634,Push-up
400,559,485,508,621,560,519,645,557,613,595,475,525,445,642,Push-up
402,576,480,508,627,567,516,640,546,609,596,470,521,451,645,Push-up
398,571,490,511,629,574,509,636,537,610,603,476,528,454,639,Push-up
395,563,497,510,618,576,507,637,532,611,596,471,532,452,638,Push-up
392,558,496,507,619,580,505,639,531,611,608,485,537,460,637,Push-up
395,560,494,503,622,580,510,634,528,609,605,473,541,462,634,Push-up
399,569,491,498,619,577,516,641,526,609,601,476,535,463,631,Push-up
400,569,489,497,613,578,515,637,526,611,601,480,528,466,637,Push-up
397,563,493,501,612,578,521,644,522,611,600,478,533,463,640,Push-up
396,561,494,498,620,581,521,635,525,611,601,479,529,459,635,Push-up
397,567,492,502,627,574,519,630,534,613,599,480,534,459,635,Push-up
397,567,490,505,623,565,519,639,543,616,598,481,540,456,636,Push-up
397,568,491,505,630,560,524,631,553,618,593,478,518,460,639,Push-up
402,578,482,509,632,563,521,634,566,619,591,478,516,460,632,Push-up
407,584,478,518,622,567,522,646,561,616,597,478,541,454,627,Push-up
400,569,484,516,622,555,529,630,551,612,597,473,524,462,635,Push-up
405,573,487,517,633,547,523,624,553,617,590,475,510,454,638,Push-up
404,572,484,520,632,554,511,641,558,619,594,478,528,453,627,Push-up
404,578,484,518,627,559,506,655,556,608,606,464,521,449,616,Push-up
415,595,466,513,625,566,507,634,550,607,599,462,516,449,620,Push-up
420,576,462,517,617,575,510,635,542,618,585,464,527,457,616,Push-up
410,578,474,517,626,580,509,638,536,620,585,468,525,455,613,Push-up
403,563,475,511,621,578,502,637,544,621,583,468,518,453,613,Push-up
410,580,470,515,613,587,497,635,548,621,576,459,525,448,612,Push-up
413,586,471,519,612,590,502,632,540,617,592,465,523,453,627,Push-up
408,582,475,517,616,585,502,627,538,623,584,468,520,456,614,Push-up
393,553,480,516,622,582,494,634,547,625,579,467,521,451,609,Push-up
398,564,480,520,616,578,500,636,554,624,587,474,518,460,619,Push-up
402,573,480,526,620,574,505,637,551,622,591,480,515,464,618,Push-up
397,568,488,521,631,569,503,628,552,621,593,478,527,449,609,Push-up
395,559,484,520,623,559,501,631,562,621,589,473,519,445,603,Push-up
398,561,475,523,622,561,507,634,567,617,589,467,513,454,621,Push-up
398,564,474,524,624,570,510,640,564,617,586,467,523,452,618,Push-up
397,561,474,523,615,567,507,639,551,622,585,471,517,444,613,Push-up
397,556,475,521,613,561,503,630,545,622,583,465,513,446,611,Push-up
397,558,477,520,629,568,502,637,545,622,581,465,517,447,615,Push-up
394,555,480,522,630,578,504,636,548,625,578,467,516,445,615,Push-up
391,553,490,522,624,579,502,632,553,626,578,469,521,442,615,Push-up
392,549,484,522,621,575,501,625,557,626,576,467,519,438,623,Push-up
391,542,483,524,625,575,501,630,563,627,576,466,515,432,611,Push-up
393,544,493,527,622,575,494,640,559,632,567,463,523,431,603,Push-up
394,547,480,529,617,575,501,647,557,632,566,465,517,433,612,Push-up
387,530,490,531,623,570,498,638,540,634,555,459,514,440,591,Push-up
386,533,503,533,625,563,490,636,534,633,550,459,517,443,587,Push-up
386,525,497,531,623,560,485,636,532,634,548,455,521,444,583,Push-up
383,524,501,533,627,558,487,631,525,636,541,455,520,449,583,Push-up
383,522,504,531,631,557,494,625,530,639,534,462,514,452,576,Push-up
383,527,505,531,628,560,491,631,536,639,524,459,518,451,567,Push-up
386,522,502,528,620,562,493,634,542,636,523,453,521,442,565,Push-up
391,471,512,528,622,565,500,626,550,638,506,454,514,437,571,Push-up
395,449,507,528,626,567,500,631,559,638,502,455,529,427,589,Push-up
385,501,507,535,622,571,494,632,565,638,509,454,531,428,596,Push-up
382,518,506,537,621,569,490,630,566,637,516,453,517,427,592,Push-up
384,507,502,537,619,561,490,624,566,637,528,454,515,428,593,Push-up
385,503,502,539,621,558,490,625,568,637,524,453,527,420,586,Push-up
385,499,509,541,623,560,487,631,563,639,516,455,530,413,587,Push-up
385,499,504,539,621,562,489,637,561,640,517,458,523,423,595,Push-up
385,503,505,539,621,562,486,635,553,639,518,454,518,426,604,Push-up
384,506,504,543,622,559,482,634,547,640,524,457,523,417,590,Push-up
384,508,505,540,625,554,481,629,542,640,529,456,525,415,589,Push-up
384,508,502,540,631,550,483,624,541,639,525,454,521,428,594,Push-up
385,507,503,540,634,553,485,631,549,639,519,455,521,420,594,Push-up
385,503,503,540,626,556,487,638,553,639,520,457,523,417,596,Push-up
384,506,504,538,619,557,487,633,549,640,520,458,522,423,600,Push-up
385,511,500,538,627,562,487,628,549,639,525,455,519,420,603,Push-up
385,511,497,538,628,564,487,631,555,639,525,455,522,414,595,Push-up
385,512,500,537,621,565,488,637,561,640,521,457,519,419,585,Push-up
385,508,500,534,621,567,491,632,565,640,517,457,519,421,594,Push-up
385,507,500,536,626,564,492,629,566,640,519,456,520,421,601,Push-up
382,502,505,537,624,562,490,632,569,640,523,456,523,416,592,Push-up
384,512,502,537,623,561,492,632,571,639,518,453,518,421,591,Push-up
385,510,500,534,627,562,492,630,571,637,520,452,513,434,576,Push-up
383,504,502,534,627,564,493,636,569,636,522,452,517,439,561,Push-up
382,510,508,534,626,560,498,634,565,640,527,461,511,448,556,Push-up
388,528,503,533,624,559,498,626,563,641,522,466,506,457,563,Push-up
393,531,492,529,620,565,498,629,561,640,521,465,515,462,551,Push-up
390,514,500,528,613,569,497,633,559,642,520,462,520,453,549,Push-up
389,547,499,530,614,563,495,633,554,640,527,473,520,456,560,Push-up
385,523,495,535,616,570,489,627,549,629,587,490,513,445,567,Push-up
388,530,501,538,619,579,486,632,545,631,572,477,513,430,589,Push-up
395,557,488,541,626,579,483,632,541,639,538,459,522,435,589,Push-up
393,554,490,540,622,577,480,624,541,628,568,469,520,433,592,Push-up
391,542,489,536,616,569,481,632,541,623,577,462,521,432,621,Push-up
396,560,478,537,623,565,476,631,536,637,547,463,519,442,608,Push-up
403,586,478,535,619,568,482,628,529,625,583,473,516,450,603,Push-up
402,571,500,522,622,575,490,631,529,629,576,468,528,445,617,Push-up
376,514,497,518,620,583,497,638,523,619,594,479,514,449,622,Push-up
388,547,499,517,613,589,506,645,523,619,593,478,509,456,637,Push-up
395,568,486,510,610,589,506,649,526,629,577,472,520,451,636,Push-up
404,589,488,509,613,591,506,634,529,616,589,469,520,453,650,Push-up
390,555,489,512,623,594,509,635,535,612,591,459,524,460,652,Push-up
398,564,497,510,624,580,511,639,546,612,605,480,534,449,647,Push-up
396,556,489,511,614,570,515,633,553,612,596,470,535,444,642,Push-up
400,573,481,508,619,568,515,634,551,616,575,448,532,443,638,Push-up
402,580,480,507,630,573,518,640,545,611,600,467,524,450,658,Push-up
396,557,487,511,626,574,515,641,547,614,593,466,515,455,659,Push-up
397,551,486,511,618,571,510,637,544,617,597,478,526,455,643,Push-up
396,552,485,514,613,570,517,629,533,618,600,486,538,459,625,Push-up
398,565,488,509,628,567,515,635,532,617,600,485,533,463,627,Push-up
393,558,499,506,625,565,513,642,537,617,602,488,528,466,634,Push-up
395,552,490,505,622,572,519,646,538,614,597,479,524,465,634,Push-up
399,552,493,501,620,575,522,645,538,609,602,478,529,463,639,Push-up
395,565,483,497,619,574,523,630,535,611,593,471,532,457,635,Push-up
394,568,492,503,626,573,521,627,536,615,590,472,535,454,632,Push-up
397,567,488,502,627,576,519,636,543,616,599,483,534,454,635,Push-up
400,573,481,506,624,580,518,646,546,619,594,480,524,456,637,Push-up
402,572,480,503,620,580,518,645,543,619,593,479,536,463,642,Push-up
401,564,486,502,616,581,520,632,538,615,596,476,532,467,644,Push-up
401,562,491,503,618,580,511,632,539,612,598,477,523,453,626,Push-up
404,564,486,506,618,578,511,642,545,610,600,472,534,451,622,Push-up
401,559,486,509,628,569,522,637,541,610,598,470,543,464,631,Push-up
400,563,495,507,653,566,514,620,540,611,597,470,528,463,623,Push-up
402,581,483,505,638,561,507,631,548,612,597,472,523,461,614,Push-up
402,578,488,519,609,564,514,649,540,615,596,475,518,458,616,Push-up
398,578,502,522,608,569,523,640,534,618,591,474,514,443,618,Push-up
400,584,502,517,619,576,516,638,544,619,590,474,519,452,618,Push-up
401,591,490,520,623,575,505,635,557,617,593,477,524,452,611,Push-up
401,577,491,522,620,565,510,643,568,619,593,477,532,450,614,Push-up
403,570,490,520,619,557,514,633,569,616,591,471,523,461,618,Push-up
403,567,484,522,621,557,511,627,567,621,590,480,517,453,609,Push-up
404,572,482,523,618,559,506,636,554,619,596,481,530,447,617,Push-up
403,571,480,526,629,560,502,636,547,623,585,477,527,447,615,Push-up
409,585,472,528,631,560,498,632,542,626,579,474,522,443,615,Push-up
407,568,472,527,632,561,503,633,542,628,580,476,525,447,624,Push-up
403,563,474,531,630,566,503,636,542,619,588,467,522,450,616,Push-up
407,568,475,523,624,571,497,632,546,623,578,468,526,437,615,Push-up
404,564,471,521,618,576,497,632,545,629,577,471,532,436,614,Push-up
402,565,476,527,618,581,507,644,543,626,573,459,520,442,613,Push-up
401,569,482,526,628,584,503,644,543,630,565,459,512,448,620,Push-up
399,562,479,522,622,579,493,647,546,634,563,465,519,437,616,Push-up
395,552,478,530,613,572,488,636,538,628,565,463,519,434,611,Push-up
393,558,489,532,622,566,495,622,529,627,561,452,523,442,604,Push-up
392,554,489,530,631,564,496,629,530,631,566,459,522,442,605,Push-up
389,545,493,526,628,569,496,643,535,633,557,459,521,448,606,Push-up
385,535,494,530,616,563,495,643,539,635,552,461,517,442,598,Push-up
388,556,496,527,614,566,493,632,534,635,554,463,516,442,597,Push-up
388,550,499,528,623,570,498,629,530,638,549,466,511,446,590,Push-up
386,534,501,525,628,574,494,630,526,640,534,465,512,445,589,Push-up
385,534,500,524,627,577,494,637,536,639,539,464,519,446,588,Push-up
386,531,496,525,619,574,495,626,543,639,533,462,517,449,588,Push-up
386,529,495,524,614,572,504,629,559,638,530,456,515,449,579,Push-up
385,526,500,526,626,566,503,630,562,639,526,456,512,445,575,Push-up
386,527,508,528,632,561,503,633,567,639,531,462,512,447,575,Push-up
390,479,512,531,631,560,501,637,572,638,515,460,521,443,585,Push-up
389,451,510,538,624,558,499,640,574,641,505,463,526,420,598,Push-up
384,515,504,543,613,553,492,631,569,641,507,461,526,426,595,Push-up
383,527,502,546,616,551,484,625,561,641,515,459,517,427,581,Push-up
385,514,504,541,626,546,485,626,555,640,518,459,515,418,585,Push-up
385,509,498,540,626,546,490,628,552,639,518,457,520,423,587,Push-up
385,507,498,542,626,550,490,632,548,639,516,457,525,426,595,Push-up
384,504,508,542,626,553,486,637,548,640,513,458,522,422,601,Push-up
384,506,506,544,624,556,481,632,548,641,514,461,525,419,594,Push-up
384,506,501,542,620,562,481,630,545,639,526,458,527,422,589,Push-up
385,511,500,537,620,568,484,633,547,639,526,455,521,424,598,Push-up
385,510,499,535,621,574,486,633,550,641,517,460,522,426,599,Push-up
384,506,502,537,620,580,485,634,550,640,528,459,530,422,596,Push-up
383,506,507,536,623,575,482,633,549,638,528,454,531,420,597,Push-up
386,510,500,536,626,568,482,630,547,641,520,460,526,423,598,Push-up
386,508,500,534,625,567,486,633,546,641,524,461,526,424,606,Push-up
385,508,504,533,622,567,487,640,543,638,527,454,522,427,591,Push-up
385,509,502,533,624,566,483,636,539,641,526,461,522,424,594,Push-up
385,509,498,531,622,566,487,634,534,639,536,460,522,422,598,Push-up
385,509,500,529,626,567,491,633,531,638,531,454,518,422,610,Push-up
385,508,503,533,629,568,489,635,535,641,526,460,519,424,599,Push-up
384,507,504,534,625,566,486,636,539,639,533,459,525,429,578,Push-up
385,509,500,538,624,562,486,630,541,637,528,451,519,422,592,Push-up
388,523,493,533,622,563,489,631,546,639,522,458,509,417,613,Push-up
386,515,495,534,623,566,490,636,554,637,535,462,515,430,590,Push-up
383,507,506,538,623,568,486,641,557,637,532,460,515,445,557,Push-up
383,503,507,537,621,564,490,630,556,637,527,459,518,450,550,Push-up
388,509,499,531,624,560,495,628,554,643,511,460,518,444,559,Push-up
388,515,496,529,625,563,498,632,555,640,532,468,521,449,562,Push-up
385,527,503,534,624,566,492,636,559,636,555,471,516,453,574,Push-up
381,515,497,538,622,564,489,629,559,644,539,470,508,459,567,Push-up
384,516,498,537,617,562,486,622,552,627,563,460,510,446,575,Push-up
393,528,498,530,617,560,489,631,545,620,581,458,528,428,600,Push-up
392,546,489,530,622,559,493,628,546,631,557,460,524,455,572,Push-up
393,541,489,530,624,566,497,636,546,631,551,457,514,457,569,Push-up
398,543,490,525,620,568,502,642,548,628,559,457,524,427,604,Push-up
386,537,486,528,623,571,495,633,550,623,581,462,517,441,609,Push-up
393,562,492,534,622,575,493,631,550,621,586,469,505,425,627,Push-up
395,556,487,534,617,574,487,636,551,636,553,462,527,428,623,Push-up
392,543,475,533,616,572,488,635,547,628,577,468,529,436,619,Push-up
397,559,477,530,626,571,494,634,545,616,594,461,526,438,622,Push-up
405,579,478,523,628,569,497,637,550,625,585,471,534,444,616,Push-up
389,546,482,518,625,570,503,637,549,622,583,470,512,441,622,Push-up
392,551,488,513,619,570,510,636,541,619,586,465,506,443,644,Push-up
397,568,478,515,623,576,507,643,535,620,586,466,526,454,634,Push-up
392,566,489,514,624,581,508,636,525,611,603,472,539,448,631,Push-up
395,566,497,505,621,572,512,630,521,618,581,462,539,451,636,Push-up
400,558,476,499,620,566,513,635,530,620,591,472,529,456,634,Push-up
403,566,475,499,622,569,522,640,534,613,598,468,522,448,646,Push-up
401,561,489,498,623,575,525,634,537,611,601,469,527,447,652,Push-up
391,546,489,502,618,585,522,631,542,613,598,470,526,446,643,Push-up
391,553,496,503,618,594,522,630,549,612,595,464,533,442,637,Push-up
398,575,481,503,620,590,521,651,561,615,593,465,539,446,635,Push-up
401,597,479,506,627,580,516,644,559,614,594,471,536,450,629,Push-up
398,559,482,506,626,571,524,632,558,613,589,466,526,448,625,Push-up
401,555,478,504,628,559,523,640,553,614,594,469,532,445,630,Push-up
405,560,471,507,625,549,522,635,553,613,596,470,537,447,637,Push-up
400,560,476,512,624,548,524,632,553,613,595,468,535,448,633,Push-up
398,563,483,513,633,548,521,639,547,616,589,468,529,445,631,Push-up
398,565,481,512,628,550,515,635,541,614,594,472,537,449,630,Push-up
400,565,483,514,631,555,513,636,536,614,596,468,540,453,637,Push-up
398,560,486,514,634,560,517,638,535,615,595,470,533,449,624,Push-up
393,559,488,504,623,566,512,639,539,612,603,476,525,442,614,Push-up
395,556,489,507,616,570,511,633,539,610,600,470,533,442,616,Push-up
401,566,473,514,611,577,511,637,543,608,599,466,534,444,610,Push-up
401,577,474,510,629,589,514,638,551,611,599,469,527,442,611,Push-up
403,571,476,511,618,590,512,645,557,619,591,470,533,443,615,Push-up
403,566,474,514,615,582,511,641,552,617,591,471,526,453,619,Push-up
406,570,475,513,616,576,512,627,542,616,589,468,529,448,610,Push-up
409,580,468,513,623,574,502,631,535,621,581,464,533,438,610,Push-up
400,566,475,515,618,571,499,632,528,619,585,459,534,450,605,Push-up
400,570,481,514,620,574,503,636,528,613,593,464,526,448,613,Push-up
401,573,478,512,623,576,507,640,535,617,592,472,531,446,608,Push-up
399,568,483,512,617,580,505,642,543,619,596,475,525,441,594,Push-up
399,567,474,515,619,586,508,640,536,613,597,470,535,425,613,Push-up
403,563,469,515,623,582,508,638,533,609,597,462,538,435,614,Push-up
405,560,467,516,623,579,502,642,532,613,598,472,527,436,615,Push-up
405,558,463,514,615,574,499,645,534,619,588,470,528,439,609,Push-up
401,553,467,522,613,575,502,638,534,619,593,475,525,433,609,Push-up
402,568,461,523,620,569,504,621,534,619,592,474,527,431,611,Push-up
403,562,461,519,629,562,503,621,539,618,589,471,535,440,607,Push-up
398,559,469,520,632,559,498,632,542,624,581,467,527,435,604,Push-up
400,561,474,525,624,562,505,632,545,629,574,468,522,434,606,Push-up
397,544,480,525,627,571,505,643,546,630,577,473,528,440,613,Push-up
393,563,479,522,629,576,501,638,549,626,575,465,523,431,605,Push-up
400,559,471,522,620,567,496,629,558,629,567,463,523,424,599,Push-up
394,556,479,521,616,569,499,630,565,631,568,467,525,434,600,Push-up
392,550,487,523,619,574,507,635,563,633,560,464,520,434,599,Push-up
390,544,487,526,624,580,509,637,559,631,567,463,521,431,600,Push-up
386,533,492,524,623,574,502,639,562,632,555,458,526,433,600,Push-up
386,541,496,522,615,565,500,636,561,633,557,461,523,440,600,Push-up
386,547,499,527,619,567,504,633,563,635,553,464,519,437,595,Push-up
386,538,497,527,624,568,507,628,562,638,545,465,518,437,589,Push-up
384,516,492,527,621,569,505,630,560,642,543,470,526,441,585,Push-up
386,520,499,520,630,566,506,634,564,644,532,471,520,437,585,Push-up
386,533,504,521,626,560,507,633,569,642,527,465,509,438,588,Push-up
387,535,508,522,624,565,508,633,566,639,532,459,516,440,579,Push-up
384,510,508,522,622,569,508,631,557,639,525,458,521,434,577,Push-up
384,509,512,520,625,570,506,633,550,640,521,459,524,433,586,Push-up
386,509,501,526,631,568,499,636,548,637,522,453,524,433,580,Push-up
385,489,508,532,630,567,494,642,550,637,508,458,524,419,570,Push-up
386,511,502,532,623,556,490,633,547,638,492,457,521,411,586,Push-up
386,516,496,537,619,553,488,622,547,638,503,454,519,424,595,Push-up
385,507,500,542,620,561,484,625,547,639,514,455,523,412,583,Push-up
384,506,505,546,619,566,480,634,551,641,520,459,528,405,577,Push-up
384,509,503,543,614,570,481,630,553,637,519,453,526,416,588,Push-up
386,511,497,540,620,572,483,626,553,637,512,453,520,424,587,Push-up
384,512,499,540,620,573,483,632,555,639,512,457,519,416,578,Push-up
384,513,505,538,620,569,483,635,556,640,517,458,523,418,586,Push-up
386,511,507,538,624,566,488,630,555,639,518,456,524,422,594,Push-up
386,502,501,542,625,563,488,632,557,639,519,458,528,412,589,Push-up
385,506,504,538,621,559,485,637,557,639,519,456,526,411,589,Push-up
385,512,501,536,621,557,488,632,550,639,517,455,528,413,598,Push-up
384,516,500,535,622,560,488,631,544,641,521,459,523,417,600,Push-up
384,513,503,536,627,564,488,640,541,641,522,458,521,414,586,Push-up
384,513,505,533,625,567,486,642,536,643,522,461,524,418,580,Push-up
385,513,504,527,623,568,487,637,530,640,527,459,520,424,591,Push-up
385,510,503,525,627,570,488,636,528,640,530,461,522,422,580,Push-up
383,508,507,529,624,572,484,632,528,640,536,464,522,424,568,Push-up
383,509,510,530,621,571,484,628,530,640,535,459,515,438,566,Push-up
386,506,505,528,625,569,487,626,535,638,535,457,520,448,552,Push-up
387,506,499,524,624,569,492,629,540,636,541,462,525,439,553,Push-up
383,516,505,527,620,572,495,632,543,638,530,461,513,443,566,Push-up
388,531,503,529,618,576,493,635,548,643,527,467,524,436,571,Push-up
384,536,499,534,617,579,491,637,552,639,549,476,520,433,575,Push-up
384,539,502,540,619,575,491,634,553,633,565,466,516,428,588,Push-up
391,544,486,537,621,563,487,628,559,635,558,464,517,442,582,Push-up
389,538,482,537,615,561,490,630,562,631,563,461,515,447,576,Push-up
393,548,491,532,622,555,497,630,562,630,553,453,514,439,579,Push-up
399,553,480,525,631,553,502,628,564,637,550,464,528,442,591,Push-up
392,535,478,526,626,560,507,634,561,626,573,461,527,443,605,Push-up
395,552,480,527,628,565,507,636,558,628,568,458,520,442,613,Push-up
396,560,481,523,622,564,495,638,562,616,599,467,522,438,614,Push-up
388,531,484,524,613,568,497,637,554,625,583,469,520,426,624,Push-up
395,562,481,524,619,569,502,631,543,624,582,468,517,432,625,Push-up
403,582,478,524,624,572,500,632,540,633,569,473,518,440,622,Push-up
393,562,484,519,628,572,499,637,540,621,592,475,524,444,626,Push-up
402,564,478,513,627,567,504,641,540,622,585,471,528,448,625,Push-up
401,560,473,509,623,566,511,634,541,621,584,473,523,451,634,Push-up
404,567,477,507,622,569,513,632,538,622,584,469,527,448,633,Push-up
403,570,477,503,623,575,513,633,541,622,588,473,529,449,628,Push-up
399,576,471,504,615,583,518,638,542,615,601,479,527,451,628,Push-up
397,562,481,497,614,590,520,641,539,617,593,472,527,447,633,Push-up
400,562,483,494,620,595,518,642,540,618,589,471,525,449,639,Push-up
400,562,478,496,622,596,515,639,540,618,589,467,527,447,638,Push-up
400,563,480,501,616,586,516,633,540,610,599,463,535,442,633,Push-up
399,565,481,503,621,576,517,628,541,612,597,468,535,445,630,Push-up
399,565,478,507,623,571,516,630,541,615,588,465,527,448,626,Push-up
400,564,479,508,622,568,517,641,541,615,592,468,523,449,627,Push-up
400,573,475,506,621,565,518,641,543,611,602,472,521,456,630,Push-up
397,565,487,505,622,565,522,633,543,614,598,475,528,452,632,Push-up
396,556,485,505,624,563,523,629,546,617,592,473,533,446,634,Push-up
397,567,482,504,626,561,529,632,551,617,590,471,534,447,635,Push-up
397,561,487,505,627,561,529,634,556,615,596,473,534,447,636,Push-up
394,566,486,503,626,562,528,640,564,616,596,473,533,449,633,Push-up
395,565,489,500,621,564,532,638,567,613,595,466,521,447,625,Push-up
399,560,482,503,622,569,535,630,562,615,594,468,523,446,628,Push-up
402,560,480,503,629,573,530,633,559,613,595,467,538,448,615,Push-up
403,568,471,502,630,567,525,641,559,611,596,464,528,432,614,Push-up
400,572,474,500,629,560,529,634,558,612,593,463,525,442,619,Push-up
402,572,479,507,636,563,525,633,565,616,588,465,517,442,622,Push-up
403,568,478,509,629,568,521,635,568,615,588,459,529,442,621,Push-up
406,569,477,508,616,573,520,627,571,615,582,458,532,438,614,Push-up
410,574,471,514,612,576,515,632,571,619,580,460,518,444,605,Push-up
411,575,465,512,612,580,519,633,561,622,583,466,517,437,601,Push-up
411,585,468,505,626,594,515,640,553,619,588,468,518,431,596,Push-up
400,566,481,507,626,594,505,641,546,618,592,467,534,442,602,Push-up
396,567,483,512,621,585,501,623,534,615,589,460,528,438,605,Push-up
403,572,478,509,615,573,502,621,527,617,589,466,519,434,613,Push-up
401,568,482,509,605,566,501,627,526,614,590,461,524,440,603,Push-up
398,565,485,516,612,576,515,634,522,608,601,462,518,443,606,Push-up
393,559,494,514,622,581,521,632,525,612,598,468,526,444,602,Push-up
390,569,502,514,620,566,513,648,550,616,594,469,535,431,595,Push-up
393,569,498,514,615,554,505,638,565,612,598,466,519,426,613,Push-up
397,567,486,523,626,555,523,625,566,611,597,465,521,440,622,Push-up
395,551,479,522,630,565,527,621,566,611,598,471,530,428,600,Push-up
396,557,485,522,634,565,516,644,571,613,595,469,525,415,603,Push-up
399,563,489,525,625,558,511,648,574,616,592,474,520,414,601,Push-up
400,561,468,528,612,561,509,634,564,622,591,482,533,418,596,Push-up
399,556,469,526,624,575,503,636,554,621,587,476,526,416,608,Push-up
400,557,472,527,637,582,499,640,551,623,584,473,524,421,599,Push-up
401,553,457,522,623,579,498,624,552,625,586,480,525,426,601,Push-up
400,558,464,517,613,578,497,636,543,623,585,474,527,425,604,Push-up
395,550,476,521,617,587,498,635,527,621,584,469,521,429,601,Push-up
396,547,476,525,629,584,498,629,526,624,580,470,530,420,592,Push-up
390,546,478,521,619,569,498,642,534,621,583,468,530,423,591,Push-up
388,545,480,519,624,564,496,639,530,620,579,464,520,426,600,Push-up
390,543,478,527,618,562,499,633,525,626,575,468,522,424,592,Push-up
388,529,483,530,631,571,495,640,521,624,579,470,519,419,593,Push-up
388,541,488,528,619,566,496,633,527,624,579,468,528,420,599,Push-up
389,529,482,524,616,570,495,630,530,630,574,471,532,427,598,Push-up
387,522,485,532,621,571,496,636,539,635,566,476,529,422,590,Push-up
386,529,485,532,623,570,495,633,550,636,561,478,524,426,582,Push-up
388,527,490,530,625,573,495,639,557,640,553,476,522,426,589,Push-up
389,526,490,529,617,582,501,636,556,643,544,480,521,424,596,Push-up
391,512,485,529,620,579,502,625,549,639,549,475,524,428,579,Push-up
385,514,491,524,622,571,494,632,552,638,548,470,522,425,574,Push-up
383,518,504,524,620,566,498,635,558,636,549,460,523,430,576,Push-up
382,511,502,530,625,566,506,635,553,637,554,467,531,431,580,Push-up
381,506,502,526,632,561,505,638,547,640,542,471,534,423,587,Push-up
385,500,515,530,628,561,497,636,551,640,531,466,525,415,578,Push-up
386,499,509,531,614,561,499,632,546,640,536,462,524,412,585,Push-up
382,507,506,530,615,564,496,635,540,639,543,463,533,416,591,Push-up
381,494,514,534,627,568,492,634,539,639,541,460,542,412,586,Push-up
384,490,518,540,623,566,488,640,545,639,538,459,539,415,572,Push-up
382,487,515,537,620,560,489,637,550,638,542,457,534,420,570,Push-up
385,497,514,534,627,557,493,626,553,636,543,455,533,416,588,Push-up
398,485,519,535,629,563,492,629,554,637,534,457,536,415,576,Push-up
395,472,513,540,624,572,490,640,553,639,530,456,536,413,567,Push-up
387,489,515,533,618,573,490,636,552,640,529,459,534,417,578,Push-up
396,482,508,533,617,571,488,632,549,639,526,458,528,420,585,Push-up
400,477,512,537,627,574,487,629,545,637,517,454,529,406,583,Push-up
386,488,516,539,627,573,483,634,545,641,506,457,531,404,582,Push-up
379,496,512,536,620,570,483,631,545,639,521,457,528,417,581,Push-up
384,488,510,536,618,567,487,630,542,638,522,456,525,421,583,Push-up
387,488,511,538,627,563,490,635,542,639,507,456,522,410,582,Push-up
380,502,509,538,626,558,487,634,545,639,509,456,520,409,583,Push-up
383,499,513,536,621,559,490,637,543,639,519,455,523,415,585,Push-up
385,495,514,536,624,559,493,632,541,639,519,457,527,413,592,Push-up
385,501,509,539,626,557,493,632,546,638,515,454,525,410,589,Push-up
384,495,509,539,627,555,491,634,556,638,518,454,521,412,582,Push-up
384,501,513,542,625,552,493,638,563,640,516,457,521,409,576,Push-up
385,497,513,543,627,552,492,636,560,640,512,457,524,412,572,Push-up
385,497,507,544,627,552,490,632,557,640,511,457,520,410,575,Push-up
385,507,506,543,621,557,487,635,554,640,517,457,521,410,578,Push-up
385,507,503,543,614,563,486,634,549,640,523,459,528,408,584,Push-up
387,501,503,542,613,569,484,635,544,640,528,460,528,411,586,Push-up
386,503,506,540,619,573,483,636,541,640,527,458,524,413,584,Push-up
386,504,506,539,624,578,481,631,541,640,522,458,525,410,591,Push-up
386,499,509,534,621,578,484,630,541,640,517,458,526,413,593,Push-up
384,499,508,531,619,577,487,629,542,640,520,459,524,412,587,Push-up
384,506,509,530,621,577,488,633,542,640,523,456,526,408,592,Push-up
386,501,507,530,624,576,490,637,539,640,525,459,529,413,588,Push-up
386,500,504,531,623,573,495,638,535,640,523,461,523,412,587,Push-up
384,508,508,528,623,568,495,633,534,640,521,459,520,413,588,Push-up
384,504,507,528,624,565,496,633,535,640,520,458,525,416,585,Push-up
384,503,507,526,624,567,497,632,532,641,518,460,525,416,586,Push-up
384,504,507,527,626,567,499,635,537,641,524,461,525,411,586,Push-up
384,503,507,529,626,567,494,642,545,640,525,460,526,410,581,Push-up
384,506,504,532,623,566,494,636,550,640,520,459,527,409,581,Push-up
386,507,503,534,622,564,494,634,552,640,523,459,524,412,582,Push-up
384,502,506,539,623,565,492,631,556,640,525,457,522,409,570,Push-up
384,504,507,539,625,566,488,630,558,640,522,460,519,418,560,Push-up
385,509,505,539,619,568,490,632,554,640,520,460,520,429,555,Push-up
386,502,503,535,622,569,490,635,551,638,520,458,521,435,553,Push-up
389,491,503,535,624,568,493,637,549,638,513,459,526,439,555,Push-up
382,520,500,535,619,566,493,636,551,644,506,466,529,454,546,Push-up
377,507,508,536,617,564,493,632,550,640,531,467,517,456,541,Push-up
386,521,503,530,621,562,495,632,548,635,545,470,520,443,561,Push-up
390,526,502,528,620,564,496,631,550,632,573,472,526,456,560,Push-up
383,521,498,533,626,573,495,633,553,632,565,461,516,446,567,Push-up
398,512,499,528,622,570,494,630,555,634,566,467,519,438,589,Push-up
398,543,474,523,610,570,496,629,548,627,582,474,518,453,588,Push-up
395,543,469,528,621,575,497,634,538,632,558,462,522,443,593,Push-up
408,569,472,522,624,572,497,637,538,628,558,452,522,444,597,Push-up
396,536,479,524,623,569,502,635,541,615,588,462,506,433,617,Push-up
395,555,472,530,631,568,509,634,546,620,589,467,522,424,639,Push-up
399,566,470,530,625,560,501,632,553,626,588,475,540,438,637,Push-up
395,558,471,535,624,559,497,635,563,622,593,475,531,430,636,Push-up
397,559,477,531,624,557,499,637,565,621,584,462,528,425,644,Push-up
404,572,464,522,614,550,500,639,567,617,592,466,520,445,650,Push-up
407,574,464,517,623,564,509,634,559,615,594,466,528,445,655,Push-up
407,569,471,512,635,575,515,639,552,614,591,460,529,441,649,Push-up
400,550,473,503,627,573,511,640,549,611,602,468,522,445,662,Push-up
390,544,486,508,607,574,512,637,532,610,601,465,533,439,646,Push-up
393,578,471,507,622,597,515,643,513,609,599,463,541,434,649,Push-up
393,568,484,496,625,591,511,637,509,609,593,458,543,439,652,Push-up
395,553,483,493,618,577,509,625,525,608,594,454,538,439,647,Push-up
396,552,480,495,624,583,516,636,535,604,604,457,534,441,652,Push-up
398,554,478,500,623,587,515,649,534,609,598,459,533,441,637,Push-up
400,571,475,501,616,595,514,644,532,612,599,465,529,441,628,Push-up
398,560,478,505,612,585,519,644,528,611,594,458,528,471,653,Push-up
395,550,480,496,618,576,514,637,535,605,605,464,528,460,631,Push-up
398,564,484,508,628,581,512,634,550,606,603,463,531,442,610,Push-up
398,562,480,508,615,582,515,637,557,609,598,462,531,443,597,Push-up
398,565,477,512,616,577,523,633,554,612,596,462,532,440,602,Push-up
402,571,475,503,618,579,515,642,550,611,599,467,521,455,616,Push-up
402,568,475,507,631,589,517,646,548,611,596,462,522,453,612,Push-up
402,568,474,515,623,589,514,645,550,613,590,459,527,440,630,Push-up
404,576,476,515,614,585,508,627,553,612,592,459,526,466,624,Push-up
404,572,474,516,616,581,499,627,552,607,595,458,522,449,605,Push-up
406,576,473,513,607,581,483,638,546,613,596,466,527,438,616,Push-up
404,571,475,524,595,575,491,635,524,616,591,461,523,455,626,Push-up
404,564,466,519,611,563,498,631,514,616,587,463,520,456,609,Push-up
406,573,469,519,640,563,491,629,523,616,587,462,526,452,603,Push-up
401,561,471,523,637,560,495,637,535,619,586,462,515,446,611,Push-up
404,566,471,517,614,552,505,639,534,619,587,463,519,456,620,Push-up
,,,,,,,,,,,,,,,
427,580,513,619,492,513,371,478,525,597,549,462,510,397,560,Push-up
445,601,542,637,502,521,380,492,538,615,562,475,522,409,576,Push-up
463,599,565,644,505,523,383,496,542,622,564,481,528,412,581,Push-up
467,608,569,648,503,523,384,496,544,627,566,485,532,414,584,Push-up
471,606,565,648,501,523,384,496,544,629,568,485,532,414,584,Push-up
476,599,561,648,503,523,385,496,544,631,566,487,534,414,584,Push-up
478,606,559,646,503,525,386,498,544,631,564,487,534,416,581,Push-up
483,627,557,646,503,525,386,498,544,631,562,489,532,414,578,Push-up
485,613,547,644,506,524,386,502,545,631,564,484,530,411,583,Push-up
485,599,535,645,506,525,383,500,544,633,564,484,528,411,581,Push-up
491,599,534,647,508,524,385,498,544,635,561,484,528,409,581,Push-up
492,609,542,647,507,523,386,497,546,638,561,484,528,408,581,Push-up
491,640,547,646,507,524,386,497,546,642,559,484,528,408,579,Push-up
487,649,556,645,507,526,386,499,545,646,560,485,528,407,578,Push-up
482,641,546,645,507,526,384,500,543,646,561,485,529,406,579,Push-up
481,637,537,645,505,526,384,500,542,646,556,483,530,406,579,Push-up
475,609,525,645,505,526,384,500,543,646,552,481,531,407,577,Push-up
473,610,509,645,505,526,384,497,544,644,553,480,533,402,578,Push-up
474,633,497,645,505,526,384,497,544,643,552,480,533,404,577,Push-up
476,622,490,645,504,526,384,497,544,642,547,477,531,408,576,Push-up
478,615,481,645,504,526,384,498,544,641,542,475,529,407,576,Push-up
479,625,478,645,504,526,384,499,543,641,541,474,529,406,576,Push-up
482,631,478,645,505,526,384,499,543,640,543,474,528,407,576,Push-up
484,631,478,645,506,526,385,499,543,638,546,476,529,407,575,Push-up
484,626,477,646,506,526,385,499,543,637,546,477,529,407,575,Push-up
485,627,476,646,507,526,384,498,543,636,546,477,529,407,575,Push-up
484,629,476,646,507,527,384,498,543,636,548,477,529,406,576,Push-up
482,633,475,646,507,528,384,498,543,637,548,476,529,405,577,Push-up
482,643,474,646,507,528,384,497,543,637,549,477,529,407,577,Push-up
480,638,474,646,507,528,384,498,543,637,551,477,529,408,577,Push-up
481,630,477,646,507,528,384,498,543,637,550,477,529,409,576,Push-up
483,627,478,646,507,528,384,498,543,637,549,477,529,407,577,Push-up
483,637,475,646,507,528,384,498,543,637,548,477,529,407,578,Push-up
484,647,472,646,507,528,384,498,543,637,548,476,528,408,578,Push-up
484,638,471,646,508,528,384,497,543,638,549,476,528,409,577,Push-up
483,626,469,645,508,528,384,497,542,639,550,476,528,405,579,Push-up
482,632,468,645,508,528,384,497,542,639,550,474,528,403,579,Push-up
482,636,467,645,508,528,384,497,542,639,551,473,528,405,580,Push-up
482,635,470,645,507,528,384,497,542,639,550,473,528,405,581,Push-up
483,635,472,645,508,528,384,498,542,640,550,473,528,405,581,Push-up
483,631,470,645,507,528,384,498,542,640,550,473,527,407,579,Push-up
483,631,467,645,507,529,384,497,542,640,550,473,529,407,582,Push-up
483,635,466,645,507,529,384,497,542,639,550,473,529,409,582,Push-up
482,629,469,645,507,529,385,497,542,636,550,473,528,410,582,Push-up
482,623,474,645,507,529,385,496,542,633,549,473,529,412,582,Push-up
482,613,478,645,507,529,385,495,542,628,549,473,529,414,580,Push-up
485,601,479,645,508,529,385,496,542,624,548,470,529,414,580,Push-up
486,580,481,645,508,529,385,496,542,619,544,469,529,418,580,Push-up
488,556,485,643,508,529,387,499,541,613,542,469,528,429,577,Push-up
489,541,486,641,506,526,384,492,541,609,537,465,525,430,569,Push-up
484,530,481,644,498,525,386,490,542,604,537,465,524,434,568,Push-up
481,535,481,647,494,524,389,495,543,601,538,465,525,439,570,Push-up
481,535,481,643,506,527,384,504,544,600,537,464,527,439,575,Push-up
481,529,479,640,515,531,388,501,550,600,537,463,527,435,580,Push-up
477,553,459,640,518,533,393,490,555,602,535,461,526,429,582,Push-up
462,559,449,643,520,533,381,502,548,603,535,461,531,431,585,Push-up
456,550,467,645,520,537,389,513,550,603,535,461,534,438,589,Push-up
440,561,477,642,528,537,387,527,545,603,535,459,529,440,588,Push-up
416,581,461,645,534,537,384,529,540,605,535,458,526,440,589,Push-up
392,584,437,643,533,539,382,524,539,609,540,458,525,440,591,Push-up
374,567,436,641,531,538,387,520,546,617,544,456,525,435,593,Push-up
363,555,449,641,531,539,385,521,547,628,553,452,525,435,599,Push-up
356,558,461,640,535,537,387,517,551,639,551,452,527,435,610,Push-up
346,571,462,640,537,533,385,518,550,648,546,456,530,435,622,Push-up
335,572,463,644,537,533,386,516,552,656,544,460,537,439,623,Push-up
330,564,465,644,536,538,387,520,552,661,550,461,542,443,609,Push-up
327,552,463,639,538,541,387,519,555,666,549,459,541,446,607,Push-up
324,543,457,638,541,542,388,519,558,665,543,459,534,455,611,Push-up
330,541,460,638,551,542,388,521,560,660,539,462,533,465,615,Push-up
346,530,480,638,582,555,391,521,562,653,541,466,537,471,622,Push-up
370,513,492,623,654,571,391,521,563,649,541,463,539,474,625,Push-up
380,512,481,631,689,563,387,523,562,650,541,458,538,476,628,Push-up
383,515,465,633,686,547,387,527,562,653,539,459,536,480,629,Push-up
386,517,467,631,670,521,387,530,562,651,535,463,535,485,629,Push-up
382,509,474,619,649,502,389,529,562,649,523,463,535,490,625,Push-up
380,501,476,610,628,493,392,534,560,643,517,467,536,493,626,Push-up
380,501,478,608,612,492,388,532,561,643,519,467,535,498,631,Push-up
386,504,483,604,598,496,395,533,567,653,516,463,534,504,631,Push-up
391,502,479,593,591,507,394,537,562,652,522,471,534,507,630,Push-up
398,500,480,593,565,511,394,537,563,651,527,468,534,510,628,Push-up
400,493,482,593,534,505,397,535,569,648,525,464,529,520,625,Push-up
396,484,483,583,519,506,389,542,563,647,525,459,531,524,626,Push-up
394,483,488,577,533,512,393,538,564,648,527,456,531,525,621,Push-up
398,491,486,572,558,523,394,542,563,646,566,477,530,525,615,Push-up
414,498,545,579,586,542,394,554,558,643,587,477,528,526,615,Push-up
374,455,510,597,597,552,399,539,563,650,545,437,526,528,618,Push-up
259,525,504,615,578,540,391,551,557,698,399,520,528,534,616,Push-up
294,521,428,632,605,556,378,553,554,656,506,455,531,535,642,Push-up
334,550,438,684,687,602,388,553,558,650,522,442,543,549,645,Push-up
339,551,448,646,565,577,389,550,558,655,542,449,532,552,638,Push-up
379,545,483,632,604,572,383,552,550,668,532,437,519,549,641,Push-up
388,532,494,604,608,550,383,559,557,713,499,423,517,543,638,Push-up
381,518,482,597,629,527,396,562,560,680,509,437,510,530,642,Push-up
386,513,482,594,610,523,405,562,564,649,518,456,503,533,641,Push-up
381,512,478,594,600,530,406,557,566,638,519,471,517,534,635,Push-up
378,509,478,597,596,557,405,560,565,639,515,470,525,532,629,Push-up
383,511,485,597,588,595,410,626,583,644,513,465,524,525,632,Push-up
390,511,493,598,602,607,427,736,583,644,514,467,519,522,637,Push-up
396,509,496,597,609,591,449,808,551,640,516,463,518,516,631,Push-up
399,509,496,589,614,562,476,822,503,638,519,460,518,511,623,Push-up
394,505,494,583,618,537,460,750,497,641,516,463,519,510,612,Push-up
398,501,493,578,614,534,448,676,533,641,519,464,522,518,608,Push-up
398,512,492,576,610,553,440,623,546,644,514,467,519,525,612,Push-up
391,514,491,573,607,571,446,595,542,644,514,471,512,531,620,Push-up
388,510,479,570,606,574,458,579,541,646,516,471,511,531,617,Push-up
347,510,444,569,610,562,469,575,533,643,518,468,514,528,608,Push-up
375,518,451,563,614,545,474,587,526,644,518,469,514,519,621,Push-up
384,518,464,572,614,526,475,593,520,642,522,469,530,527,634,Push-up
384,526,474,579,609,529,478,617,519,640,522,466,518,516,631,Push-up
386,526,472,578,608,549,468,606,522,639,528,459,518,511,623,Push-up
390,526,469,574,611,568,462,601,533,640,534,456,519,510,612,Push-up
390,524,470,571,612,574,454,603,555,641,529,462,522,518,608,Push-up
390,525,470,569,612,568,453,625,569,640,532,460,519,525,612,Push-up
390,522,471,574,611,562,443,593,574,642,527,464,512,531,620,Push-up
390,523,469,579,612,551,435,561,570,642,526,467,511,531,617,Push-up
390,522,467,577,614,539,422,529,552,640,525,462,514,528,608,Push-up
391,524,465,574,614,533,411,531,540,639,527,457,514,519,621,Push-up
392,523,468,572,618,534,384,530,546,639,526,458,530,527,634,Push-up
391,524,467,574,610,541,364,727,549,640,527,458,535,529,624,Push-up
390,522,467,585,606,557,395,722,630,640,529,457,522,528,622,Push-up
388,524,466,590,628,583,461,609,509,640,531,454,512,528,629,Push-up
388,523,465,568,686,605,431,681,540,638,534,450,510,527,633,Push-up
390,523,461,537,721,599,467,654,578,635,536,447,514,529,631,Push-up
396,521,458,553,701,587,463,656,597,635,531,449,519,535,631,Push-up
403,527,453,544,654,592,449,642,591,633,533,447,524,530,631,Push-up
406,534,447,539,601,575,451,620,587,634,534,447,525,523,630,Push-up
405,535,446,557,527,539,461,613,564,633,543,447,525,521,623,Push-up
404,538,446,552,492,508,443,600,562,636,540,449,520,521,610,Push-up
401,534,443,576,481,491,430,605,554,640,538,441,520,523,612,Push-up
401,534,443,621,500,498,436,615,546,635,541,443,520,525,621,Push-up
406,537,441,646,619,532,446,620,543,636,544,446,523,526,622,Push-up
411,532,436,633,736,571,463,607,567,637,541,445,526,519,627,Push-up
410,527,438,584,642,535,448,612,583,636,538,446,521,508,616,Push-up
399,520,443,560,619,539,449,609,588,635,532,444,517,495,610,Push-up
391,517,439,595,634,554,443,598,579,636,527,448,520,488,614,Push-up
371,444,411,587,611,564,438,604,562,633,507,454,524,494,626,Push-up
359,393,417,586,596,566,433,598,562,638,530,466,533,506,624,Push-up
374,497,425,583,592,563,433,598,569,648,523,478,546,509,631,Push-up
433,554,484,591,603,554,440,608,567,638,525,472,544,508,643,Push-up
494,629,556,588,609,552,447,617,555,633,521,462,536,509,652,Push-up
384,471,491,574,617,547,452,609,554,640,522,457,528,508,652,Push-up
346,541,437,568,617,547,453,607,560,637,526,466,524,503,638,Push-up
398,516,440,574,608,551,459,608,579,633,530,464,527,495,624,Push-up
407,591,418,582,605,554,455,606,594,636,529,453,524,481,615,Push-up
405,541,439,582,604,557,451,604,592,639,539,457,526,474,611,Push-up
408,531,441,579,608,557,449,613,574,631,538,457,523,473,608,Push-up
401,531,441,572,611,557,456,622,561,627,543,446,527,473,610,Push-up
406,536,441,564,619,556,463,623,561,629,549,446,534,474,605,Push-up
404,534,442,562,623,556,464,620,567,624,564,447,537,477,590,Push-up
413,539,430,560,618,555,463,614,575,627,559,445,550,476,586,Push-up
411,534,434,559,617,555,472,616,574,623,563,439,542,471,591,Push-up
416,545,428,557,618,553,477,618,577,615,579,434,509,475,596,Push-up
418,549,427,552,620,551,480,618,579,621,580,441,511,485,604,Push-up
418,551,428,548,623,554,480,623,576,623,576,444,537,497,607,Push-up
421,555,436,546,622,556,483,626,571,623,572,447,540,499,601,Push-up
420,557,432,547,628,548,485,625,568,620,581,450,526,498,591,Push-up
417,565,434,548,635,546,488,628,566,620,576,450,520,493,591,Push-up
418,567,434,543,626,555,491,628,565,621,573,445,515,494,604,Push-up
422,566,432,538,627,555,494,628,569,617,573,444,517,500,604,Push-up
417,564,436,537,626,558,493,631,567,616,575,438,516,501,603,Push-up
417,556,434,539,623,561,494,627,570,616,578,440,513,500,622,Push-up
416,562,437,534,627,567,497,627,571,615,577,439,525,506,634,Push-up
416,562,436,536,629,575,493,632,570,615,576,440,523,502,643,Push-up
416,561,435,537,627,579,492,633,567,616,578,442,515,506,641,Push-up
416,562,438,536,624,585,488,631,561,617,576,443,519,513,640,Push-up
417,561,434,537,625,587,484,629,559,616,574,441,521,510,648,Push-up
418,567,434,539,620,587,483,629,555,615,574,438,516,515,653,Push-up
418,563,435,538,626,589,487,620,558,614,574,435,518,512,663,Push-up
416,557,432,539,629,583,488,626,560,616,575,437,509,518,673,Push-up
415,559,438,536,628,575,484,626,568,619,575,442,510,522,673,Push-up
422,558,433,537,618,578,489,616,584,616,572,435,511,517,672,Push-up
423,555,428,540,609,576,487,619,597,618,567,437,513,516,673,Push-up
422,559,429,544,603,575,490,621,608,617,578,438,513,515,669,Push-up
421,555,429,550,606,575,483,621,602,618,569,435,511,512,668,Push-up
423,554,425,561,613,565,474,620,586,616,568,430,517,514,668,Push-up
422,548,426,565,625,558,468,612,568,615,563,427,515,515,665,Push-up
415,543,429,569,616,546,464,616,555,618,557,429,518,512,659,Push-up
411,540,435,573,618,540,461,620,550,622,559,437,516,511,651,Push-up
407,538,436,573,613,544,459,620,555,626,557,442,514,514,645,Push-up
402,533,442,571,607,552,462,617,565,628,551,445,516,513,642,Push-up
404,532,443,573,606,561,464,615,572,630,544,449,515,511,637,Push-up
403,528,444,569,604,566,466,616,578,633,546,446,518,513,639,Push-up
401,519,449,568,610,567,464,613,579,639,535,451,523,506,634,Push-up
401,509,452,568,614,565,461,612,575,643,524,461,519,498,634,Push-up
401,515,451,570,613,561,463,611,574,639,517,462,518,497,632,Push-up
399,513,454,572,609,556,466,612,574,632,512,466,522,495,630,Push-up
398,519,449,572,610,551,466,612,577,633,522,470,527,488,620,Push-up
401,526,445,571,611,550,466,612,580,637,525,460,527,480,611,Push-up
403,526,447,570,611,550,467,612,581,639,537,451,523,477,608,Push-up
401,530,445,566,611,551,465,612,577,635,543,451,518,477,600,Push-up
400,531,442,568,610,553,466,615,573,633,557,447,514,479,585,Push-up
404,542,445,567,612,557,468,615,572,630,568,453,517,479,579,Push-up
408,552,441,566,614,558,469,615,574,627,566,450,522,481,577,Push-up
408,544,440,561,614,558,472,615,578,621,572,447,520,481,569,Push-up
412,546,437,556,617,558,478,620,577,621,570,443,519,482,563,Push-up
419,558,435,551,620,558,485,620,576,618,571,438,524,481,563,Push-up
419,563,433,546,623,559,490,620,576,618,579,446,525,480,566,Push-up
415,565,436,543,626,562,492,624,576,623,578,455,527,478,573,Push-up
412,560,438,539,626,565,493,625,578,620,580,452,529,480,580,Push-up
417,555,435,538,625,569,493,624,576,619,580,450,519,488,578,Push-up
418,558,434,536,628,571,496,623,582,616,577,441,519,485,583,Push-up
422,560,431,535,626,572,498,622,585,614,577,440,518,485,593,Push-up
421,567,430,531,629,573,499,620,574,620,578,446,522,488,603,Push-up
417,561,433,532,628,573,498,626,592,617,580,445,524,494,610,Push-up
420,558,433,539,627,570,495,625,589,615,578,442,525,495,628,Push-up
420,556,433,538,623,570,492,622,586,614,579,442,522,503,639,Push-up
420,557,432,542,623,569,490,624,580,614,579,443,520,504,642,Push-up
423,563,428,542,625,568,490,627,575,616,581,445,521,503,648,Push-up
422,558,429,544,626,567,491,627,573,617,579,447,526,509,647,Push-up
423,561,429,546,626,566,486,625,573,617,581,444,523,505,654,Push-up
423,559,429,546,625,563,486,621,573,618,577,445,519,508,663,Push-up
422,561,430,548,624,560,486,619,576,617,576,444,523,515,665,Push-up
425,563,428,548,622,559,488,622,580,616,579,442,517,510,668,Push-up
425,565,427,546,623,560,491,624,581,615,581,441,530,505,667,Push-up
424,562,430,545,622,563,490,624,579,617,575,442,518,508,662,Push-up
424,560,427,545,623,565,488,624,578,617,574,440,518,507,663,Push-up
422,557,428,548,622,566,485,623,578,620,571,440,519,510,663,Push-up
421,557,430,550,619,566,480,623,575,620,571,444,517,506,663,Push-up
420,553,430,553,617,565,476,620,575,621,569,443,519,500,657,Push-up
415,555,432,557,614,564,474,618,575,625,565,448,521,501,653,Push-up
415,548,432,560,613,564,473,619,576,627,564,447,518,506,651,Push-up
418,547,428,562,613,563,471,617,578,630,549,445,517,508,650,Push-up
407,540,437,562,615,563,470,616,578,633,549,451,516,503,644,Push-up
408,535,437,562,615,565,470,615,577,637,550,454,515,496,644,Push-up
408,531,438,562,615,567,469,618,573,635,547,452,513,503,640,Push-up
403,527,446,561,611,570,466,619,568,636,541,456,512,504,635,Push-up
401,522,449,561,612,573,463,616,566,636,531,457,515,495,634,Push-up
404,520,448,561,611,575,460,615,567,634,521,459,514,492,633,Push-up
401,514,448,561,608,576,460,613,567,635,521,457,512,497,630,Push-up
399,527,447,561,607,576,460,611,570,635,511,457,513,496,628,Push-up
397,522,448,562,609,575,460,611,576,631,502,447,517,491,627,Push-up
398,515,451,566,611,571,459,609,580,625,498,449,520,492,625,Push-up
395,509,457,567,608,569,455,610,577,636,506,456,517,494,617,Push-up
396,515,452,571,608,565,453,609,573,653,528,465,518,486,616,Push-up
396,518,454,572,611,560,453,610,570,646,534,468,522,484,612,Push-up
395,522,453,571,609,556,450,610,563,644,539,469,519,485,605,Push-up
398,532,448,570,609,555,449,609,559,641,539,464,518,482,598,Push-up
398,532,451,570,609,555,449,609,559,640,537,461,517,480,589,Push-up
396,527,450,570,609,559,449,608,559,637,538,466,515,479,584,Push-up
400,526,450,568,611,564,450,610,563,632,549,463,513,477,587,Push-up
405,540,444,565,614,565,455,611,569,625,552,461,516,476,591,Push-up
409,550,440,560,617,566,461,614,575,628,567,454,522,480,585,Push-up
406,541,443,553,616,567,463,613,577,629,564,458,517,476,579,Push-up
409,545,440,554,611,566,465,614,574,621,582,450,516,469,581,Push-up
410,556,440,553,614,565,470,617,573,630,572,462,518,473,586,Push-up
409,547,443,551,621,562,471,619,579,623,580,461,509,475,586,Push-up
410,556,442,550,623,561,475,621,583,624,578,455,514,468,594,Push-up
413,562,439,546,624,561,477,619,585,626,576,462,523,473,597,Push-up
415,565,440,548,620,559,479,617,586,621,576,454,518,490,585,Push-up
417,565,439,547,625,560,480,615,585,623,571,450,519,489,580,Push-up
417,562,438,544,619,564,481,619,580,620,580,455,529,476,596,Push-up
415,563,440,543,623,564,478,620,578,618,585,452,530,468,623,Push-up
416,562,439,540,622,565,480,625,577,617,582,452,520,485,626,Push-up
419,565,438,541,624,570,482,624,571,617,581,449,518,507,616,Push-up
418,566,438,534,625,573,482,622,569,615,577,443,523,491,628,Push-up
412,560,440,533,626,577,482,625,567,615,581,447,530,492,621,Push-up
413,563,439,534,626,578,482,623,569,615,587,451,526,495,628,Push-up
413,559,440,538,624,575,482,625,570,616,587,454,519,494,637,Push-up
419,560,436,541,627,570,484,623,574,614,584,448,514,500,643,Push-up
417,561,438,541,626,561,484,623,582,617,580,450,513,501,648,Push-up
415,560,438,545,624,559,483,623,586,619,579,453,517,509,648,Push-up
415,559,439,544,624,559,483,620,587,619,581,449,519,502,642,Push-up
417,561,438,543,625,564,482,620,585,619,579,452,518,503,639,Push-up
416,564,436,543,623,567,482,620,581,619,579,451,519,505,650,Push-up
416,563,437,543,623,569,481,620,576,619,579,449,515,507,654,Push-up
415,559,436,543,623,569,481,621,575,619,578,448,519,507,657,Push-up
414,556,440,543,623,566,480,620,576,620,578,449,518,507,660,Push-up
417,558,437,543,622,565,479,619,577,622,578,453,522,507,663,Push-up
417,554,435,546,622,566,479,618,577,622,577,451,522,506,661,Push-up
416,560,436,547,620,566,479,618,580,623,577,449,521,505,658,Push-up
417,559,434,550,620,566,475,616,581,625,573,450,518,503,652,Push-up
418,556,433,553,620,564,473,617,580,625,571,449,517,502,651,Push-up
412,550,438,557,620,563,470,615,579,627,565,450,514,508,648,Push-up
407,544,444,558,619,560,469,615,578,629,561,453,518,504,647,Push-up
406,544,446,559,618,556,466,614,580,629,559,449,521,501,644,Push-up
403,543,447,562,615,553,466,612,581,628,559,450,522,503,641,Push-up
401,542,449,564,613,553,466,614,580,630,557,454,520,504,637,Push-up
400,543,450,565,613,553,464,612,581,635,550,458,516,498,632,Push-up
399,539,450,566,613,554,463,610,581,637,546,459,519,498,632,Push-up
402,541,449,566,615,555,463,610,580,636,546,459,522,500,629,Push-up
399,536,450,566,615,557,462,612,576,637,537,460,521,495,628,Push-up
399,536,451,566,615,560,462,612,576,639,531,458,519,489,627,Push-up
396,529,453,566,614,561,460,612,575,639,527,460,519,489,624,Push-up
396,527,455,567,610,563,459,612,573,640,521,464,521,488,619,Push-up
396,521,455,568,609,564,458,610,572,641,507,468,521,484,613,Push-up
397,521,455,570,612,563,457,610,572,642,511,466,521,478,616,Push-up
397,518,457,569,611,563,456,610,572,639,510,465,521,478,619,Push-up
396,515,457,571,611,564,456,610,572,640,509,466,520,483,612,Push-up
395,518,457,571,610,564,456,610,571,642,507,466,522,478,609,Push-up
393,516,458,570,610,564,456,610,570,640,517,465,521,475,603,Push-up
396,524,455,570,609,563,456,611,570,641,522,462,520,471,598,Push-up
397,529,456,568,611,562,459,613,571,644,522,465,523,466,602,Push-up
394,522,461,568,612,561,459,613,574,642,517,467,522,468,600,Push-up
394,527,459,566,612,561,460,613,577,638,528,459,520,472,593,Push-up
393,530,460,562,614,562,465,613,578,642,529,467,525,470,585,Push-up
395,537,459,562,615,565,467,615,579,641,532,467,528,466,585,Push-up
393,537,461,560,617,567,469,614,581,638,534,462,525,459,591,Push-up
393,536,459,559,617,567,469,613,583,639,536,466,523,456,593,Push-up
392,532,461,558,615,564,471,614,582,635,552,464,525,454,597,Push-up
399,547,456,556,617,563,472,615,579,636,551,462,525,454,595,Push-up
398,543,455,554,618,563,472,615,578,631,566,456,520,453,602,Push-up
402,542,451,556,617,563,472,618,575,626,570,457,520,451,613,Push-up
404,540,450,556,617,562,472,616,575,631,558,455,519,459,605,Push-up
409,554,446,558,616,559,471,614,577,625,565,455,519,468,592,Push-up
404,552,449,557,617,556,473,615,580,630,567,462,519,468,596,Push-up
412,559,444,558,620,555,475,615,585,629,571,461,519,466,595,Push-up
412,560,443,556,621,555,476,615,588,624,575,463,519,464,601,Push-up
409,555,446,556,618,553,478,611,588,626,574,463,523,467,598,Push-up
414,568,444,553,619,555,476,612,580,624,579,457,527,476,591,Push-up
411,559,443,548,622,561,481,618,572,620,578,456,518,474,599,Push-up
417,561,442,544,626,563,482,619,569,618,581,447,514,468,606,Push-up
418,561,441,539,628,563,485,621,573,622,579,455,522,465,610,Push-up
414,563,442,537,627,563,492,620,583,622,584,459,522,462,621,Push-up
415,566,442,537,625,563,492,620,590,627,578,469,525,477,605,Push-up
414,567,441,540,622,560,492,620,596,626,579,466,527,477,613,Push-up
411,565,445,537,623,561,493,624,590,626,574,460,525,469,623,Push-up
411,554,445,534,627,564,495,623,587,619,578,455,519,476,619,Push-up
415,561,443,531,634,568,495,624,582,618,582,451,521,475,632,Push-up
415,564,443,529,634,572,495,625,581,620,579,453,524,477,635,Push-up
416,561,441,533,630,572,493,623,578,621,579,455,521,480,639,Push-up
415,563,441,537,626,568,490,621,578,624,580,462,513,484,639,Push-up
415,562,442,539,624,565,488,624,581,623,581,462,510,488,644,Push-up
417,566,442,540,626,564,490,623,583,621,578,455,517,487,652,Push-up
417,566,440,541,625,564,488,621,583,622,577,457,517,485,656,Push-up
417,568,440,541,625,566,488,620,582,622,579,456,517,491,654,Push-up
417,564,439,541,624,567,485,620,579,622,577,456,516,499,653,Push-up
416,565,439,543,622,568,483,620,575,625,576,461,516,499,654,Push-up
418,567,440,547,621,568,478,621,571,624,575,459,514,491,664,Push-up
415,564,440,548,621,567,478,620,569,624,578,454,513,496,664,Push-up
416,567,440,548,619,565,478,619,570,626,574,455,513,499,661,Push-up
415,561,441,551,619,563,478,619,573,626,574,457,518,494,659,Push-up
414,561,443,551,620,562,478,619,579,626,570,451,516,493,654,Push-up
412,559,444,551,620,563,478,618,581,626,570,450,516,492,652,Push-up
411,557,443,553,620,563,477,618,581,628,561,449,513,492,647,Push-up
411,557,443,555,618,564,476,618,580,628,556,444,514,494,644,Push-up
408,553,444,555,617,564,474,617,579,630,555,448,519,491,644,Push-up
405,548,447,558,616,563,472,616,578,630,555,451,515,494,640,Push-up
400,544,452,560,616,561,470,614,578,633,547,455,515,494,634,Push-up
397,542,454,561,615,560,467,614,578,635,545,456,519,488,632,Push-up
397,539,454,563,613,560,466,614,578,636,542,459,518,485,630,Push-up
401,542,452,564,615,562,466,614,577,638,532,461,518,487,626,Push-up
401,541,450,563,614,565,464,614,575,639,524,461,517,486,626,Push-up
402,540,449,563,615,565,464,613,573,639,527,459,516,486,624,Push-up
402,542,449,563,614,566,464,612,572,638,529,456,516,482,621,Push-up
398,536,452,564,613,566,461,612,572,641,519,462,516,477,621,Push-up
399,534,452,567,612,564,460,614,572,640,516,464,514,479,618,Push-up
397,528,454,569,610,563,459,614,569,640,510,460,517,481,613,Push-up
398,524,454,570,612,561,457,613,569,641,506,466,520,479,608,Push-up
397,520,457,570,612,561,458,612,571,641,500,468,520,478,601,Push-up
395,519,458,570,611,561,458,612,572,640,503,465,519,473,597,Push-up
396,520,458,569,612,561,460,613,575,640,505,463,519,472,597,Push-up
396,526,457,569,612,561,461,613,576,640,509,464,518,471,597,Push-up
396,529,457,568,612,561,462,613,576,640,509,461,523,467,601,Push-up
397,530,456,568,612,559,462,613,576,640,515,460,526,462,605,Push-up
397,530,456,568,611,558,463,613,577,641,512,465,523,459,604,Push-up
394,528,457,569,612,557,463,612,577,640,505,467,521,459,601,Push-up
398,539,455,569,613,556,463,612,580,639,515,461,522,459,599,Push-up
398,540,454,566,615,555,465,613,581,640,518,465,526,459,598,Push-up
398,538,456,565,615,557,466,614,581,639,523,464,524,458,598,Push-up
398,541,456,562,615,560,468,614,579,638,532,463,521,460,592,Push-up
399,537,454,560,613,562,468,614,576,637,533,468,521,459,588,Push-up
401,548,454,560,613,564,469,615,572,637,532,464,520,454,598,Push-up
404,556,450,559,615,564,470,616,571,634,553,465,520,453,602,Push-up
407,556,449,558,617,560,470,616,571,634,552,464,522,453,603,Push-up
404,551,451,559,616,558,470,616,571,633,553,464,519,453,606,Push-up
412,568,448,560,616,557,471,616,574,630,560,458,518,459,597,Push-up
407,555,448,559,618,558,470,615,577,626,571,459,518,466,587,Push-up
411,570,451,557,618,560,472,615,580,627,570,459,517,465,590,Push-up
413,563,446,554,618,564,475,617,579,626,570,455,517,465,589,Push-up
413,568,448,552,618,567,478,618,579,620,585,457,516,468,588,Push-up
416,575,447,549,618,567,478,619,576,625,575,457,516,471,587,Push-up
412,570,447,546,619,565,478,620,571,625,584,468,518,473,591,Push-up
410,566,451,545,618,566,480,622,565,626,578,466,520,468,605,Push-up
412,564,447,540,622,567,480,623,566,625,585,468,521,465,608,Push-up
410,568,450,536,622,571,489,625,568,621,584,469,526,467,611,Push-up
415,569,446,532,628,574,492,628,574,621,584,462,524,470,605,Push-up
416,568,445,533,630,576,497,626,580,624,582,468,526,473,607,Push-up
414,571,447,533,632,572,501,623,589,623,581,465,523,464,624,Push-up
414,569,447,536,633,564,497,623,592,627,580,471,517,461,631,Push-up
414,568,447,537,632,557,496,625,587,623,579,463,520,461,639,Push-up
414,569,447,536,629,559,492,627,581,622,581,461,514,461,647,Push-up
416,570,447,539,624,567,491,628,571,622,580,464,513,465,650,Push-up
415,571,447,538,621,573,489,623,570,625,579,465,514,478,645,Push-up
412,568,449,538,620,577,487,621,579,625,581,467,514,482,643,Push-up
411,568,450,540,624,577,487,620,590,625,578,464,523,483,648,Push-up
413,569,448,540,626,576,487,618,597,624,580,463,526,470,661,Push-up
412,570,449,540,622,576,488,618,595,623,579,460,521,466,665,Push-up
415,572,445,542,621,576,483,618,586,625,578,462,519,474,658,Push-up
417,571,444,546,621,574,480,619,578,624,576,460,516,475,661,Push-up
415,566,445,546,620,570,478,620,571,625,573,456,513,473,665,Push-up
416,567,441,550,617,565,475,621,567,628,571,458,515,474,657,Push-up
418,564,439,553,616,560,474,621,564,626,571,456,513,475,653,Push-up
416,566,442,556,617,555,472,622,566,626,569,452,515,475,648,Push-up
413,558,442,556,615,554,470,619,569,630,562,454,516,473,649,Push-up
416,562,441,559,616,557,470,619,570,630,561,453,518,476,645,Push-up
414,557,442,561,617,559,470,619,573,629,559,452,517,479,640,Push-up
406,548,447,562,616,560,470,617,576,630,557,452,516,479,639,Push-up
405,552,449,562,616,558,469,617,576,631,549,452,518,479,633,Push-up
402,545,450,564,615,557,465,616,573,633,548,452,519,477,630,Push-up
400,542,451,564,612,556,463,615,570,634,547,453,523,473,632,Push-up
397,540,454,566,611,556,462,613,569,633,547,453,519,472,628,Push-up
400,545,453,566,611,559,459,614,567,636,540,453,515,472,626,Push-up
399,540,453,566,611,561,458,614,565,639,535,458,517,476,625,Push-up
396,534,455,566,613,565,458,614,564,641,523,466,519,478,621,Push-up
399,533,453,566,615,566,458,615,568,642,525,466,516,478,613,Push-up
400,532,453,566,616,567,460,615,572,641,516,464,519,473,610,Push-up
398,529,455,568,612,564,463,615,574,640,510,465,519,468,610,Push-up
395,523,460,568,611,560,462,613,577,639,495,466,520,472,605,Push-up
395,518,459,569,612,558,461,613,578,639,497,467,519,472,606,Push-up
397,521,457,570,612,557,460,613,576,639,506,465,519,468,608,Push-up
399,525,456,570,612,560,460,614,572,641,511,465,523,468,608,Push-up
396,525,458,569,610,563,459,613,569,641,514,464,526,465,612,Push-up
399,534,455,568,609,564,458,614,565,641,511,464,521,475,605,Push-up
396,527,457,569,609,562,457,615,565,639,509,457,520,480,596,Push-up
398,535,455,568,612,561,459,615,566,635,534,456,521,470,590,Push-up
396,537,457,568,615,558,460,616,570,639,526,457,520,456,598,Push-up
399,539,457,568,614,558,462,615,574,635,541,457,524,465,597,Push-up
398,542,456,566,614,558,462,614,574,636,549,462,528,477,591,Push-up
401,547,456,566,613,559,463,614,574,640,541,467,527,476,589,Push-up
401,545,456,566,612,558,464,614,573,633,555,462,521,466,589,Push-up
414,568,447,564,612,557,465,615,572,630,564,459,515,459,591,Push-up
407,561,452,564,612,556,470,617,572,632,561,455,514,461,595,Push-up
414,571,448,562,615,556,468,615,572,626,572,449,519,466,595,Push-up
405,561,451,557,616,556,468,615,571,627,577,453,522,474,586,Push-up
409,569,450,557,617,560,471,619,567,624,583,462,522,474,582,Push-up
415,571,448,557,621,563,471,619,568,634,577,467,520,468,587,Push-up
416,566,445,554,622,561,475,620,572,622,584,462,518,471,589,Push-up
419,570,445,549,621,561,478,620,576,625,578,461,512,474,590,Push-up
420,573,443,547,622,561,482,621,579,623,580,458,515,475,593,Push-up
418,573,444,542,626,561,487,622,584,619,580,451,522,477,598,Push-up
409,562,447,538,627,566,485,624,582,620,585,458,522,474,605,Push-up
409,562,447,538,624,568,489,625,581,620,587,467,530,471,619,Push-up
413,569,449,540,626,568,491,623,581,622,584,465,524,472,627,Push-up
416,570,445,540,629,564,493,622,579,624,577,464,514,486,621,Push-up
418,571,444,538,633,558,494,624,579,621,578,455,515,481,630,Push-up
417,571,443,536,631,554,495,626,580,622,581,461,509,471,643,Push-up
416,569,443,537,629,555,495,626,580,623,580,463,520,489,636,Push-up
421,569,441,536,629,561,495,629,582,623,580,461,523,487,650,Push-up
417,564,443,535,628,569,495,629,582,624,580,464,519,497,647,Push-up
413,571,447,535,628,573,494,630,580,624,578,465,522,492,650,Push-up
415,572,446,538,627,575,489,625,575,624,578,463,517,488,650,Push-up
414,566,444,541,626,571,487,622,572,622,580,462,518,496,648,Push-up
414,567,444,546,625,562,482,621,570,622,582,462,522,497,658,Push-up
414,565,442,547,622,556,480,621,570,621,583,457,520,503,664,Push-up
417,570,442,549,620,555,478,621,568,624,581,461,516,499,667,Push-up
417,568,442,551,620,557,477,622,568,625,577,465,512,498,665,Push-up
418,571,444,554,620,560,475,621,570,623,581,459,512,498,657,Push-up
418,564,443,553,620,562,475,620,571,623,579,455,516,494,654,Push-up
421,567,440,554,619,563,475,620,573,625,576,455,515,495,656,Push-up
421,563,434,554,619,562,475,618,574,626,565,450,515,500,654,Push-up
420,559,432,555,619,560,475,619,578,626,564,448,513,499,652,Push-up
415,552,435,556,617,558,475,620,578,627,561,449,514,497,649,Push-up
413,550,433,557,616,557,473,618,577,630,556,446,519,497,640,Push-up
412,549,432,558,616,558,471,618,575,630,549,444,521,493,637,Push-up
409,540,432,559,618,558,471,618,572,633,548,443,516,493,633,Push-up
404,538,432,559,616,559,470,616,572,635,543,447,518,494,628,Push-up
407,528,439,562,617,559,468,616,572,637,540,448,520,490,623,Push-up
407,520,442,563,616,558,468,615,574,637,539,454,517,487,624,Push-up
403,515,447,563,614,555,469,615,575,637,536,447,515,495,620,Push-up
404,510,448,563,614,555,468,616,576,639,527,459,519,489,618,Push-up
405,509,446,563,615,555,467,616,575,638,523,455,521,481,619,Push-up
404,509,445,564,616,556,467,615,575,633,516,455,522,486,618,Push-up
410,499,446,566,615,557,466,616,573,635,517,454,520,484,618,Push-up
393,522,443,567,618,556,465,618,569,637,515,455,520,484,617,Push-up
399,515,450,567,618,553,465,615,569,638,512,458,518,483,615,Push-up
397,506,452,568,618,552,465,617,573,641,515,463,518,481,613,Push-up
394,512,453,567,617,552,466,618,574,644,528,461,518,483,610,Push-up
388,525,453,566,617,552,467,616,580,644,520,461,517,483,605,Push-up
394,516,456,566,615,553,466,615,579,645,512,471,522,480,604,Push-up
398,517,454,565,613,555,466,613,576,640,511,468,526,475,611,Push-up
396,523,454,565,621,554,466,615,573,638,521,462,521,476,616,Push-up
396,522,455,564,619,555,467,614,574,639,521,462,519,477,615,Push-up
400,522,452,564,612,558,466,614,576,640,530,462,520,473,614,Push-up
399,534,452,565,611,560,464,611,578,639,525,464,523,477,610,Push-up
398,522,452,569,609,562,464,615,578,635,533,460,523,480,607,Push-up
407,544,447,569,610,561,461,613,578,634,538,457,526,476,604,Push-up
400,539,444,569,612,561,460,614,578,635,540,456,525,467,609,Push-up
403,541,447,569,611,561,462,615,574,634,548,456,521,474,608,Push-up
401,538,449,568,614,558,462,615,569,633,550,459,517,483,597,Push-up
404,552,446,567,616,556,461,615,569,634,549,462,516,483,587,Push-up
411,558,444,564,614,557,468,617,570,631,568,457,519,476,588,Push-up
415,559,441,560,617,559,468,617,571,628,565,455,523,474,591,Push-up
417,566,438,556,617,562,472,619,572,625,568,446,520,476,595,Push-up
419,563,437,553,615,564,476,620,572,622,575,453,520,476,597,Push-up
413,559,443,553,618,564,474,620,573,625,572,449,528,480,591,Push-up
415,567,443,557,619,563,471,620,573,627,569,459,523,473,598,Push-up
421,565,437,561,619,563,474,621,575,621,577,451,523,469,605,Push-up
414,570,442,556,620,562,474,619,575,623,575,451,522,484,600,Push-up
412,566,444,551,617,562,474,618,572,619,576,447,516,497,596,Push-up
418,566,440,550,619,566,476,621,569,616,577,439,524,487,604,Push-up
416,562,441,545,622,567,477,620,566,617,576,444,529,477,618,Push-up
415,564,443,546,625,568,479,623,567,618,579,447,518,484,624,Push-up
417,567,440,545,628,568,479,624,571,622,578,454,519,496,631,Push-up
415,569,443,548,627,569,482,625,577,622,579,455,524,500,636,Push-up
416,566,441,546,625,569,484,625,581,622,576,451,519,495,635,Push-up
417,566,440,545,626,567,486,624,584,622,573,451,521,492,636,Push-up
417,566,441,545,628,565,485,623,586,622,577,452,523,493,642,Push-up
418,566,440,545,628,562,487,625,583,623,572,453,522,495,652,Push-up
415,564,441,545,631,558,486,624,582,623,574,452,527,503,657,Push-up
415,566,441,549,624,553,485,623,577,623,577,454,519,508,664,Push-up
415,564,441,550,616,550,481,621,575,623,575,452,524,510,661,Push-up
415,562,441,551,618,551,479,620,576,623,574,453,528,500,662,Push-up
413,559,441,554,623,556,477,621,576,626,573,458,522,503,660,Push-up
411,557,440,557,623,559,475,619,575,626,571,455,525,515,660,Push-up
411,562,443,557,620,563,470,617,572,625,577,449,526,510,658,Push-up
413,557,441,560,619,563,467,617,568,627,569,453,524,509,654,Push-up
415,554,438,561,618,560,468,617,569,628,565,449,519,512,651,Push-up
411,552,442,561,616,555,468,618,574,628,566,448,517,508,649,Push-up
409,548,444,562,615,550,486,624,582,631,561,454,519,507,647,Push-up
406,552,447,564,616,550,485,623,577,629,562,453,522,510,642,Push-up
402,547,450,564,616,554,481,621,575,628,557,447,525,503,641,Push-up
399,544,452,564,616,558,479,620,576,631,552,453,524,501,640,Push-up
398,541,453,564,616,560,477,621,576,635,542,456,523,505,641,Push-up
399,546,453,564,616,561,475,619,575,634,543,457,525,500,639,Push-up
398,533,453,563,617,561,470,617,572,637,533,458,525,489,633,Push-up
397,533,455,564,617,561,467,617,568,637,536,458,519,485,631,Push-up
396,523,457,565,614,561,468,617,569,639,527,460,522,493,627,Push-up
398,529,454,567,610,561,468,618,574,641,520,465,524,496,622,Push-up
396,522,456,569,611,558,470,619,577,643,522,467,524,486,618,Push-up
394,523,458,570,613,557,470,619,577,642,518,466,526,479,617,Push-up
393,516,460,571,610,557,467,616,576,640,505,467,524,479,617,Push-up
395,513,460,573,610,557,467,616,573,640,510,466,519,490,612,Push-up
395,507,462,573,611,557,466,616,569,641,508,467,521,492,605,Push-up
395,511,462,573,611,557,465,616,568,641,524,463,524,481,602,Push-up
394,517,460,571,611,556,465,619,567,640,522,462,524,479,599,Push-up
394,521,460,571,611,555,465,618,567,640,526,461,525,481,596,Push-up
392,513,463,569,611,553,464,618,568,641,517,468,523,474,595,Push-up
399,530,457,569,613,553,463,615,569,637,532,460,525,468,601,Push-up
395,534,457,565,617,555,462,612,571,639,533,460,527,470,602,Push-up
399,531,456,564,619,558,460,614,571,639,536,465,522,473,600,Push-up
402,540,453,564,616,560,457,613,569,635,543,461,521,470,593,Push-up
400,541,453,564,614,560,455,612,568,636,551,461,521,464,592,Push-up
397,529,456,564,614,557,456,613,567,633,552,458,521,462,592,Push-up
403,558,453,565,615,553,456,613,569,634,555,460,521,463,596,Push-up
401,554,454,565,615,551,457,613,569,630,566,458,523,463,600,Push-up
408,560,450,563,617,547,458,613,571,631,559,449,527,465,603,Push-up
402,558,454,562,617,546,459,613,569,627,571,456,521,474,593,Push-up
407,559,451,562,617,546,460,613,568,628,574,461,524,481,580,Push-up
416,571,446,557,620,547,462,615,568,626,567,448,531,466,595,Push-up
412,569,448,551,621,554,463,617,570,624,569,446,525,469,589,Push-up
407,571,452,548,626,561,464,617,570,626,566,447,524,475,591,Push-up
406,562,452,548,626,567,465,614,573,625,577,454,526,474,602,Push-up
412,563,448,548,624,571,465,614,574,624,581,458,522,482,598,Push-up
415,566,448,547,623,569,466,614,578,622,583,456,523,477,604,Push-up
416,574,448,548,620,562,469,616,580,621,576,457,527,463,625,Push-up
417,574,445,548,622,556,471,616,582,627,566,456,519,476,618,Push-up
416,573,446,548,626,551,473,617,581,622,573,448,523,488,619,Push-up
414,570,447,544,627,553,474,617,577,620,576,448,522,478,631,Push-up
416,568,446,544,627,562,476,619,577,620,571,444,519,476,637,Push-up
416,569,445,541,628,569,478,625,573,619,574,441,514,491,628,Push-up
414,568,446,540,628,573,479,625,571,620,573,447,518,487,634,Push-up
412,569,447,540,628,576,478,625,571,621,571,448,521,480,637,Push-up
411,568,447,542,628,573,479,625,572,621,578,448,517,479,647,Push-up
411,565,447,542,626,569,480,621,574,621,575,449,518,489,650,Push-up
412,567,447,544,625,563,482,621,575,622,576,449,518,499,654,Push-up
414,570,448,546,623,558,484,621,575,621,577,450,522,494,660,Push-up
415,566,447,546,622,557,487,622,574,623,568,450,520,480,666,Push-up
412,562,446,549,622,557,485,628,572,624,573,453,511,479,662,Push-up
411,564,449,553,622,560,485,629,567,625,576,453,509,487,661,Push-up
409,557,449,553,619,562,485,629,566,624,574,452,517,485,666,Push-up
410,563,448,553,619,564,485,629,569,625,571,450,518,483,662,Push-up
412,563,445,553,621,562,485,629,574,627,566,450,519,488,657,Push-up
410,560,448,555,625,560,485,627,577,627,564,448,518,491,654,Push-up
408,556,448,558,622,555,485,626,576,631,561,455,516,497,645,Push-up
409,551,447,561,617,552,484,623,571,632,555,456,522,488,646,Push-up
405,550,450,561,613,548,483,625,567,632,549,455,522,489,641,Push-up
401,547,455,563,613,548,482,625,563,632,547,449,523,491,638,Push-up
400,547,453,563,615,552,480,623,564,635,546,455,527,485,639,Push-up
401,543,453,563,618,556,478,623,569,637,542,460,529,484,634,Push-up
403,542,452,563,618,558,477,621,571,635,542,458,523,489,631,Push-up
400,537,453,563,617,560,474,620,571,638,534,461,524,492,630,Push-up
398,535,454,564,614,560,472,619,571,641,530,464,521,487,625,Push-up
398,542,456,565,614,557,472,619,573,642,520,465,520,482,621,Push-up
396,535,458,568,614,552,474,619,578,641,523,464,520,479,616,Push-up
395,531,458,570,614,552,474,620,580,642,516,465,524,478,617,Push-up
394,529,459,571,612,551,474,618,584,642,508,466,531,479,620,Push-up
394,525,460,573,611,551,473,617,583,641,500,468,528,486,619,Push-up
395,520,460,575,608,552,470,616,578,641,502,468,521,489,612,Push-up
395,514,462,575,609,552,469,615,573,641,502,470,520,481,607,Push-up
394,515,461,575,610,553,467,615,572,641,500,472,525,475,605,Push-up
397,528,458,575,609,555,467,616,573,639,505,467,525,479,598,Push-up
392,524,460,572,609,557,466,619,571,641,520,462,522,480,598,Push-up
395,526,458,572,610,558,466,616,573,640,512,467,525,476,600,Push-up
396,531,458,570,611,558,466,615,575,640,525,462,529,475,598,Push-up
400,545,455,570,614,558,464,614,576,642,530,465,525,471,599,Push-up
391,522,463,569,615,558,461,612,575,641,520,473,520,470,600,Push-up
398,542,457,568,615,559,459,613,573,636,542,463,518,475,597,Push-up
402,549,455,564,616,559,459,612,573,637,540,470,518,473,596,Push-up
402,552,457,564,615,560,457,611,573,636,544,464,516,471,595,Push-up
399,549,456,564,612,560,456,611,572,636,553,467,516,469,593,Push-up
405,562,453,564,611,557,456,613,571,630,564,462,523,469,597,Push-up
409,566,450,564,615,552,459,613,571,634,557,459,525,473,599,Push-up
408,560,450,564,617,548,459,613,571,630,567,463,525,473,596,Push-up
406,556,450,564,621,549,460,614,568,632,564,458,527,472,600,Push-up
414,569,448,560,622,552,460,614,568,629,572,461,518,478,598,Push-up
416,566,444,558,621,557,460,614,567,625,574,461,516,488,577,Push-up
415,570,446,553,621,559,461,615,567,627,567,452,525,477,589,Push-up
408,563,448,548,620,561,464,616,570,628,569,460,523,484,599,Push-up
412,560,447,549,625,563,464,616,571,625,577,460,522,479,602,Push-up
418,572,445,545,627,563,466,616,573,622,577,453,526,478,615,Push-up
413,568,447,545,624,563,468,616,573,623,576,456,532,479,626,Push-up
413,569,447,543,627,564,468,616,573,622,575,450,525,485,631,Push-up
418,567,442,542,625,562,468,616,573,621,574,450,518,489,628,Push-up
416,565,444,541,628,561,468,616,573,621,574,451,517,486,628,Push-up
416,569,443,540,629,562,471,620,573,620,576,450,517,489,631,Push-up
420,569,441,541,626,563,474,623,574,622,579,453,522,491,634,Push-up
418,570,443,543,623,561,477,623,575,623,575,451,522,502,638,Push-up
415,567,443,546,622,559,478,622,573,622,577,451,520,500,640,Push-up
416,571,443,548,624,558,479,623,572,621,575,449,521,505,640,Push-up
417,565,441,549,627,558,481,621,573,621,577,449,515,505,642,Push-up
419,569,441,548,628,558,484,624,574,621,574,448,518,509,645,Push-up
419,569,441,548,625,560,485,624,576,623,573,454,523,509,645,Push-up
419,571,441,548,624,561,487,623,578,625,575,457,518,511,642,Push-up
418,568,440,548,623,561,489,625,578,623,577,454,516,506,646,Push-up
414,566,444,548,623,561,489,627,575,623,574,453,521,506,655,Push-up
414,563,444,548,623,560,488,627,573,624,574,456,517,508,655,Push-up
414,561,446,550,626,559,487,624,573,624,573,451,519,511,659,Push-up
414,567,445,550,625,559,484,623,573,625,572,452,520,508,657,Push-up
415,566,443,551,622,560,483,624,573,625,568,452,518,506,654,Push-up
411,561,446,553,621,560,482,624,573,626,567,448,516,503,650,Push-up
409,561,448,553,619,559,482,624,574,626,570,450,516,508,645,Push-up
407,557,448,556,619,558,482,623,574,628,567,453,517,509,644,Push-up
408,561,449,557,619,557,482,623,574,630,561,453,522,509,646,Push-up
407,555,449,559,619,555,482,623,574,632,558,456,527,508,641,Push-up
409,561,450,562,619,555,482,622,573,630,556,451,524,510,641,Push-up
406,552,452,560,620,555,481,622,570,633,548,451,521,507,637,Push-up
401,543,453,562,621,554,480,623,568,632,558,455,525,505,634,Push-up
401,548,456,563,620,553,479,623,570,635,549,458,521,503,631,Push-up
399,542,456,563,617,553,478,621,572,638,543,462,523,505,628,Push-up
399,540,457,564,617,552,478,621,575,637,540,461,525,505,629,Push-up
398,539,456,566,617,549,476,621,576,638,531,462,525,500,626,Push-up
398,536,456,566,616,548,474,621,576,642,527,465,520,496,627,Push-up
396,533,458,568,616,548,474,619,576,640,524,462,519,496,625,Push-up
396,535,458,566,618,551,473,618,576,640,524,463,523,495,627,Push-up
395,529,458,566,614,556,472,618,575,642,518,467,523,496,624,Push-up
395,526,458,567,613,560,472,617,575,642,516,466,524,495,619,Push-up
396,528,458,569,613,561,472,619,575,643,509,470,528,490,615,Push-up
396,525,460,570,613,558,471,619,575,643,503,471,524,487,613,Push-up
396,521,461,571,613,554,470,619,573,642,504,469,524,486,613,Push-up
396,524,460,574,611,549,468,618,571,641,506,468,528,493,608,Push-up
394,524,461,574,611,548,468,617,571,642,508,471,527,491,605,Push-up
399,535,456,574,609,550,466,617,571,641,509,464,527,487,603,Push-up
398,536,456,574,609,554,466,617,571,639,516,460,527,482,605,Push-up
397,532,458,574,608,558,464,617,571,641,517,464,525,480,603,Push-up
398,534,458,572,609,559,464,616,574,640,518,463,525,478,601,Push-up
400,541,457,571,613,560,462,616,573,639,528,463,527,477,602,Push-up
399,536,459,569,613,560,462,617,574,638,531,465,523,477,603,Push-up
400,545,459,569,613,560,461,613,573,636,538,465,524,477,601,Push-up
398,544,461,565,612,561,461,611,575,637,537,466,524,477,598,Push-up
402,554,459,565,612,561,458,612,573,638,541,469,524,476,596,Push-up
400,553,459,565,613,560,457,613,571,633,555,462,524,473,600,Push-up
404,563,458,561,615,559,456,611,569,639,549,471,521,471,606,Push-up
406,567,456,564,615,558,457,614,568,634,559,463,524,470,608,Push-up
404,565,459,561,617,557,457,614,567,629,566,457,526,474,606,Push-up
409,570,454,560,617,558,455,613,563,630,560,461,521,480,594,Push-up
407,558,454,559,619,560,455,614,562,624,576,454,520,475,594,Push-up
412,571,454,554,620,561,456,617,562,626,571,456,519,479,593,Push-up
412,570,450,550,621,562,459,617,563,626,571,452,518,482,593,Push-up
410,564,452,549,621,565,463,617,565,622,577,456,526,481,601,Push-up
413,570,451,548,624,566,465,618,569,624,574,452,526,480,608,Push-up
410,563,449,548,624,566,467,617,572,623,578,456,527,487,611,Push-up
409,567,453,547,624,564,468,617,574,624,573,458,519,485,619,Push-up
411,567,453,547,628,559,468,617,573,622,578,452,517,487,618,Push-up
414,567,450,543,629,559,468,618,569,622,577,457,519,492,613,Push-up
415,572,449,541,627,558,469,620,567,623,576,456,523,489,617,Push-up
416,572,447,542,625,557,471,624,565,620,578,450,532,483,633,Push-up
416,567,446,542,625,555,474,623,565,622,574,452,522,488,636,Push-up
416,570,447,543,626,555,474,622,567,623,576,454,518,495,641,Push-up
418,570,444,543,628,558,479,625,565,623,577,456,518,497,645,Push-up
418,573,444,543,628,560,480,625,567,624,574,458,523,492,646,Push-up
415,572,445,545,627,563,478,625,571,625,576,461,524,494,642,Push-up
417,569,445,547,626,563,481,625,571,626,574,460,525,500,639,Push-up
418,569,444,547,624,561,481,626,573,625,572,459,526,500,639,Push-up
416,564,444,550,621,556,486,630,575,627,570,462,520,497,647,Push-up
416,570,445,550,621,556,490,627,577,626,574,459,521,492,658,Push-up
418,576,444,550,622,556,489,626,576,626,571,457,521,497,658,Push-up
415,573,447,550,623,557,489,627,572,628,569,459,516,497,658,Push-up
415,567,446,549,623,558,489,627,571,626,573,458,517,491,656,Push-up
412,559,446,549,621,560,489,627,572,627,571,458,520,488,651,Push-up
412,563,446,549,621,563,489,628,575,629,573,460,521,488,650,Push-up
408,562,448,551,622,567,486,627,575,629,570,459,517,492,645,Push-up
409,563,448,553,622,570,483,625,575,629,571,457,514,495,645,Push-up
407,561,449,552,619,572,483,624,574,627,571,456,515,495,643,Push-up
406,558,450,554,620,571,482,624,574,627,566,453,511,496,642,Push-up
405,549,449,557,622,566,482,624,573,627,566,451,516,497,638,Push-up
402,548,452,560,619,561,482,625,571,627,566,449,513,493,637,Push-up
400,548,452,562,617,556,482,626,569,627,560,449,511,492,637,Push-up
399,551,451,564,613,554,482,626,565,631,548,449,512,499,634,Push-up
396,546,451,563,613,556,480,626,564,633,550,454,516,505,632,Push-up
394,527,449,563,613,560,479,625,564,636,545,457,519,500,629,Push-up
391,530,426,563,616,561,475,625,564,638,537,459,522,490,629,Push-up
395,492,476,563,616,558,473,626,563,637,536,460,525,491,632,Push-up
402,506,462,564,616,555,473,623,561,637,535,456,523,503,634,Push-up
404,495,462,566,616,551,472,621,558,642,524,465,524,501,629,Push-up
389,516,460,568,615,549,469,621,557,640,535,463,524,486,620,Push-up
390,517,457,570,610,549,468,623,559,641,523,464,525,484,625,Push-up
393,515,456,572,610,548,468,619,564,642,529,465,523,492,619,Push-up
392,511,460,572,613,547,467,618,569,643,524,464,521,487,614,Push-up
393,503,462,572,615,548,466,618,571,643,513,468,520,486,610,Push-up
396,505,460,572,613,548,466,618,571,643,510,471,523,486,607,Push-up
394,505,462,571,613,549,466,618,571,641,503,471,526,487,599,Push-up
393,509,460,569,616,549,466,617,571,639,517,463,529,482,596,Push-up
394,518,457,569,618,549,466,617,569,646,515,466,528,479,606,Push-up
394,518,459,569,615,549,466,616,569,646,504,478,520,480,602,Push-up
393,513,461,569,613,549,466,615,570,637,514,466,526,475,603,Push-up
395,526,456,568,618,549,465,615,573,639,513,467,533,476,608,Push-up
393,518,457,566,620,549,463,614,573,638,517,463,531,477,608,Push-up
397,529,455,562,617,554,460,614,574,637,522,466,526,476,604,Push-up
400,525,453,562,616,557,459,615,573,642,533,459,526,476,600,Push-up
404,541,448,562,617,557,460,616,571,640,539,455,528,480,596,Push-up
400,547,451,561,616,556,460,616,570,641,533,457,528,482,592,Push-up
403,542,449,563,616,554,461,615,571,636,540,453,529,473,601,Push-up
402,550,453,561,618,554,464,614,574,635,550,454,525,472,609,Push-up
402,547,450,558,620,555,464,613,574,635,549,454,521,477,603,Push-up
405,557,448,555,620,560,464,614,574,631,563,451,528,483,589,Push-up
406,551,445,555,620,562,464,616,573,633,558,448,530,481,594,Push-up
418,562,439,554,620,561,466,617,573,629,563,449,527,480,595,Push-up
418,561,437,553,622,558,468,619,573,626,559,445,519,480,597,Push-up
418,563,438,555,623,553,468,618,573,626,556,443,518,478,605,Push-up
417,567,439,555,624,553,469,617,572,624,566,447,519,481,614,Push-up
417,571,440,553,625,554,469,616,572,627,558,446,525,487,611,Push-up
414,566,442,549,624,558,470,618,572,619,565,438,526,489,605,Push-up
411,559,444,545,624,562,470,618,572,618,572,438,524,490,608,Push-up
416,562,439,542,623,567,470,621,571,618,572,432,523,487,617,Push-up
415,561,440,542,623,570,473,622,570,620,574,441,516,486,629,Push-up
418,563,437,543,627,567,473,621,567,620,569,440,512,491,637,Push-up
421,566,437,544,629,560,473,621,567,620,566,436,514,495,639,Push-up
419,567,438,545,631,554,476,621,567,623,564,443,523,498,640,Push-up
415,566,441,545,628,550,476,622,570,623,568,445,528,500,637,Push-up
418,566,441,545,628,553,478,625,573,621,568,439,526,493,638,Push-up
419,565,439,546,626,558,479,625,574,623,566,446,514,503,637,Push-up
415,568,443,546,624,561,479,625,573,624,565,446,519,501,645,Push-up
416,569,442,547,624,561,480,624,568,624,567,445,519,504,653,Push-up
416,565,443,547,623,561,479,624,562,624,562,447,522,502,661,Push-up
417,564,440,547,623,560,481,626,559,624,566,446,523,505,663,Push-up
414,564,442,552,624,557,482,628,559,625,566,447,527,505,659,Push-up
415,562,442,553,622,556,486,628,566,626,576,451,521,508,661,Push-up
414,557,442,553,620,559,489,627,576,624,568,447,517,508,659,Push-up
411,558,445,553,621,561,489,626,586,626,570,446,516,508,653,Push-up
411,557,444,553,621,566,488,626,589,627,568,452,514,509,649,Push-up
405,552,447,556,622,568,487,625,583,628,564,449,513,511,649,Push-up
404,554,449,556,619,565,485,625,577,627,563,446,519,506,643,Push-up
405,556,447,556,617,561,482,626,572,631,551,448,516,506,643,Push-up
403,548,449,561,618,555,483,628,567,629,556,448,517,508,642,Push-up
403,553,451,562,618,551,483,627,565,629,550,445,520,504,639,Push-up
399,541,453,561,614,556,479,622,565,633,543,451,521,504,639,Push-up
398,537,453,562,617,560,477,622,565,636,543,456,526,501,636,Push-up
398,538,453,562,619,562,477,621,566,635,541,453,532,499,634,Push-up
398,534,453,562,617,562,473,623,564,637,540,460,528,497,632,Push-up
397,531,453,564,618,556,472,623,561,637,538,463,527,494,630,Push-up
398,531,453,568,616,548,472,623,561,639,529,464,527,493,627,Push-up
396,524,453,570,615,543,472,622,564,639,530,459,519,494,626,Push-up
396,526,454,570,615,541,471,619,566,639,524,460,514,490,625,Push-up
396,520,454,573,613,542,471,619,571,641,518,461,522,492,621,Push-up
397,519,455,573,612,547,471,619,576,641,515,466,521,492,614,Push-up
397,519,455,573,612,551,469,620,575,640,515,462,520,491,610,Push-up
396,517,457,572,613,553,468,621,570,641,513,464,526,486,610,Push-up
397,516,456,572,613,555,466,620,566,641,511,466,527,485,607,Push-up
399,515,453,572,613,555,466,619,566,641,515,463,527,486,603,Push-up
399,521,452,571,613,554,466,617,567,641,518,464,529,484,599,Push-up
397,525,453,571,613,552,466,615,573,640,520,462,532,481,601,Push-up
395,521,456,571,613,551,466,615,575,640,523,462,530,479,600,Push-up
398,526,452,573,613,551,466,615,575,641,521,462,528,476,600,Push-up
397,526,452,570,614,551,463,614,576,640,528,461,528,474,603,Push-up
397,529,453,568,616,552,461,614,575,638,532,467,525,474,602,Push-up
399,537,452,568,616,554,460,613,574,639,533,462,523,474,600,Push-up
397,535,454,564,616,555,460,613,572,637,538,462,523,475,598,Push-up
401,543,453,562,614,558,460,614,570,636,544,464,524,474,598,Push-up
402,542,452,562,615,559,460,615,568,633,555,458,526,472,599,Push-up
404,551,449,562,617,559,460,616,569,635,552,456,525,468,605,Push-up
403,549,451,562,618,558,460,613,569,631,564,458,527,471,606,Push-up
407,555,449,560,619,557,460,613,569,632,562,459,527,475,602,Push-up
408,558,447,559,621,554,460,613,569,635,559,461,525,475,601,Push-up
407,562,450,559,623,551,461,615,569,629,570,459,523,479,596,Push-up
411,567,447,557,624,550,463,617,570,632,566,459,520,481,590,Push-up
413,561,444,557,619,554,464,617,571,623,573,452,522,477,596,Push-up
414,566,444,553,618,556,465,617,573,624,573,453,522,481,602,Push-up
417,564,440,551,620,559,466,617,572,620,574,449,520,483,606,Push-up
417,562,441,548,624,559,467,617,569,616,577,441,519,482,609,Push-up
416,565,441,544,629,559,467,617,567,618,579,444,524,481,614,Push-up
417,562,440,546,626,560,467,618,567,615,582,443,526,488,614,Push-up
416,570,442,546,627,558,469,619,567,616,580,445,524,492,613,Push-up
416,564,440,546,625,555,473,620,567,616,578,447,523,492,615,Push-up
417,565,441,547,626,553,474,621,571,614,579,439,523,490,620,Push-up
416,566,441,543,628,551,474,621,572,615,580,442,518,488,627,Push-up
418,566,440,545,628,551,475,621,572,617,581,449,518,488,640,Push-up
418,569,440,544,628,552,477,621,570,617,581,446,510,505,637,Push-up
418,568,441,540,627,556,476,623,568,619,576,448,517,503,640,Push-up
420,567,439,541,631,563,479,624,569,617,580,445,524,491,640,Push-up
418,564,438,540,633,564,480,626,572,619,571,446,521,493,641,Push-up
417,567,441,540,629,565,482,626,572,622,577,449,517,500,643,Push-up
417,571,441,542,627,561,483,624,572,620,576,449,519,500,650,Push-up
416,569,441,542,626,556,482,623,572,621,572,449,524,501,658,Push-up
415,563,442,544,624,552,484,623,572,621,577,452,524,503,664,Push-up
415,566,441,549,624,552,487,623,576,622,575,449,519,501,664,Push-up
414,563,444,550,623,553,487,624,578,624,575,453,515,500,660,Push-up
417,565,442,551,623,555,487,625,578,626,574,454,521,500,659,Push-up
419,561,438,552,623,556,487,625,577,623,572,447,516,506,656,Push-up
418,564,439,552,623,556,486,628,573,624,568,446,512,507,652,Push-up
412,564,443,555,622,556,488,628,572,628,566,454,517,502,651,Push-up
411,565,446,557,619,556,490,626,573,628,570,453,519,504,648,Push-up
410,563,447,558,620,555,488,624,576,628,563,450,516,509,647,Push-up
406,551,447,556,621,555,488,623,577,629,563,452,518,508,644,Push-up
406,552,445,557,621,558,487,622,575,631,559,454,518,504,641,Push-up
404,549,449,561,622,560,482,623,572,631,555,452,515,505,636,Push-up
404,551,451,562,619,560,480,626,569,633,554,455,518,505,637,Push-up
400,542,453,562,616,559,480,625,569,636,544,459,519,500,631,Push-up
400,538,453,562,616,554,477,622,569,633,545,454,517,500,631,Push-up
397,536,454,563,617,551,476,622,572,636,540,453,521,498,631,Push-up
395,537,456,565,615,553,476,621,575,637,538,461,521,495,631,Push-up
395,533,455,566,614,554,476,621,576,639,536,462,521,495,630,Push-up
400,536,453,567,611,554,473,620,573,637,530,460,524,496,631,Push-up
398,532,453,567,611,557,473,618,572,641,517,464,524,498,625,Push-up
398,529,454,571,614,555,471,618,570,642,516,466,523,491,620,Push-up
397,525,456,572,615,551,469,618,568,642,513,467,524,487,616,Push-up
397,522,458,573,611,546,467,620,567,640,516,467,522,490,612,Push-up
396,518,460,573,612,546,466,619,567,639,513,463,525,491,605,Push-up
396,518,459,571,614,546,467,618,568,639,513,463,527,487,601,Push-up
397,524,457,568,612,552,467,619,569,641,519,464,524,482,603,Push-up
398,528,456,567,614,558,467,619,571,640,517,464,523,480,599,Push-up
398,532,455,567,613,561,465,615,573,641,525,464,528,479,600,Push-up
394,524,457,567,613,562,462,614,572,642,525,469,524,478,605,Push-up
397,528,456,568,614,558,462,614,571,640,529,464,521,476,599,Push-up
399,538,454,569,617,553,462,614,570,636,540,460,527,472,602,Push-up
400,536,454,569,617,551,462,615,572,638,539,463,530,474,600,Push-up
399,542,456,569,613,551,462,615,574,636,543,463,526,476,593,Push-up
404,551,452,566,613,550,461,614,573,635,544,459,523,477,594,Push-up
398,541,454,566,615,550,461,614,571,634,551,459,520,477,597,Push-up
408,568,453,565,616,551,461,616,571,635,553,465,523,477,597,Push-up
408,560,450,562,616,555,461,617,570,630,563,458,530,476,597,Push-up
412,573,450,561,616,556,461,617,568,633,557,456,532,477,599,Push-up
409,565,448,558,617,556,461,617,567,631,566,459,531,480,594,Push-up
411,570,449,559,619,555,461,615,567,629,567,459,530,478,595,Push-up
412,572,452,558,621,555,461,615,569,628,570,459,526,477,602,Push-up
415,566,446,557,621,556,463,615,572,624,577,459,524,480,598,Push-up
415,563,446,553,622,557,465,615,573,620,577,452,524,483,601,Push-up
422,577,444,548,622,557,465,615,574,618,575,442,522,485,605,Push-up
418,572,444,544,623,559,467,617,574,619,573,448,521,487,605,Push-up
419,571,444,547,626,561,468,617,572,616,578,441,522,484,612,Push-up
421,572,442,544,628,562,471,620,571,618,581,444,522,486,624,Push-up
418,569,443,544,626,565,472,619,571,617,580,449,517,493,628,Push-up
418,569,443,544,628,568,472,617,572,614,582,440,516,493,628,Push-up
415,563,444,544,630,567,472,618,572,614,582,444,513,498,621,Push-up
414,566,446,544,630,564,472,621,572,618,579,448,517,498,618,Push-up
416,569,444,549,630,558,473,623,570,618,578,447,523,498,630,Push-up
417,572,443,548,630,551,478,625,570,617,579,446,529,505,643,Push-up
416,572,443,548,628,548,480,624,570,617,576,446,520,505,652,Push-up
414,568,444,547,626,549,481,623,568,617,582,447,517,502,660,Push-up
412,562,445,547,626,553,483,624,566,618,582,448,518,506,664,Push-up
410,565,447,546,624,556,483,625,563,620,575,448,523,506,664,Push-up
412,560,445,545,625,561,482,625,565,618,581,449,528,504,662,Push-up
412,559,446,550,626,562,482,628,568,619,580,449,531,509,662,Push-up
411,556,445,551,625,555,483,629,571,622,573,448,526,513,664,Push-up
413,563,444,554,622,550,485,627,571,623,569,449,524,506,661,Push-up
408,560,446,557,619,549,482,626,571,623,574,453,519,503,657,Push-up
408,558,448,559,619,549,482,625,573,625,571,452,522,508,652,Push-up
408,553,448,558,619,551,486,625,578,626,572,456,523,509,650,Push-up
406,552,448,559,620,552,488,625,581,626,571,455,523,510,647,Push-up
405,548,447,559,623,553,488,623,580,630,564,456,526,509,641,Push-up
404,547,450,559,621,557,485,622,579,630,563,456,524,505,634,Push-up
401,552,453,560,618,558,484,624,576,631,556,455,522,501,635,Push-up
402,549,452,562,617,557,483,625,572,629,547,450,528,505,637,Push-up
400,544,453,563,617,553,479,620,570,635,550,457,527,500,634,Push-up
398,539,455,565,617,552,478,619,572,636,547,463,527,500,635,Push-up
399,535,454,567,618,551,478,619,577,639,537,464,529,496,633,Push-up
396,527,455,567,620,552,476,619,581,639,534,463,525,495,629,Push-up
400,533,452,566,616,556,476,617,582,637,537,462,524,498,629,Push-up
399,531,450,563,614,561,476,617,580,640,528,466,531,496,624,Push-up
398,527,455,566,614,563,475,617,578,640,523,468,524,492,623,Push-up
396,522,458,567,615,560,472,619,575,642,514,471,522,492,623,Push-up
397,522,456,572,613,554,472,621,572,641,516,467,524,490,622,Push-up
397,522,457,573,612,548,470,620,569,640,513,467,526,488,621,Push-up
397,522,457,573,611,544,469,620,569,640,516,465,526,488,614,Push-up
397,524,456,576,610,544,468,620,569,640,521,465,526,490,607,Push-up
396,525,457,576,610,545,466,618,569,641,522,465,528,487,605,Push-up
397,528,455,575,610,548,465,618,569,640,525,461,535,487,596,Push-up
397,529,455,574,611,552,465,617,569,640,527,463,531,482,595,Push-up
398,533,455,572,613,554,464,617,567,641,525,465,527,479,595,Push-up
400,534,455,569,615,553,464,617,567,635,539,459,527,479,592,Push-up
399,537,455,565,615,554,461,615,566,638,536,465,529,477,590,Push-up
401,547,455,565,614,555,461,613,566,639,541,469,529,475,594,Push-up
399,541,457,565,615,555,461,613,568,638,547,470,529,474,594,Push-up
401,546,455,564,617,552,459,613,571,637,552,470,524,473,594,Push-up
400,556,456,564,617,550,459,612,572,637,553,469,524,470,601,Push-up
402,551,453,564,618,549,458,612,574,633,561,467,526,472,603,Push-up
411,565,449,564,618,549,458,613,575,636,552,463,527,473,599,Push-up
410,560,448,561,618,549,458,614,573,632,562,458,522,475,597,Push-up
410,565,450,558,619,552,460,615,572,626,565,449,523,474,599,Push-up
413,564,447,555,620,556,460,615,572,626,567,448,525,478,600,Push-up
407,562,453,554,621,559,463,615,572,628,569,456,521,480,596,Push-up
406,562,453,551,624,562,463,615,572,625,573,454,521,482,598,Push-up
411,564,447,550,625,565,466,615,572,622,574,451,525,485,599,Push-up
413,571,449,547,625,564,467,616,573,620,580,451,529,483,607,Push-up
416,572,446,546,621,562,468,617,574,619,578,448,527,485,612,Push-up
417,571,445,547,623,558,469,618,574,619,577,449,522,484,619,Push-up
420,571,443,546,628,554,472,616,574,621,577,448,520,485,621,Push-up
419,573,443,544,629,555,472,616,573,621,579,451,522,488,629,Push-up
413,567,447,544,628,559,473,619,572,622,580,458,520,496,628,Push-up
414,569,448,543,629,561,473,623,570,621,578,452,515,497,623,Push-up
417,570,446,542,630,562,474,625,566,619,573,445,516,500,620,Push-up
416,573,447,540,632,562,474,625,566,619,574,445,518,496,627,Push-up
412,570,448,543,632,559,476,625,564,618,577,445,521,498,643,Push-up
410,570,450,544,628,557,479,623,564,618,582,448,519,503,652,Push-up
411,572,449,544,625,558,481,622,566,619,580,449,515,498,658,Push-up
413,567,446,544,625,561,482,623,566,618,578,447,519,499,663,Push-up
410,562,450,544,625,563,485,624,568,620,575,447,519,501,661,Push-up
407,561,451,545,625,565,486,627,573,621,579,452,519,500,660,Push-up
412,564,447,547,626,566,488,629,578,623,575,453,522,502,661,Push-up
415,565,446,547,623,565,489,627,581,623,575,455,518,506,661,Push-up
414,563,446,548,621,562,489,626,580,625,573,455,511,507,663,Push-up
413,562,445,551,622,559,491,626,578,625,572,452,515,504,660,Push-up
415,564,442,555,624,554,491,626,576,626,571,452,517,506,653,Push-up
411,558,445,557,624,549,487,627,574,629,573,459,518,504,648,Push-up
405,554,448,561,616,547,486,626,572,629,568,460,513,502,643,Push-up
402,553,452,564,614,548,483,625,567,631,556,455,515,507,645,Push-up
402,550,453,565,617,551,483,624,565,630,560,453,520,508,642,Push-up
403,546,452,563,620,555,483,626,568,633,552,456,526,500,639,Push-up
401,542,451,563,619,559,482,627,571,636,550,460,522,503,637,Push-up
401,541,452,561,616,561,482,625,572,632,554,456,516,503,638,Push-up
398,537,454,561,616,561,479,621,568,635,542,457,519,505,634,Push-up
395,530,456,563,617,558,479,621,567,638,540,463,523,500,634,Push-up
395,529,457,565,619,555,479,622,570,640,535,465,521,495,632,Push-up
397,532,455,567,615,553,477,624,572,640,534,466,520,494,627,Push-up
403,538,449,570,611,553,474,622,573,642,523,470,523,493,623,Push-up
399,525,453,571,611,549,470,619,570,642,518,468,521,491,622,Push-up
396,521,457,572,611,546,467,616,568,640,518,464,523,490,619,Push-up
395,517,458,572,615,547,466,617,567,640,517,464,524,488,615,Push-up
395,516,458,572,615,549,466,617,567,640,518,464,523,485,614,Push-up
397,519,454,571,611,554,466,619,566,643,507,470,524,489,606,Push-up
397,519,454,571,610,556,468,621,566,641,516,466,524,486,603,Push-up
397,525,454,571,613,555,467,620,568,641,521,464,528,483,603,Push-up
395,518,456,571,614,555,466,618,572,641,516,467,529,482,602,Push-up
398,526,455,571,614,555,465,616,574,640,518,467,524,478,603,Push-up
396,531,457,572,614,553,464,616,574,640,525,464,522,478,601,Push-up
392,522,459,571,614,551,463,615,571,642,522,468,527,478,599,Push-up
396,532,455,568,614,551,461,612,571,639,533,467,530,477,595,Push-up
398,544,455,568,616,552,459,613,571,638,538,463,530,474,596,Push-up
394,534,457,565,614,555,458,615,570,638,539,465,526,473,601,Push-up
397,534,456,565,613,557,458,614,570,635,548,463,524,476,600,Push-up
402,547,453,564,614,558,458,614,570,634,552,459,528,474,603,Push-up
404,550,450,564,614,556,458,613,570,633,558,455,529,473,603,Push-up
402,547,452,564,614,556,458,614,568,634,559,459,526,475,600,Push-up
407,558,449,564,611,554,458,615,568,630,564,455,525,476,600,Push-up
414,563,444,564,614,554,458,616,568,630,565,459,525,481,596,Push-up
418,568,443,563,620,553,459,614,569,624,571,451,525,483,588,Push-up
418,575,444,562,623,549,461,615,570,626,571,453,526,479,593,Push-up
421,575,442,558,622,547,462,616,572,629,564,453,523,480,592,Push-up
419,573,442,555,624,547,464,616,573,621,573,446,523,483,590,Push-up
412,567,445,550,629,551,465,616,572,622,573,449,525,483,593,Push-up
410,568,447,545,625,560,463,615,569,618,577,444,523,481,604,Push-up
411,562,445,540,622,572,463,614,568,620,578,449,517,484,613,Push-up
415,568,444,538,626,576,463,615,567,619,577,444,519,483,614,Push-up
416,570,444,537,627,574,464,615,567,620,574,445,521,483,621,Push-up
417,567,439,540,630,567,464,619,567,619,575,446,525,486,632,Push-up
419,569,439,541,631,557,469,620,567,617,577,443,526,493,639,Push-up
419,565,439,542,630,550,472,619,572,620,574,446,521,495,639,Push-up
421,569,438,543,635,548,475,620,575,619,573,445,516,497,641,Push-up
424,571,437,542,635,552,479,621,576,621,571,444,516,504,639,Push-up
422,562,437,542,631,557,482,622,577,625,568,452,516,503,641,Push-up
422,565,438,542,626,558,482,626,574,623,579,448,512,506,647,Push-up
419,562,438,543,626,558,482,628,565,620,569,447,514,507,655,Push-up
416,572,441,543,625,558,481,628,557,624,558,446,521,509,659,Push-up
419,572,437,547,626,558,483,628,555,624,559,442,525,505,668,Push-up
420,568,437,547,627,558,488,629,561,619,569,438,526,511,664,Push-up
418,566,440,547,622,562,488,627,571,621,572,446,524,507,664,Push-up
413,558,439,552,620,565,492,626,580,621,571,447,519,507,662,Push-up
412,550,440,553,621,561,492,626,584,622,572,447,519,507,657,Push-up
415,556,439,556,620,557,493,627,585,626,571,451,513,508,655,Push-up
414,556,437,557,621,552,491,627,583,625,568,449,513,508,648,Push-up
408,554,441,561,620,548,490,627,579,627,559,447,519,512,643,Push-up
412,555,443,559,617,549,490,627,574,627,570,454,518,506,642,Push-up
411,546,441,558,616,554,488,626,573,632,555,454,515,505,637,Push-up
409,548,444,558,620,558,485,626,571,631,561,456,517,504,637,Push-up
407,549,442,559,625,558,481,626,570,635,549,457,524,505,637,Push-up
406,546,445,560,626,554,478,625,565,633,553,454,525,500,637,Push-up
401,542,449,560,621,549,474,626,557,636,545,458,528,498,633,Push-up
398,536,451,562,615,548,470,624,552,640,541,467,527,497,631,Push-up
399,532,452,564,618,547,469,622,556,638,547,465,523,493,629,Push-up
397,533,451,568,620,545,470,621,565,637,542,460,525,492,629,Push-up
397,534,451,568,618,546,470,620,573,642,526,466,529,495,630,Push-up
395,528,454,572,615,549,470,617,578,643,529,472,529,498,627,Push-up
396,527,454,572,612,552,470,616,576,645,520,475,524,497,626,Push-up
397,528,454,571,612,554,470,616,571,643,513,473,524,492,622,Push-up
399,525,452,571,615,555,472,620,571,640,514,467,525,487,615,Push-up
399,520,454,574,613,551,472,622,573,639,511,464,529,489,616,Push-up
397,516,455,574,608,545,471,619,578,639,508,465,526,495,619,Push-up
396,518,456,576,606,543,471,616,579,640,509,466,525,494,614,Push-up
396,522,456,577,609,545,470,616,575,640,513,464,527,487,608,Push-up
396,523,455,576,613,551,468,617,576,640,517,464,530,486,602,Push-up
397,523,454,574,615,557,464,615,575,641,514,466,531,481,601,Push-up
396,526,454,572,612,563,461,613,575,641,517,465,526,482,600,Push-up
398,528,454,571,610,564,459,612,574,641,521,465,521,481,593,Push-up
396,521,455,571,613,562,459,611,574,639,532,464,521,476,593,Push-up
398,535,455,569,614,559,461,612,576,639,529,466,522,475,598,Push-up
397,535,454,569,614,559,462,614,578,637,539,462,525,475,599,Push-up
398,544,458,569,614,555,461,611,581,635,546,463,525,474,599,Push-up
401,547,453,569,611,552,458,608,578,638,542,462,524,477,598,Push-up
400,548,454,569,610,552,457,608,573,632,560,458,524,474,601,Push-up
405,559,452,568,614,551,456,611,568,630,566,458,524,470,600,Push-up
408,563,451,566,617,551,454,614,563,637,551,458,525,473,600,Push-up
407,564,453,565,617,553,455,615,561,626,573,458,528,477,594,Push-up
406,563,454,561,621,554,455,614,562,632,563,460,527,478,594,Push-up
406,553,452,559,622,554,455,613,567,624,573,454,522,481,590,Push-up
406,566,454,555,625,554,456,614,569,623,574,450,522,480,591,Push-up
405,557,455,554,627,552,461,615,570,622,572,447,525,478,599,Push-up
410,563,452,549,623,552,462,616,570,619,577,446,522,479,606,Push-up
414,565,447,549,622,551,461,613,570,622,575,451,524,478,613,Push-up
414,568,446,549,623,549,462,613,569,622,578,454,528,482,615,Push-up
414,568,446,548,627,547,462,613,568,622,576,452,524,481,619,Push-up
415,569,446,545,631,545,462,615,568,619,576,449,521,486,620,Push-up
412,567,447,543,629,551,464,618,568,621,576,449,523,490,617,Push-up
408,565,449,541,630,556,466,618,568,620,581,454,530,493,616,Push-up
411,560,447,539,632,560,469,618,571,620,579,451,530,496,617,Push-up
412,560,447,538,631,560,473,620,574,617,582,450,525,497,625,Push-up
414,566,446,536,631,557,476,620,575,619,578,448,520,495,639,Push-up
416,565,444,539,633,553,477,619,576,620,577,448,517,499,645,Push-up
416,568,444,540,635,549,478,619,574,622,576,451,515,505,646,Push-up
416,574,444,545,632,549,480,620,574,622,578,454,526,505,643,Push-up
419,572,442,545,628,555,485,623,575,624,571,456,526,505,646,Push-up
417,569,444,545,625,560,486,625,581,623,574,452,520,505,643,Push-up
412,568,448,545,626,561,489,626,583,623,574,450,519,506,647,Push-up
411,565,448,544,628,562,491,624,580,622,576,452,522,507,653,Push-up
412,565,447,543,629,562,490,625,578,619,582,450,524,508,663,Push-up
412,569,449,544,625,561,490,624,576,623,574,454,528,510,665,Push-up
411,567,449,544,623,558,492,623,574,628,572,463,520,507,666,Push-up
411,566,449,548,624,557,494,624,574,628,572,457,513,503,661,Push-up
410,565,451,552,623,557,494,627,578,627,570,453,515,504,657,Push-up
411,563,448,554,619,557,493,628,584,631,567,459,520,506,656,Push-up
409,562,450,556,621,557,490,628,586,629,566,456,517,511,653,Push-up
405,557,454,556,622,555,487,624,582,628,565,452,518,512,648,Push-up
405,560,453,557,624,555,484,624,577,629,558,453,519,507,642,Push-up
405,556,452,559,621,556,482,624,568,630,556,455,518,506,637,Push-up
403,558,454,559,618,556,482,627,560,631,557,455,520,506,633,Push-up
398,548,456,560,614,557,481,629,554,635,555,463,520,509,636,Push-up
401,550,455,561,615,558,481,629,553,636,549,465,523,506,633,Push-up
399,547,454,563,618,558,480,624,556,636,544,465,522,505,632,Push-up
402,550,453,564,618,558,479,624,565,637,539,465,519,505,631,Push-up
402,543,451,565,618,553,478,624,575,640,530,466,522,500,628,Push-up
402,541,450,567,618,549,478,620,580,640,528,466,528,499,627,Push-up
399,535,453,570,614,548,475,621,580,640,527,464,522,499,624,Push-up
398,534,455,572,612,548,474,619,575,641,521,466,521,494,621,Push-up
399,533,452,572,611,551,473,619,570,642,517,467,524,493,619,Push-up
401,536,451,573,611,554,472,621,568,640,518,462,524,492,619,Push-up
399,530,454,573,611,555,468,621,565,640,510,463,524,492,617,Push-up
398,527,456,573,610,555,467,618,567,641,505,467,521,488,614,Push-up
396,520,457,573,610,556,466,618,569,641,507,465,523,487,610,Push-up
395,520,457,572,612,559,466,620,568,641,511,464,522,486,607,Push-up
397,522,456,571,614,560,465,618,569,641,512,464,522,488,604,Push-up
397,522,455,569,614,559,463,618,569,642,511,466,524,486,603,Push-up
397,525,455,569,614,559,463,616,568,642,515,465,527,482,602,Push-up
398,528,455,569,615,559,460,614,568,643,513,468,523,479,605,Push-up
396,525,456,569,616,556,459,614,569,641,515,465,519,477,603,Push-up
396,527,456,569,615,555,458,614,570,641,516,468,518,475,604,Push-up
398,537,456,569,615,555,458,613,571,641,521,465,520,474,605,Push-up
396,534,456,568,616,555,458,611,572,640,527,464,521,474,605,Push-up
397,534,456,569,613,555,457,612,572,640,529,465,523,476,605,Push-up
399,543,455,568,613,555,458,614,567,638,536,462,523,476,603,Push-up
399,545,455,567,613,553,457,616,562,638,541,460,525,476,604,Push-up
400,545,455,567,613,552,457,617,560,636,547,463,527,476,606,Push-up
401,548,452,565,613,553,457,616,560,633,555,460,527,477,608,Push-up
405,558,452,565,615,552,459,615,563,630,560,458,527,477,608,Push-up
409,561,450,566,617,551,459,614,566,637,550,463,525,482,600,Push-up
410,563,448,567,618,547,459,614,569,630,566,461,525,480,596,Push-up
413,570,447,564,618,545,459,615,570,632,559,458,525,477,597,Push-up
416,569,444,564,619,545,459,616,570,632,564,461,524,484,594,Push-up
411,563,447,560,622,545,460,616,571,627,573,459,524,482,598,Push-up
415,569,446,555,622,547,460,614,571,627,566,452,522,482,600,Push-up
418,570,444,550,624,552,460,614,572,620,575,445,520,484,602,Push-up
414,571,446,546,626,559,461,614,572,618,578,443,521,480,603,Push-up
412,569,446,543,624,566,461,614,570,621,578,448,525,480,611,Push-up
412,562,445,542,624,572,463,616,571,618,582,451,523,484,614,Push-up
412,566,448,542,629,570,464,616,572,617,580,448,526,485,619,Push-up
419,569,444,542,633,564,465,615,572,621,574,451,528,489,625,Push-up
417,572,445,542,634,554,467,613,576,620,575,449,521,491,627,Push-up
416,575,447,542,632,546,468,614,577,621,576,450,517,497,627,Push-up
417,574,445,542,626,546,471,618,577,621,576,451,523,500,628,Push-up
419,570,442,539,627,549,475,618,578,620,578,448,518,497,636,Push-up
418,567,443,538,630,555,477,621,577,618,576,446,513,501,646,Push-up
418,572,445,538,632,562,479,624,572,620,575,450,515,503,646,Push-up
420,574,441,541,633,562,479,624,567,621,578,451,516,508,642,Push-up
418,573,444,545,630,558,477,625,562,620,579,451,522,513,640,Push-up
416,572,447,547,624,552,479,626,560,619,577,451,524,512,642,Push-up
415,571,445,549,626,546,484,629,564,620,578,449,522,505,646,Push-up
412,569,447,549,629,547,488,628,572,619,586,452,520,504,655,Push-up
410,560,450,549,629,552,492,623,583,619,580,454,516,507,662,Push-up
412,560,448,549,623,558,492,622,587,621,567,449,518,510,665,Push-up
412,558,446,549,619,558,492,621,582,620,584,453,514,509,663,Push-up
413,563,447,552,621,555,492,625,577,623,575,455,518,506,660,Push-up
411,566,446,553,624,553,491,630,572,625,579,457,516,501,653,Push-up
408,569,450,555,623,551,490,630,573,627,576,460,516,505,652,Push-up
412,566,449,555,621,552,486,627,578,627,572,459,519,514,652,Push-up
417,569,443,553,621,556,484,623,579,627,564,455,523,508,645,Push-up
412,558,444,555,622,558,483,621,577,631,563,460,524,504,641,Push-up
411,559,448,557,622,557,483,623,575,633,559,461,520,502,634,Push-up
408,553,448,556,621,554,481,627,569,633,556,460,523,503,635,Push-up
404,550,450,561,620,554,479,627,563,634,559,463,527,503,634,Push-up
404,553,451,561,623,553,479,623,561,634,554,460,522,503,634,Push-up
402,545,451,563,621,554,477,622,566,633,552,458,522,501,633,Push-up
402,546,451,562,619,555,477,619,576,631,553,455,523,499,635,Push-up
398,541,454,562,615,555,477,617,585,637,538,458,521,497,627,Push-up
397,539,454,562,615,557,476,616,587,638,540,463,520,499,629,Push-up
402,545,450,563,618,557,475,618,580,640,536,467,522,500,626,Push-up
399,539,451,566,616,555,477,623,570,641,531,468,527,495,620,Push-up
400,542,452,569,615,550,473,624,561,641,523,467,528,493,618,Push-up
398,533,454,573,611,546,471,622,559,641,519,467,523,496,621,Push-up
398,531,454,574,612,545,470,620,562,641,518,468,523,496,618,Push-up
398,530,454,574,617,546,470,616,569,641,519,467,522,492,615,Push-up
398,525,454,573,615,550,470,619,576,640,516,465,525,490,612,Push-up
398,526,454,570,611,555,470,622,579,640,519,465,527,488,612,Push-up
398,526,454,571,611,560,470,619,577,641,519,465,525,488,609,Push-up
398,529,454,570,613,560,466,616,571,642,519,467,521,485,607,Push-up
398,531,454,569,614,558,464,616,566,641,522,466,517,482,605,Push-up
396,528,456,570,614,556,464,617,566,641,526,463,523,481,602,Push-up
397,530,456,570,615,552,463,617,568,641,526,465,528,478,599,Push-up
397,530,454,569,617,549,462,614,573,641,525,468,530,477,598,Push-up
399,536,454,569,618,548,460,612,576,641,529,467,527,476,605,Push-up
400,538,454,568,618,548,460,611,576,640,535,468,525,475,599,Push-up
400,543,456,566,616,549,459,611,575,640,534,469,523,476,602,Push-up
399,542,455,566,616,550,458,611,572,638,541,467,525,476,602,Push-up
400,547,453,566,617,550,458,613,567,637,544,468,527,475,606,Push-up
402,553,454,565,617,550,458,614,565,637,548,467,527,475,606,Push-up
401,548,451,565,614,550,458,616,566,634,551,462,531,475,606,Push-up
402,553,450,565,615,549,458,616,568,634,555,464,531,475,606,Push-up
408,558,451,564,619,547,459,614,568,634,558,459,530,479,601,Push-up
410,558,448,561,620,548,459,613,571,627,568,455,529,480,600,Push-up
410,558,447,561,618,553,460,613,572,629,566,453,529,480,602,Push-up
414,563,444,558,621,556,463,614,572,624,573,454,527,481,598,Push-up
417,562,442,556,621,557,464,615,574,629,567,453,526,482,594,Push-up
416,569,442,556,621,557,466,613,576,627,573,457,526,481,599,Push-up
417,571,442,555,623,553,467,614,579,627,572,456,524,480,607,Push-up
418,572,442,551,628,550,467,613,581,624,573,451,521,485,605,Push-up
412,562,443,549,630,549,467,612,579,623,572,452,519,484,607,Push-up
418,566,442,543,628,555,467,613,575,623,573,452,524,484,615,Push-up
414,566,444,542,627,560,467,616,574,622,578,452,525,485,617,Push-up
414,570,445,539,627,564,467,617,574,624,577,458,525,484,624,Push-up
421,574,442,539,624,564,469,618,573,624,576,455,522,482,630,Push-up
421,574,442,538,627,560,469,619,569,623,571,452,523,486,637,Push-up
419,572,441,540,630,554,469,620,570,621,575,449,523,492,639,Push-up
418,571,441,539,629,554,472,621,570,621,573,446,523,492,638,Push-up
418,569,443,539,628,558,475,621,569,621,575,448,523,497,636,Push-up
418,570,443,539,633,560,476,622,570,621,575,451,521,500,634,Push-up
417,570,443,539,635,562,480,624,572,622,573,452,515,503,630,Push-up
416,571,443,539,632,562,484,626,573,622,574,452,516,501,634,Push-up
418,571,443,540,629,562,486,627,573,621,580,453,520,504,638,Push-up
416,567,443,540,627,558,488,627,571,624,575,454,519,504,645,Push-up
414,568,444,542,630,555,488,626,570,622,585,459,514,503,653,Push-up
408,562,449,546,631,550,491,622,567,624,575,456,516,498,658,Push-up
410,561,449,544,628,548,491,625,567,624,581,458,520,501,666,Push-up
411,560,447,545,624,549,491,628,572,623,574,455,522,500,667,Push-up
410,557,447,547,623,553,493,629,573,625,571,453,516,499,662,Push-up
410,558,448,546,624,557,493,629,574,628,574,460,517,501,659,Push-up
415,567,443,550,626,558,493,629,575,624,577,456,520,501,656,Push-up
415,564,445,553,626,556,491,629,575,626,572,454,519,505,648,Push-up
410,553,445,551,624,552,489,626,575,625,575,455,522,508,648,Push-up
407,555,449,555,621,547,489,626,573,626,568,452,525,507,643,Push-up
408,560,447,557,621,544,488,627,570,625,569,450,524,506,635,Push-up
410,561,444,562,621,545,487,628,565,630,562,454,530,506,635,Push-up
404,554,450,563,615,547,487,626,567,632,561,459,526,503,633,Push-up
405,558,449,566,615,552,486,625,573,635,560,464,525,505,630,Push-up
404,550,449,567,619,553,485,623,575,634,555,458,528,505,631,Push-up
404,546,450,563,621,556,482,621,575,635,548,459,526,503,631,Push-up
400,539,452,564,622,557,480,619,574,638,542,464,525,500,629,Push-up
402,540,450,565,621,555,479,621,574,638,540,465,524,498,628,Push-up
403,541,450,564,616,556,479,623,575,638,538,464,527,493,626,Push-up
401,539,452,566,611,559,478,622,573,640,532,467,526,486,624,Push-up
396,529,455,569,615,556,475,620,573,639,532,465,527,485,634,Push-up
398,528,453,569,616,553,473,620,574,639,523,465,523,493,631,Push-up
399,532,452,568,615,556,468,618,576,640,521,465,522,490,624,Push-up
399,525,452,569,614,557,467,617,572,641,513,466,522,488,618,Push-up
399,525,453,569,612,557,465,615,571,641,508,467,525,488,611,Push-up
396,525,455,569,609,557,465,619,571,642,507,471,527,483,606,Push-up
397,525,454,571,614,555,466,621,569,641,513,466,530,481,605,Push-up
398,526,453,571,617,554,464,620,566,641,514,465,528,485,608,Push-up
400,528,452,570,613,554,462,615,563,641,516,465,524,486,603,Push-up
400,531,452,570,613,554,460,616,558,641,517,467,527,483,599,Push-up
400,532,452,571,615,551,459,616,556,642,515,467,531,480,599,Push-up
399,533,453,571,618,552,459,614,558,642,516,467,528,477,600,Push-up
398,534,455,570,616,553,459,615,567,641,524,466,521,476,599,Push-up
397,529,455,568,612,555,461,616,571,640,527,465,521,478,600,Push-up
398,538,455,568,612,556,461,615,571,640,528,464,522,477,603,Push-up
397,539,455,568,614,556,460,612,571,639,536,465,526,473,604,Push-up
403,551,453,567,614,552,459,614,571,634,549,460,528,473,610,Push-up
403,552,452,565,613,551,459,616,570,634,548,456,524,475,611,Push-up
403,554,451,566,613,551,459,616,567,632,555,455,522,476,605,Push-up
406,552,449,567,613,551,459,615,566,631,561,460,525,475,604,Push-up
405,561,453,567,615,551,459,614,566,634,559,465,527,478,599,Push-up
406,560,453,567,617,549,459,615,568,634,562,463,527,478,595,Push-up
405,561,451,565,619,549,459,615,572,632,567,461,526,478,593,Push-up
412,562,448,561,620,549,459,615,572,626,571,452,521,481,589,Push-up
416,570,446,556,620,550,460,614,572,625,571,450,522,481,592,Push-up
410,567,449,554,621,550,460,614,572,625,570,451,523,479,593,Push-up
414,577,450,550,626,549,461,613,572,626,569,450,525,478,597,Push-up
416,576,447,546,628,552,462,611,572,625,572,449,525,476,607,Push-up
414,571,448,542,628,558,463,613,573,621,574,449,524,476,612,Push-up
416,571,448,538,628,562,465,616,573,622,574,450,525,481,614,Push-up
415,565,446,537,627,566,465,615,574,621,578,453,529,485,615,Push-up
412,568,449,534,626,567,462,614,573,622,579,456,529,483,622,Push-up
412,567,448,534,627,568,464,614,571,624,580,462,526,487,625,Push-up
415,566,445,537,631,564,468,618,571,623,577,459,519,489,637,Push-up
415,564,445,533,635,555,470,620,572,622,574,452,525,499,633,Push-up
416,571,445,533,639,547,475,620,572,624,575,458,528,499,638,Push-up
418,568,442,534,639,547,479,620,572,625,575,462,514,499,637,Push-up
416,574,446,536,634,553,479,620,576,625,576,460,511,503,642,Push-up
416,573,446,536,627,559,483,624,575,626,570,459,514,505,645,Push-up
416,572,447,536,625,562,489,625,573,624,571,457,518,505,650,Push-up
416,571,447,537,628,563,489,628,573,626,572,458,527,507,658,Push-up
416,573,449,542,630,563,489,630,571,624,573,457,524,506,661,Push-up
415,570,446,542,626,558,490,629,568,624,573,454,521,511,662,Push-up
414,568,447,545,620,557,490,628,564,622,577,452,528,514,664,Push-up
416,570,448,547,620,557,494,626,567,622,573,454,522,508,661,Push-up
416,574,447,552,624,557,499,626,576,628,572,460,515,508,656,Push-up
412,570,448,555,626,554,499,626,584,626,575,458,519,510,653,Push-up
413,569,449,553,627,551,501,629,587,627,571,454,517,512,655,Push-up
414,569,447,554,621,551,498,629,586,626,575,461,516,515,648,Push-up
414,569,446,555,622,552,495,627,581,627,569,457,515,509,645,Push-up
407,563,450,554,623,556,493,627,576,629,570,458,514,507,638,Push-up
405,563,454,553,621,562,488,628,571,630,566,460,512,505,636,Push-up
408,564,452,554,622,564,486,628,568,630,565,455,519,505,632,Push-up
407,559,450,554,618,563,482,626,564,631,562,456,519,508,636,Push-up
402,552,454,559,614,559,481,625,557,635,551,462,520,507,638,Push-up
400,551,457,561,622,549,476,626,551,635,558,462,528,499,636,Push-up
400,547,455,565,622,543,475,627,555,634,558,461,527,497,635,Push-up
399,543,455,566,617,544,473,627,561,636,546,460,517,505,631,Push-up
398,543,455,567,612,546,475,621,567,637,542,462,519,505,630,Push-up
401,543,453,570,611,551,475,619,572,637,537,463,522,505,632,Push-up
401,540,451,570,616,555,474,618,574,641,532,466,525,499,628,Push-up
401,542,450,570,616,555,472,622,574,640,533,466,527,494,622,Push-up
398,531,453,570,614,551,472,624,571,640,528,465,524,495,619,Push-up
398,530,453,569,615,549,470,622,566,640,524,463,521,499,618,Push-up
395,524,455,570,615,548,469,621,558,641,518,468,525,496,617,Push-up
397,527,455,570,615,549,467,617,555,642,516,469,527,489,615,Push-up
398,527,453,571,614,550,465,617,564,643,509,470,526,490,617,Push-up
400,526,452,573,612,555,465,619,571,642,508,468,526,490,607,Push-up
399,521,453,573,611,556,464,616,576,641,510,464,526,483,610,Push-up
398,521,453,573,614,556,462,611,577,641,509,466,526,483,614,Push-up
398,523,452,571,615,557,459,613,576,641,514,465,525,487,610,Push-up
399,528,452,569,615,558,458,615,575,641,517,464,524,484,600,Push-up
399,530,452,569,614,559,458,613,574,641,517,465,528,482,598,Push-up
398,530,454,570,613,559,458,612,572,642,513,468,525,485,601,Push-up
397,530,455,571,612,557,458,615,571,642,516,466,524,481,601,Push-up
397,527,454,570,615,555,458,615,570,641,518,468,525,477,606,Push-up
400,539,453,570,616,555,457,612,571,640,523,463,525,479,609,Push-up
400,535,452,568,616,557,456,612,570,640,532,464,527,480,605,Push-up
399,535,452,568,611,558,456,612,570,639,535,464,528,477,604,Push-up
403,549,451,568,611,558,455,612,567,637,541,462,527,476,604,Push-up
403,550,453,568,611,556,455,614,568,636,546,462,527,476,604,Push-up
407,563,452,568,614,552,455,616,568,636,546,460,526,474,608,Push-up
404,560,453,568,617,549,456,616,566,637,547,460,524,478,608,Push-up
405,559,453,565,617,549,456,614,565,630,562,460,527,480,606,Push-up
412,570,451,564,617,549,456,612,565,633,561,461,528,480,598,Push-up
412,569,450,564,617,549,456,611,567,633,563,461,526,478,591,Push-up
410,568,452,560,619,550,457,612,571,631,567,460,526,476,595,Push-up
407,569,456,558,621,547,457,613,572,631,564,460,523,480,597,Push-up
410,569,454,557,626,547,458,615,573,632,561,458,521,481,597,Push-up
411,568,454,552,630,548,458,614,571,628,567,455,521,481,607,Push-up
416,576,450,547,627,552,458,613,570,629,567,456,521,481,607,Push-up
415,573,451,545,622,559,460,614,569,628,571,458,521,481,611,Push-up
415,577,451,540,621,564,461,614,570,623,572,451,526,481,614,Push-up
417,575,450,538,627,569,463,614,571,623,573,449,524,478,624,Push-up
415,573,449,538,629,569,465,614,575,621,577,452,521,484,632,Push-up
412,566,450,537,629,567,465,616,576,621,576,449,521,492,631,Push-up
412,568,450,536,627,564,467,617,576,621,577,454,521,498,627,Push-up
415,571,451,538,629,559,470,615,576,622,579,457,518,497,622,Push-up
415,573,451,540,633,554,470,618,573,622,579,456,518,498,622,Push-up
414,575,451,540,633,548,474,623,573,626,574,460,516,500,631,Push-up
417,580,450,540,631,545,479,627,573,626,572,462,514,506,633,Push-up
417,579,450,541,632,546,481,626,571,623,572,454,517,504,640,Push-up
418,577,449,537,630,553,481,625,566,622,574,454,518,503,644,Push-up
417,571,449,536,631,560,484,625,561,623,573,455,516,504,645,Push-up
416,576,452,539,632,565,484,627,560,623,580,456,516,501,643,Push-up
415,580,450,541,627,565,485,629,561,624,580,458,520,505,646,Push-up
411,577,454,542,626,560,485,630,563,622,579,456,518,505,649,Push-up
411,572,454,542,629,551,486,629,566,621,575,451,518,505,652,Push-up
409,561,454,541,630,547,489,628,571,622,582,456,521,504,658,Push-up
405,552,456,541,632,549,491,627,575,622,579,458,516,502,660,Push-up
410,563,453,538,626,557,493,625,578,624,577,457,511,506,660,Push-up
412,570,450,541,618,566,493,625,580,629,573,467,511,509,661,Push-up
416,577,449,544,621,567,493,626,578,631,568,468,516,505,653,Push-up
417,570,446,545,625,562,493,628,576,629,576,465,519,502,650,Push-up
415,568,446,551,628,554,491,631,573,627,576,459,515,506,648,Push-up
409,563,452,556,630,546,486,632,572,628,567,457,518,503,643,Push-up
409,564,452,560,625,539,484,629,567,627,570,457,521,509,644,Push-up
412,566,448,561,622,537,482,625,565,625,569,450,518,508,633,Push-up
409,566,450,562,615,541,485,623,565,627,566,451,522,508,629,Push-up
407,567,452,562,613,552,489,623,570,630,558,450,526,508,626,Push-up
407,563,452,559,618,558,486,627,574,632,561,458,524,510,629,Push-up
405,554,453,559,621,563,483,627,572,635,559,463,527,512,633,Push-up
399,545,457,559,620,564,483,622,567,636,558,467,528,510,632,Push-up
404,553,452,560,620,557,478,623,569,636,547,463,525,506,629,Push-up
402,541,451,564,618,551,478,620,571,639,540,465,525,503,630,Push-up
398,540,455,569,616,547,478,621,575,636,545,460,524,497,631,Push-up
398,540,454,569,616,547,477,619,578,637,535,460,522,495,631,Push-up
402,543,450,569,616,552,475,618,582,639,532,462,524,497,630,Push-up
399,538,452,570,613,556,472,619,583,642,522,468,524,494,628,Push-up
394,526,456,570,608,559,470,620,579,642,524,470,523,493,625,Push-up
398,529,455,570,613,559,467,615,574,642,517,469,522,496,621,Push-up
399,525,455,571,617,558,466,616,573,642,510,470,526,496,613,Push-up
397,518,455,571,613,559,464,620,567,639,512,467,526,489,612,Push-up
399,518,454,572,611,557,467,618,565,640,510,465,526,489,608,Push-up
399,518,454,571,610,557,466,617,567,642,507,469,533,489,609,Push-up
399,520,454,571,613,557,463,615,569,642,514,468,529,484,607,Push-up
399,522,454,570,617,557,460,613,568,642,517,465,522,480,606,Push-up
398,522,454,568,614,559,459,612,568,642,516,467,523,483,605,Push-up
398,524,455,568,611,560,459,616,569,642,515,468,528,484,600,Push-up
398,529,454,568,613,558,458,615,571,641,519,467,527,480,598,Push-up
395,531,455,570,616,556,455,612,567,641,524,466,524,480,603,Push-up
398,536,454,569,615,555,453,612,564,640,525,465,524,481,604,Push-up
400,535,455,570,615,554,452,617,562,638,525,466,528,481,602,Push-up
397,531,456,569,616,553,454,616,562,637,533,464,531,480,604,Push-up
399,542,455,567,615,550,453,611,562,637,541,463,528,478,604,Push-up
398,546,456,567,613,551,453,612,563,632,550,459,527,476,605,Push-up
394,541,458,565,612,552,455,612,567,634,548,459,529,476,608,Push-up
405,555,453,563,613,551,457,612,572,632,558,460,530,479,603,Push-up
408,562,451,564,618,551,459,612,574,634,556,463,528,479,606,Push-up
410,567,453,567,620,547,459,612,574,636,557,470,527,482,599,Push-up
411,565,449,567,618,544,459,612,574,633,561,466,524,481,599,Push-up
411,566,449,566,620,542,458,613,573,633,563,465,521,480,594,Push-up
409,571,454,563,624,543,459,612,573,632,568,467,522,486,586,Push-up
411,569,451,558,623,549,459,614,573,627,570,458,527,481,591,Push-up
408,570,456,552,623,557,459,614,573,621,578,450,526,481,601,Push-up
409,565,454,546,624,566,460,613,575,622,577,454,524,483,606,Push-up
410,560,450,542,622,571,462,614,575,621,580,453,523,481,612,Push-up
412,568,451,539,622,571,463,611,573,623,578,453,519,481,622,Push-up
413,569,449,541,623,567,463,611,573,623,578,459,520,485,624,Push-up
416,571,448,542,627,558,466,614,574,623,579,461,527,488,619,Push-up
414,575,451,540,632,550,468,615,579,624,576,460,532,491,621,Push-up
416,578,450,539,635,548,469,614,584,628,572,464,531,493,625,Push-up
415,574,449,538,637,551,469,616,586,625,573,461,525,495,626,Push-up
413,573,452,534,634,553,469,619,583,624,579,461,520,498,631,Push-up
412,572,453,533,629,561,470,619,575,624,578,462,516,498,639,Push-up
412,572,450,535,630,567,472,620,564,626,577,463,516,500,644,Push-up
412,570,450,536,628,564,472,624,555,624,576,460,525,501,652,Push-up
414,572,449,538,626,561,476,627,549,622,577,458,524,501,651,Push-up
414,568,448,541,628,558,479,627,550,620,581,454,525,507,652,Push-up
411,571,452,541,631,556,482,629,557,621,583,453,528,511,653,Push-up
410,569,452,544,628,558,486,629,568,624,577,463,519,511,648,Push-up
412,568,451,547,626,560,491,626,579,624,579,464,515,511,644,Push-up
414,572,449,547,621,558,494,625,587,624,578,462,519,511,652,Push-up
417,572,447,550,621,557,496,624,586,626,567,457,521,509,655,Push-up
418,573,446,551,626,553,495,627,582,625,579,459,518,505,658,Push-up
415,571,450,553,627,551,493,628,572,625,571,456,519,508,656,Push-up
413,568,446,550,624,550,491,628,562,625,580,461,519,509,656,Push-up
409,563,450,551,621,551,489,631,562,627,574,465,520,505,649,Push-up
408,561,451,553,621,558,488,627,567,630,571,469,525,502,643,Push-up
411,562,450,554,623,562,487,626,574,630,565,459,516,500,637,Push-up
406,552,447,554,620,562,484,628,575,629,568,458,522,504,636,Push-up
405,561,451,557,621,554,482,625,570,632,561,461,526,505,640,Push-up
405,559,451,559,623,546,478,624,568,633,566,464,525,505,637,Push-up
405,556,450,559,626,540,477,623,566,633,566,462,524,502,635,Push-up
403,556,452,560,620,541,477,622,564,635,556,462,528,500,629,Push-up
403,552,452,562,616,546,477,624,568,636,549,463,528,497,621,Push-up
403,550,453,564,615,552,477,624,571,635,549,461,527,503,626,Push-up
403,548,453,563,617,557,475,622,571,634,550,459,524,500,631,Push-up
399,537,454,563,621,559,473,620,568,637,543,459,526,497,632,Push-up
399,538,454,564,621,557,472,624,569,638,541,461,523,498,629,Push-up
399,533,453,564,618,555,471,623,571,639,541,465,525,496,623,Push-up
399,538,453,566,616,555,471,620,568,640,531,465,524,495,622,Push-up
397,530,454,569,616,553,472,615,568,638,532,461,525,497,620,Push-up
397,530,454,572,614,549,472,617,574,638,525,460,527,495,614,Push-up
396,523,455,571,613,551,473,620,581,639,521,464,523,491,615,Push-up
399,523,453,571,614,555,473,616,582,639,520,465,522,491,623,Push-up
401,521,452,571,616,555,467,619,577,642,511,469,526,496,620,Push-up
398,516,455,571,613,555,466,616,572,643,506,472,526,490,619,Push-up
397,517,456,574,609,555,464,614,571,642,511,468,528,485,609,Push-up
397,519,453,574,612,551,463,617,569,641,516,463,528,483,611,Push-up
397,524,452,574,615,549,461,618,570,640,520,461,527,484,608,Push-up
397,524,453,574,612,550,461,616,571,640,520,461,525,485,607,Push-up
397,526,453,573,610,552,461,614,566,641,517,464,529,485,605,Push-up
398,528,453,572,611,554,459,611,564,642,516,467,531,483,602,Push-up
398,531,453,571,614,557,456,612,567,642,519,467,531,477,598,Push-up
400,534,453,571,616,557,455,614,566,641,526,465,531,472,598,Push-up
399,534,453,569,617,552,455,614,565,640,529,465,528,478,601,Push-up
399,538,455,569,614,550,452,613,566,640,529,466,524,481,603,Push-up
399,541,456,569,616,550,451,611,567,640,532,463,527,477,604,Push-up
399,540,457,565,617,550,452,610,567,636,542,461,529,474,607,Push-up
397,544,459,565,616,552,453,610,570,635,542,463,529,472,610,Push-up
397,547,459,565,614,554,456,613,575,638,541,466,529,472,610,Push-up
400,555,458,563,615,554,456,612,578,634,550,466,529,476,608,Push-up
402,556,457,564,615,551,456,608,579,635,554,466,526,479,609,Push-up
397,554,459,562,616,550,455,610,575,633,562,469,527,480,602,Push-up
407,568,456,561,620,550,457,614,571,637,562,469,526,481,603,Push-up
412,572,452,561,621,550,457,615,567,632,566,466,526,484,597,Push-up
417,576,449,561,621,550,457,615,566,632,564,460,526,482,597,Push-up
411,569,451,558,621,551,457,614,568,625,573,455,524,483,602,Push-up
411,568,453,553,625,551,461,613,573,624,574,450,520,490,599,Push-up
412,566,450,551,627,554,464,611,578,624,576,453,520,488,598,Push-up
409,564,454,551,625,559,463,613,580,624,576,457,522,485,607,Push-up
410,571,454,546,620,561,465,615,579,622,581,455,524,489,611,Push-up
415,574,451,546,622,562,466,614,579,623,578,455,524,490,613,Push-up
417,577,451,544,632,558,466,614,578,623,573,453,522,488,615,Push-up
417,574,448,541,632,553,467,615,577,623,575,454,520,489,626,Push-up
415,575,450,541,626,550,467,615,575,623,578,458,524,495,628,Push-up
415,576,450,541,625,550,469,616,575,626,577,462,529,495,632,Push-up
415,576,450,539,627,552,472,618,575,627,576,466,528,494,633,Push-up
414,571,450,537,632,557,473,618,572,625,575,461,520,494,641,Push-up
415,574,450,533,633,559,471,621,569,623,574,456,525,503,640,Push-up
416,575,450,533,634,563,472,624,566,626,570,459,522,502,644,Push-up
416,576,450,537,634,559,473,624,565,626,576,461,519,505,642,Push-up
416,574,449,538,629,555,475,624,564,626,572,460,521,506,646,Push-up
415,575,451,539,626,553,477,627,563,624,573,461,516,501,647,Push-up
415,575,451,540,629,555,482,626,567,624,577,461,516,505,649,Push-up
417,579,450,541,632,557,485,628,573,622,576,456,521,506,652,Push-up
414,572,452,541,629,559,488,623,577,623,581,459,523,508,659,Push-up
413,571,453,543,625,563,489,623,578,625,577,464,519,510,655,Push-up
415,581,453,547,624,562,490,627,575,625,572,463,522,509,653,Push-up
416,580,452,547,624,557,490,628,573,622,576,456,518,505,654,Push-up
414,575,452,547,623,555,491,627,568,624,576,458,518,507,654,Push-up
417,574,449,550,619,556,492,627,566,628,575,467,517,510,649,Push-up
420,574,445,552,622,558,492,628,571,629,571,465,521,512,650,Push-up
418,575,449,551,626,558,490,628,576,631,571,467,518,507,644,Push-up
414,574,451,554,624,556,488,625,576,632,569,468,517,506,634,Push-up
412,574,453,554,622,554,487,627,576,631,570,464,522,508,635,Push-up
409,569,454,554,623,556,486,629,573,632,568,467,515,508,638,Push-up
407,567,457,555,622,556,482,627,569,632,559,464,518,504,633,Push-up
408,562,454,556,622,556,480,623,563,630,565,460,522,501,632,Push-up
411,568,453,556,621,556,478,623,564,628,564,456,522,507,639,Push-up
407,563,454,556,617,556,478,626,570,630,561,459,522,504,637,Push-up
405,558,454,557,618,556,477,625,570,632,558,459,523,499,629,Push-up
406,557,452,557,621,554,476,617,567,632,557,458,525,503,629,Push-up
405,557,452,560,621,555,472,620,565,635,549,462,528,500,627,Push-up
402,552,454,565,619,552,472,625,563,639,545,467,527,496,624,Push-up
404,550,454,570,617,546,472,622,561,638,546,467,523,502,627,Push-up
403,545,453,570,614,545,469,624,564,639,541,467,522,505,626,Push-up
398,539,455,571,613,546,468,621,565,641,537,466,520,496,624,Push-up
399,539,456,571,616,551,468,612,569,639,531,461,520,497,624,Push-up
399,539,450,570,616,556,468,615,572,639,526,462,525,499,622,Push-up
399,537,452,568,612,558,468,623,578,639,523,465,524,493,616,Push-up
397,530,455,569,611,557,471,621,578,642,515,470,524,492,626,Push-up
400,529,453,569,615,555,469,618,575,642,512,468,523,494,625,Push-up
400,527,453,569,617,556,464,617,571,642,512,468,525,487,618,Push-up
397,520,454,571,615,556,465,618,568,642,511,466,529,488,616,Push-up
397,519,455,571,615,553,463,616,570,641,510,468,528,489,615,Push-up
397,520,455,570,614,554,459,613,575,641,512,466,527,485,607,Push-up
398,521,454,569,616,556,457,609,581,641,514,464,522,479,600,Push-up
399,521,452,569,616,557,455,611,577,641,514,465,519,481,606,Push-up
397,522,452,569,615,557,455,614,575,642,514,468,520,484,604,Push-up
397,526,454,569,614,555,454,616,572,642,516,467,528,482,603,Push-up
398,530,454,569,617,553,454,614,567,642,516,467,532,478,606,Push-up
397,527,454,569,617,550,454,611,562,642,520,468,526,479,608,Push-up
398,531,453,569,617,549,454,613,561,642,523,468,526,479,606,Push-up
400,536,453,567,617,551,454,614,562,642,521,468,527,480,606,Push-up
399,538,454,567,617,554,454,614,562,641,526,467,531,480,608,Push-up
398,540,457,567,616,556,454,611,565,640,532,466,529,482,606,Push-up
397,541,459,566,615,555,454,613,568,639,540,464,525,479,612,Push-up
400,548,458,564,617,554,456,615,570,636,547,463,524,478,608,Push-up
398,543,457,563,616,553,457,615,569,635,550,458,527,479,610,Push-up
399,548,455,564,615,553,457,614,568,635,550,462,529,483,611,Push-up
398,547,457,565,615,550,457,614,567,637,551,469,527,486,607,Push-up
404,563,456,566,619,545,458,614,569,634,559,471,526,484,602,Push-up
410,566,451,570,623,541,459,613,571,638,554,470,527,482,600,Push-up
412,569,451,570,619,534,460,614,574,635,558,464,526,483,597,Push-up
412,565,449,567,616,535,460,614,577,632,566,463,526,484,600,Push-up
412,567,450,562,619,539,460,614,576,630,567,463,526,486,599,Push-up
412,568,448,557,624,549,460,612,575,625,571,455,524,486,603,Push-up
410,567,452,551,624,561,460,612,573,620,573,444,522,482,605,Push-up
412,567,451,544,622,571,460,612,573,620,574,445,521,482,608,Push-up
410,566,450,541,623,578,461,613,573,621,575,450,521,485,610,Push-up
412,574,451,539,624,578,461,614,573,622,577,455,526,484,611,Push-up
416,576,448,540,625,573,461,611,576,624,577,460,527,482,616,Push-up
418,574,447,540,624,564,462,612,579,624,576,458,528,484,626,Push-up
418,578,449,540,624,558,466,612,585,623,578,456,529,493,623,Push-up
415,573,448,541,629,553,468,610,589,622,579,457,521,490,627,Push-up
416,576,450,537,632,553,467,610,588,622,576,453,517,493,623,Push-up
417,572,447,536,628,555,469,613,584,622,576,456,520,497,623,Push-up
416,573,446,536,628,561,469,620,574,624,577,464,516,497,628,Push-up
417,577,448,537,628,564,469,626,564,626,578,466,513,500,636,Push-up
415,571,448,535,630,564,471,625,553,625,579,465,513,503,644,Push-up
419,575,448,535,631,559,473,626,549,623,576,457,513,502,643,Push-up
418,574,449,535,635,554,476,627,552,624,574,457,518,504,640,Push-up
419,574,448,534,631,554,480,626,561,624,573,458,520,503,644,Push-up
417,580,450,536,632,555,485,626,571,624,577,460,520,501,642,Push-up
415,579,452,540,627,558,485,626,577,626,574,464,518,501,644,Push-up
414,577,455,538,621,562,487,625,579,626,572,462,513,501,648,Push-up
415,574,453,539,627,562,488,627,577,626,569,459,516,505,661,Push-up
414,574,453,538,630,564,487,625,569,626,577,463,521,501,662,Push-up
415,576,453,540,626,565,488,625,561,623,581,461,522,503,665,Push-up
416,577,450,542,619,565,488,627,560,626,573,461,518,506,660,Push-up
414,581,455,543,619,563,487,631,563,626,576,462,513,504,654,Push-up
412,577,457,543,628,561,491,627,570,624,577,463,514,504,649,Push-up
412,568,453,542,634,557,491,628,580,626,574,460,515,507,645,Push-up
408,561,453,542,628,556,494,630,586,625,582,463,515,510,643,Push-up
406,567,458,543,619,559,492,631,586,625,580,465,514,510,637,Push-up
409,570,455,547,615,566,488,628,581,628,575,463,515,507,634,Push-up
409,562,452,547,618,572,487,623,571,624,577,461,518,504,626,Push-up
406,561,456,551,619,572,489,619,567,625,577,461,519,510,632,Push-up
409,567,455,554,621,568,485,626,573,631,566,463,522,512,634,Push-up
410,567,450,559,622,562,483,627,574,631,563,462,527,511,632,Push-up
410,568,450,562,622,554,483,621,569,631,563,460,523,506,627,Push-up
406,560,453,568,619,546,480,618,564,630,564,458,523,504,625,Push-up
401,552,455,570,615,542,479,627,559,631,556,456,525,504,624,Push-up
402,554,455,570,618,541,481,627,563,631,563,460,529,507,623,Push-up
403,546,451,571,615,547,480,625,564,631,557,458,527,505,628,Push-up
401,547,454,572,609,558,476,620,566,637,547,463,523,502,630,Push-up
395,535,457,569,612,562,473,621,568,639,542,468,526,502,627,Push-up
399,544,455,566,620,558,472,613,569,639,535,464,529,494,626,Push-up
400,545,447,568,622,558,467,608,570,639,539,464,527,492,624,Push-up
399,541,450,569,614,556,463,616,574,640,534,464,531,494,622,Push-up
397,536,454,572,611,552,464,620,573,639,533,467,531,494,621,Push-up
397,533,454,573,615,548,462,621,572,642,524,469,529,489,618,Push-up
397,520,456,571,621,547,457,616,570,642,522,471,528,481,617,Push-up
397,512,457,567,619,548,456,612,567,642,514,470,526,478,619,Push-up
397,511,457,565,614,551,455,615,566,641,507,472,524,482,620,Push-up
397,516,455,565,615,556,450,618,570,641,506,471,525,484,614,Push-up
397,519,455,564,620,556,452,611,572,642,510,471,529,477,608,Push-up
397,523,455,562,618,556,454,607,572,642,515,470,529,477,614,Push-up
397,525,453,562,612,556,454,611,576,642,518,469,528,478,613,Push-up
397,524,454,564,615,551,456,615,577,643,519,471,531,482,607,Push-up
398,524,453,565,621,549,456,614,573,643,520,472,529,482,604,Push-up
396,524,455,564,622,549,453,607,570,642,521,470,528,482,608,Push-up
397,533,457,564,621,549,453,612,569,641,523,469,528,483,598,Push-up
400,538,454,565,619,549,456,618,571,642,525,470,528,483,596,Push-up
397,532,455,565,619,548,458,614,572,641,529,469,531,481,598,Push-up
398,541,457,564,616,551,458,612,572,642,532,472,528,479,603,Push-up
402,549,455,564,615,551,458,614,568,640,538,470,528,478,608,Push-up
400,543,456,562,614,553,459,614,569,634,547,465,532,477,611,Push-up
400,552,456,562,616,553,461,611,571,638,540,468,533,477,607,Push-up
402,555,454,562,622,551,464,611,572,635,549,466,533,477,605,Push-up
404,556,454,562,618,551,464,612,576,633,554,464,529,480,603,Push-up
405,566,458,564,616,552,464,615,581,636,555,469,526,481,601,Push-up
404,564,457,564,618,551,463,614,579,631,565,466,524,481,600,Push-up
409,573,456,562,621,551,463,609,579,633,563,464,524,481,600,Push-up
411,573,454,559,620,553,462,612,578,628,572,460,525,478,602,Push-up
413,577,454,555,618,555,461,616,577,628,572,457,521,482,605,Push-up
410,564,451,550,621,558,461,616,575,626,572,455,523,485,599,Push-up
411,566,453,547,627,562,460,615,573,626,575,456,525,480,604,Push-up
410,566,455,542,629,565,460,613,572,623,579,459,528,479,599,Push-up
410,570,454,540,629,565,462,613,571,622,579,460,528,479,605,Push-up
411,571,454,540,629,564,462,615,574,622,575,455,527,480,613,Push-up
415,577,453,539,627,561,464,614,576,620,577,451,529,481,618,Push-up
418,581,451,538,627,556,463,612,577,620,579,452,521,480,627,Push-up
416,574,449,538,627,557,463,611,576,621,576,454,522,481,631,Push-up
416,576,451,537,627,554,464,614,576,620,580,454,523,484,631,Push-up
417,579,452,539,626,554,465,617,572,620,580,458,524,489,632,Push-up
417,576,451,539,624,555,466,617,567,622,580,460,527,498,630,Push-up
418,575,449,537,630,556,469,623,566,619,577,453,526,502,628,Push-up
420,576,448,532,635,557,473,628,566,619,574,448,524,504,630,Push-up
420,580,449,535,633,558,477,625,566,621,577,455,527,506,634,Push-up
415,579,453,539,628,558,479,624,568,622,580,458,527,504,639,Push-up
415,573,454,539,627,557,483,625,571,622,580,456,522,500,644,Push-up
414,575,456,538,630,557,485,620,576,625,577,460,524,499,645,Push-up
416,581,455,534,633,561,486,618,578,623,575,457,526,497,651,Push-up
415,578,455,535,633,562,489,622,581,623,573,456,522,500,657,Push-up
411,576,458,534,627,561,489,624,580,624,581,466,525,500,663,Push-up
410,575,460,538,621,563,485,624,574,626,575,465,523,501,663,Push-up
414,581,457,539,625,564,487,623,573,626,580,467,520,501,665,Push-up
417,579,455,536,624,566,488,625,575,626,578,467,524,502,660,Push-up
419,572,448,538,622,570,490,627,580,628,577,465,525,509,660,Push-up
416,577,451,542,621,569,490,625,585,630,573,469,522,509,652,Push-up
414,575,453,547,621,563,486,624,586,630,562,464,528,511,645,Push-up
414,576,454,549,624,557,486,622,581,629,571,464,523,506,633,Push-up
412,576,456,554,625,553,486,625,578,632,569,468,520,509,633,Push-up
415,578,454,556,620,551,487,629,574,631,574,469,524,514,628,Push-up
417,577,449,557,615,553,487,632,570,629,570,458,520,516,635,Push-up
410,570,453,559,613,558,485,622,566,628,561,451,520,518,635,Push-up
409,572,456,561,619,561,483,616,566,629,563,459,528,512,628,Push-up
410,570,452,556,619,565,482,617,569,635,559,466,528,505,624,Push-up
404,563,454,559,614,568,482,620,574,637,556,471,525,507,621,Push-up
405,564,456,563,614,565,480,626,575,639,551,471,526,505,626,Push-up
408,560,451,564,620,556,476,622,569,637,547,467,526,507,633,Push-up
409,561,449,562,619,552,474,619,561,637,541,464,525,504,633,Push-up
408,558,449,565,617,551,472,620,560,637,542,463,526,497,630,Push-up
407,555,448,569,617,552,470,619,569,638,537,464,521,498,624,Push-up
404,550,450,567,612,553,466,617,578,639,540,467,522,497,625,Push-up
404,550,451,566,613,555,465,609,582,640,534,467,525,496,627,Push-up
405,547,447,566,617,559,466,612,587,641,525,465,523,492,623,Push-up
405,547,447,566,612,559,465,617,589,641,521,466,522,496,618,Push-up
403,541,450,569,609,561,462,616,584,642,513,468,523,495,617,Push-up
400,530,453,570,614,558,461,615,568,640,513,464,527,499,620,Push-up
397,521,455,566,616,556,460,615,559,640,509,463,526,492,617,Push-up
398,525,453,566,616,558,456,616,564,640,508,466,522,486,613,Push-up
400,526,451,569,613,562,458,614,567,640,512,465,525,488,618,Push-up
402,527,450,567,611,560,458,614,571,641,512,465,527,488,619,Push-up
399,524,451,569,611,557,456,612,578,641,519,463,522,485,611,Push-up
399,532,450,569,616,557,458,607,582,639,526,458,521,482,613,Push-up
403,536,448,570,616,558,457,607,579,639,526,458,524,486,606,Push-up
402,534,449,569,615,560,457,612,574,640,522,461,520,486,600,Push-up
402,532,449,571,613,560,456,613,574,641,522,462,523,486,597,Push-up
400,532,451,570,614,555,455,610,568,641,524,462,528,484,594,Push-up
401,541,451,570,617,550,455,611,565,640,528,462,528,480,595,Push-up
402,540,451,570,617,548,452,614,568,640,526,461,528,480,606,Push-up
399,541,453,570,617,548,452,615,565,640,529,462,530,482,610,Push-up
401,546,453,567,614,549,452,613,563,639,529,462,533,481,612,Push-up
400,543,453,567,613,553,452,607,566,639,537,464,534,475,612,Push-up
405,557,453,567,615,557,453,605,574,639,541,466,532,475,615,Push-up
409,562,452,565,615,558,454,606,580,636,545,464,529,478,614,Push-up
405,547,449,564,611,557,454,607,585,634,550,460,526,479,611,Push-up
412,567,451,563,614,554,453,608,580,632,555,457,530,483,612,Push-up
411,571,450,564,617,554,452,608,574,637,550,461,529,484,605,Push-up
410,574,456,564,617,553,451,610,571,630,564,461,525,479,600,Push-up
408,570,456,562,615,555,451,610,573,632,565,462,524,481,598,Push-up
404,561,454,559,616,558,454,611,578,631,568,465,528,483,604,Push-up
409,575,459,555,623,558,455,609,582,625,573,457,528,485,601,Push-up
413,572,453,552,622,562,457,606,583,628,566,451,523,485,605,Push-up
413,575,453,547,619,565,457,606,582,621,576,453,521,485,599,Push-up
412,579,457,542,621,566,458,609,581,621,577,450,523,485,599,Push-up
413,574,452,537,624,568,458,609,580,620,577,448,520,485,604,Push-up
412,572,454,534,629,568,460,609,579,620,581,452,516,482,610,Push-up
410,570,456,533,627,567,462,609,579,624,581,459,521,489,618,Push-up
412,571,455,532,624,571,462,612,581,623,581,462,522,496,622,Push-up
413,570,453,531,629,571,463,612,582,621,580,459,521,493,622,Push-up
414,574,454,529,630,568,464,609,580,620,582,456,522,493,623,Push-up
418,572,449,533,632,563,465,612,578,623,577,459,514,496,627,Push-up
417,580,452,533,630,558,466,616,577,625,574,458,518,500,632,Push-up
418,579,450,533,627,559,467,618,576,626,576,462,522,505,644,Push-up
421,583,450,534,629,564,472,618,572,624,570,455,520,509,652,Push-up
418,579,450,537,629,564,475,620,572,624,574,452,520,509,657,Push-up
415,575,454,539,628,559,479,624,574,624,582,460,517,508,652,Push-up
419,580,450,539,628,556,483,624,569,622,577,455,516,509,655,Push-up
417,581,453,541,627,561,482,625,566,623,576,458,519,512,659,Push-up
415,579,455,544,620,565,485,627,562,625,571,460,518,512,656,Push-up
417,578,450,544,618,565,488,628,566,623,574,455,513,510,658,Push-up
415,578,454,543,625,567,489,628,571,622,582,459,517,510,663,Push-up
415,577,454,545,629,569,490,624,581,629,577,469,514,510,656,Push-up
414,574,452,546,620,564,491,621,588,629,577,470,514,512,654,Push-up
416,579,452,549,616,559,491,621,589,627,568,460,511,512,659,Push-up
416,578,451,547,621,559,491,623,584,630,569,463,516,506,646,Push-up
416,578,452,548,627,562,489,623,581,629,574,466,516,500,637,Push-up
413,566,448,549,625,557,486,619,581,626,572,453,516,509,646,Push-up
411,578,458,551,616,554,484,622,584,631,564,459,516,508,634,Push-up
409,568,455,551,615,558,481,624,586,633,567,467,518,505,627,Push-up
412,570,450,551,622,563,479,619,581,630,571,463,521,505,633,Push-up
412,575,453,555,618,568,479,613,575,634,560,467,521,508,632,Push-up
407,573,457,558,611,572,478,623,578,637,555,468,523,508,620,Push-up
406,564,454,562,616,565,473,626,577,637,557,467,523,511,634,Push-up
405,563,455,562,621,556,475,612,568,637,549,465,523,510,629,Push-up
402,556,457,566,624,549,473,612,569,637,545,467,524,501,628,Push-up
404,552,452,566,617,549,473,617,571,636,548,463,526,497,622,Push-up
407,554,450,568,612,557,474,621,569,635,546,457,522,508,625,Push-up
405,553,452,565,614,564,473,619,570,638,538,459,521,507,624,Push-up
405,550,451,565,615,567,469,615,574,639,537,462,525,502,628,Push-up
408,546,451,565,614,566,469,612,574,639,532,463,523,501,627,Push-up
403,541,449,568,610,565,468,620,574,643,520,465,523,498,620,Push-up
398,538,453,569,612,561,467,618,576,643,521,470,523,502,622,Push-up
399,542,452,569,621,556,462,615,574,639,525,464,526,503,625,Push-up
402,536,450,571,618,555,460,611,574,638,516,459,522,495,618,Push-up
397,523,454,573,610,552,459,615,576,639,509,462,522,490,615,Push-up
399,528,451,573,606,555,458,615,575,642,505,466,524,493,621,Push-up
401,529,449,572,611,559,458,611,571,641,508,466,524,491,619,Push-up
401,526,449,572,613,565,455,615,566,640,510,463,524,485,613,Push-up
400,521,450,570,608,569,453,614,563,639,511,458,524,484,609,Push-up
399,522,450,571,611,566,454,614,564,640,511,459,522,490,613,Push-up
399,526,451,571,615,560,452,613,568,642,514,463,523,488,601,Push-up
399,529,451,571,615,557,452,611,571,642,518,462,523,481,605,Push-up
401,529,450,571,613,556,452,611,570,642,520,462,523,484,606,Push-up
402,531,450,572,613,557,452,614,571,642,521,464,523,486,603,Push-up
401,533,450,569,613,557,452,614,571,641,523,462,525,479,600,Push-up
400,535,452,568,617,556,451,609,571,640,526,461,528,476,607,Push-up
400,536,452,567,620,555,450,609,568,640,528,460,524,479,609,Push-up
396,531,454,567,616,555,448,614,565,640,530,462,523,478,607,Push-up
398,538,455,567,612,555,448,613,564,638,535,460,527,479,608,Push-up
402,546,453,566,614,552,450,606,565,638,536,460,532,479,611,Push-up
397,542,455,565,617,552,449,607,566,638,540,463,531,474,612,Push-up
399,547,457,564,614,554,449,610,571,638,542,464,530,476,614,Push-up
404,548,454,564,615,553,451,611,570,636,545,462,529,479,618,Push-up
406,549,448,562,617,551,451,610,569,635,548,464,529,480,613,Push-up
408,561,451,562,619,550,451,609,568,632,558,463,531,482,603,Push-up
411,564,450,562,619,550,451,609,567,636,554,461,529,479,605,Push-up
410,567,451,562,619,551,453,609,571,635,560,465,528,481,605,Push-up
409,564,453,560,619,552,455,612,579,633,565,464,525,483,603,Push-up
408,562,453,558,623,552,457,612,581,632,563,461,528,484,604,Push-up
409,571,455,557,624,556,459,608,581,631,566,462,528,483,604,Push-up
406,564,456,554,620,561,457,606,581,623,573,454,525,481,602,Push-up
407,569,455,549,619,562,457,611,581,624,574,450,523,483,601,Push-up
411,573,455,547,621,560,460,611,579,621,578,449,526,484,604,Push-up
409,564,454,546,624,560,460,611,576,621,578,451,530,481,614,Push-up
410,571,455,543,624,558,461,611,576,621,580,456,528,484,619,Push-up
417,572,450,543,622,557,465,611,581,622,580,462,528,485,623,Push-up
420,578,448,544,625,555,466,608,585,623,578,461,531,486,619,Push-up
420,581,448,543,628,550,465,610,585,629,572,465,531,486,617,Push-up
420,582,449,541,628,547,465,611,582,627,573,466,527,488,617,Push-up
419,584,449,540,631,551,465,615,577,624,576,461,528,490,624,Push-up
417,575,450,537,629,558,465,617,574,619,578,455,527,493,631,Push-up
417,576,450,533,631,562,466,620,567,618,583,450,520,493,632,Push-up
413,576,453,535,631,565,466,620,561,620,583,455,523,496,637,Push-up
412,570,454,539,625,565,469,623,560,620,588,460,522,497,632,Push-up
415,569,451,535,625,563,473,623,564,619,579,450,518,496,637,Push-up
416,575,452,535,629,563,475,621,571,621,580,453,525,503,637,Push-up
412,574,457,538,628,561,481,620,578,620,581,457,526,504,640,Push-up
414,580,456,539,625,562,486,620,586,624,575,458,525,506,637,Push-up
416,581,453,540,628,564,487,616,593,626,581,467,523,508,643,Push-up
414,580,456,538,630,566,487,617,593,624,577,465,527,507,644,Push-up
417,585,457,536,635,565,488,619,593,620,580,454,528,497,650,Push-up
413,582,461,539,633,560,489,621,584,620,582,458,530,501,659,Push-up
413,577,458,539,622,555,489,623,576,624,577,462,527,502,659,Push-up
413,577,457,537,617,556,483,628,570,624,578,468,521,502,660,Push-up
411,570,455,538,623,564,481,626,562,626,568,461,514,507,657,Push-up
419,585,452,542,623,568,483,619,556,624,576,458,523,509,651,Push-up
413,576,454,543,621,565,483,626,561,622,576,460,533,507,651,Push-up
408,575,461,552,625,555,483,628,571,628,573,467,526,513,646,Push-up
413,576,454,556,619,547,482,626,576,628,575,466,519,512,634,Push-up
411,561,452,558,613,550,481,627,579,629,574,468,520,505,635,Push-up
407,565,459,563,620,553,482,625,575,630,570,469,523,517,637,Push-up
413,572,450,559,624,555,485,624,572,630,575,466,522,520,629,Push-up
409,563,452,557,623,557,483,632,571,625,580,466,521,510,625,Push-up
401,558,459,559,616,558,481,623,567,626,568,457,524,513,631,Push-up
408,567,455,556,613,561,480,616,559,631,572,467,521,512,625,Push-up
414,563,446,551,620,565,479,626,560,629,562,462,520,503,621,Push-up
409,559,448,551,625,565,482,628,562,634,567,473,530,508,631,Push-up
407,558,452,555,624,558,478,622,563,634,565,473,531,507,633,Push-up
404,555,452,565,617,553,470,622,567,638,551,471,522,506,628,Push-up
395,554,462,569,609,551,465,613,571,640,552,478,527,505,626,Push-up
399,552,458,571,618,552,466,611,571,639,544,472,528,496,624,Push-up
403,549,453,567,627,553,464,618,578,636,552,465,523,495,626,Push-up
406,547,447,567,616,557,467,616,589,634,549,461,525,503,625,Push-up
402,543,446,569,606,559,467,614,596,638,541,464,528,507,625,Push-up
399,538,452,567,611,555,466,611,589,640,542,470,525,507,624,Push-up
395,530,455,564,622,560,461,611,577,640,541,467,527,498,624,Push-up
396,527,455,566,616,567,466,610,561,641,532,466,533,492,620,Push-up
396,520,456,564,614,569,468,624,555,641,528,472,530,501,623,Push-up
398,515,454,566,615,561,465,627,563,641,526,469,529,502,623,Push-up
400,518,451,565,617,556,458,615,573,640,519,466,524,490,624,Push-up
398,513,452,568,617,552,453,611,571,640,517,467,524,486,621,Push-up
398,509,454,572,613,550,452,612,571,641,519,467,527,489,610,Push-up
398,508,454,571,612,548,454,617,571,641,519,465,529,495,614,Push-up
398,507,454,572,617,548,455,617,571,641,512,465,535,487,614,Push-up
398,507,455,572,619,548,452,612,566,641,512,467,532,486,607,Push-up
398,510,454,573,618,547,452,612,562,641,514,467,525,489,603,Push-up
398,514,453,572,611,548,451,618,562,641,518,465,528,488,600,Push-up
398,517,451,571,611,550,454,617,560,641,522,463,536,488,604,Push-up
397,526,452,571,613,553,456,610,561,641,522,464,538,487,608,Push-up
398,528,452,570,613,557,453,609,570,641,525,466,534,482,610,Push-up
399,532,452,568,614,560,455,608,573,640,528,464,534,482,608,Push-up
399,537,452,566,617,558,455,609,576,642,521,465,535,482,607,Push-up
402,541,449,566,619,555,454,612,572,642,529,467,534,484,611,Push-up
400,538,451,565,615,557,453,609,572,641,533,468,531,484,602,Push-up
400,541,452,566,613,558,450,610,571,641,532,470,534,479,606,Push-up
404,553,450,568,614,557,452,609,570,638,542,467,536,478,610,Push-up
406,560,451,566,616,554,453,610,574,635,545,461,533,478,609,Push-up
405,555,450,567,619,551,453,610,580,636,546,460,530,478,609,Push-up
410,560,449,566,617,548,452,608,579,632,554,460,528,483,608,Push-up
409,559,450,564,615,548,451,607,575,633,554,459,527,483,606,Push-up
407,565,456,565,615,550,450,611,570,633,557,465,528,481,602,Push-up
407,569,456,565,615,555,454,611,567,634,562,468,530,483,599,Push-up
411,570,453,559,617,558,455,613,568,633,565,465,530,485,597,Push-up
408,568,456,558,620,559,456,615,573,627,577,465,525,484,604,Push-up
411,574,455,553,622,560,456,613,573,625,575,459,526,488,606,Push-up
414,576,454,547,624,561,455,610,571,626,575,457,526,484,606,Push-up
410,571,456,545,623,564,455,611,571,625,580,460,526,481,608,Push-up
407,569,458,544,624,567,457,612,571,628,578,467,525,484,610,Push-up
409,570,457,543,624,568,459,613,574,625,580,467,525,486,617,Push-up
409,568,456,540,630,565,460,612,578,623,579,460,522,487,615,Push-up
409,571,457,536,634,557,461,613,578,621,580,459,520,487,620,Push-up
409,570,459,539,632,553,461,613,576,624,577,458,523,491,615,Push-up
414,575,454,541,625,548,460,614,573,625,577,462,529,496,619,Push-up
418,573,451,541,620,544,460,617,572,623,577,461,531,497,631,Push-up
422,575,447,540,623,546,461,618,570,624,578,462,533,495,640,Push-up
422,579,447,540,631,552,464,619,571,625,578,467,535,499,645,Push-up
420,575,448,541,631,554,470,619,567,627,575,464,532,504,647,Push-up
418,582,454,539,630,552,470,617,562,627,578,464,529,508,639,Push-up
416,579,455,542,633,554,469,622,561,628,574,464,529,512,634,Push-up
413,578,458,543,635,553,474,622,557,625,576,462,527,511,633,Push-up
414,580,458,541,631,551,478,628,558,623,578,460,524,511,635,Push-up
417,579,455,544,627,552,483,631,573,624,581,464,525,514,641,Push-up
414,580,461,539,630,556,485,623,588,624,579,464,531,511,645,Push-up
416,589,462,540,626,558,486,613,596,627,570,459,530,506,652,Push-up
412,581,462,537,622,561,487,609,599,625,579,466,530,504,653,Push-up
411,579,464,539,627,565,489,614,598,628,572,469,530,506,658,Push-up
414,581,463,538,624,563,489,617,591,629,576,473,530,506,655,Push-up
418,581,459,539,622,563,487,618,582,629,570,472,525,507,662,Push-up
418,586,458,538,624,567,485,614,580,627,582,475,524,509,655,Push-up
417,581,458,536,627,568,485,617,583,629,572,472,524,508,643,Push-up
417,586,459,543,629,568,485,623,589,630,572,475,524,513,640,Push-up
414,579,458,547,621,561,485,618,592,629,572,480,525,512,633,Push-up
412,572,457,550,619,556,484,621,592,630,571,470,523,513,631,Push-up
417,578,457,552,623,556,484,623,587,630,575,474,524,513,634,Push-up
414,570,456,553,627,557,484,624,581,632,569,472,523,516,632,Push-up
413,575,455,555,626,549,483,622,575,631,570,470,526,517,625,Push-up
414,594,465,560,620,539,480,616,571,631,568,473,535,519,624,Push-up
402,473,372,575,456,477,342,443,470,529,473,370,454,342,416,Pushup
446,526,393,620,492,516,369,477,507,565,510,390,487,371,445,Pushup
461,542,398,636,497,533,380,489,518,574,522,396,499,378,458,Pushup
465,547,398,640,499,539,383,496,520,576,526,396,502,383,461,Pushup
465,549,400,640,501,541,383,498,520,576,528,395,504,383,463,Pushup
465,554,405,640,501,543,383,498,522,576,528,395,504,382,463,Pushup
465,552,407,640,503,545,384,496,524,576,526,394,504,382,463,Pushup
467,552,410,640,505,545,384,494,526,574,526,394,504,382,463,Pushup
469,550,415,640,505,545,384,494,526,572,521,396,504,382,463,Pushup
473,540,426,642,501,543,382,496,523,572,523,401,503,382,462,Pushup
470,542,435,642,501,543,382,496,521,571,522,411,503,382,462,Pushup
469,547,440,642,501,543,382,496,521,570,525,416,503,382,463,Pushup
465,537,449,642,501,543,382,496,521,574,523,420,503,382,463,Pushup
456,522,460,642,502,543,382,496,521,579,524,423,503,382,463,Pushup
438,522,463,642,502,543,382,496,521,588,526,428,503,382,463,Pushup
414,545,456,642,502,543,382,496,521,599,532,433,503,382,463,Pushup
400,557,451,642,502,543,382,495,521,614,537,440,503,382,463,Pushup
377,549,454,642,502,543,382,495,521,633,546,442,504,383,463,Pushup
351,559,456,642,503,543,382,495,521,653,559,437,504,383,463,Pushup
334,580,455,642,503,543,382,495,521,669,562,432,504,383,463,Pushup
329,569,458,642,503,543,382,495,521,680,568,432,504,385,462,Pushup
334,557,461,643,503,543,382,495,521,682,543,437,504,384,461,Pushup
345,550,462,643,503,543,382,496,521,681,537,438,504,382,462,Pushup
360,563,463,643,503,543,382,496,520,671,533,436,504,383,460,Pushup
370,581,464,643,503,543,382,496,520,663,530,434,504,383,461,Pushup
373,557,458,643,503,544,382,496,520,656,549,433,504,383,461,Pushup
375,528,448,643,503,544,382,496,520,650,534,427,506,384,463,Pushup
376,529,440,643,503,544,382,496,520,644,523,420,505,383,465,Pushup
384,535,441,643,503,544,382,496,520,639,523,421,503,382,467,Pushup
392,531,440,643,504,544,382,496,520,635,517,417,503,382,467,Pushup
400,530,438,643,504,544,382,496,520,630,502,409,503,382,467,Pushup
410,532,442,643,504,544,382,496,520,623,506,407,502,384,467,Pushup
417,532,445,643,504,543,382,496,521,617,511,410,502,385,464,Pushup
420,533,447,643,499,544,382,497,518,613,513,417,502,385,463,Pushup
420,533,447,643,501,542,382,498,518,610,515,418,502,384,462,Pushup
418,537,447,643,502,543,383,497,518,610,514,421,501,384,460,Pushup
414,536,449,643,502,543,383,496,518,610,517,425,502,384,460,Pushup
409,529,452,643,503,543,383,494,519,613,521,430,502,384,461,Pushup
404,520,454,643,503,543,383,494,519,618,516,430,503,384,463,Pushup
399,517,454,643,503,544,383,496,519,622,509,431,503,385,465,Pushup
397,520,461,643,502,545,382,497,519,626,500,431,503,385,465,Pushup
397,525,470,642,502,547,380,499,522,630,499,430,503,386,465,Pushup
394,537,480,642,502,547,380,499,522,629,496,438,503,387,462,Pushup
391,550,489,642,502,547,380,503,521,626,501,455,503,385,462,Pushup
389,565,491,642,502,546,381,504,523,628,521,467,503,387,461,Pushup
389,578,491,642,504,546,381,502,525,629,552,467,503,386,463,Pushup
389,580,490,642,506,546,381,496,526,629,576,463,501,385,464,Pushup
389,575,490,642,506,546,381,498,530,630,588,462,501,386,466,Pushup
390,562,489,641,510,547,381,517,536,630,581,461,503,386,470,Pushup
392,552,489,644,505,545,380,524,537,630,562,461,503,384,474,Pushup
393,548,488,643,507,545,380,525,532,628,543,461,503,383,475,Pushup
393,548,488,643,507,545,380,520,528,627,531,458,503,384,477,Pushup
395,546,488,643,509,545,379,514,523,627,525,452,501,385,480,Pushup
398,544,487,643,511,543,375,507,515,626,526,451,498,387,483,Pushup
403,543,489,643,511,543,374,496,508,624,532,451,497,387,487,Pushup
407,543,489,643,511,539,375,483,503,622,533,450,495,387,490,Pushup
408,541,491,643,515,539,379,468,501,625,518,447,494,385,491,Pushup
406,541,492,641,520,539,386,453,501,626,536,448,496,380,489,Pushup
401,550,490,641,526,534,390,444,501,626,561,450,496,377,488,Pushup
397,552,487,641,531,530,387,439,503,629,564,455,495,379,492,Pushup
398,548,487,642,531,532,380,440,507,628,555,460,497,387,497,Pushup
403,550,488,642,531,535,375,444,512,622,548,466,498,397,503,Pushup
408,547,491,642,530,535,372,449,514,612,545,469,500,402,507,Pushup
414,547,491,642,530,533,367,455,513,602,539,472,503,404,507,Pushup
416,551,488,642,530,531,367,468,514,595,539,473,504,395,514,Pushup
413,558,484,642,527,533,370,485,518,595,546,469,508,395,512,Pushup
411,558,479,640,530,534,374,505,523,598,546,465,511,402,512,Pushup
419,561,481,641,532,531,383,525,532,597,541,468,514,407,517,Pushup
427,562,483,641,531,532,393,553,541,594,539,472,515,403,526,Pushup
425,570,476,639,537,528,405,578,546,597,539,465,512,406,526,Pushup
427,569,472,638,541,525,418,608,544,598,538,464,513,414,526,Pushup
436,564,477,638,545,527,376,515,523,595,539,468,523,410,544,Pushup
443,564,479,639,547,529,319,482,486,599,541,461,513,409,575,Pushup
444,561,474,635,555,519,407,540,556,609,548,452,509,421,597,Pushup
443,563,474,638,557,513,286,584,542,619,557,452,514,428,609,Pushup
436,559,471,637,559,513,425,474,566,634,565,444,533,425,619,Pushup
424,564,463,645,572,514,381,537,542,658,573,429,541,433,610,Pushup
410,564,460,637,574,524,370,520,536,684,573,447,538,443,607,Pushup
384,559,458,629,579,517,388,517,539,712,566,468,534,459,607,Pushup
359,548,468,633,601,491,387,526,539,730,537,486,528,468,612,Pushup
353,523,491,654,658,496,383,524,544,722,502,502,527,477,617,Pushup
355,501,499,649,680,492,385,533,542,701,509,508,527,481,620,Pushup
357,501,493,644,637,486,390,539,548,688,532,498,531,487,629,Pushup
352,509,495,627,584,487,393,538,551,681,531,498,534,493,636,Pushup
351,503,501,611,558,489,390,541,551,672,523,502,536,503,631,Pushup
338,502,494,602,546,496,388,548,551,672,516,501,535,505,629,Pushup
332,508,503,604,543,500,393,551,550,674,508,508,532,507,630,Pushup
331,495,524,602,535,510,402,551,555,682,511,515,528,509,630,Pushup
335,503,525,599,533,519,409,560,556,681,511,532,522,514,640,Pushup
364,490,594,601,558,523,392,563,560,670,496,568,517,524,659,Pushup
359,503,556,618,562,521,395,566,558,666,511,588,517,521,655,Pushup
345,441,553,627,547,513,409,569,559,685,533,568,517,513,644,Pushup
339,395,535,630,576,505,417,572,556,691,395,573,510,511,641,Pushup
368,388,583,633,591,470,407,576,559,662,423,588,505,522,634,Pushup
349,527,501,611,537,471,407,577,555,675,537,473,508,514,638,Pushup
315,545,396,607,612,475,403,586,563,669,522,384,516,519,616,Pushup
265,569,441,605,555,436,380,584,569,801,458,326,518,511,633,Pushup
366,534,443,583,619,501,371,596,556,686,539,392,507,526,683,Pushup
376,530,473,590,600,486,382,598,546,650,541,425,507,543,663,Pushup
380,533,478,588,601,495,406,599,544,645,535,454,505,542,633,Pushup
380,525,482,578,609,502,433,604,543,646,540,460,506,537,630,Pushup
385,519,489,587,609,497,436,608,539,643,529,457,501,535,631,Pushup
389,520,482,588,597,502,437,608,536,641,522,457,495,526,632,Pushup
383,511,485,585,611,510,447,609,539,641,524,461,503,518,631,Pushup
384,518,490,577,629,518,457,621,545,641,529,460,508,512,635,Pushup
385,520,492,571,631,526,477,660,559,642,528,462,508,504,632,Pushup
383,521,497,570,632,526,528,744,580,642,526,464,512,501,627,Pushup
385,525,500,576,623,516,579,796,556,642,525,467,507,499,631,Pushup
385,521,500,578,620,513,577,752,509,641,525,466,499,492,643,Pushup
382,519,501,576,620,518,567,687,474,641,526,467,498,490,631,Pushup
384,526,503,571,625,528,554,617,483,641,524,467,499,489,619,Pushup
386,525,504,563,638,536,565,581,501,643,523,470,500,483,630,Pushup
385,527,502,557,638,532,567,570,509,643,525,470,508,486,634,Pushup
384,525,505,552,634,531,572,586,501,643,524,473,517,492,618,Pushup
384,524,509,553,631,535,561,582,496,642,526,470,517,487,621,Pushup
385,529,506,553,624,532,537,578,497,643,526,473,511,486,628,Pushup
386,525,504,553,627,517,513,596,509,645,526,478,508,489,621,Pushup
385,523,508,550,624,506,486,605,525,642,526,471,511,490,626,Pushup
384,528,507,545,623,505,462,593,536,644,528,474,508,489,630,Pushup
385,527,505,547,624,500,435,578,536,646,526,479,512,487,626,Pushup
385,524,505,547,626,485,408,631,541,641,527,469,517,482,630,Pushup
385,523,504,545,625,479,386,826,564,644,529,473,517,484,624,Pushup
385,525,507,544,635,487,367,693,567,645,527,476,521,484,630,Pushup
386,524,501,540,639,499,413,578,524,644,529,471,516,476,640,Pushup
386,524,502,545,626,507,418,606,521,643,536,470,512,478,634,Pushup
385,523,502,556,629,506,407,640,518,643,532,472,514,478,626,Pushup
385,521,500,558,631,501,415,631,522,642,528,469,513,469,629,Pushup
385,523,500,555,630,493,454,616,511,642,528,470,517,467,626,Pushup
385,524,500,549,617,491,464,631,520,644,528,471,520,472,614,Pushup
386,522,496,555,624,498,464,632,534,641,530,467,521,470,615,Pushup
386,522,495,560,628,501,474,628,550,641,525,467,519,467,621,Pushup
385,525,494,557,630,500,470,624,562,643,523,469,515,469,623,Pushup
386,526,492,556,622,503,464,618,564,642,525,466,515,469,623,Pushup
384,525,495,564,624,511,461,623,566,641,521,465,515,468,626,Pushup
385,526,494,569,623,514,457,617,560,642,516,469,513,468,626,Pushup
386,529,493,571,624,512,457,622,558,642,514,469,517,464,628,Pushup
385,536,488,573,621,510,452,624,554,642,512,469,522,464,627,Pushup
381,533,489,577,623,507,449,618,552,642,510,470,522,469,617,Pushup
382,539,487,583,620,504,447,619,547,640,510,466,522,473,608,Pushup
377,534,495,585,615,497,449,628,537,640,515,462,529,468,605,Pushup
375,518,487,581,614,494,447,632,533,645,519,470,522,456,606,Pushup
371,481,453,576,617,502,447,627,535,644,521,470,516,449,609,Pushup
376,436,477,571,621,509,450,627,545,643,524,467,525,451,606,Pushup
405,445,498,567,622,508,448,622,550,643,519,467,533,458,609,Pushup
418,512,485,572,618,498,451,607,557,643,516,467,536,474,609,Pushup
434,565,500,575,611,486,451,597,572,643,519,467,535,484,607,Pushup
445,623,504,575,608,479,453,608,585,642,525,467,527,478,608,Pushup
330,525,462,575,607,472,456,611,587,642,525,464,524,468,614,Pushup
365,517,462,572,605,478,458,620,582,642,523,466,532,454,632,Pushup
383,514,463,569,611,492,461,616,578,642,522,464,543,461,628,Pushup
385,515,491,569,619,500,458,615,579,642,526,464,543,468,624,Pushup
384,514,496,572,620,500,458,619,579,641,529,462,531,477,622,Pushup
384,510,491,574,616,490,461,622,573,641,530,462,520,479,622,Pushup
384,510,489,572,613,480,461,622,566,641,529,464,527,479,623,Pushup
387,513,491,573,612,486,459,623,560,642,526,466,531,477,626,Pushup
384,515,490,573,614,498,460,628,553,641,526,464,531,473,628,Pushup
385,513,489,568,619,502,459,631,552,641,524,463,528,472,627,Pushup
386,515,488,564,622,508,456,630,547,642,524,464,525,469,633,Pushup
383,513,492,561,631,510,455,630,534,643,524,465,519,467,643,Pushup
383,511,495,565,627,506,454,629,525,646,525,465,509,471,635,Pushup
385,510,493,568,616,510,451,624,528,648,534,461,500,475,624,Pushup
386,509,494,568,625,519,453,620,535,656,540,462,498,478,615,Pushup
386,511,493,566,626,519,459,615,541,666,534,472,494,481,607,Pushup
385,516,495,569,628,507,469,617,540,666,516,493,496,472,612,Pushup
382,518,501,571,626,496,468,620,531,661,487,532,501,454,611,Pushup
382,521,500,567,626,494,461,618,525,662,490,508,501,445,617,Pushup
385,522,494,562,629,496,459,624,513,607,459,485,496,452,621,Pushup
385,520,494,564,629,503,457,626,497,588,442,445,496,469,618,Pushup
384,522,496,571,623,515,455,621,493,604,465,381,500,474,611,Pushup
385,524,496,575,623,518,453,618,503,581,582,389,498,470,613,Pushup
385,523,494,570,610,531,454,623,513,630,535,451,490,462,625,Pushup
385,524,493,569,620,543,460,623,532,706,528,453,492,454,636,Pushup
385,526,493,570,626,553,459,623,549,660,515,451,486,451,638,Pushup
383,522,496,569,630,558,452,620,546,647,512,459,486,457,634,Pushup
382,523,496,564,635,546,450,618,536,646,514,476,500,472,626,Pushup
381,524,497,569,627,534,454,622,533,644,511,474,520,479,619,Pushup
382,524,492,575,626,532,457,633,535,642,511,468,531,482,610,Pushup
372,520,496,576,622,524,460,635,538,642,509,467,533,482,607,Pushup
369,510,525,573,622,508,454,628,533,644,511,473,532,476,604,Pushup
363,498,566,573,621,496,460,636,522,645,513,474,520,456,601,Pushup
403,502,589,573,615,502,467,640,520,645,511,473,516,441,610,Pushup
399,502,457,569,619,514,471,633,542,645,505,476,522,441,616,Pushup
408,514,409,564,620,524,456,633,568,645,505,479,528,454,613,Pushup
421,553,331,570,620,520,456,620,578,645,509,479,535,468,613,Pushup
384,529,440,574,622,506,458,592,580,645,514,477,535,473,618,Pushup
378,521,476,576,612,490,466,579,603,645,521,473,543,466,623,Pushup
380,523,497,573,608,478,466,598,622,645,521,475,547,468,618,Pushup
382,515,499,574,604,464,471,601,626,643,516,475,545,469,617,Pushup
382,510,493,575,605,465,476,606,615,643,515,473,533,472,615,Pushup
386,505,488,573,612,474,480,614,597,644,518,475,527,469,611,Pushup
388,504,495,569,620,486,482,624,581,643,522,473,527,463,618,Pushup
384,507,486,567,624,494,473,627,573,643,523,472,533,466,621,Pushup
386,507,499,566,624,498,465,621,569,643,521,472,533,468,621,Pushup
383,509,492,566,623,497,468,621,564,645,518,473,533,467,619,Pushup
382,504,490,565,619,495,472,629,559,643,522,470,529,465,613,Pushup
385,513,501,569,615,492,469,626,558,643,522,470,521,459,615,Pushup
385,515,498,572,614,491,468,625,562,643,519,471,517,458,618,Pushup
382,514,502,568,621,486,465,618,565,642,521,469,519,460,618,Pushup
385,517,501,569,618,484,466,621,569,642,521,472,519,460,616,Pushup
385,516,497,572,614,492,463,623,567,643,516,473,518,458,620,Pushup
383,512,500,572,618,498,462,620,565,643,516,471,521,458,620,Pushup
383,516,498,569,622,506,462,618,556,643,519,472,516,458,616,Pushup
385,520,494,569,628,508,461,624,546,643,518,472,515,457,613,Pushup
386,520,493,571,626,506,458,626,534,643,517,471,520,455,615,Pushup
385,519,497,571,616,510,455,622,526,643,517,472,520,457,615,Pushup
385,519,498,571,617,515,455,618,524,643,516,473,516,457,611,Pushup
385,519,497,570,622,519,455,623,523,643,513,473,514,455,609,Pushup
385,518,496,569,625,518,455,626,524,643,513,473,517,454,609,Pushup
384,516,498,569,623,517,457,623,529,643,512,474,519,459,607,Pushup
385,513,499,567,624,513,457,621,535,643,512,474,516,461,603,Pushup
384,516,493,567,623,508,457,622,541,644,512,476,515,461,600,Pushup
382,512,500,567,627,502,462,625,546,647,513,479,517,473,586,Pushup
390,516,494,569,620,501,464,625,551,641,519,469,511,467,591,Pushup
387,522,486,571,615,498,462,623,554,645,524,470,511,471,595,Pushup
377,524,491,567,618,499,466,623,552,642,517,473,515,493,576,Pushup
391,524,492,568,626,501,465,622,550,636,528,462,510,482,578,Pushup
388,533,481,567,622,506,462,626,548,640,537,462,506,472,613,Pushup
384,535,491,564,621,506,470,638,543,639,536,475,511,487,598,Pushup
397,539,488,563,621,507,463,649,545,634,543,459,505,481,604,Pushup
392,542,471,566,624,512,466,638,539,639,543,466,512,477,618,Pushup
390,555,486,567,622,509,478,623,526,634,543,462,516,486,609,Pushup
397,552,479,568,620,501,472,623,534,632,539,460,510,488,629,Pushup
400,554,472,570,617,501,474,626,545,628,564,455,518,490,630,Pushup
405,564,470,569,618,496,480,615,548,626,558,452,526,488,617,Pushup
396,551,471,571,615,500,485,612,556,623,554,447,518,487,632,Pushup
398,564,477,568,617,507,475,633,565,620,583,443,514,495,637,Pushup
401,569,477,568,620,502,473,640,562,621,573,444,511,495,623,Pushup
407,567,466,571,623,504,471,640,547,620,569,443,509,492,633,Pushup
399,568,478,573,623,509,470,634,530,622,574,452,514,501,653,Pushup
399,571,486,568,627,511,468,628,528,621,579,451,513,503,643,Pushup
409,573,465,569,631,509,477,632,539,617,580,445,516,489,641,Pushup
404,573,473,569,630,495,485,635,553,620,576,449,515,502,659,Pushup
400,570,480,571,624,492,483,635,567,621,576,453,514,515,656,Pushup
401,571,482,568,628,496,488,626,573,618,579,448,505,510,653,Pushup
405,580,477,567,626,495,493,631,574,621,580,456,506,499,647,Pushup
404,572,478,567,622,499,494,634,566,622,582,459,510,500,633,Pushup
402,568,478,560,624,511,502,632,552,622,579,455,514,505,637,Pushup
401,572,481,548,632,514,500,636,544,624,580,459,513,523,648,Pushup
400,572,483,546,633,504,500,633,540,621,581,458,512,514,644,Pushup
400,570,483,546,629,497,502,631,541,619,581,455,511,505,641,Pushup
398,564,484,545,629,493,502,634,548,622,583,459,516,508,637,Pushup
401,567,483,544,627,503,500,634,552,622,578,456,515,508,641,Pushup
403,572,478,542,629,512,504,632,549,621,577,455,513,505,641,Pushup
400,571,483,541,630,517,501,636,547,623,580,460,514,507,640,Pushup
400,570,484,537,632,521,496,633,548,623,577,458,513,508,641,Pushup
400,568,484,540,635,521,500,635,544,623,577,458,514,504,645,Pushup
402,572,480,547,631,518,499,638,539,623,578,460,515,497,642,Pushup
402,573,481,546,632,513,497,636,542,622,577,456,514,494,637,Pushup
402,572,481,548,635,506,494,633,544,623,576,459,515,495,641,Pushup
401,568,479,553,630,503,493,634,541,625,578,462,516,500,640,Pushup
403,573,479,551,628,503,495,633,545,624,575,457,514,496,634,Pushup
403,573,479,553,632,503,495,634,561,624,576,458,513,491,634,Pushup
400,568,481,556,629,506,495,631,565,625,576,461,512,491,635,Pushup
400,571,482,554,626,503,498,629,566,626,572,458,510,492,635,Pushup
402,574,480,554,629,504,500,632,571,625,572,456,516,489,633,Pushup
400,569,482,555,630,507,494,628,576,625,571,454,518,487,631,Pushup
400,567,482,557,629,507,493,628,574,625,569,454,513,484,633,Pushup
400,567,483,557,625,496,494,630,564,626,569,456,513,484,634,Pushup
400,567,482,559,619,486,492,633,563,626,567,455,519,483,628,Pushup
398,564,482,559,622,486,489,631,565,628,566,455,519,479,632,Pushup
398,563,483,559,622,491,490,630,561,630,566,458,517,479,633,Pushup
397,567,485,561,624,492,489,630,562,630,562,457,517,478,628,Pushup
398,565,480,560,625,495,486,628,565,632,562,460,516,474,634,Pushup
394,560,484,559,627,499,486,627,566,632,562,461,519,474,630,Pushup
392,553,488,558,631,509,485,631,571,631,558,458,514,471,622,Pushup
395,554,479,559,632,516,481,627,569,632,548,455,518,469,620,Pushup
394,551,480,559,630,515,484,625,561,634,546,458,517,469,623,Pushup
393,549,482,558,626,509,485,627,559,637,543,463,516,467,622,Pushup
392,544,481,562,623,500,486,634,556,637,540,463,515,468,615,Pushup
390,541,485,561,621,500,484,636,553,639,538,464,514,468,606,Pushup
387,532,488,559,627,500,483,628,550,642,528,467,518,470,600,Pushup
384,525,496,557,633,500,481,625,552,649,520,480,520,479,584,Pushup
386,510,505,560,631,498,485,620,556,645,503,482,520,483,577,Pushup
389,491,509,564,622,488,486,625,553,639,486,485,512,481,580,Pushup
391,488,502,561,611,479,479,631,555,643,484,484,501,467,586,Pushup
386,498,502,564,621,463,481,628,553,644,491,482,508,454,597,Pushup
384,506,501,568,623,453,482,636,542,647,507,478,514,454,603,Pushup
381,509,507,575,637,467,481,636,540,644,508,476,514,461,602,Pushup
384,510,502,571,640,496,475,635,537,641,498,476,508,458,609,Pushup
385,509,496,554,579,531,467,632,527,644,494,479,512,455,609,Pushup
386,508,496,548,568,569,468,625,521,646,503,478,519,449,610,Pushup
384,510,499,552,573,566,462,630,524,641,504,470,519,444,602,Pushup
385,517,499,560,645,525,464,633,533,641,498,473,514,446,599,Pushup
385,512,495,579,642,496,467,636,538,643,499,477,518,446,611,Pushup
383,506,500,564,657,475,466,636,541,645,504,476,519,447,618,Pushup
385,511,497,567,617,476,466,632,540,644,501,476,520,460,609,Pushup
386,518,496,573,633,496,466,626,533,642,501,475,524,463,603,Pushup
384,514,494,572,624,508,462,623,534,647,507,476,522,461,606,Pushup
381,505,501,568,619,512,462,631,537,649,504,481,516,468,591,Pushup
391,516,493,567,620,512,467,634,538,640,512,474,517,471,584,Pushup
384,528,488,566,616,517,472,627,541,642,517,468,527,469,594,Pushup
380,521,495,559,629,521,476,625,550,648,518,473,520,485,572,Pushup
392,528,492,555,636,519,475,633,555,637,520,476,511,486,569,Pushup
390,539,483,555,634,515,477,632,559,634,539,452,517,470,605,Pushup
388,540,491,551,626,517,480,618,558,640,533,459,513,479,588,Pushup
400,537,481,551,628,521,481,602,558,635,540,463,505,480,582,Pushup
400,548,473,554,630,517,479,611,561,637,543,465,511,475,603,Pushup
399,564,479,555,621,511,479,627,562,638,539,461,535,471,615,Pushup
400,559,469,561,618,513,481,628,554,629,551,458,531,474,599,Pushup
403,560,468,562,626,512,479,634,548,629,568,456,513,478,600,Pushup
402,570,475,562,623,506,470,635,544,628,559,453,498,479,622,Pushup
402,564,474,569,619,498,474,632,544,624,575,454,499,487,624,Pushup
410,567,457,566,618,498,477,635,550,621,576,445,512,491,619,Pushup
405,581,471,563,618,505,477,635,555,627,573,456,520,492,635,Pushup
401,569,471,563,624,510,478,639,555,629,575,466,529,494,638,Pushup
406,567,472,559,626,503,482,652,559,618,582,450,519,501,635,Pushup
411,578,465,562,622,503,485,649,567,620,579,452,512,493,645,Pushup
407,576,472,561,625,507,486,622,566,626,579,459,514,498,644,Pushup
410,575,469,549,625,502,489,611,557,620,580,454,522,497,653,Pushup
405,571,468,550,632,505,491,616,550,621,578,450,510,502,656,Pushup
408,568,465,551,638,516,487,622,543,621,582,457,511,492,658,Pushup
408,572,471,547,633,517,489,640,538,619,576,450,511,495,651,Pushup
409,575,465,548,630,517,490,646,538,619,575,452,513,496,657,Pushup
399,573,479,546,636,521,488,639,537,624,575,460,516,498,655,Pushup
398,569,482,541,639,516,491,633,536,621,578,456,510,498,653,Pushup
401,570,478,542,636,514,495,635,544,623,581,461,519,496,660,Pushup
400,572,481,542,630,517,499,636,553,625,580,466,521,504,650,Pushup
401,565,479,539,628,518,501,634,552,622,578,460,513,503,653,Pushup
401,563,478,541,634,511,506,636,539,623,578,464,515,502,654,Pushup
399,567,481,536,630,506,507,641,535,623,578,465,519,499,648,Pushup
399,569,480,528,634,512,501,640,534,625,577,465,514,508,652,Pushup
401,567,479,526,645,518,503,637,530,625,580,467,521,511,648,Pushup
401,567,478,526,639,510,504,634,533,624,579,465,524,500,639,Pushup
401,569,478,530,632,507,503,641,540,623,581,464,516,491,637,Pushup
403,567,476,529,635,505,502,642,540,624,585,467,518,495,640,Pushup
402,570,479,530,635,506,499,635,540,623,580,464,517,500,641,Pushup
401,573,481,530,635,516,496,629,543,622,582,464,516,497,632,Pushup
404,572,478,534,634,518,496,631,545,620,584,460,524,492,628,Pushup
406,571,474,537,633,516,496,632,546,620,580,458,522,484,632,Pushup
405,571,476,538,632,513,494,636,543,621,581,461,518,493,644,Pushup
401,572,480,538,627,509,490,637,543,622,579,462,519,497,628,Pushup
403,575,481,541,631,506,494,633,554,621,580,458,520,487,622,Pushup
405,569,475,547,637,506,494,632,562,620,586,459,521,475,626,Pushup
404,575,479,545,630,504,496,638,560,620,582,457,523,481,631,Pushup
400,574,484,545,625,499,497,637,555,620,578,455,520,490,632,Pushup
402,572,482,546,628,496,495,633,555,622,578,458,514,486,628,Pushup
405,571,475,548,630,500,493,631,555,622,583,459,521,480,625,Pushup
400,572,483,546,631,503,496,629,556,623,574,453,524,478,625,Pushup
401,571,483,546,627,504,492,634,559,624,574,455,517,478,628,Pushup
403,570,477,546,631,505,491,631,561,625,573,457,526,482,628,Pushup
401,573,482,548,636,505,492,626,560,624,569,452,528,475,622,Pushup
401,567,478,550,632,513,494,632,563,624,569,452,523,468,625,Pushup
401,567,479,549,628,518,489,639,560,626,572,455,524,469,626,Pushup
399,569,482,546,628,511,487,628,556,625,562,449,519,469,621,Pushup
398,564,481,550,635,505,488,624,556,627,563,449,517,465,625,Pushup
398,561,479,552,630,502,490,631,558,630,565,458,524,464,622,Pushup
396,561,480,552,625,502,488,638,561,627,560,449,526,461,616,Pushup
393,557,483,552,627,502,488,635,562,629,556,451,518,458,618,Pushup
393,553,482,552,632,503,489,626,561,636,554,462,513,462,622,Pushup
392,545,480,552,630,506,486,625,562,633,550,455,516,464,617,Pushup
390,543,483,553,626,512,484,628,564,632,546,451,516,462,616,Pushup
388,540,489,553,625,513,487,629,566,637,542,459,516,462,615,Pushup
389,537,483,556,631,511,490,627,563,641,532,467,521,466,607,Pushup
386,525,484,556,632,506,489,627,561,641,528,466,522,472,597,Pushup
378,524,490,557,624,499,489,630,560,643,509,472,526,477,581,Pushup
377,512,501,555,623,495,484,627,556,643,495,478,526,474,562,Pushup
388,508,501,553,628,492,483,626,546,642,493,475,524,464,569,Pushup
402,496,478,555,624,496,478,630,540,642,492,475,513,455,576,Pushup
400,503,474,558,618,507,470,624,542,641,497,473,517,447,584,Pushup
392,507,483,557,626,512,469,623,548,644,506,471,529,440,595,Pushup
387,512,486,561,628,509,463,626,551,646,509,473,533,441,607,Pushup
390,500,486,566,621,504,466,628,552,640,505,468,529,448,601,Pushup
386,506,484,571,618,501,465,629,552,641,505,469,521,446,601,Pushup
381,517,488,573,618,499,464,628,555,647,505,478,524,443,605,Pushup
387,517,487,574,619,502,467,628,556,643,504,473,525,444,600,Pushup
390,517,478,576,621,502,469,630,554,641,509,468,520,446,606,Pushup
386,517,479,575,619,500,470,629,553,646,509,473,516,450,600,Pushup
385,512,487,572,620,500,471,627,553,645,501,476,520,458,592,Pushup
389,525,481,572,621,503,473,627,553,643,503,473,526,462,596,Pushup
384,525,480,570,622,502,473,629,552,647,512,474,524,469,589,Pushup
384,524,486,568,622,501,475,626,551,643,517,474,519,476,568,Pushup
397,534,477,567,623,502,478,626,546,634,524,461,514,464,591,Pushup
400,548,464,562,622,502,476,629,545,643,533,463,521,456,619,Pushup
391,539,469,559,619,502,475,630,544,651,530,478,529,482,573,Pushup
388,535,489,561,622,505,477,625,544,631,540,470,519,483,555,Pushup
394,556,475,563,620,511,477,625,545,632,548,454,509,457,613,Pushup
394,558,475,558,621,507,476,632,548,635,545,454,516,466,605,Pushup
402,550,476,555,626,507,477,633,548,631,551,467,501,467,589,Pushup
404,555,469,562,631,509,472,627,550,628,559,457,518,464,619,Pushup
399,569,473,562,626,513,476,630,548,626,557,450,531,474,623,Pushup
400,568,473,559,623,512,479,632,547,621,573,445,515,475,597,Pushup
402,567,472,567,623,515,480,632,555,631,574,465,508,463,612,Pushup
401,576,472,563,628,515,482,634,554,631,574,463,515,476,633,Pushup
406,567,469,557,626,502,480,637,552,625,570,449,514,483,628,Pushup
407,569,464,561,623,504,489,633,548,623,576,453,525,479,635,Pushup
402,572,474,560,628,512,490,629,546,623,582,455,518,487,627,Pushup
405,581,475,551,624,516,488,630,547,626,568,452,500,493,635,Pushup
403,574,471,547,624,514,493,632,546,620,575,454,503,495,638,Pushup
407,576,472,548,631,512,497,629,541,623,575,458,511,494,644,Pushup
408,573,472,541,637,514,497,637,542,618,577,448,518,488,642,Pushup
405,575,476,540,638,521,499,637,542,623,577,455,522,481,645,Pushup
405,575,475,537,633,522,500,633,545,625,577,459,519,478,651,Pushup
406,577,476,536,630,520,499,630,546,626,574,458,510,483,654,Pushup
402,571,482,536,631,521,502,631,548,624,574,459,509,485,657,Pushup
402,569,482,536,637,521,507,637,552,620,575,450,512,489,657,Pushup
401,572,485,533,636,516,508,638,552,625,574,460,516,488,656,Pushup
400,573,487,533,634,513,505,637,550,627,572,461,510,487,659,Pushup
400,573,487,531,636,511,508,637,547,626,569,458,508,485,661,Pushup
399,572,491,530,635,513,510,641,545,629,571,462,512,486,659,Pushup
398,571,490,527,632,520,512,637,549,630,572,467,518,489,655,Pushup
400,573,490,525,637,525,511,632,552,629,571,464,515,493,648,Pushup
400,569,488,525,638,517,515,638,548,628,571,464,514,493,642,Pushup
401,569,487,524,631,515,514,641,541,628,572,466,515,489,638,Pushup
401,569,487,520,634,520,510,642,537,627,572,463,517,491,639,Pushup
404,574,486,520,641,521,507,637,531,627,572,461,510,496,641,Pushup
405,573,483,521,639,519,506,630,523,628,572,462,512,492,635,Pushup
403,570,483,525,632,517,505,634,528,626,574,461,521,483,628,Pushup
405,575,482,525,632,519,502,636,535,622,574,456,522,480,629,Pushup
407,576,481,527,637,520,501,637,533,623,576,457,517,482,633,Pushup
406,576,483,530,638,516,499,637,533,624,577,460,513,485,634,Pushup
405,577,485,534,633,516,498,640,539,624,573,456,516,481,626,Pushup
405,579,486,528,631,521,498,639,544,621,580,455,523,476,631,Pushup
406,581,484,534,636,516,499,632,550,622,580,458,518,483,635,Pushup
404,577,485,538,636,512,499,631,554,621,579,456,513,481,625,Pushup
404,579,490,539,636,504,498,635,554,626,572,458,514,478,621,Pushup
407,581,488,543,628,503,501,633,554,626,572,460,521,477,623,Pushup
407,579,482,540,626,515,502,634,559,624,575,458,523,477,624,Pushup
405,578,485,536,637,522,503,637,564,623,573,454,521,479,629,Pushup
404,579,488,539,640,518,500,636,562,626,574,457,517,482,623,Pushup
405,579,487,536,634,520,500,630,557,626,572,458,515,476,618,Pushup
404,575,488,537,631,521,499,631,551,623,572,453,522,469,626,Pushup
401,570,489,539,632,520,498,638,544,622,574,451,526,473,625,Pushup
403,570,485,538,629,520,498,639,542,623,575,453,528,473,627,Pushup
402,571,486,537,633,517,498,637,541,623,571,452,525,476,626,Pushup
402,572,485,538,634,510,497,630,541,625,569,452,521,472,624,Pushup
399,568,486,538,628,509,494,633,546,627,572,457,524,468,623,Pushup
398,571,490,540,626,515,497,637,553,627,564,453,523,465,618,Pushup
400,571,487,539,631,524,494,636,556,628,562,452,519,461,627,Pushup
399,569,485,537,636,525,492,632,551,631,563,459,524,464,629,Pushup
395,564,491,539,638,521,491,630,548,630,566,456,525,464,620,Pushup
394,560,489,543,632,518,489,631,549,630,556,452,518,458,621,Pushup
396,565,490,546,628,511,489,634,554,634,558,459,512,457,620,Pushup
392,557,487,547,626,500,488,633,558,638,554,468,516,461,623,Pushup
391,551,492,549,629,496,489,629,559,636,549,459,518,462,622,Pushup
392,553,489,553,629,500,488,624,564,637,545,462,518,464,624,Pushup
391,554,486,555,627,507,490,627,569,639,544,467,520,461,623,Pushup
389,551,487,552,630,507,488,630,569,639,540,464,524,459,618,Pushup
389,547,483,553,631,504,484,624,569,639,533,464,538,460,609,Pushup
380,548,487,556,628,505,481,626,569,640,523,466,543,466,593,Pushup
364,540,494,556,625,509,480,629,564,644,518,473,527,470,569,Pushup
365,530,499,555,630,512,480,626,554,644,515,474,513,469,554,Pushup
380,509,503,555,629,513,483,627,547,641,507,470,508,460,558,Pushup
432,476,509,553,626,515,479,628,548,643,501,474,517,449,568,Pushup
440,465,486,552,626,512,472,626,557,646,503,476,527,448,578,Pushup
433,479,462,555,624,507,467,622,568,642,508,468,529,457,580,Pushup
375,498,446,566,620,500,467,617,573,641,512,465,529,446,597,Pushup
361,527,480,570,617,495,464,619,574,644,515,467,533,429,625,Pushup
382,515,474,570,615,488,462,620,574,646,507,476,539,434,622,Pushup
389,523,470,576,613,487,465,619,574,642,502,472,536,448,601,Pushup
381,516,493,580,610,491,472,623,573,641,500,469,518,452,596,Pushup
383,533,487,575,614,493,474,629,567,644,498,475,513,447,610,Pushup
384,526,483,571,619,496,472,632,562,644,506,472,522,449,614,Pushup
385,517,486,570,625,506,470,628,557,644,511,472,524,456,605,Pushup
385,520,486,566,630,513,471,626,552,642,503,474,524,459,599,Pushup
382,523,487,563,631,511,472,629,548,643,507,471,515,455,602,Pushup
387,523,485,564,627,506,470,627,548,645,510,474,509,458,600,Pushup
389,527,476,567,625,505,472,629,548,647,507,475,521,466,585,Pushup
383,527,484,566,625,505,477,628,547,634,524,464,526,476,574,Pushup
389,532,486,565,619,507,478,626,547,638,527,460,512,468,582,Pushup
394,548,472,562,612,512,478,626,548,645,523,467,517,459,593,Pushup
391,545,473,559,629,505,479,631,545,642,539,472,516,471,583,Pushup
386,539,496,556,627,509,473,626,548,634,546,456,503,476,567,Pushup
395,543,477,560,624,517,475,625,550,632,538,452,514,468,587,Pushup
401,559,464,558,631,515,480,632,545,631,538,461,516,462,599,Pushup
401,556,475,556,626,511,478,631,543,623,572,443,509,454,591,Pushup
404,561,469,559,623,520,474,629,546,630,567,454,517,461,618,Pushup
395,563,475,555,631,518,474,633,545,632,571,461,520,478,619,Pushup
400,565,477,561,631,510,475,633,546,624,565,450,519,475,612,Pushup
402,568,473,568,622,516,478,633,548,618,570,444,506,462,621,Pushup
403,574,482,561,624,515,480,635,542,622,585,456,503,468,626,Pushup
405,578,478,557,621,508,482,635,539,629,574,461,508,480,644,Pushup
405,578,469,556,622,516,482,635,537,626,574,462,523,489,640,Pushup
405,573,473,550,634,520,487,632,541,619,582,453,531,486,646,Pushup
404,577,483,550,627,517,496,634,545,619,585,454,520,477,646,Pushup
405,577,480,545,624,517,496,637,546,626,575,459,507,490,645,Pushup
408,575,474,540,627,512,494,634,544,624,577,460,507,490,652,Pushup
409,576,476,536,633,513,499,631,540,623,579,460,508,485,650,Pushup
405,567,479,538,644,521,501,629,544,621,575,452,516,480,660,Pushup
404,569,478,532,644,525,504,632,548,620,576,455,519,482,664,Pushup
402,573,487,528,638,521,504,641,544,626,575,462,512,486,654,Pushup
399,574,494,526,635,518,502,637,539,627,577,465,513,482,660,Pushup
397,573,496,527,633,525,507,636,539,627,576,465,507,479,662,Pushup
398,572,495,527,633,526,507,641,543,625,573,461,512,486,658,Pushup
397,572,497,527,633,517,508,642,548,626,575,462,515,489,657,Pushup
397,571,498,528,638,509,511,633,550,627,575,465,512,488,652,Pushup
397,568,497,526,637,508,513,636,550,628,574,465,508,487,649,Pushup
397,570,497,523,633,511,512,640,550,629,572,465,509,493,637,Pushup
401,573,492,521,632,514,512,636,555,627,572,465,514,489,638,Pushup
403,573,487,523,635,516,515,633,555,628,572,465,516,485,639,Pushup
402,575,489,522,639,517,510,634,547,626,574,464,513,487,634,Pushup
402,573,489,521,634,514,507,638,539,625,573,462,510,498,640,Pushup
400,569,492,524,631,516,505,633,534,626,576,465,515,494,634,Pushup
403,576,490,524,634,521,503,624,535,622,583,460,518,483,625,Pushup
403,576,493,526,632,521,500,638,543,622,581,462,518,478,629,Pushup
409,578,480,527,632,522,502,651,542,623,578,463,515,480,632,Pushup
407,577,484,527,637,522,500,640,536,624,575,461,515,484,636,Pushup
405,576,490,528,641,524,500,630,537,625,578,464,520,482,629,Pushup
403,578,495,529,632,530,499,633,542,625,582,465,522,482,620,Pushup
406,580,486,532,627,529,495,635,546,622,579,460,518,486,636,Pushup
407,580,486,530,635,529,493,635,542,625,578,464,524,489,631,Pushup
406,581,490,532,641,527,495,633,536,624,576,462,522,481,616,Pushup
405,576,489,536,632,526,496,633,539,623,575,457,521,471,618,Pushup
404,575,488,533,627,526,500,640,546,624,575,458,517,478,624,Pushup
402,579,495,532,636,519,494,638,547,627,575,462,513,484,621,Pushup
402,577,494,536,641,512,493,636,543,627,575,461,520,477,621,Pushup
403,574,490,536,635,511,496,632,547,624,578,459,522,471,621,Pushup
403,576,493,535,629,516,499,630,562,624,572,457,522,469,626,Pushup
402,573,494,537,631,516,502,628,564,624,571,454,520,476,628,Pushup
402,577,492,541,633,511,498,634,561,626,573,458,516,475,621,Pushup
401,574,489,540,630,508,498,636,562,626,569,456,524,468,625,Pushup
400,571,489,538,632,513,497,630,564,626,570,456,527,469,630,Pushup
396,573,495,539,633,516,494,630,567,628,573,457,527,465,619,Pushup
399,571,492,543,631,516,494,630,563,629,566,457,525,460,627,Pushup
401,567,486,543,631,511,493,635,556,628,566,458,524,462,630,Pushup
398,565,486,543,628,508,489,635,550,627,565,453,520,467,627,Pushup
393,560,494,544,631,509,486,634,547,632,563,459,515,465,620,Pushup
395,559,489,544,633,512,488,632,549,633,560,460,519,459,617,Pushup
395,561,486,545,632,512,488,632,549,631,559,456,520,454,621,Pushup
390,555,489,545,627,511,487,632,554,634,555,459,522,456,621,Pushup
387,552,494,546,629,511,484,631,563,633,556,458,523,462,615,Pushup
388,548,494,548,634,511,483,631,566,635,548,460,520,462,608,Pushup
393,547,486,551,633,511,484,629,564,638,544,463,522,458,610,Pushup
391,539,478,555,628,511,484,630,559,638,543,462,521,466,609,Pushup
391,529,487,553,624,511,482,631,558,639,532,461,519,473,588,Pushup
390,521,486,553,625,511,480,630,557,642,520,466,518,465,581,Pushup
388,516,489,554,629,511,478,623,554,644,508,474,525,460,582,Pushup
389,509,496,552,628,513,474,623,551,644,507,474,525,459,589,Pushup
389,517,484,555,626,513,473,625,549,643,505,471,525,455,590,Pushup
385,516,486,560,628,508,471,625,549,643,506,470,521,448,589,Pushup
388,513,489,564,626,506,468,624,552,639,500,466,517,443,596,Pushup
388,514,482,566,623,508,468,626,552,641,503,467,519,443,602,Pushup
385,513,485,568,622,506,464,628,550,643,510,469,523,447,601,Pushup
385,513,488,570,621,508,463,626,551,642,509,468,522,449,603,Pushup
387,512,485,573,623,510,463,624,551,642,505,468,517,450,608,Pushup
387,509,486,573,622,510,461,625,546,643,505,471,515,448,607,Pushup
385,510,487,572,620,512,461,624,548,644,508,465,521,445,605,Pushup
386,515,485,572,622,513,461,626,545,643,509,470,523,452,605,Pushup
386,514,484,573,620,516,460,627,544,642,508,469,523,455,607,Pushup
386,512,485,572,622,516,462,628,542,642,505,468,521,450,605,Pushup
385,510,485,572,621,513,464,626,542,642,504,469,516,452,600,Pushup
388,508,486,571,619,514,464,626,542,643,506,470,516,456,598,Pushup
386,514,483,571,623,514,463,626,542,644,511,472,521,455,603,Pushup
385,518,483,570,624,512,463,626,546,645,510,472,527,459,601,Pushup
386,507,491,570,621,513,466,625,549,644,510,470,525,465,585,Pushup
392,525,480,569,622,512,468,625,553,641,515,470,515,468,580,Pushup
388,535,477,567,622,512,468,625,553,640,529,464,513,463,596,Pushup
381,533,481,566,624,512,470,626,552,644,527,467,518,477,570,Pushup
399,522,495,566,625,511,472,626,552,630,527,465,522,475,569,Pushup
399,547,477,562,624,512,470,625,552,631,562,451,516,449,626,Pushup
391,548,473,563,624,511,467,625,553,631,559,446,521,450,619,Pushup
389,547,476,567,624,506,470,626,552,627,553,445,516,459,582,Pushup
402,547,477,570,621,505,469,625,551,631,554,462,507,472,579,Pushup
395,548,483,568,616,506,466,629,551,631,563,459,523,476,600,Pushup
399,559,475,566,620,504,473,633,550,622,566,453,531,476,604,Pushup
404,559,472,569,623,505,474,632,552,620,572,448,518,466,598,Pushup
403,560,476,564,625,509,469,627,555,627,580,456,508,457,624,Pushup
402,567,478,562,626,509,471,626,550,627,574,459,518,468,622,Pushup
404,571,472,563,625,506,474,630,548,618,576,451,519,476,618,Pushup
408,581,472,563,623,509,476,631,549,620,585,456,523,477,636,Pushup
401,577,483,561,626,510,476,631,550,622,583,459,521,477,640,Pushup
402,574,485,558,626,508,478,629,553,619,581,452,518,477,637,Pushup
405,576,476,556,630,514,489,630,553,619,578,453,516,484,640,Pushup
407,582,477,554,630,516,491,634,559,619,581,451,505,490,635,Pushup
408,579,478,545,632,510,490,638,560,622,581,457,508,482,640,Pushup
408,576,478,546,635,506,496,636,550,619,576,450,518,478,650,Pushup
407,579,480,543,635,506,498,635,540,621,581,456,516,477,653,Pushup
406,577,477,536,631,517,496,638,537,624,577,458,519,478,656,Pushup
407,577,481,532,631,525,500,636,542,620,574,452,511,483,658,Pushup
406,579,486,532,632,520,507,631,552,620,576,453,503,484,659,Pushup
404,578,492,532,634,510,508,626,561,624,576,459,511,479,654,Pushup
403,575,489,532,637,503,508,629,564,625,572,457,513,478,657,Pushup
403,579,491,528,634,503,511,637,563,625,571,457,509,479,661,Pushup
401,577,494,526,632,513,515,640,563,627,573,462,510,480,659,Pushup
401,579,495,526,635,521,513,637,563,627,571,460,509,486,653,Pushup
401,580,499,523,634,515,511,633,562,629,574,465,512,485,644,Pushup
401,576,496,525,632,511,511,630,555,627,573,463,514,479,643,Pushup
404,577,493,526,634,505,508,639,545,624,573,455,513,479,640,Pushup
408,578,491,524,631,506,507,645,538,624,573,458,512,481,639,Pushup
409,578,481,524,636,519,507,639,528,628,574,467,516,480,636,Pushup
408,578,484,525,640,523,501,634,521,629,572,465,520,477,637,Pushup
408,580,487,522,630,522,498,634,531,628,575,464,519,482,635,Pushup
408,581,485,524,630,526,502,627,540,627,577,465,519,479,626,Pushup
409,583,487,526,639,523,501,628,542,626,575,462,518,473,630,Pushup
409,582,489,532,640,519,499,646,543,623,576,459,519,471,635,Pushup
407,581,491,532,633,526,497,643,539,624,576,458,517,487,633,Pushup
407,586,493,526,633,535,497,630,543,626,575,461,520,486,621,Pushup
407,587,491,527,639,536,499,624,546,628,573,464,516,472,614,Pushup
408,582,483,534,637,531,499,629,543,628,572,462,516,464,622,Pushup
407,585,492,534,630,526,497,645,546,627,571,459,522,469,624,Pushup
407,585,493,528,630,534,501,647,544,627,570,459,525,481,624,Pushup
407,579,489,527,641,530,499,634,543,627,570,458,516,475,619,Pushup
408,582,490,537,639,514,497,628,538,627,570,457,511,467,621,Pushup
406,580,487,538,622,509,495,631,534,625,570,454,516,463,619,Pushup
405,580,489,531,619,515,494,635,542,626,568,454,527,468,620,Pushup
406,582,491,531,636,522,497,634,553,628,566,457,526,474,628,Pushup
405,577,490,534,649,521,494,631,553,628,567,457,521,467,622,Pushup
405,578,492,539,639,515,493,633,549,627,567,453,520,460,620,Pushup
404,578,492,538,624,520,496,637,553,627,568,453,527,459,620,Pushup
404,574,489,534,630,531,496,635,562,629,559,453,520,461,626,Pushup
403,578,492,538,641,525,492,634,557,633,559,458,519,461,629,Pushup
402,580,493,545,634,515,490,638,547,631,562,457,521,459,626,Pushup
400,574,493,541,622,519,488,638,544,625,558,447,517,458,621,Pushup
399,571,493,539,628,527,486,632,548,626,560,446,514,457,618,Pushup
397,570,495,542,635,520,490,630,551,636,553,464,519,457,616,Pushup
399,572,491,546,635,514,489,633,551,638,547,468,519,458,617,Pushup
397,565,486,544,629,518,489,634,554,636,548,461,520,456,619,Pushup
392,563,495,543,625,521,487,635,552,637,548,463,516,454,609,Pushup
393,560,499,546,633,519,484,631,548,641,539,470,513,457,620,Pushup
396,557,486,547,633,516,484,629,544,641,536,467,514,461,614,Pushup
392,551,476,550,627,511,484,632,543,644,531,470,509,461,602,Pushup
387,547,489,551,623,512,484,632,547,644,530,469,511,464,593,Pushup
387,540,496,550,628,516,484,629,551,643,515,472,523,470,594,Pushup
390,534,487,548,630,517,484,628,556,638,494,472,520,473,584,Pushup
391,517,490,550,631,516,483,629,559,639,485,474,513,470,587,Pushup
387,510,498,553,629,513,480,625,559,641,481,477,515,458,584,Pushup
387,518,490,553,628,512,477,623,557,639,481,476,521,446,587,Pushup
391,518,483,556,623,511,474,624,557,640,492,468,511,440,599,Pushup
388,505,488,562,619,511,467,628,557,646,509,471,511,443,598,Pushup
384,504,495,565,622,511,466,625,556,643,505,470,524,446,597,Pushup
383,517,490,570,626,511,464,624,556,641,498,469,537,446,602,Pushup
388,514,485,573,623,514,463,623,556,640,502,464,526,446,611,Pushup
385,505,488,573,621,513,459,623,554,643,509,467,515,446,606,Pushup
385,509,489,572,619,510,459,626,552,643,508,470,518,444,600,Pushup
386,513,487,574,620,508,461,625,551,642,502,470,528,449,600,Pushup
388,514,484,574,621,513,460,624,551,642,498,470,526,448,602,Pushup
387,510,485,574,622,512,459,624,552,643,505,469,521,450,607,Pushup
386,508,487,574,620,505,460,625,548,644,505,472,519,454,603,Pushup
386,516,484,574,618,501,462,625,548,641,507,470,524,454,601,Pushup
385,519,484,575,617,501,462,625,550,641,506,468,524,455,597,Pushup
384,512,487,575,620,502,463,625,552,646,508,471,520,459,585,Pushup
387,515,484,574,620,502,466,625,552,644,506,473,518,468,574,Pushup
383,519,483,570,618,505,466,625,552,634,520,465,508,466,580,Pushup
388,532,488,570,619,507,466,624,553,633,539,454,502,462,590,Pushup
392,542,477,569,623,509,468,624,554,643,542,464,527,470,587,Pushup
392,542,475,565,625,508,469,629,552,636,541,465,543,476,579,Pushup
392,541,477,565,621,506,467,626,554,633,539,457,522,467,582,Pushup
398,548,476,572,614,507,466,624,555,626,549,447,515,452,609,Pushup
402,560,463,570,619,502,468,628,550,623,563,444,515,451,614,Pushup
398,553,465,566,623,498,469,630,552,623,577,452,514,465,599,Pushup
395,555,483,570,625,506,466,626,558,628,567,455,508,469,606,Pushup
404,570,473,571,623,507,465,625,558,631,566,460,511,469,625,Pushup
403,567,467,569,618,505,470,630,552,624,576,452,520,468,615,Pushup
405,570,467,566,618,512,475,628,551,620,580,448,525,453,615,Pushup
403,572,470,565,626,520,479,629,554,626,576,457,530,466,634,Pushup
400,567,476,560,627,513,476,636,555,622,578,455,521,486,635,Pushup
408,576,468,557,626,509,477,634,552,622,579,453,515,488,635,Pushup
405,579,474,559,628,510,485,629,548,618,586,452,519,480,635,Pushup
404,574,479,554,631,507,486,630,547,617,579,447,511,474,633,Pushup
410,571,471,549,632,507,486,635,545,621,573,452,514,475,638,Pushup
410,573,466,548,631,507,491,635,540,619,584,456,527,479,638,Pushup
406,573,476,543,632,508,496,635,538,620,582,455,511,476,639,Pushup
405,577,483,537,634,513,495,636,542,618,579,450,513,476,654,Pushup
400,576,484,535,632,520,498,635,546,623,579,458,517,480,645,Pushup
401,576,489,534,633,519,504,630,550,623,574,458,506,477,649,Pushup
405,576,485,535,635,516,505,634,554,621,575,454,515,473,662,Pushup
403,575,486,531,631,515,508,635,552,622,577,455,512,482,656,Pushup
400,573,490,526,629,520,513,629,555,626,576,462,512,480,651,Pushup
400,576,492,526,636,519,513,634,557,627,573,460,512,473,655,Pushup
400,575,494,526,635,511,514,640,551,627,572,460,506,472,653,Pushup
399,573,494,524,632,511,512,639,545,628,573,462,513,476,651,Pushup
399,574,496,521,640,516,508,641,540,626,574,460,522,477,646,Pushup
400,577,498,520,636,519,510,638,538,627,572,463,512,473,646,Pushup
403,572,492,523,635,518,507,638,541,627,574,463,511,476,640,Pushup
403,572,488,523,635,513,507,640,535,626,574,461,517,481,642,Pushup
405,579,491,523,634,513,507,631,539,624,570,457,516,477,633,Pushup
404,577,490,524,636,526,507,625,546,626,576,461,519,464,632,Pushup
403,573,487,524,638,524,505,633,544,626,576,462,520,467,636,Pushup
404,579,490,527,636,514,503,643,540,620,582,455,515,480,633,Pushup
405,580,491,531,637,512,499,643,539,623,577,458,516,479,629,Pushup
407,578,489,538,635,515,500,635,536,625,581,465,524,471,627,Pushup
407,580,486,534,627,523,498,634,536,622,581,461,523,469,629,Pushup
406,580,489,527,627,525,497,641,547,624,576,459,524,475,622,Pushup
408,580,485,531,639,526,498,631,544,628,577,466,523,475,616,Pushup
406,579,485,537,641,517,500,624,539,625,574,461,520,468,619,Pushup
405,580,488,533,634,512,501,628,539,623,572,455,516,470,622,Pushup
405,577,493,533,633,511,501,642,542,625,574,460,520,473,622,Pushup
405,575,487,535,636,513,498,638,549,628,572,461,527,471,619,Pushup
406,576,482,532,631,515,498,632,552,623,576,454,527,465,616,Pushup
405,576,485,535,630,513,501,630,552,625,576,458,522,465,619,Pushup
405,576,487,536,628,512,502,637,553,625,574,456,522,467,624,Pushup
405,575,484,535,632,508,499,637,549,624,569,452,523,470,629,Pushup
407,577,484,537,630,507,498,634,553,624,571,452,519,462,622,Pushup
404,572,484,541,629,508,499,635,561,626,572,455,525,455,620,Pushup
401,574,491,540,631,506,501,633,564,628,567,455,526,460,624,Pushup
399,574,492,539,632,502,498,633,565,626,568,453,523,460,629,Pushup
401,574,490,542,635,502,494,633,562,628,568,455,524,462,628,Pushup
399,572,490,548,635,504,493,633,558,628,567,455,528,454,615,Pushup
395,566,491,544,627,509,492,630,558,629,561,452,519,451,616,Pushup
396,567,495,544,628,515,488,631,557,631,557,454,512,454,616,Pushup
398,566,486,545,633,516,488,632,551,631,561,459,524,458,616,Pushup
395,562,488,545,630,516,490,635,547,634,555,458,529,455,617,Pushup
390,559,497,544,629,518,490,634,550,630,554,452,519,455,616,Pushup
392,552,491,546,632,516,485,634,552,635,547,459,512,455,611,Pushup
392,550,487,547,632,511,485,633,551,640,543,465,511,455,604,Pushup
389,550,492,551,629,504,486,630,546,639,544,464,512,453,608,Pushup
385,543,490,551,624,502,486,632,544,637,538,456,515,455,608,Pushup
387,536,489,551,627,506,480,638,547,640,532,461,516,464,592,Pushup
389,520,489,553,634,508,477,637,552,643,524,471,515,465,580,Pushup
388,522,494,556,634,511,481,624,550,640,522,465,524,464,590,Pushup
387,528,489,556,627,514,481,622,545,640,507,466,529,462,589,Pushup
387,519,478,553,622,517,477,628,544,640,487,477,528,456,588,Pushup
386,497,500,555,625,512,472,630,543,641,486,477,518,450,587,Pushup
385,511,497,558,627,507,471,625,545,643,494,475,515,445,598,Pushup
388,524,487,561,627,508,469,625,548,642,498,473,518,449,603,Pushup
387,516,489,563,626,508,470,629,546,645,507,471,516,446,601,Pushup
385,505,493,565,626,509,466,628,546,644,512,470,518,443,593,Pushup
386,508,491,564,624,514,466,627,551,641,507,469,523,446,599,Pushup
385,516,489,564,622,519,466,625,556,643,505,472,527,449,607,Pushup
386,512,487,564,622,520,467,624,557,643,507,471,521,449,610,Pushup
386,508,485,568,624,518,466,623,556,642,507,469,521,449,608,Pushup
384,508,490,568,624,513,465,623,552,642,505,470,521,449,608,Pushup
386,515,488,569,619,511,465,627,547,644,504,473,522,449,602,Pushup
385,515,488,572,618,509,464,625,546,643,504,472,522,449,600,Pushup
384,510,489,571,619,508,464,625,546,643,504,471,518,458,594,Pushup
388,510,489,569,620,506,465,626,544,645,501,475,512,459,582,Pushup
388,522,485,569,620,501,467,628,543,645,508,475,521,459,590,Pushup
384,530,484,569,613,507,468,629,544,645,518,471,523,468,583,Pushup
386,519,494,565,624,502,468,628,548,642,521,466,517,475,561,Pushup
395,532,491,565,626,505,472,628,551,638,516,483,523,467,581,Pushup
393,544,477,565,627,504,473,628,551,629,550,457,518,454,610,Pushup
388,549,479,563,622,504,472,628,554,635,552,452,507,456,584,Pushup
392,553,482,566,622,506,469,624,556,634,537,454,509,463,579,Pushup
391,541,487,564,625,502,471,625,552,629,556,457,517,468,596,Pushup
399,553,482,567,622,500,474,629,551,630,563,456,535,468,601,Pushup
403,563,469,569,617,503,476,630,552,626,557,449,535,461,598,Pushup
408,566,469,562,620,506,476,629,553,626,565,463,515,461,612,Pushup
403,565,472,561,628,509,477,626,553,628,577,462,511,470,617,Pushup
401,565,480,562,630,512,480,626,553,624,565,448,509,456,627,Pushup
407,566,470,564,627,509,481,632,552,619,581,449,520,460,618,Pushup
409,565,465,560,622,505,479,637,551,617,587,452,523,464,643,Pushup
407,580,472,556,622,508,479,638,551,624,576,457,523,474,643,Pushup
402,573,478,556,627,516,480,636,550,621,582,459,524,471,639,Pushup
402,573,484,554,631,517,488,632,546,619,578,449,515,461,637,Pushup
407,575,475,552,629,514,491,630,550,618,583,451,523,456,646,Pushup
405,578,478,544,629,511,493,632,552,623,582,460,518,473,631,Pushup
408,578,485,542,634,508,497,632,552,626,573,460,519,472,644,Pushup
408,573,476,543,640,508,501,632,550,624,579,460,517,476,643,Pushup
405,571,484,538,633,507,504,631,546,624,583,464,519,473,643,Pushup
405,574,482,531,631,510,505,642,552,622,579,460,523,468,644,Pushup
403,574,488,532,633,512,505,640,554,624,577,461,517,461,648,Pushup
402,577,492,530,633,509,508,633,555,625,575,461,509,460,651,Pushup
402,578,495,531,636,508,508,629,555,625,574,460,514,461,659,Pushup
403,578,493,530,635,507,510,633,553,624,576,460,519,468,649,Pushup
403,578,496,529,633,506,513,636,555,627,573,464,515,468,646,Pushup
403,579,495,529,634,504,511,636,560,629,571,465,507,472,644,Pushup
402,578,495,528,631,497,513,631,552,628,574,468,511,472,640,Pushup
402,575,496,524,626,497,513,638,543,627,573,464,515,473,640,Pushup
402,574,496,522,630,512,510,646,545,623,572,458,519,475,641,Pushup
402,576,495,523,640,527,510,639,546,625,576,463,519,473,636,Pushup
401,574,497,520,639,526,511,633,539,627,577,463,522,465,632,Pushup
404,578,491,522,638,518,508,629,535,627,576,463,521,467,624,Pushup
406,576,489,522,636,518,503,636,540,622,580,460,523,470,630,Pushup
406,574,487,527,634,518,504,634,537,625,576,463,518,472,631,Pushup
404,579,492,529,633,517,505,642,531,624,579,463,518,467,632,Pushup
404,579,492,524,633,519,500,647,530,622,581,461,521,468,626,Pushup
402,578,493,527,639,523,498,635,536,623,577,461,525,466,621,Pushup
405,582,492,530,636,528,502,625,540,625,578,462,521,467,620,Pushup
405,577,489,529,633,527,502,634,541,622,576,459,518,471,627,Pushup
401,576,492,530,633,522,501,643,546,623,573,459,522,470,621,Pushup
403,581,495,533,638,518,502,637,553,624,575,459,527,465,615,Pushup
408,581,485,534,636,521,507,627,558,625,575,460,522,458,616,Pushup
406,577,485,531,634,518,508,629,559,624,578,462,525,460,616,Pushup
405,577,485,533,634,507,507,641,554,626,575,462,525,467,623,Pushup
405,575,488,535,631,507,504,641,552,623,573,456,518,462,623,Pushup
407,578,485,533,631,519,500,634,552,623,574,456,525,458,618,Pushup
407,577,485,533,631,518,501,626,552,626,574,461,531,455,610,Pushup
406,578,486,534,634,509,504,630,553,627,574,462,529,457,620,Pushup
405,576,487,539,638,502,499,635,550,627,571,458,519,461,623,Pushup
404,575,487,540,630,506,497,643,545,627,571,458,524,458,619,Pushup
403,574,489,537,629,515,496,640,547,627,567,457,526,456,613,Pushup
400,575,493,537,631,514,499,631,554,626,568,455,521,454,618,Pushup
401,575,494,540,634,510,501,628,558,628,569,458,526,456,624,Pushup
401,570,490,540,632,510,501,634,559,627,567,457,523,460,623,Pushup
396,568,496,537,630,519,497,636,561,629,562,456,517,457,616,Pushup
396,571,498,539,637,523,495,632,561,633,562,460,520,456,616,Pushup
399,569,489,540,635,518,495,628,553,634,560,461,525,453,618,Pushup
397,565,491,542,630,517,494,629,548,631,561,458,523,452,617,Pushup
395,565,499,542,630,519,493,638,551,631,552,454,516,452,620,Pushup
397,562,490,543,631,518,491,635,553,632,553,456,524,454,619,Pushup
394,561,493,543,635,515,491,633,553,634,550,458,521,452,620,Pushup
392,558,498,547,632,509,491,627,553,635,549,459,513,448,621,Pushup
392,557,493,549,627,504,489,630,552,635,550,458,516,450,616,Pushup
392,553,494,549,624,503,487,635,554,635,544,459,515,455,614,Pushup
388,546,492,549,627,508,489,631,556,639,541,465,518,457,612,Pushup
386,547,490,550,632,513,490,628,556,642,541,471,517,449,612,Pushup
386,539,495,550,630,514,488,631,554,642,540,471,517,457,605,Pushup
386,524,501,548,628,515,483,635,553,639,535,460,517,464,599,Pushup
386,526,494,550,629,516,481,635,551,642,524,467,518,465,588,Pushup
390,525,487,552,632,515,485,632,549,644,513,475,517,460,587,Pushup
389,515,483,552,632,513,482,630,546,643,506,474,521,459,585,Pushup
388,504,498,552,629,512,477,630,545,641,502,471,524,456,579,Pushup
389,512,492,554,625,512,474,628,547,640,491,473,519,445,590,Pushup
385,512,488,557,628,510,468,627,548,642,494,472,515,437,591,Pushup
384,509,493,562,627,508,461,625,549,643,500,474,520,439,594,Pushup
389,511,488,570,620,511,463,624,548,642,506,470,521,443,596,Pushup
387,509,487,571,619,511,463,626,549,642,509,466,519,441,600,Pushup
385,510,488,571,622,510,461,626,549,644,509,470,525,442,605,Pushup
387,511,488,571,622,510,460,624,552,643,509,470,527,446,609,Pushup
387,510,488,572,623,510,461,622,553,642,509,467,520,449,606,Pushup
385,511,488,572,621,512,461,625,551,643,508,471,520,448,601,Pushup
385,511,488,572,621,514,463,625,547,643,508,471,524,447,601,Pushup
387,511,486,571,621,518,464,625,545,642,509,470,522,451,607,Pushup
387,508,484,571,621,518,463,626,545,642,509,470,518,454,599,Pushup
385,503,489,569,623,516,463,626,545,643,506,470,518,455,588,Pushup
385,510,489,567,624,516,466,623,546,643,506,472,520,455,594,Pushup
387,512,489,567,621,516,465,623,547,643,504,471,526,466,588,Pushup
388,523,486,567,620,511,466,623,550,646,504,477,528,469,575,Pushup
384,528,487,567,623,506,470,626,552,640,530,468,512,460,579,Pushup
386,534,486,568,624,504,470,625,552,638,542,459,503,460,588,Pushup
392,535,482,567,620,508,469,626,553,643,534,470,518,469,584,Pushup
392,541,476,562,620,505,471,629,552,637,535,466,523,466,596,Pushup
390,541,487,566,621,504,469,627,555,632,553,455,523,461,596,Pushup
400,558,476,569,621,513,469,621,559,636,542,465,530,453,612,Pushup
393,549,479,565,625,509,473,625,555,624,571,452,523,448,627,Pushup
395,554,474,565,622,503,468,626,553,626,567,448,514,450,614,Pushup
397,563,474,570,621,507,468,628,553,624,569,445,510,460,608,Pushup
397,555,473,567,625,507,470,631,549,625,568,452,507,467,613,Pushup
401,561,473,564,624,508,473,635,547,625,573,455,513,464,620,Pushup
401,559,474,562,626,519,476,635,547,627,571,457,528,464,622,Pushup
405,565,469,557,631,521,482,633,548,624,569,451,523,467,623,Pushup
406,568,468,552,632,516,483,631,551,623,575,455,527,471,628,Pushup
404,572,474,552,629,513,486,626,555,622,578,456,517,471,632,Pushup
401,573,477,551,629,508,490,628,555,621,579,454,513,469,624,Pushup
402,572,475,550,628,504,489,633,555,624,578,458,511,466,622,Pushup
400,574,482,548,628,507,491,635,554,622,578,455,504,472,625,Pushup
404,574,481,546,633,515,494,635,555,625,577,460,515,476,636,Pushup
406,573,470,543,635,518,496,634,556,624,584,464,527,477,633,Pushup
408,575,476,541,634,510,499,632,556,621,580,457,515,478,634,Pushup
405,572,479,538,632,509,499,631,558,622,579,458,514,469,641,Pushup
402,574,487,537,631,514,500,632,558,620,586,463,517,470,632,Pushup
404,578,483,535,631,516,501,631,558,621,578,457,517,462,645,Pushup
405,583,483,536,635,518,498,633,556,622,578,458,512,466,648,Pushup
402,576,487,537,637,516,499,635,551,624,579,463,511,474,645,Pushup
402,575,491,538,632,513,501,633,552,626,575,463,514,470,648,Pushup
403,575,489,537,632,515,506,632,556,625,575,460,511,473,652,Pushup
403,577,490,533,633,512,508,634,553,625,576,464,508,479,645,Pushup
405,576,489,531,633,510,508,635,549,627,575,466,517,480,642,Pushup
402,569,488,530,633,513,508,633,548,626,578,467,522,476,642,Pushup
403,573,489,526,636,521,513,632,552,626,571,464,515,474,643,Pushup
401,573,493,525,635,521,511,637,556,622,580,463,516,479,639,Pushup
401,574,494,522,634,520,509,638,549,622,576,459,518,479,633,Pushup
402,573,496,523,639,523,508,634,546,623,576,461,516,472,632,Pushup
400,572,494,524,639,527,508,632,547,626,582,470,519,475,640,Pushup
398,571,500,522,633,522,507,637,549,626,582,471,520,480,628,Pushup
397,569,506,523,630,512,502,637,549,621,581,461,517,473,618,Pushup
399,566,497,531,637,509,504,627,550,623,579,463,521,469,637,Pushup
404,576,488,533,636,509,504,631,547,622,579,461,522,476,637,Pushup
407,583,485,531,627,507,502,638,546,618,581,456,518,474,630,Pushup
405,581,484,533,629,509,502,633,550,618,582,456,524,468,618,Pushup
403,581,490,535,635,508,504,630,555,621,582,461,526,468,619,Pushup
400,578,494,533,634,505,503,633,555,621,577,456,520,473,624,Pushup
404,580,493,535,631,513,499,638,555,620,581,459,524,476,614,Pushup
403,576,492,534,633,519,501,635,557,620,580,457,525,473,619,Pushup
403,575,493,535,635,519,506,626,561,622,578,458,523,473,629,Pushup
402,574,490,532,635,519,503,625,562,624,579,461,529,469,620,Pushup
402,574,491,533,634,517,503,630,563,624,578,461,528,464,614,Pushup
402,575,492,536,632,512,503,634,563,622,578,457,520,457,620,Pushup
402,573,489,536,633,512,505,633,562,624,573,457,525,467,623,Pushup
404,575,491,535,634,513,501,634,553,624,578,460,528,465,623,Pushup
403,574,492,535,634,513,503,634,547,623,578,459,529,458,627,Pushup
403,574,493,536,631,513,502,636,549,623,572,456,526,458,628,Pushup
400,573,497,538,634,512,499,637,548,625,570,455,520,461,625,Pushup
400,572,494,536,634,511,500,631,549,628,572,462,528,457,625,Pushup
399,571,495,538,633,511,499,631,554,629,573,463,528,456,622,Pushup
395,569,502,537,629,518,498,634,560,629,570,461,522,455,621,Pushup
396,569,501,535,630,530,497,633,568,629,566,460,524,456,623,Pushup
396,567,499,536,637,538,497,628,566,630,567,460,525,456,617,Pushup
396,566,499,536,639,536,497,630,557,630,567,459,524,453,617,Pushup
396,564,497,537,636,528,496,635,551,628,562,455,519,454,621,Pushup
395,562,496,540,631,519,498,636,551,630,560,454,514,452,618,Pushup
394,562,497,540,631,516,492,634,551,633,562,460,519,452,618,Pushup
393,558,495,543,633,513,492,631,549,633,560,461,518,452,617,Pushup
390,554,498,544,630,507,492,631,551,631,555,456,511,451,616,Pushup
391,550,495,544,624,506,493,631,557,634,549,459,512,451,612,Pushup
390,550,493,546,629,509,493,635,561,636,550,463,520,452,616,Pushup
388,545,495,546,633,513,491,629,562,637,544,464,515,454,614,Pushup
387,538,495,545,634,515,489,626,561,641,544,470,509,452,604,Pushup
386,533,498,547,628,511,487,630,561,643,543,474,516,452,597,Pushup
385,526,501,550,626,511,487,632,557,640,537,464,520,457,600,Pushup
389,523,494,551,629,514,485,633,555,638,526,462,524,466,592,Pushup
390,521,485,551,629,518,484,633,554,642,511,471,527,465,577,Pushup
387,517,492,550,631,515,482,629,550,645,509,475,522,450,577,Pushup
385,516,496,552,629,513,478,627,547,644,503,475,522,444,592,Pushup
388,516,484,552,627,513,473,629,542,639,483,485,519,450,593,Pushup
386,509,492,557,628,514,463,628,544,639,488,475,515,446,587,Pushup
388,509,488,565,628,515,464,623,546,643,501,472,513,438,592,Pushup
389,516,481,568,623,514,465,622,544,645,508,473,521,439,601,Pushup
384,514,492,567,618,514,463,624,545,643,509,469,523,439,600,Pushup
386,512,492,568,620,516,462,626,548,642,508,468,521,441,604,Pushup
386,511,488,571,623,514,460,626,553,642,505,470,521,450,613,Pushup
384,515,490,571,625,515,460,625,556,642,505,467,520,451,608,Pushup
385,519,487,571,624,515,462,623,555,644,507,471,518,446,603,Pushup
387,516,486,573,622,514,464,623,551,644,507,473,522,445,610,Pushup
385,512,487,573,621,512,465,625,548,643,506,470,524,452,609,Pushup
386,512,489,573,616,511,463,625,549,643,505,470,519,452,602,Pushup
386,516,485,574,616,511,466,625,550,643,503,473,520,450,607,Pushup
386,515,486,571,621,510,466,625,550,643,501,471,520,457,605,Pushup
386,514,488,568,622,511,465,625,550,643,502,473,518,457,599,Pushup
387,509,490,567,620,511,467,625,549,643,506,473,516,456,594,Pushup
387,518,485,567,622,510,468,625,548,644,506,474,520,457,595,Pushup
385,519,488,567,624,511,468,624,552,646,505,477,523,468,581,Pushup
387,523,488,566,625,511,468,623,557,642,519,471,516,469,576,Pushup
389,529,486,566,622,508,470,624,561,643,523,471,519,468,577,Pushup
389,541,482,566,622,505,474,625,558,640,530,469,521,470,575,Pushup
388,534,488,566,622,504,473,625,556,634,531,469,509,464,585,Pushup
395,543,487,567,621,510,471,624,558,632,558,455,512,459,596,Pushup
397,554,478,566,622,511,470,625,557,638,546,467,532,453,605,Pushup
393,555,482,565,619,510,470,625,557,627,560,452,529,451,604,Pushup
400,557,474,568,619,510,468,624,559,631,551,453,515,455,605,Pushup
398,557,479,570,622,510,467,625,557,628,571,453,514,462,611,Pushup
403,567,477,566,627,505,472,627,551,626,571,453,516,470,613,Pushup
406,566,470,569,626,508,474,627,552,630,557,455,521,464,621,Pushup
409,570,468,566,623,517,475,632,553,624,568,452,528,464,620,Pushup
403,566,480,561,626,515,478,632,555,623,583,455,523,468,625,Pushup
407,577,479,559,629,513,482,630,555,623,573,450,510,464,627,Pushup
408,583,474,558,627,513,480,632,552,627,572,458,511,462,639,Pushup
404,576,477,554,626,508,484,635,546,623,583,458,525,471,639,Pushup
405,576,494,554,626,510,486,633,548,622,584,455,522,470,636,Pushup
405,572,486,552,631,513,488,633,552,623,575,457,513,473,629,Pushup
407,581,471,550,630,506,490,636,553,625,571,461,511,475,629,Pushup
411,584,480,549,628,505,497,637,552,622,572,456,520,476,643,Pushup
409,578,480,544,630,513,503,634,551,621,578,456,517,478,640,Pushup
405,574,490,537,635,516,503,632,556,620,584,454,508,472,638,Pushup
408,587,487,534,638,514,504,626,561,626,576,458,513,462,643,Pushup
406,580,484,534,633,509,505,624,561,626,578,462,528,460,642,Pushup
406,576,489,535,631,511,503,638,558,625,580,464,516,469,642,Pushup
406,576,489,535,631,519,505,640,555,625,576,459,509,472,652,Pushup
404,576,488,532,636,521,507,638,549,625,576,461,512,474,650,Pushup
401,576,496,530,635,516,508,630,541,625,576,459,516,469,651,Pushup
401,578,498,527,635,517,509,627,538,626,575,461,521,472,650,Pushup
400,576,498,526,633,518,509,639,541,627,575,464,517,473,642,Pushup
398,576,503,524,634,518,509,639,544,626,575,463,513,475,644,Pushup
400,575,502,524,637,515,510,636,546,624,575,459,514,474,645,Pushup
402,573,497,522,635,522,510,639,544,623,575,459,516,474,640,Pushup
403,575,498,519,638,530,511,639,541,626,571,460,513,476,634,Pushup
402,576,497,519,637,529,511,637,539,627,576,465,519,478,629,Pushup
401,575,497,517,635,529,510,635,538,626,575,463,521,473,633,Pushup
402,574,496,521,637,531,507,635,546,620,579,456,518,472,629,Pushup
404,578,498,523,637,533,507,638,550,623,577,462,523,471,630,Pushup
403,577,495,523,633,524,507,637,546,623,580,462,519,473,626,Pushup
403,578,500,529,631,508,507,624,546,619,581,456,517,473,623,Pushup
401,577,502,528,630,505,509,626,553,622,579,460,524,470,619,Pushup
403,577,504,529,635,509,505,642,551,623,581,462,528,468,617,Pushup
406,579,503,534,636,512,502,639,549,623,578,460,522,466,627,Pushup
406,577,498,531,631,513,501,636,549,625,577,463,520,472,631,Pushup
408,580,492,534,630,511,502,631,546,624,579,464,524,471,620,Pushup
405,579,493,536,633,515,501,635,545,623,583,464,529,463,614,Pushup
406,578,492,533,633,522,502,634,549,623,578,459,524,463,624,Pushup
407,581,493,533,636,523,503,629,561,623,575,456,527,468,620,Pushup
406,579,498,533,639,518,501,634,561,620,579,455,532,461,612,Pushup
405,576,490,537,634,519,505,634,551,619,577,452,524,460,618,Pushup
405,574,491,531,631,524,506,638,552,622,575,456,523,467,619,Pushup
404,577,494,529,633,518,504,639,552,623,578,459,527,464,617,Pushup
404,577,493,533,636,509,505,629,545,625,574,459,531,460,616,Pushup
404,573,491,536,629,515,506,630,549,626,572,458,528,459,621,Pushup
402,575,492,528,630,523,506,638,562,626,576,461,531,464,623,Pushup
401,575,496,529,635,513,505,630,573,625,573,459,525,454,620,Pushup
400,574,496,534,639,498,509,623,572,625,572,457,523,450,621,Pushup
400,573,498,540,630,495,504,630,567,627,570,458,524,452,619,Pushup
399,573,500,541,625,508,504,634,565,626,570,456,520,457,622,Pushup
400,571,496,536,629,521,499,638,569,629,568,461,530,453,615,Pushup
397,570,501,537,640,520,499,628,572,631,570,465,539,447,613,Pushup
396,568,501,538,638,520,505,620,565,629,565,458,529,446,621,Pushup
397,566,497,537,629,524,502,629,563,630,563,459,524,447,615,Pushup
396,566,499,538,632,521,496,640,566,630,568,462,522,450,616,Pushup
395,563,501,543,636,511,494,632,561,630,562,459,521,450,619,Pushup
395,560,494,544,634,506,496,626,552,632,560,461,525,448,615,Pushup
395,562,494,543,622,507,496,631,547,635,560,464,524,449,605,Pushup
391,557,497,543,627,506,495,636,549,632,559,460,516,446,613,Pushup
388,549,498,543,632,505,490,633,554,634,554,459,517,448,616,Pushup
390,552,496,543,635,506,493,628,557,634,554,459,522,446,612,Pushup
391,549,491,545,628,511,498,626,561,635,549,459,520,445,612,Pushup
389,544,489,544,627,518,496,630,564,636,547,461,520,448,607,Pushup
390,541,490,543,631,520,492,634,569,640,542,467,517,452,611,Pushup
387,528,496,545,633,518,493,629,565,642,541,473,517,454,606,Pushup
386,518,499,546,628,515,492,626,559,641,538,472,522,452,603,Pushup
386,524,493,548,627,516,488,630,554,641,529,468,528,455,601,Pushup
387,522,492,548,630,514,485,635,549,641,520,468,523,453,587,Pushup
386,518,493,548,632,509,480,634,546,644,516,472,521,444,578,Pushup
385,512,494,549,631,505,479,626,544,643,513,471,526,441,590,Pushup
386,511,492,553,629,506,479,625,542,642,508,470,525,447,599,Pushup
389,514,482,557,626,508,473,627,548,642,501,472,517,445,589,Pushup
387,510,486,558,625,508,468,627,557,642,498,473,516,441,581,Pushup
385,506,494,564,627,507,469,623,561,644,500,476,521,441,605,Pushup
386,509,489,567,624,512,467,620,562,642,502,471,520,441,593,Pushup
388,512,483,567,621,520,463,622,564,641,508,468,517,436,584,Pushup
386,510,487,570,621,521,466,623,566,642,511,470,520,438,605,Pushup
385,513,487,572,623,517,466,619,568,641,509,468,520,446,614,Pushup
385,513,486,570,625,514,462,620,565,643,507,467,517,445,599,Pushup
385,517,485,572,622,508,462,622,561,644,505,472,519,439,595,Pushup
387,516,485,577,619,504,465,623,556,643,505,471,520,446,609,Pushup
388,514,484,575,618,504,463,624,551,641,505,468,515,448,607,Pushup
387,513,484,573,613,504,462,626,553,642,507,468,515,448,596,Pushup
386,512,485,575,616,502,465,624,557,643,506,470,518,450,598,Pushup
386,512,487,575,620,502,468,622,559,643,507,473,517,453,601,Pushup
387,519,485,572,619,503,468,622,563,643,509,472,520,453,600,Pushup
386,521,484,571,616,503,469,624,565,645,509,473,521,461,583,Pushup
384,521,489,571,619,500,471,625,563,644,513,473,513,465,584,Pushup
388,529,485,572,621,502,471,622,561,642,525,470,515,464,593,Pushup
389,532,480,570,621,505,471,624,558,644,517,476,522,462,587,Pushup
385,531,485,569,621,505,469,625,557,635,541,466,513,456,571,Pushup
389,543,486,570,620,503,468,622,556,631,551,452,507,454,585,Pushup
394,545,483,569,624,503,470,617,550,633,548,452,511,459,591,Pushup
393,545,482,568,623,497,471,622,551,641,542,472,514,457,591,Pushup
397,554,479,567,618,503,471,630,554,634,554,464,529,454,605,Pushup
403,559,468,570,622,511,469,630,559,628,566,453,531,458,613,Pushup
397,554,474,568,627,514,473,630,561,624,572,451,517,465,619,Pushup
398,564,478,571,623,514,475,630,563,631,567,459,507,468,619,Pushup
402,568,474,569,618,517,476,630,564,629,561,463,518,466,615,Pushup
401,563,474,568,620,509,478,629,559,621,574,450,515,468,622,Pushup
404,569,473,565,620,506,480,628,558,616,580,443,513,474,627,Pushup
401,569,479,560,624,504,481,627,557,624,576,456,515,478,615,Pushup
406,575,470,558,622,499,486,630,554,622,574,456,518,474,624,Pushup
409,581,472,559,623,500,487,631,554,622,581,460,528,478,624,Pushup
400,568,480,551,621,509,490,632,555,618,586,452,525,482,626,Pushup
401,569,494,546,627,510,495,628,556,620,586,455,516,477,638,Pushup
405,572,476,548,638,505,496,626,565,621,580,455,512,478,642,Pushup
404,575,484,546,632,500,498,631,563,623,582,461,522,474,646,Pushup
403,570,485,544,629,497,502,631,557,620,585,458,520,478,654,Pushup
405,574,482,542,631,506,501,633,558,618,576,447,514,490,655,Pushup
407,580,474,537,635,516,502,634,561,616,574,447,513,490,654,Pushup
405,578,480,537,635,515,504,631,561,617,572,447,512,485,658,Pushup
402,571,486,534,638,517,509,626,561,620,571,449,522,483,660,Pushup
399,565,487,529,636,523,509,629,556,620,582,455,530,485,652,Pushup
399,569,490,528,633,519,508,637,554,623,578,456,519,486,655,Pushup
399,570,493,528,634,510,509,639,557,624,577,459,516,489,656,Pushup
399,570,494,531,633,504,508,638,557,626,576,462,514,485,650,Pushup
398,571,495,532,627,496,509,633,556,626,571,460,516,483,645,Pushup
401,572,494,534,623,494,511,629,560,625,572,459,521,483,636,Pushup
399,571,498,530,628,498,514,629,568,627,572,463,524,486,633,Pushup
400,576,495,529,635,497,516,628,577,626,573,459,512,490,640,Pushup
403,575,493,530,636,501,515,630,579,629,574,465,516,492,633,Pushup
403,574,492,528,632,502,511,634,568,630,574,467,523,487,631,Pushup
404,576,489,528,634,502,510,625,558,630,566,466,518,483,634,Pushup
401,575,494,535,637,504,505,622,562,622,579,459,519,474,632,Pushup
403,575,494,536,628,505,505,631,558,620,578,456,522,489,648,Pushup
405,575,489,531,628,510,503,636,546,622,576,457,519,502,631,Pushup
402,577,491,527,640,518,497,635,542,622,585,465,524,490,618,Pushup
404,581,496,533,637,515,495,627,553,625,582,465,531,473,618,Pushup
406,584,496,539,621,509,509,628,557,624,582,463,529,470,626,Pushup
401,578,498,531,619,510,508,644,564,620,575,454,518,482,625,Pushup
403,582,507,528,647,522,500,642,577,623,575,458,520,483,617,Pushup
406,580,497,534,653,514,507,622,576,625,581,463,522,475,624,Pushup
407,581,492,539,632,505,512,619,556,622,575,456,516,475,628,Pushup
405,581,496,535,620,504,505,645,547,622,573,456,520,479,624,Pushup
404,582,499,538,633,495,497,639,544,623,578,460,526,475,615,Pushup
406,583,497,542,635,490,495,626,538,625,577,463,534,473,618,Pushup
406,583,497,540,625,508,501,631,541,624,578,463,537,473,618,Pushup
407,580,495,536,626,528,502,637,558,623,577,461,527,473,627,Pushup
415,532,400,620,498,509,372,464,497,604,505,414,493,369,445,Push-up
428,544,407,636,505,527,381,473,509,619,514,423,506,379,456,Push-up
435,547,412,643,507,532,382,477,513,625,516,424,510,385,458,Push-up
440,547,416,643,507,534,382,480,513,625,527,431,512,385,458,Push-up
442,545,416,643,507,536,382,481,513,625,539,439,514,385,458,Push-up
442,548,416,643,509,536,383,481,513,627,534,440,514,385,458,Push-up
442,548,416,643,509,538,383,481,513,627,529,440,514,385,458,Push-up
442,548,416,643,509,538,383,480,513,627,527,439,514,385,458,Push-up
440,551,416,643,509,537,384,480,514,633,528,440,511,384,458,Push-up
440,553,414,643,509,537,385,480,514,633,525,440,511,384,458,Push-up
439,553,413,643,509,537,385,480,515,633,523,440,511,384,458,Push-up
437,553,412,643,509,537,385,480,515,635,522,439,511,384,458,Push-up
437,553,411,643,509,537,385,480,515,635,522,438,511,384,459,Push-up
437,554,411,643,509,537,385,480,515,635,521,438,511,384,459,Push-up
437,554,411,643,509,537,385,480,515,635,522,438,511,384,459,Push-up
437,554,411,643,509,537,385,480,515,634,523,438,511,384,459,Push-up
438,555,411,644,509,538,385,480,515,634,523,437,511,382,462,Push-up
439,555,412,644,509,538,385,480,515,632,523,437,511,385,459,Push-up
439,556,413,644,509,538,385,480,515,632,524,437,511,383,461,Push-up
439,556,413,644,509,538,385,480,515,632,524,437,511,384,461,Push-up
438,556,413,644,509,539,385,480,515,632,522,437,511,386,460,Push-up
438,557,413,644,508,539,385,479,515,632,522,437,511,385,460,Push-up
438,557,413,644,508,538,385,479,515,632,522,437,511,385,460,Push-up
439,556,415,644,508,539,385,479,515,632,522,439,511,387,457,Push-up
441,556,417,644,507,538,385,478,515,632,521,440,509,388,456,Push-up
442,555,419,644,508,538,385,478,515,632,519,440,508,388,455,Push-up
443,555,422,644,508,538,385,479,515,632,514,442,508,386,458,Push-up
444,552,425,643,508,540,385,481,515,632,506,444,508,388,458,Push-up
444,552,427,643,507,540,385,482,515,632,502,446,508,389,457,Push-up
444,556,427,643,507,540,385,483,514,633,503,448,508,390,457,Push-up
443,557,428,643,506,540,383,488,514,633,506,451,506,390,458,Push-up
442,558,432,643,507,540,383,491,513,633,514,454,504,388,459,Push-up
440,565,432,644,509,540,382,493,513,638,535,455,505,388,459,Push-up
437,565,432,644,509,541,377,496,516,634,560,453,507,388,458,Push-up
437,563,436,644,510,541,375,486,525,627,586,455,507,388,459,Push-up
434,561,439,644,511,541,375,479,526,622,583,460,506,386,461,Push-up
429,569,436,644,512,540,376,476,536,620,568,462,503,386,463,Push-up
425,569,435,645,515,539,383,470,544,619,553,464,503,386,468,Push-up
423,560,440,644,516,539,383,475,523,623,545,456,507,386,472,Push-up
418,565,440,644,517,539,389,443,507,620,543,453,508,391,475,Push-up
416,569,439,645,518,536,394,422,499,614,559,460,506,393,481,Push-up
415,562,442,644,516,535,395,411,500,608,569,464,505,397,486,Push-up
415,552,450,644,516,536,388,414,510,603,563,466,505,397,489,Push-up
415,558,450,644,516,537,381,443,521,602,553,468,508,395,494,Push-up
416,566,449,644,517,535,382,481,527,600,544,468,509,397,496,Push-up
421,557,455,644,517,534,387,507,532,600,547,471,509,405,495,Push-up
425,547,462,644,519,532,392,531,534,597,542,473,509,408,497,Push-up
425,540,467,643,521,526,402,554,532,596,536,473,510,400,506,Push-up
423,553,463,643,522,524,418,582,527,600,537,472,510,393,513,Push-up
424,551,463,643,529,527,401,490,543,602,541,472,520,386,521,Push-up
421,546,465,643,541,519,314,474,477,606,540,473,510,387,528,Push-up
411,542,466,645,538,510,409,518,503,616,540,470,511,400,536,Push-up
408,544,467,646,547,513,391,465,589,624,544,458,521,406,561,Push-up
412,540,469,642,554,511,326,520,544,622,543,454,530,414,584,Push-up
417,540,471,646,552,510,401,523,560,625,537,448,539,417,600,Push-up
418,538,471,657,520,526,372,535,535,630,542,439,546,422,605,Push-up
410,534,471,658,504,533,377,501,536,648,538,450,557,427,607,Push-up
397,531,470,652,530,486,385,502,543,665,522,474,556,431,608,Push-up
382,522,482,655,615,504,387,512,551,687,505,486,544,435,609,Push-up
376,513,492,662,642,502,382,518,547,696,503,493,535,444,606,Push-up
374,506,502,661,616,496,384,517,547,689,514,503,534,450,614,Push-up
378,512,507,658,579,491,389,511,555,685,512,515,541,454,618,Push-up
377,515,502,644,561,482,391,515,558,676,519,513,546,461,608,Push-up
376,514,501,626,543,484,389,526,551,674,531,507,547,463,608,Push-up
379,509,514,612,529,485,392,529,556,672,530,505,547,471,618,Push-up
379,511,515,607,516,486,392,524,556,671,516,511,547,479,620,Push-up
378,516,504,598,528,493,386,534,557,668,514,509,541,482,623,Push-up
375,514,496,600,545,500,392,534,563,669,519,507,531,485,628,Push-up
367,504,503,611,559,505,397,543,557,666,515,509,528,488,633,Push-up
355,510,499,618,581,502,390,545,561,661,510,511,532,492,634,Push-up
353,500,506,620,582,500,389,540,569,660,515,509,533,497,634,Push-up
359,491,510,619,558,502,399,539,572,657,528,511,535,502,627,Push-up
363,489,505,614,567,497,403,544,571,652,531,511,533,506,617,Push-up
366,501,493,607,560,504,403,551,564,643,526,513,531,508,616,Push-up
370,510,483,607,553,510,396,554,563,633,518,513,529,512,619,Push-up
376,504,485,610,570,509,399,558,566,637,497,533,526,514,619,Push-up
388,503,492,609,532,508,393,567,554,654,508,518,525,517,616,Push-up
391,504,486,600,540,489,403,567,563,651,450,530,527,520,612,Push-up
396,509,505,616,691,485,418,569,567,690,518,506,529,515,622,Push-up
385,481,512,604,582,483,422,573,564,669,484,445,527,512,624,Push-up
365,428,504,605,572,482,430,578,569,687,486,365,534,524,611,Push-up
335,402,497,603,594,481,397,587,577,785,620,379,519,498,649,Push-up
354,540,481,592,596,492,373,590,566,673,539,417,486,522,665,Push-up
267,505,396,589,601,497,385,596,550,650,528,447,479,528,672,Push-up
274,575,443,584,591,496,415,602,547,645,534,448,521,532,684,Push-up
364,525,454,589,598,502,434,602,555,641,540,447,542,542,653,Push-up
388,503,467,598,608,497,444,605,560,645,536,464,521,533,641,Push-up
384,521,478,603,606,491,448,608,561,643,536,468,500,525,636,Push-up
385,514,480,598,611,480,448,614,561,642,530,466,494,518,637,Push-up
387,510,481,594,625,487,447,620,554,641,532,464,494,517,641,Push-up
385,510,482,584,632,502,452,623,547,640,536,464,494,512,639,Push-up
384,511,485,576,631,517,451,625,540,640,535,465,501,510,639,Push-up
383,514,488,571,635,526,453,615,541,643,534,469,506,507,637,Push-up
385,519,487,572,627,526,469,618,558,643,533,468,511,505,632,Push-up
384,516,488,570,615,530,491,697,579,643,531,469,513,495,631,Push-up
385,516,492,569,617,534,549,799,560,643,530,469,512,487,626,Push-up
386,518,488,566,628,532,561,815,508,640,530,467,506,484,620,Push-up
386,513,490,565,628,526,561,773,463,640,528,466,500,482,621,Push-up
385,517,492,567,626,525,558,688,482,640,527,467,497,480,630,Push-up
385,519,492,564,627,533,566,640,512,641,528,470,500,483,628,Push-up
384,520,492,565,632,537,562,609,523,641,527,471,505,482,624,Push-up
385,522,493,562,640,539,561,586,525,641,524,471,508,481,622,Push-up
385,523,493,559,638,535,553,565,517,643,523,473,509,485,620,Push-up
385,521,492,556,630,531,545,557,515,643,523,476,511,489,622,Push-up
385,521,494,552,629,529,537,575,519,643,524,474,508,495,619,Push-up
385,519,494,548,629,523,517,578,534,644,524,477,507,499,623,Push-up
384,518,496,550,623,518,489,583,551,644,524,476,508,499,631,Push-up
384,518,496,551,616,516,461,604,571,644,525,474,511,498,628,Push-up
384,524,495,552,627,507,432,600,575,645,522,476,514,496,631,Push-up
385,531,493,553,625,494,414,593,576,645,521,476,510,494,638,Push-up
384,527,493,556,614,489,399,600,575,644,521,474,510,493,637,Push-up
384,528,490,558,616,497,388,607,570,643,520,474,510,492,632,Push-up
384,531,489,559,623,508,375,618,556,643,516,475,510,491,628,Push-up
384,531,488,561,635,507,381,636,562,643,513,475,511,486,630,Push-up
384,532,486,564,623,511,388,839,581,643,507,476,514,483,616,Push-up
380,527,489,566,623,527,431,611,518,643,502,476,514,486,599,Push-up
364,522,513,568,641,537,465,571,494,641,505,472,525,479,599,Push-up
372,502,540,572,634,539,457,661,506,643,510,470,528,449,619,Push-up
401,503,505,566,625,542,458,665,506,645,513,474,525,433,617,Push-up
408,502,437,562,626,539,475,632,503,644,514,472,532,445,609,Push-up
409,511,393,569,619,515,461,614,522,642,513,474,543,468,608,Push-up
409,526,428,583,619,493,442,598,543,643,513,474,537,487,608,Push-up
391,532,492,585,623,485,439,589,555,644,514,474,523,475,616,Push-up
385,513,494,576,613,477,440,597,579,643,518,471,514,456,629,Push-up
384,505,477,575,603,488,442,600,617,641,522,467,517,456,634,Push-up
387,509,475,572,644,502,458,603,638,641,524,465,526,466,637,Push-up
387,516,480,569,671,490,467,609,623,642,526,467,520,477,630,Push-up
380,520,486,569,641,481,473,606,606,643,527,469,517,488,619,Push-up
381,524,488,588,609,481,478,617,602,641,530,467,513,487,623,Push-up
385,523,483,595,575,503,477,616,594,640,527,466,507,478,622,Push-up
387,526,480,592,614,516,479,613,585,641,521,469,510,473,616,Push-up
388,529,479,587,567,520,481,624,577,641,523,466,515,469,613,Push-up
388,527,479,570,481,504,470,627,569,642,522,466,512,458,620,Push-up
387,522,481,560,599,526,461,625,561,642,525,469,510,457,624,Push-up
388,522,481,581,698,500,466,640,554,641,526,465,519,459,627,Push-up
388,523,478,547,649,511,461,637,563,641,523,464,531,464,636,Push-up
385,526,478,566,656,525,437,629,567,641,524,466,531,466,643,Push-up
385,531,484,575,639,530,430,630,559,641,525,466,522,461,645,Push-up
383,541,487,583,631,538,442,594,571,642,523,466,506,469,630,Push-up
376,550,487,582,619,542,453,583,586,642,519,467,508,487,610,Push-up
355,534,508,584,624,536,443,602,569,640,513,463,514,487,600,Push-up
357,494,571,581,615,532,454,585,557,639,514,461,513,462,601,Push-up
423,515,581,572,613,531,453,554,544,641,517,465,511,441,600,Push-up
430,539,416,556,620,518,461,591,575,644,521,469,515,449,591,Push-up
420,449,345,552,629,518,454,653,556,643,520,469,523,467,602,Push-up
363,520,458,559,633,521,455,629,544,641,520,464,535,470,631,Push-up
376,521,463,564,617,521,451,643,543,642,522,465,540,471,628,Push-up
383,527,487,565,619,521,444,623,547,645,521,471,532,461,630,Push-up
382,528,495,569,624,519,448,616,560,643,523,466,522,459,625,Push-up
385,517,490,573,624,511,455,611,566,641,522,464,519,467,620,Push-up
386,513,488,576,620,501,464,614,571,640,519,463,523,470,615,Push-up
386,516,488,573,623,500,464,626,574,641,521,464,523,467,609,Push-up
385,517,492,565,622,507,461,623,578,642,524,466,523,466,615,Push-up
384,516,494,566,622,507,465,619,577,641,523,465,525,467,619,Push-up
385,514,492,568,622,508,463,623,566,640,524,464,522,468,621,Push-up
385,513,492,570,623,510,463,625,557,641,528,465,518,467,618,Push-up
384,516,493,565,627,516,467,618,560,641,530,465,518,464,617,Push-up
384,523,493,564,631,515,469,621,565,641,527,468,522,466,617,Push-up
385,518,493,563,624,516,464,623,569,641,527,468,523,470,619,Push-up
385,516,497,562,625,518,463,621,576,641,527,466,524,470,622,Push-up
385,520,496,560,628,525,462,619,581,642,527,466,523,465,624,Push-up
385,521,496,562,624,526,460,612,575,642,528,467,522,460,626,Push-up
385,521,496,567,622,521,457,606,575,642,528,465,519,459,623,Push-up
385,520,497,570,625,519,456,612,567,641,528,465,518,457,623,Push-up
386,523,492,570,623,517,456,611,564,641,528,465,520,457,626,Push-up
386,523,491,571,620,513,454,609,568,641,526,465,522,458,619,Push-up
385,522,494,572,618,513,452,609,571,641,526,465,518,459,614,Push-up
387,522,493,573,624,513,454,612,565,641,524,465,519,455,618,Push-up
386,523,490,572,626,511,454,612,564,641,523,465,522,456,614,Push-up
386,523,493,575,618,510,455,614,564,641,523,465,519,460,613,Push-up
386,523,492,573,628,508,458,613,567,641,523,465,516,461,622,Push-up
386,522,490,566,607,516,458,619,566,641,524,464,519,461,623,Push-up
384,520,493,569,613,511,454,616,563,641,522,466,521,462,619,Push-up
385,521,491,569,552,520,457,615,564,642,522,466,520,457,615,Push-up
385,519,490,580,675,503,457,625,566,641,521,463,516,457,610,Push-up
385,517,494,575,583,488,457,623,565,641,518,463,516,454,610,Push-up
387,521,492,584,645,489,453,623,564,641,515,463,517,450,613,Push-up
387,523,488,578,637,501,452,632,561,641,514,463,519,451,615,Push-up
386,521,490,576,624,515,451,633,553,642,513,466,521,454,614,Push-up
386,520,489,576,622,532,450,641,538,642,512,466,523,457,611,Push-up
386,518,490,576,624,538,455,609,543,642,512,465,521,460,611,Push-up
386,520,488,573,622,541,457,618,534,642,514,467,520,460,612,Push-up
386,516,490,569,618,544,460,622,538,642,516,466,519,463,612,Push-up
386,510,492,570,625,541,462,580,557,641,519,463,514,465,615,Push-up
385,515,488,565,626,535,461,571,565,642,518,465,515,465,615,Push-up
384,515,492,561,626,527,458,558,549,642,518,466,519,466,617,Push-up
385,517,492,564,624,522,464,677,582,642,518,466,519,463,619,Push-up
385,518,489,565,627,524,447,632,552,643,516,468,521,462,611,Push-up
385,519,493,565,628,529,448,656,534,642,515,467,522,460,608,Push-up
387,517,492,565,627,529,450,641,518,641,517,464,520,459,606,Push-up
385,517,490,567,623,526,451,629,512,642,517,466,521,472,592,Push-up
383,516,492,572,625,522,450,624,502,645,513,472,516,477,584,Push-up
389,510,497,572,623,521,452,626,500,641,518,464,512,476,598,Push-up
387,519,492,564,617,519,454,624,499,648,515,474,520,488,588,Push-up
386,523,492,562,623,521,457,625,503,642,525,469,528,489,574,Push-up
383,525,499,561,621,529,456,619,515,638,531,460,516,476,593,Push-up
390,525,499,560,624,532,456,623,522,642,522,474,520,478,598,Push-up
391,535,485,556,627,527,460,620,529,631,546,455,522,470,610,Push-up
388,535,485,561,623,529,458,614,542,638,543,459,519,473,602,Push-up
390,538,494,563,627,526,455,615,547,637,541,463,519,480,609,Push-up
390,545,488,568,620,518,450,619,551,634,541,466,511,480,613,Push-up
394,549,488,572,616,519,454,621,552,632,558,460,514,475,617,Push-up
399,560,483,574,621,521,459,623,549,625,569,447,519,480,617,Push-up
398,556,477,572,623,515,463,633,550,625,566,446,522,477,629,Push-up
401,567,478,575,618,512,459,636,546,620,568,443,520,483,633,Push-up
404,570,475,569,621,516,460,637,540,626,563,448,514,493,635,Push-up
397,566,482,566,621,512,467,627,540,620,577,446,512,490,631,Push-up
402,571,481,568,619,507,471,626,549,620,574,446,513,485,637,Push-up
404,572,480,568,617,507,470,631,552,617,576,442,511,490,644,Push-up
406,574,480,564,621,512,476,632,548,624,572,452,504,487,639,Push-up
408,584,477,557,628,516,476,635,546,624,568,452,510,490,639,Push-up
404,571,476,555,632,524,479,628,559,614,580,444,518,495,644,Push-up
406,575,483,554,635,524,484,635,566,621,579,455,522,491,650,Push-up
406,582,484,552,627,512,485,645,551,624,577,456,511,490,650,Push-up
406,580,483,551,624,518,482,636,542,623,578,457,505,486,653,Push-up
403,577,488,545,632,547,488,626,559,622,583,458,519,478,641,Push-up
405,578,488,545,643,548,494,628,557,619,579,453,522,485,662,Push-up
407,576,482,547,634,526,488,646,540,622,579,458,506,493,655,Push-up
405,583,493,540,630,533,482,636,535,623,581,461,508,492,644,Push-up
404,582,500,541,634,546,490,621,539,623,580,460,523,481,637,Push-up
404,577,492,540,636,533,498,627,540,627,575,462,517,484,649,Push-up
406,578,491,542,637,521,492,645,544,626,576,463,509,493,645,Push-up
406,585,495,534,642,530,493,635,546,622,572,454,513,490,639,Push-up
406,579,493,533,642,535,498,612,534,623,574,457,518,483,634,Push-up
407,580,493,538,629,524,498,635,542,625,575,460,505,481,638,Push-up
406,584,497,539,629,522,495,652,549,625,574,459,506,485,640,Push-up
404,585,500,535,632,525,497,634,543,626,574,461,518,491,636,Push-up
404,581,498,534,636,535,494,627,559,625,572,457,519,484,634,Push-up
408,584,496,541,637,529,500,634,566,624,573,455,511,474,634,Push-up
408,582,494,543,618,511,500,639,558,626,573,460,510,476,635,Push-up
406,582,495,541,624,512,493,631,560,626,568,457,514,484,640,Push-up
406,586,498,542,641,525,493,620,563,629,566,459,515,485,634,Push-up
405,579,495,543,636,526,494,619,554,631,574,466,521,477,627,Push-up
406,580,493,547,620,518,493,639,559,625,569,455,516,473,627,Push-up
403,580,497,543,630,521,493,640,560,625,566,452,514,478,632,Push-up
405,581,496,543,641,520,493,620,545,632,566,463,522,485,631,Push-up
404,576,494,544,635,518,488,622,543,631,566,460,520,480,628,Push-up
400,575,498,546,629,516,489,635,552,630,566,458,514,477,622,Push-up
403,576,494,543,627,516,492,642,567,632,562,461,514,476,622,Push-up
404,574,489,543,635,518,495,632,578,633,560,462,517,473,628,Push-up
400,574,495,543,633,521,495,628,581,631,558,458,514,473,630,Push-up
399,572,496,546,628,516,491,629,586,631,555,454,507,474,625,Push-up
400,574,493,550,629,509,490,625,583,634,554,459,507,468,626,Push-up
399,572,496,552,633,505,489,620,577,637,554,465,512,466,629,Push-up
399,570,492,555,621,507,487,631,570,638,549,466,518,466,622,Push-up
399,567,488,555,628,513,480,631,567,638,546,464,515,464,623,Push-up
396,569,488,556,636,512,477,625,562,638,539,462,518,467,626,Push-up
394,561,494,557,633,509,482,618,557,639,540,464,519,467,622,Push-up
394,554,497,557,615,510,480,626,556,639,539,465,523,464,617,Push-up
388,550,494,558,622,504,477,628,555,640,526,464,527,468,610,Push-up
384,546,492,560,628,498,477,627,554,643,516,468,535,471,595,Push-up
379,543,483,562,633,498,477,626,552,643,518,471,534,471,589,Push-up
375,530,478,564,627,498,474,631,548,645,517,466,517,470,578,Push-up
373,527,484,562,611,500,473,634,539,644,515,472,500,463,580,Push-up
392,519,518,557,621,506,466,635,536,640,511,468,503,460,583,Push-up
423,487,536,558,628,513,461,625,545,645,502,475,511,457,583,Push-up
429,476,509,563,632,514,458,607,554,643,503,474,516,452,595,Push-up
382,502,479,569,622,505,460,612,562,641,509,467,528,448,607,Push-up
376,514,483,573,611,499,460,623,566,643,508,471,545,448,615,Push-up
377,528,488,575,614,506,458,618,562,644,508,476,541,452,615,Push-up
383,524,488,577,618,513,458,622,556,642,511,471,523,454,613,Push-up
384,514,488,577,615,523,456,626,553,644,511,467,505,452,611,Push-up
390,524,479,574,627,524,460,636,546,645,501,477,516,453,613,Push-up
388,525,477,569,629,528,463,630,541,642,509,470,529,459,607,Push-up
386,520,486,567,627,526,463,631,539,644,519,468,526,459,606,Push-up
389,517,483,565,628,519,463,632,538,642,518,472,516,463,613,Push-up
386,514,484,561,627,515,461,627,535,645,517,473,518,466,614,Push-up
385,510,488,565,624,514,460,628,536,643,515,469,521,461,613,Push-up
386,514,486,567,622,511,462,624,542,642,518,461,520,457,612,Push-up
385,517,485,568,620,507,464,622,544,642,523,464,515,456,609,Push-up
385,513,487,569,619,504,462,625,543,640,516,467,515,455,612,Push-up
386,517,485,570,616,501,460,624,545,644,509,472,516,456,612,Push-up
385,516,486,570,616,504,460,626,548,646,507,476,519,459,610,Push-up
384,515,488,571,620,509,459,632,549,644,508,471,516,464,604,Push-up
386,514,487,571,620,513,461,631,542,642,508,469,515,465,597,Push-up
387,519,484,571,622,518,464,629,539,643,508,470,524,464,596,Push-up
383,522,484,570,624,523,464,624,544,643,517,467,520,470,584,Push-up
385,514,492,567,629,524,464,616,550,646,516,468,508,470,578,Push-up
391,524,479,567,628,518,468,615,549,640,500,474,518,475,584,Push-up
388,528,479,562,621,516,469,626,549,639,523,463,523,480,583,Push-up
385,533,485,568,621,516,465,622,550,646,524,468,518,480,565,Push-up
394,532,490,566,618,515,469,623,543,634,537,458,518,466,591,Push-up
398,540,472,561,624,507,468,623,539,635,533,462,514,465,610,Push-up
398,551,462,565,616,512,459,623,543,632,549,450,516,474,586,Push-up
392,551,481,571,628,516,463,624,546,633,541,459,511,465,591,Push-up
406,554,474,566,626,505,462,627,543,626,564,450,511,461,627,Push-up
400,555,466,570,621,498,458,627,543,629,562,451,532,475,613,Push-up
404,568,466,578,614,508,467,622,548,622,568,445,529,478,610,Push-up
406,569,473,576,621,506,471,624,554,621,565,439,514,478,632,Push-up
405,564,466,568,617,505,478,632,555,623,574,449,508,480,635,Push-up
403,576,475,567,622,509,485,634,562,619,577,446,516,484,645,Push-up
406,575,466,566,626,511,482,635,569,619,576,444,524,494,660,Push-up
401,572,472,559,626,506,481,635,564,622,581,455,519,493,639,Push-up
399,572,481,562,626,506,483,634,557,621,576,450,508,479,640,Push-up
404,573,475,561,625,512,482,636,550,619,581,447,517,482,646,Push-up
406,573,476,558,628,509,489,633,551,619,582,451,527,488,645,Push-up
403,571,484,555,635,504,496,629,559,616,578,446,516,493,648,Push-up
401,569,479,553,634,500,497,638,566,617,581,449,509,495,647,Push-up
406,582,478,550,628,506,499,636,559,619,579,452,509,489,651,Push-up
404,574,480,544,630,518,501,630,559,619,577,450,511,489,653,Push-up
403,573,485,539,631,525,507,629,564,620,584,457,519,496,651,Push-up
402,569,484,538,635,518,508,629,568,622,581,458,522,495,657,Push-up
404,578,484,537,637,508,508,631,561,622,577,458,512,498,653,Push-up
404,576,486,538,628,508,509,631,547,625,579,464,517,492,650,Push-up
402,571,485,531,627,522,510,635,551,624,576,460,516,490,651,Push-up
401,576,489,529,637,535,507,638,561,627,575,464,520,501,646,Push-up
400,577,492,526,646,531,505,627,549,627,580,467,526,494,643,Push-up
401,574,491,531,639,512,510,621,538,623,574,457,512,484,643,Push-up
402,574,490,533,628,507,509,647,545,626,575,461,516,485,638,Push-up
402,571,492,528,637,512,506,645,553,626,577,461,526,489,643,Push-up
403,572,490,529,641,513,502,622,554,622,574,455,517,493,649,Push-up
404,576,487,540,630,508,506,627,555,620,582,456,514,482,636,Push-up
403,576,490,537,618,505,505,639,561,623,578,459,523,476,635,Push-up
401,576,494,536,640,512,497,633,563,623,575,456,520,484,641,Push-up
402,573,492,543,639,516,498,626,562,623,576,458,525,489,634,Push-up
404,578,488,542,627,516,504,624,563,621,580,459,524,485,625,Push-up
402,579,495,539,623,514,507,637,569,622,576,457,523,481,623,Push-up
402,577,496,538,639,515,503,634,558,625,576,461,527,487,636,Push-up
402,573,495,535,638,524,498,630,551,625,578,463,521,489,631,Push-up
400,574,498,538,634,523,502,630,558,621,577,456,516,483,624,Push-up
402,575,492,540,625,501,507,632,563,622,577,457,522,479,620,Push-up
402,572,489,540,631,486,501,627,568,623,575,457,535,477,621,Push-up
400,574,494,545,635,489,504,624,572,622,575,454,525,477,624,Push-up
400,575,495,543,625,496,509,631,572,624,574,455,515,475,626,Push-up
403,572,488,542,622,497,506,634,579,627,570,458,521,475,626,Push-up
400,569,488,542,638,507,497,623,593,626,573,459,524,471,621,Push-up
397,572,494,543,638,522,496,620,598,626,571,455,524,464,630,Push-up
401,569,488,543,636,528,500,622,583,628,568,456,525,460,628,Push-up
401,570,488,545,625,524,500,633,575,625,570,453,528,464,626,Push-up
396,565,493,548,634,519,494,629,570,627,563,449,518,466,621,Push-up
397,566,495,547,637,520,490,627,558,632,560,458,517,465,627,Push-up
398,563,486,545,635,517,486,630,547,633,558,461,526,460,623,Push-up
393,562,490,550,630,515,484,634,543,631,557,454,525,452,617,Push-up
392,559,495,551,632,516,483,631,543,633,554,457,522,456,617,Push-up
392,553,489,549,633,511,483,631,542,634,548,458,517,463,615,Push-up
389,551,495,551,626,506,486,634,545,638,544,462,516,461,613,Push-up
388,551,499,553,627,504,484,634,548,638,544,463,515,459,610,Push-up
391,544,485,553,633,506,482,632,560,637,543,460,515,459,602,Push-up
389,533,485,554,629,509,485,623,560,637,535,458,514,462,591,Push-up
387,530,495,556,624,509,485,626,557,639,523,463,513,466,593,Push-up
388,525,486,556,627,510,482,631,557,642,514,472,521,471,583,Push-up
385,516,499,553,630,507,480,631,560,644,511,473,519,466,579,Push-up
387,507,499,554,629,508,481,619,568,643,499,478,518,460,587,Push-up
387,508,490,555,627,506,479,622,564,641,489,474,517,458,587,Push-up
388,508,490,558,621,503,476,622,563,643,490,474,517,451,589,Push-up
387,511,494,566,620,497,472,624,564,645,496,478,522,445,596,Push-up
387,513,486,565,615,496,469,624,566,643,509,471,519,445,608,Push-up
386,513,486,569,614,499,467,619,570,642,511,467,521,448,605,Push-up
386,518,488,570,616,504,468,619,573,643,502,473,528,445,606,Push-up
386,518,488,569,620,509,467,622,573,641,502,469,522,444,614,Push-up
386,514,489,569,621,514,466,623,570,643,505,471,516,448,612,Push-up
386,512,489,571,623,517,466,623,565,643,500,474,520,452,606,Push-up
387,518,487,571,623,517,466,623,560,641,498,471,522,452,610,Push-up
387,521,484,569,624,515,465,624,556,645,501,472,517,450,611,Push-up
385,515,488,569,624,512,465,626,551,644,503,474,518,450,612,Push-up
386,514,488,569,623,509,464,623,549,641,500,470,520,455,611,Push-up
386,517,488,569,620,508,465,622,550,643,497,474,521,454,610,Push-up
386,520,486,570,619,504,465,623,552,643,501,473,522,452,611,Push-up
385,515,491,570,619,501,465,625,553,643,503,471,518,452,610,Push-up
385,515,489,570,620,499,465,626,553,642,499,471,516,454,613,Push-up
387,517,485,570,620,499,468,626,553,642,496,474,518,453,615,Push-up
387,517,488,569,621,503,468,625,556,644,500,473,518,453,611,Push-up
385,517,489,569,622,508,468,625,557,644,500,472,517,454,609,Push-up
385,518,489,568,623,508,469,625,557,642,497,472,516,456,607,Push-up
386,517,488,568,622,508,469,624,556,643,499,473,516,453,606,Push-up
387,519,487,568,624,510,469,627,554,645,503,473,520,457,602,Push-up
385,521,486,567,624,511,469,627,553,643,501,473,521,463,593,Push-up
384,516,492,567,624,511,469,627,553,642,509,469,513,461,595,Push-up
388,522,485,567,623,509,470,628,552,645,515,470,517,461,597,Push-up
384,526,483,566,619,511,473,625,551,649,512,474,520,473,572,Push-up
378,521,493,565,623,511,470,622,552,639,517,470,508,477,569,Push-up
396,536,486,564,624,509,471,624,553,636,532,459,517,466,592,Push-up
394,543,473,562,622,506,476,628,554,641,530,467,530,463,595,Push-up
390,541,480,561,622,508,472,624,560,636,538,464,517,469,580,Push-up
393,540,489,564,622,510,468,619,565,635,538,458,513,467,591,Push-up
396,550,479,562,628,500,473,627,557,628,540,459,518,460,611,Push-up
393,555,473,567,623,498,472,629,557,632,558,453,520,464,594,Push-up
395,557,478,567,620,511,469,630,561,628,558,446,509,460,594,Push-up
399,557,482,561,632,521,465,629,563,632,550,460,508,465,623,Push-up
399,563,473,562,632,525,466,632,563,630,557,457,524,472,630,Push-up
398,562,475,565,630,536,474,631,560,616,582,438,533,466,622,Push-up
404,570,466,564,629,536,474,627,559,622,579,448,532,472,638,Push-up
398,565,476,554,619,524,472,630,559,628,569,459,517,489,635,Push-up
403,570,483,557,623,511,480,630,553,622,567,449,503,487,628,Push-up
406,569,466,558,626,507,486,628,542,618,583,449,510,491,629,Push-up
401,579,483,548,630,507,485,632,538,624,582,458,510,487,634,Push-up
401,578,483,547,630,507,482,636,541,628,572,459,517,481,638,Push-up
401,565,479,544,633,506,491,630,539,624,576,458,523,480,647,Push-up
406,573,478,541,626,504,497,633,546,622,577,455,521,484,644,Push-up
406,577,479,538,630,513,495,637,554,624,577,458,523,481,650,Push-up
401,570,482,535,629,516,500,629,555,620,579,452,516,482,650,Push-up
402,571,487,536,632,513,500,631,552,623,580,458,511,481,656,Push-up
402,571,489,532,632,511,495,640,544,624,578,462,515,491,658,Push-up
402,575,483,531,635,514,493,640,534,624,571,458,509,492,662,Push-up
403,574,488,532,639,524,499,635,535,626,573,462,521,484,661,Push-up
402,573,489,529,640,531,505,628,544,629,576,468,517,479,656,Push-up
397,573,494,524,634,526,501,635,550,629,571,465,510,486,657,Push-up
397,575,497,526,637,518,501,643,548,629,574,467,518,492,646,Push-up
398,573,498,526,639,523,505,640,544,627,575,466,517,485,645,Push-up
399,566,493,524,639,524,509,637,543,623,573,457,515,483,644,Push-up
400,569,494,524,635,521,506,641,538,627,571,463,515,495,647,Push-up
401,569,493,520,633,526,503,636,536,627,572,465,517,496,645,Push-up
403,575,490,524,636,530,502,629,546,627,574,465,520,486,634,Push-up
405,576,487,525,635,526,500,626,553,626,572,466,524,475,630,Push-up
401,570,491,528,637,519,503,632,547,624,572,458,520,475,634,Push-up
401,574,495,530,639,511,494,640,539,620,580,457,523,486,636,Push-up
400,575,498,537,636,509,491,641,543,620,585,460,520,490,630,Push-up
403,576,489,539,628,514,491,639,544,623,576,458,518,479,625,Push-up
403,578,492,537,620,510,497,636,548,623,578,460,522,474,625,Push-up
402,574,494,541,631,508,497,629,560,621,581,461,521,478,633,Push-up
402,573,494,536,638,513,499,630,566,619,576,454,514,485,632,Push-up
404,576,494,538,631,511,499,634,559,623,576,459,522,487,624,Push-up
401,573,496,539,633,513,496,628,562,621,580,459,526,485,618,Push-up
402,575,492,534,637,518,499,631,560,623,580,457,528,475,619,Push-up
403,576,492,535,637,512,498,636,540,623,581,460,526,471,621,Push-up
403,578,492,538,627,506,492,645,537,623,576,458,522,473,620,Push-up
403,575,492,535,631,519,490,634,549,625,574,457,525,477,626,Push-up
403,572,492,532,637,522,498,623,554,621,580,458,532,474,629,Push-up
401,566,489,539,631,519,495,630,553,623,575,456,527,471,625,Push-up
399,573,497,541,624,513,491,636,550,625,572,456,523,467,618,Push-up
397,575,500,541,634,517,488,634,555,626,571,457,521,463,619,Push-up
398,571,496,536,640,525,491,631,558,621,570,451,518,467,627,Push-up
398,567,491,540,635,540,491,635,563,625,568,452,530,465,619,Push-up
397,567,492,539,633,554,491,631,569,626,571,454,532,462,620,Push-up
396,563,496,534,641,551,493,626,572,625,567,449,522,463,625,Push-up
398,560,489,536,633,537,491,629,561,628,563,452,520,461,627,Push-up
397,560,490,542,631,529,488,625,548,629,565,455,522,460,621,Push-up
397,559,490,547,625,526,486,632,555,626,563,450,521,456,622,Push-up
394,557,488,546,623,520,484,636,557,629,557,451,516,458,624,Push-up
391,558,496,548,627,506,487,630,553,632,557,457,513,458,619,Push-up
390,553,496,548,629,496,486,628,551,636,551,462,513,455,619,Push-up
390,550,488,550,630,492,484,632,555,635,551,460,514,455,619,Push-up
387,548,495,551,625,491,482,631,561,636,549,459,521,457,622,Push-up
384,536,500,552,631,493,484,627,573,636,543,456,526,457,618,Push-up
386,533,493,553,629,500,484,623,577,640,536,465,525,457,604,Push-up
389,544,484,554,623,508,484,626,573,642,534,468,525,459,590,Push-up
381,545,485,554,625,513,477,630,569,640,527,466,523,464,573,Push-up
358,534,507,554,634,514,472,629,560,640,514,464,516,477,552,Push-up
356,520,515,554,630,510,474,631,547,640,498,469,502,472,550,Push-up
435,496,476,557,622,505,472,618,546,641,489,474,509,457,568,Push-up
469,457,461,554,624,506,460,613,551,643,497,474,527,451,585,Push-up
396,488,473,564,625,502,457,608,560,642,499,475,537,431,617,Push-up
376,512,474,575,622,498,456,616,570,644,507,471,529,420,640,Push-up
371,520,491,577,622,506,450,631,573,641,511,464,517,433,625,Push-up
379,514,493,578,629,521,454,624,572,640,507,463,514,448,613,Push-up
384,522,487,576,628,528,467,617,576,642,504,467,512,453,610,Push-up
385,523,487,575,616,516,471,628,574,645,502,475,503,451,609,Push-up
388,516,486,578,598,498,471,631,565,644,502,472,502,457,602,Push-up
387,513,485,563,565,537,462,623,552,641,497,472,508,465,596,Push-up
388,519,484,562,647,539,466,619,538,641,498,470,515,457,608,Push-up
386,522,485,567,644,509,466,622,523,642,503,470,522,452,611,Push-up
385,520,489,566,623,483,463,622,524,642,504,470,526,455,616,Push-up
385,520,488,570,614,474,463,621,538,642,501,470,519,458,615,Push-up
386,519,489,570,619,480,464,624,551,643,501,472,514,457,612,Push-up
386,520,487,568,624,497,464,626,559,644,499,474,512,457,607,Push-up
388,517,488,568,627,512,465,626,558,643,501,471,510,458,605,Push-up
387,516,487,565,624,520,464,628,551,643,505,470,511,459,598,Push-up
385,517,489,564,621,525,465,626,548,644,503,471,514,460,589,Push-up
388,519,489,564,628,533,463,626,543,642,503,470,513,459,596,Push-up
389,524,485,564,629,539,460,623,540,642,512,465,516,464,596,Push-up
383,519,491,562,621,539,464,624,540,647,514,467,520,473,572,Push-up
387,520,494,565,627,535,464,622,543,643,506,477,514,474,567,Push-up
393,536,487,566,622,536,462,618,555,635,531,466,512,461,598,Push-up
388,541,488,563,625,536,468,624,556,637,543,453,510,465,596,Push-up
390,541,487,561,627,529,471,624,562,639,539,453,515,472,574,Push-up
394,544,484,562,625,523,471,622,553,633,522,465,524,460,603,Push-up
395,550,485,562,621,524,470,622,550,623,555,442,525,467,612,Push-up
393,551,487,564,623,528,468,625,556,628,548,445,524,466,599,Push-up
402,562,476,561,628,525,473,627,558,624,562,449,515,460,613,Push-up
400,564,477,560,627,518,468,627,560,630,564,451,512,467,624,Push-up
397,571,487,566,625,519,464,629,556,631,564,454,507,476,614,Push-up
395,563,489,569,624,520,465,627,551,625,569,453,508,468,626,Push-up
404,570,479,563,621,524,471,624,558,622,574,449,529,466,624,Push-up
401,569,480,560,619,524,476,632,561,623,582,457,538,466,616,Push-up
401,578,488,559,623,521,477,630,561,621,576,448,525,473,629,Push-up
405,569,480,558,628,520,477,633,562,621,566,445,510,482,652,Push-up
407,576,479,553,630,516,482,628,557,620,584,457,522,481,649,Push-up
405,579,486,553,635,514,485,623,562,620,583,454,524,476,646,Push-up
404,579,487,553,635,511,482,630,567,622,575,454,521,474,642,Push-up
404,577,487,552,628,504,489,634,564,622,579,456,521,472,648,Push-up
403,575,491,548,628,505,493,630,560,620,578,452,511,476,649,Push-up
405,588,488,543,631,510,495,628,564,621,579,455,513,475,649,Push-up
406,583,488,541,636,515,499,629,567,622,580,459,522,475,651,Push-up
401,574,491,537,634,516,503,628,567,622,578,457,525,477,649,Push-up
397,567,496,534,631,520,507,629,567,626,582,467,520,480,652,Push-up
399,574,498,531,632,520,505,634,564,626,581,466,518,484,650,Push-up
400,577,499,530,636,514,508,636,563,626,575,463,515,483,651,Push-up
403,575,497,530,630,509,508,633,563,628,576,468,519,483,650,Push-up
403,575,494,529,632,501,513,623,564,626,576,466,519,480,648,Push-up
401,573,499,529,636,491,513,625,562,626,574,464,520,482,643,Push-up
400,571,501,527,632,492,509,634,563,626,575,465,522,482,640,Push-up
400,575,501,529,635,506,508,628,564,626,575,465,522,482,638,Push-up
400,572,497,528,636,517,503,632,567,623,583,463,523,477,633,Push-up
399,572,504,527,636,518,502,633,558,623,578,460,518,472,633,Push-up
401,574,501,533,633,509,500,639,547,623,577,459,521,472,638,Push-up
403,574,494,534,632,506,498,635,545,622,579,460,525,479,640,Push-up
400,575,503,535,638,519,496,630,556,621,582,460,517,485,631,Push-up
403,578,501,538,634,521,496,631,559,621,585,462,520,476,625,Push-up
401,574,503,539,620,505,500,630,556,621,583,463,527,470,625,Push-up
401,577,500,539,627,510,500,630,564,619,579,457,520,481,627,Push-up
401,578,504,537,642,523,500,632,567,620,581,460,522,482,620,Push-up
402,574,505,538,641,519,502,628,558,621,586,464,527,476,620,Push-up
404,575,500,537,630,514,499,632,555,620,582,460,520,471,621,Push-up
404,580,497,534,629,513,500,636,557,622,582,459,521,470,619,Push-up
401,575,499,535,638,508,499,631,559,623,582,464,523,470,623,Push-up
401,574,500,534,639,510,496,624,560,621,580,459,526,476,624,Push-up
401,572,497,542,634,512,499,628,563,618,583,456,524,477,617,Push-up
397,571,503,542,619,505,500,633,573,622,582,459,519,467,613,Push-up
397,572,503,540,628,507,500,629,575,622,580,458,516,463,623,Push-up
399,567,496,540,634,509,498,629,573,619,584,457,526,468,626,Push-up
396,567,499,541,635,522,497,629,572,620,581,458,529,469,620,Push-up
395,568,503,539,629,527,494,625,571,622,573,454,520,465,621,Push-up
401,569,493,539,634,524,491,627,567,625,574,458,523,457,621,Push-up
398,564,492,542,634,523,490,632,561,622,579,458,530,460,622,Push-up
394,562,498,540,627,524,489,629,559,619,575,450,522,464,622,Push-up
395,561,497,542,630,520,488,630,557,626,566,452,518,461,620,Push-up
398,566,489,544,631,512,490,631,554,628,573,458,530,457,628,Push-up
396,561,492,544,633,509,487,627,557,628,567,454,529,458,621,Push-up
393,557,494,547,631,511,487,627,563,627,565,451,519,457,619,Push-up
390,554,495,550,632,514,489,627,568,631,561,456,519,458,617,Push-up
391,552,493,545,631,515,491,627,572,630,558,456,516,460,620,Push-up
391,549,494,545,631,520,488,627,570,633,554,457,514,458,620,Push-up
389,551,492,547,636,525,487,627,569,632,559,458,518,452,623,Push-up
387,545,496,547,632,530,486,627,569,631,552,454,519,455,620,Push-up
386,540,492,545,626,530,484,625,572,635,544,457,519,453,610,Push-up
386,543,498,550,629,525,487,625,574,640,544,464,514,450,609,Push-up
390,538,487,552,629,518,484,629,573,642,544,470,515,451,608,Push-up
391,535,485,554,632,510,479,629,566,638,539,462,522,463,589,Push-up
387,528,487,557,629,509,478,631,562,638,524,460,523,466,575,Push-up
387,521,487,557,626,510,478,627,555,640,516,467,516,464,578,Push-up
388,505,501,557,625,513,473,626,548,641,514,469,514,459,585,Push-up
390,510,489,560,626,518,468,622,547,643,511,474,526,453,591,Push-up
390,511,484,562,629,520,465,619,554,641,500,470,527,446,593,Push-up
388,506,488,564,622,522,464,621,558,641,494,467,524,443,593,Push-up
385,508,490,566,621,515,464,623,559,643,496,473,519,445,598,Push-up
387,510,487,568,622,512,461,625,560,645,505,473,514,445,604,Push-up
386,510,487,570,622,512,461,625,561,643,504,471,521,447,604,Push-up
386,518,484,570,622,513,461,622,558,642,504,468,526,445,610,Push-up
385,518,478,570,622,513,459,622,557,643,510,468,522,446,613,Push-up
385,505,488,570,621,515,455,622,553,644,507,470,521,450,608,Push-up
385,506,491,573,620,515,455,619,553,641,503,468,520,452,607,Push-up
388,516,485,573,620,515,457,619,551,642,504,468,519,448,615,Push-up
386,514,485,573,620,512,458,621,551,644,505,471,521,451,614,Push-up
385,513,485,573,619,511,457,622,551,642,504,468,520,454,609,Push-up
387,513,485,573,621,511,458,622,551,642,501,469,518,453,610,Push-up
387,513,485,573,620,511,459,621,555,643,501,471,518,455,612,Push-up
388,515,483,573,618,511,459,622,555,642,503,470,521,455,611,Push-up
387,515,484,573,619,511,461,622,556,643,502,470,520,455,606,Push-up
384,513,488,573,620,512,461,622,556,642,501,469,519,454,605,Push-up
385,513,487,573,620,512,461,622,555,643,500,471,519,455,606,Push-up
387,517,484,571,621,512,462,621,554,644,502,473,519,455,607,Push-up
386,517,484,571,622,514,462,622,554,644,504,470,519,462,597,Push-up
385,509,490,571,621,515,465,619,557,645,503,470,520,468,584,Push-up
389,520,483,571,621,515,465,621,555,643,515,470,519,466,595,Push-up
385,528,485,571,622,516,465,626,554,640,522,464,504,472,581,Push-up
382,521,494,570,624,519,464,623,554,642,527,462,504,470,576,Push-up
394,536,481,566,628,520,466,624,548,638,519,465,526,462,598,Push-up
392,539,478,564,624,519,465,620,552,633,534,450,533,470,593,Push-up
388,538,482,570,619,523,463,623,552,633,537,454,528,476,566,Push-up
392,548,490,569,625,520,466,619,554,627,537,455,513,459,597,Push-up
395,556,481,564,623,513,462,624,553,628,566,450,502,458,608,Push-up
391,552,485,568,623,513,457,628,556,630,560,448,508,452,602,Push-up
394,555,484,572,625,516,463,626,553,622,569,443,523,456,610,Push-up
399,551,477,570,622,514,461,627,553,625,574,450,534,468,623,Push-up
399,564,479,569,618,518,461,627,556,628,559,449,524,472,614,Push-up
403,574,482,568,618,523,470,626,553,622,568,447,515,465,620,Push-up
404,563,470,565,626,525,474,629,556,617,580,443,513,460,625,Push-up
406,579,480,562,628,526,475,626,564,626,570,454,518,466,626,Push-up
404,578,471,561,628,517,477,628,568,625,575,460,525,475,635,Push-up
404,573,474,559,628,509,481,627,568,620,577,453,514,483,639,Push-up
407,576,479,560,629,508,485,623,570,620,579,454,511,479,645,Push-up
406,574,489,553,629,507,485,627,569,624,580,462,526,478,639,Push-up
405,570,479,552,629,511,490,627,572,622,575,456,520,471,642,Push-up
408,580,476,549,627,518,494,630,571,620,582,454,520,477,650,Push-up
402,577,485,540,629,516,493,633,568,624,585,467,516,485,643,Push-up
404,573,484,540,639,510,496,629,564,623,576,458,515,477,653,Push-up
404,576,487,542,637,509,501,625,557,624,580,462,513,474,645,Push-up
402,580,492,533,629,506,502,629,547,623,576,461,511,475,647,Push-up
403,576,491,532,632,509,506,632,546,621,577,456,522,478,652,Push-up
402,573,490,533,636,509,510,630,550,623,581,461,526,478,651,Push-up
399,574,499,529,632,504,506,635,559,624,579,463,516,477,656,Push-up
400,575,502,529,633,501,504,637,562,624,578,462,514,479,650,Push-up
401,571,496,529,635,505,505,635,555,623,578,463,523,479,651,Push-up
402,573,497,528,630,514,507,635,557,622,574,457,517,483,646,Push-up
399,573,501,527,631,520,508,631,567,622,576,458,517,479,641,Push-up
404,573,488,527,640,508,508,628,570,623,581,463,522,477,639,Push-up
402,574,497,531,635,499,506,633,573,622,579,460,515,474,642,Push-up
402,580,500,533,631,502,504,637,563,624,576,460,515,480,633,Push-up
404,581,498,537,635,501,496,637,552,624,575,463,521,476,636,Push-up
408,581,489,541,637,500,499,625,559,623,578,463,519,478,632,Push-up
406,582,498,542,628,487,501,617,559,623,577,460,515,472,626,Push-up
402,579,503,543,617,488,499,633,557,625,576,464,520,470,626,Push-up
404,579,497,537,628,513,497,634,562,622,581,461,524,478,628,Push-up
404,579,500,534,644,528,501,629,569,620,586,460,521,482,631,Push-up
405,579,506,536,636,530,497,636,559,623,579,461,523,481,620,Push-up
403,579,504,533,624,532,492,644,536,622,579,460,525,477,616,Push-up
405,580,497,531,626,536,497,625,535,617,583,452,526,478,615,Push-up
406,583,498,531,640,531,500,620,547,621,579,457,525,479,624,Push-up
403,579,498,532,646,522,499,635,546,627,574,462,524,475,627,Push-up
405,575,495,535,639,513,496,644,549,621,576,454,522,473,627,Push-up
408,582,497,534,628,516,498,636,562,621,575,451,517,475,630,Push-up
406,582,499,536,633,515,499,617,566,626,578,459,524,469,631,Push-up
402,575,498,543,639,508,494,628,566,627,570,457,525,466,623,Push-up
402,576,497,544,626,515,493,639,570,627,564,453,517,465,624,Push-up
404,578,497,539,623,533,493,632,569,628,570,455,523,471,620,Push-up
400,571,498,540,639,538,492,624,568,626,568,454,525,466,618,Push-up
398,571,503,541,642,537,492,630,558,629,560,454,521,460,621,Push-up
398,571,501,542,635,533,494,636,547,628,567,454,523,463,625,Push-up
398,571,502,541,626,528,490,638,549,625,564,447,520,468,626,Push-up
398,568,501,543,635,518,488,628,557,625,563,447,516,466,624,Push-up
396,569,506,545,637,507,490,627,556,633,560,459,523,459,623,Push-up
392,565,507,547,629,502,490,631,554,632,556,456,521,458,621,Push-up
390,559,510,547,621,509,487,634,563,628,554,451,516,461,620,Push-up
391,560,506,549,632,512,485,626,572,631,555,453,517,458,621,Push-up
393,556,496,549,636,512,487,618,573,634,550,457,521,458,624,Push-up
392,554,495,551,628,514,485,618,571,635,546,456,516,461,614,Push-up
390,547,493,551,621,518,485,627,573,640,547,464,515,460,614,Push-up
388,543,494,552,626,515,484,630,574,636,544,456,519,460,604,Push-up
384,540,502,552,632,514,480,629,575,637,537,457,517,460,600,Push-up
386,534,500,555,634,514,478,629,575,641,530,463,513,464,591,Push-up
391,530,486,555,628,514,479,626,574,644,519,471,519,469,579,Push-up
388,516,490,558,627,513,482,621,568,641,518,466,522,463,584,Push-up
387,520,494,561,629,513,478,617,564,640,510,466,516,458,591,Push-up
391,523,474,560,623,508,471,621,562,644,497,475,512,458,595,Push-up
386,505,495,562,620,503,469,626,559,641,495,473,521,457,592,Push-up
383,503,501,568,618,501,467,623,557,641,493,474,523,452,602,Push-up
391,517,483,568,620,501,465,622,555,641,491,472,521,450,605,Push-up
387,516,482,568,620,499,461,623,551,642,502,466,515,444,605,Push-up
386,509,489,571,617,502,457,622,547,642,506,467,521,445,604,Push-up
384,518,486,571,615,509,454,621,546,642,505,470,523,449,607,Push-up
386,517,487,574,618,514,453,621,545,642,505,470,519,447,615,Push-up
386,514,488,575,623,518,453,622,544,642,503,470,522,451,612,Push-up
386,512,486,575,623,517,453,622,541,640,502,468,522,453,607,Push-up
388,515,484,575,620,517,451,622,541,642,503,469,521,453,609,Push-up
386,515,484,575,621,515,449,621,541,643,505,470,523,452,616,Push-up
387,511,486,575,621,512,451,621,543,642,507,467,522,454,615,Push-up
387,513,484,576,621,510,451,621,543,641,505,467,523,454,612,Push-up
387,516,483,577,620,508,452,621,542,642,507,466,519,456,611,Push-up
386,513,486,577,614,510,453,621,542,642,506,468,517,458,611,Push-up
385,512,486,575,616,511,455,622,543,642,505,468,517,459,611,Push-up
387,512,483,574,621,511,458,621,544,642,504,469,520,458,615,Push-up
387,513,484,574,624,513,458,622,549,642,504,469,523,460,615,Push-up
385,514,486,573,624,513,458,622,553,642,503,469,519,460,611,Push-up
385,514,486,572,618,514,460,622,555,641,504,469,517,460,617,Push-up
387,514,484,572,620,511,458,623,555,642,505,468,518,460,616,Push-up
385,513,487,572,620,511,458,624,554,643,505,471,518,458,610,Push-up
384,513,487,572,620,511,459,624,554,643,502,470,521,462,604,Push-up
388,519,485,572,620,511,460,623,554,643,502,470,518,462,602,Push-up
385,515,485,572,620,511,460,623,553,643,499,471,515,462,597,Push-up
388,515,486,571,623,511,459,623,551,644,499,471,521,464,596,Push-up
389,518,482,570,624,512,461,620,551,645,508,469,523,471,588,Push-up
384,515,488,572,621,513,462,619,553,641,516,466,511,470,582,Push-up
387,525,488,572,621,513,462,621,550,638,520,464,525,466,592,Push-up
389,531,480,571,622,511,467,618,550,636,538,457,530,469,590,Push-up
386,532,482,569,621,513,470,617,554,636,530,456,511,476,575,Push-up
391,535,486,571,621,513,462,621,554,637,529,458,516,464,595,Push-up
396,545,479,568,620,507,463,627,553,632,538,454,526,464,598,Push-up
391,547,476,568,621,508,467,627,551,629,553,452,523,462,594,Push-up
396,555,479,572,622,513,459,622,556,626,566,445,515,465,602,Push-up
392,548,482,572,623,512,459,623,555,630,556,450,506,462,620,Push-up
396,556,476,571,620,509,462,629,552,627,570,454,513,464,614,Push-up
397,560,479,572,620,517,461,624,555,628,573,455,521,462,619,Push-up
401,564,475,570,622,519,462,624,558,624,574,451,523,469,636,Push-up
400,562,474,568,620,513,469,629,555,623,577,453,520,475,633,Push-up
398,566,485,567,620,512,473,630,559,624,575,458,519,477,631,Push-up
402,574,474,566,627,511,474,627,564,621,573,450,515,475,631,Push-up
403,577,473,564,629,503,479,625,568,625,578,460,514,472,633,Push-up
404,577,483,558,625,505,483,630,563,624,582,465,518,475,634,Push-up
405,569,479,557,627,509,484,628,562,620,575,456,531,479,626,Push-up
402,573,482,554,632,509,491,628,563,620,585,458,523,479,636,Push-up
405,576,478,547,630,508,493,630,561,621,581,459,513,488,652,Push-up
402,579,486,539,629,507,489,636,555,621,582,458,512,487,646,Push-up
401,572,489,541,631,509,492,630,549,622,583,462,515,477,651,Push-up
402,572,495,539,634,514,498,624,551,622,574,458,512,472,648,Push-up
402,575,491,535,634,517,499,629,559,624,576,460,514,468,653,Push-up
406,579,483,536,634,511,502,632,563,626,577,462,516,475,654,Push-up
404,578,489,539,632,502,507,629,567,625,579,463,511,483,650,Push-up
399,576,501,539,632,503,505,634,570,627,580,467,510,477,654,Push-up
399,577,503,536,633,509,503,637,564,628,578,467,514,481,658,Push-up
400,575,501,531,631,510,504,637,554,626,578,467,515,488,647,Push-up
401,576,503,531,635,514,504,634,554,625,578,465,519,483,646,Push-up
400,575,508,531,638,518,506,630,553,625,577,462,519,481,648,Push-up
398,569,504,529,632,514,505,634,551,621,580,459,509,487,640,Push-up
398,575,512,527,633,509,501,639,546,623,578,461,517,486,637,Push-up
401,575,508,532,638,503,505,637,541,625,575,463,527,484,635,Push-up
406,573,495,529,633,511,505,631,545,627,577,466,524,479,630,Push-up
407,576,495,528,632,509,504,633,549,629,575,469,514,478,631,Push-up
404,581,504,534,630,499,499,637,557,628,574,467,513,483,626,Push-up
403,579,504,537,633,503,501,618,561,628,579,471,517,479,631,Push-up
406,584,502,534,635,520,507,622,569,625,573,464,515,481,634,Push-up
403,581,508,533,639,532,497,643,568,623,577,461,520,483,626,Push-up
403,580,508,532,633,537,492,641,558,619,589,461,522,477,620,Push-up
400,578,510,533,629,525,500,622,559,619,584,459,522,475,625,Push-up
403,579,508,536,632,511,500,628,555,622,581,461,520,480,625,Push-up
404,581,513,537,634,512,492,639,551,622,576,457,531,481,624,Push-up
404,577,507,539,634,520,491,634,556,621,579,457,529,477,618,Push-up
405,576,499,536,634,515,498,620,549,623,581,461,527,475,621,Push-up
404,577,503,537,639,501,497,632,539,622,578,459,523,475,629,Push-up
401,578,507,544,635,504,486,639,532,624,575,458,524,476,623,Push-up
403,576,503,537,624,527,487,633,536,623,577,460,534,476,622,Push-up
401,572,501,533,633,527,491,639,550,620,580,457,532,474,620,Push-up
398,572,507,537,636,516,495,631,561,621,577,455,522,473,625,Push-up
398,570,510,544,638,512,494,619,561,625,574,459,520,472,626,Push-up
401,570,500,539,624,526,492,640,553,624,576,460,525,471,621,Push-up
398,570,503,538,627,532,492,643,552,622,577,454,523,466,626,Push-up
397,569,505,539,637,521,492,627,565,623,573,452,522,470,631,Push-up
397,565,502,541,640,503,491,617,568,624,573,454,522,465,628,Push-up
398,566,501,546,628,502,491,625,567,626,570,452,522,462,625,Push-up
397,567,502,545,624,513,489,633,571,627,570,455,521,464,619,Push-up
395,563,502,545,630,516,492,629,574,626,572,454,523,464,622,Push-up
395,563,503,550,637,515,487,625,569,625,565,451,519,464,626,Push-up
395,562,501,549,632,523,486,624,561,627,564,453,521,462,624,Push-up
395,561,497,546,628,523,487,634,556,631,563,459,524,459,621,Push-up
395,560,492,545,626,515,481,634,559,628,562,456,517,458,622,Push-up
391,553,498,550,634,514,481,623,561,628,558,452,511,458,620,Push-up
387,545,500,553,630,514,480,624,562,631,553,453,516,454,616,Push-up
388,546,494,556,627,515,479,627,562,635,552,461,521,454,609,Push-up
387,539,490,556,629,515,472,638,565,638,549,463,521,456,599,Push-up
387,532,494,561,636,515,469,629,567,637,544,458,521,457,594,Push-up
390,526,488,562,626,519,475,614,569,639,531,464,519,465,593,Push-up
390,524,484,561,622,523,476,623,561,639,526,465,517,473,577,Push-up
383,519,499,562,628,522,472,626,559,639,514,464,509,470,578,Push-up
387,512,502,562,630,516,470,626,555,642,507,471,516,467,588,Push-up
388,508,492,559,625,511,470,627,555,643,502,473,525,462,591,Push-up
389,497,490,562,620,509,472,619,563,643,499,470,524,458,590,Push-up
391,511,485,567,621,503,473,616,568,640,491,471,515,451,602,Push-up
389,517,483,567,620,495,468,620,566,642,501,467,511,445,610,Push-up
383,510,491,569,619,494,459,621,563,645,499,481,518,445,609,Push-up
383,509,491,573,616,502,455,619,558,642,506,470,524,444,610,Push-up
386,513,484,575,615,512,453,616,556,642,505,467,522,448,609,Push-up
385,507,489,575,621,519,452,618,553,642,507,464,521,451,606,Push-up
386,509,487,575,620,523,452,618,553,643,506,469,523,448,611,Push-up
388,510,483,575,620,523,453,618,553,642,507,467,523,453,607,Push-up
387,508,486,575,622,522,453,620,555,642,509,466,518,453,612,Push-up
386,509,486,576,624,517,450,620,555,642,508,468,522,455,616,Push-up
386,510,486,576,623,514,453,619,556,643,506,469,523,455,619,Push-up
387,510,485,576,619,513,455,621,551,642,508,467,520,456,618,Push-up
386,512,484,576,616,512,455,620,549,642,508,467,520,459,610,Push-up
385,512,488,574,618,513,455,620,553,642,508,468,520,459,608,Push-up
386,511,486,574,619,513,458,620,559,642,508,468,519,459,611,Push-up
386,511,486,573,618,512,462,622,558,643,508,469,520,460,608,Push-up
385,513,487,573,620,513,462,622,559,644,508,469,520,460,609,Push-up
387,512,485,571,626,515,460,623,557,643,507,469,516,462,612,Push-up
387,513,485,570,622,516,459,622,555,643,509,468,513,464,602,Push-up
385,514,488,572,620,516,459,620,554,645,509,470,519,466,592,Push-up
388,516,484,572,616,515,459,622,552,643,507,471,521,467,596,Push-up
386,523,484,571,620,512,460,623,553,636,528,461,512,464,601,Push-up
383,522,486,573,622,513,460,622,557,639,532,459,506,470,583,Push-up
384,520,491,571,625,511,463,618,559,643,527,465,518,474,578,Push-up
389,529,483,570,621,509,465,620,551,640,517,476,522,467,591,Push-up
387,535,482,571,619,511,461,625,551,629,549,450,515,464,588,Push-up
388,537,487,572,618,514,460,625,554,631,549,452,515,465,593,Push-up
396,542,482,569,622,515,463,620,554,626,549,450,512,457,613,Push-up
395,544,479,566,620,520,462,619,558,629,552,454,517,464,607,Push-up
395,552,476,569,622,522,462,622,562,628,559,452,522,471,595,Push-up
396,554,479,570,625,514,465,624,561,623,574,450,517,467,610,Push-up
398,556,479,570,622,516,463,624,561,622,575,447,520,466,615,Push-up
400,559,474,568,625,519,465,628,558,624,574,452,518,467,613,Push-up
399,557,477,569,629,514,467,628,556,620,578,447,518,471,631,Push-up
403,564,474,566,627,515,467,629,556,620,577,446,524,473,627,Push-up
401,565,475,562,625,519,473,632,552,621,580,454,520,467,635,Push-up
403,571,474,561,625,519,475,627,553,621,578,455,509,475,643,Push-up
402,568,476,559,629,515,472,628,560,622,574,453,516,478,640,Push-up
403,566,474,559,631,507,480,635,556,616,589,455,519,480,632,Push-up
401,567,477,558,630,507,484,629,554,618,584,454,513,483,639,Push-up
402,571,482,551,628,517,483,632,554,619,582,456,510,485,639,Push-up
401,571,480,546,631,518,487,633,548,622,582,460,518,485,634,Push-up
398,565,493,542,634,518,491,625,552,622,583,462,521,477,641,Push-up
401,571,486,538,631,521,493,624,559,622,580,459,519,474,645,Push-up
403,573,477,536,632,522,497,624,562,623,579,463,512,483,639,Push-up
404,575,486,538,633,518,504,622,563,622,576,460,505,486,650,Push-up
400,568,493,535,635,516,507,631,568,622,577,457,516,489,650,Push-up
399,573,491,531,634,509,507,634,567,624,584,466,517,481,649,Push-up
403,579,488,532,631,500,507,636,567,626,575,465,512,479,653,Push-up
402,575,494,534,631,493,503,635,566,626,576,464,512,477,653,Push-up
399,569,496,537,632,492,506,629,564,626,577,464,512,480,653,Push-up
397,571,501,534,631,501,505,635,566,625,576,462,519,487,649,Push-up
396,574,506,528,630,509,500,634,566,626,579,466,519,483,640,Push-up
398,572,498,532,634,512,504,628,567,625,579,466,517,475,642,Push-up
399,570,499,532,639,518,506,627,571,620,575,457,521,481,646,Push-up
398,569,503,528,637,516,502,636,568,622,580,462,521,489,630,Push-up
399,570,507,530,633,514,500,640,558,627,578,468,523,485,633,Push-up
405,571,492,531,635,507,506,624,547,624,577,466,523,480,641,Push-up
405,577,495,531,630,505,502,624,552,624,579,466,518,479,629,Push-up
402,574,505,529,630,516,499,634,565,627,575,468,516,479,626,Push-up
401,578,499,532,636,513,497,633,556,626,576,465,517,485,637,Push-up
402,578,501,537,638,501,500,628,547,622,582,465,521,487,629,Push-up
402,579,506,540,629,497,500,643,556,621,587,464,522,481,623,Push-up
400,577,504,534,630,502,501,644,559,622,582,463,518,477,626,Push-up
400,576,504,535,633,503,498,637,551,620,585,463,517,481,626,Push-up
400,578,511,537,634,511,498,629,549,620,579,460,521,482,631,Push-up
402,579,506,534,634,523,499,626,566,621,582,461,527,482,629,Push-up
402,575,499,531,632,525,496,628,567,623,579,463,527,479,618,Push-up
403,576,500,534,635,520,498,624,557,621,582,460,525,469,619,Push-up
403,575,499,538,636,518,497,626,547,621,582,460,524,475,624,Push-up
404,575,500,534,629,523,496,645,544,627,578,465,528,485,619,Push-up
403,574,499,530,630,520,491,635,546,626,577,465,529,476,621,Push-up
401,573,501,536,640,512,494,621,556,623,579,462,529,470,620,Push-up
401,576,502,541,635,512,496,628,552,625,578,463,522,466,621,Push-up
402,575,499,534,627,517,496,638,554,624,577,461,516,473,628,Push-up
400,573,499,533,632,518,492,638,556,623,575,456,517,477,627,Push-up
399,572,503,537,638,520,491,629,555,627,575,463,530,470,622,Push-up
398,573,506,542,635,526,491,621,556,629,570,463,526,457,631,Push-up
399,572,502,538,624,531,494,635,563,627,570,458,515,464,618,Push-up
396,569,505,539,631,528,488,640,562,627,569,455,514,466,621,Push-up
396,568,508,542,638,524,490,627,561,629,568,459,529,467,623,Push-up
397,566,500,545,633,528,492,625,560,628,565,456,526,462,625,Push-up
395,563,501,542,626,537,491,634,564,630,563,457,516,459,622,Push-up
395,566,505,542,632,531,488,635,564,630,564,459,512,462,625,Push-up
394,562,502,545,636,521,485,627,554,630,559,453,514,465,626,Push-up
392,558,503,545,634,522,486,629,551,631,555,453,516,463,624,Push-up
392,559,502,549,628,525,487,631,558,633,557,458,514,459,622,Push-up
392,552,496,545,626,524,490,631,569,635,554,460,513,459,623,Push-up
390,549,499,543,634,521,483,626,571,634,552,459,514,459,623,Push-up
388,550,499,549,639,522,484,623,569,634,549,457,513,458,617,Push-up
387,546,501,551,630,524,482,628,560,638,545,460,513,456,610,Push-up
386,546,498,551,625,529,477,634,559,641,542,467,513,455,602,Push-up
386,541,495,550,628,531,474,628,559,641,539,464,515,462,595,Push-up
388,531,494,554,634,530,473,621,556,641,533,462,521,467,587,Push-up
387,527,488,557,631,528,475,624,552,643,518,468,521,470,579,Push-up
389,524,491,557,626,521,476,630,547,640,507,469,514,464,576,Push-up
391,518,486,558,623,516,469,630,547,640,496,470,512,458,586,Push-up
389,510,488,560,627,511,468,625,552,642,484,481,512,458,596,Push-up
387,502,496,563,626,508,465,622,558,638,484,471,512,452,599,Push-up
387,516,488,569,623,508,465,621,565,641,493,463,508,440,607,Push-up
387,521,482,572,622,506,462,616,568,646,496,476,511,444,605,Push-up
384,514,490,576,621,509,460,615,567,642,500,468,517,448,599,Push-up
388,516,488,578,612,512,458,619,564,639,497,465,517,443,606,Push-up
388,517,484,577,612,514,457,619,561,641,498,468,517,446,612,Push-up
385,513,490,576,616,520,455,622,561,642,502,466,517,454,607,Push-up
385,516,488,576,617,523,455,618,566,642,504,468,518,455,605,Push-up
387,516,485,576,622,522,458,617,567,641,505,467,520,451,618,Push-up
386,512,487,577,625,516,457,617,558,642,507,467,523,455,618,Push-up
385,512,488,580,615,511,458,616,556,643,505,468,520,458,614,Push-up
386,516,487,579,613,508,458,618,555,643,503,469,516,459,612,Push-up
387,515,487,577,618,510,458,621,555,642,503,467,514,457,616,Push-up
386,514,487,575,617,515,459,621,556,643,504,468,518,460,616,Push-up
385,511,490,572,616,520,460,620,561,643,504,469,518,461,611,Push-up
386,513,488,573,621,524,463,619,564,643,505,468,518,458,612,Push-up
386,513,487,572,625,524,464,620,565,643,507,468,520,460,613,Push-up
386,512,489,569,624,525,462,622,564,642,508,467,520,460,608,Push-up
385,512,489,569,623,527,461,622,561,643,508,469,519,460,598,Push-up
385,512,490,570,623,527,461,622,558,641,502,468,513,458,602,Push-up
387,513,489,570,623,526,461,622,558,644,498,471,512,464,596,Push-up
387,512,489,570,622,524,460,622,558,643,505,470,518,472,579,Push-up
385,518,486,568,624,520,463,622,554,647,505,471,517,472,579,Push-up
386,518,490,571,620,515,464,619,556,641,502,473,514,475,582,Push-up
389,529,486,571,620,513,463,620,559,637,525,466,518,469,585,Push-up
388,534,481,571,623,509,467,619,560,637,532,461,519,472,577,Push-up
388,534,488,573,623,511,467,620,560,639,528,464,514,455,598,Push-up
393,545,483,571,620,514,463,622,561,634,538,458,518,455,611,Push-up
393,547,480,573,618,514,462,625,561,631,545,448,518,463,595,Push-up
394,556,479,573,620,514,465,623,558,630,549,449,507,462,600,Push-up
395,555,480,571,622,520,465,622,561,626,563,447,504,464,616,Push-up
396,558,481,570,620,520,464,624,560,632,561,460,516,464,618,Push-up
396,558,477,568,622,519,465,629,556,625,572,449,526,469,615,Push-up
400,560,478,568,623,521,463,628,558,620,574,441,527,477,631,Push-up
399,562,483,565,624,525,468,628,554,615,581,439,516,480,629,Push-up
399,567,480,562,625,524,470,627,548,626,568,451,518,474,625,Push-up
400,573,481,564,625,529,474,627,549,620,574,448,518,469,634,Push-up
404,570,477,560,628,526,477,628,555,618,581,449,520,483,634,Push-up
401,570,478,556,629,515,480,631,563,623,578,455,516,488,635,Push-up
404,579,474,556,629,505,483,629,556,622,578,456,516,491,636,Push-up
404,573,476,555,631,506,487,633,553,621,574,451,508,489,636,Push-up
404,571,490,548,631,521,488,634,560,620,580,454,511,485,640,Push-up
403,569,488,543,631,526,493,626,566,625,573,456,518,487,639,Push-up
407,579,476,541,631,516,497,624,568,622,582,457,512,485,641,Push-up
403,573,484,543,637,514,500,624,572,622,579,456,519,484,644,Push-up
404,574,487,539,634,519,503,624,575,622,576,455,516,485,648,Push-up
400,569,488,534,627,516,503,626,573,621,582,457,504,488,649,Push-up
402,575,489,535,628,510,503,630,567,624,578,460,510,488,649,Push-up
401,576,492,536,636,516,501,641,562,624,578,460,517,485,650,Push-up
400,574,494,533,637,524,502,633,557,624,580,463,516,486,653,Push-up
400,573,492,535,636,521,503,626,556,624,577,462,514,482,659,Push-up
400,569,495,533,628,512,503,632,551,623,579,461,514,489,650,Push-up
398,571,496,531,630,510,506,638,549,626,578,465,522,491,652,Push-up
396,570,501,530,643,519,502,637,553,623,582,463,519,492,652,Push-up
395,570,505,526,638,522,502,631,555,623,579,460,518,490,640,Push-up
395,569,504,530,632,518,506,633,555,621,582,460,514,487,631,Push-up
401,569,503,530,638,515,505,635,555,623,576,458,519,485,640,Push-up
401,564,497,526,638,519,500,638,552,622,578,459,523,488,630,Push-up
402,569,498,528,637,524,500,637,550,622,582,462,522,484,627,Push-up
400,574,497,531,629,520,502,629,551,622,579,459,515,484,635,Push-up
401,570,491,534,638,516,498,628,560,622,579,459,518,485,636,Push-up
401,574,501,534,634,518,500,632,564,622,581,461,524,481,623,Push-up
397,574,512,533,628,528,498,630,558,621,583,462,524,478,621,Push-up
401,577,495,534,634,521,498,635,563,620,584,461,518,482,629,Push-up
402,575,505,541,636,505,499,629,564,622,576,458,518,484,636,Push-up
400,574,506,538,629,518,498,633,557,622,580,463,525,486,623,Push-up
399,575,506,533,622,527,497,637,556,621,582,462,529,481,626,Push-up
402,576,499,534,629,524,501,631,566,619,586,462,525,487,622,Push-up
401,576,497,538,642,506,501,616,565,622,584,465,521,483,614,Push-up
404,578,504,538,632,501,497,623,554,622,583,464,524,476,621,Push-up
404,578,498,540,623,502,499,639,548,621,580,459,524,479,617,Push-up
403,573,496,534,628,505,504,639,559,622,581,460,526,484,631,Push-up
402,575,500,533,648,503,499,627,564,622,579,462,525,479,625,Push-up
400,576,504,541,636,502,499,621,559,627,575,463,521,471,621,Push-up
403,576,504,539,617,501,499,632,555,625,575,460,516,474,623,Push-up
404,574,499,536,627,511,501,636,566,624,575,457,530,482,626,Push-up
401,575,501,537,639,517,493,630,568,627,574,463,540,473,617,Push-up
399,575,504,541,639,529,490,622,563,626,575,461,533,462,620,Push-up
401,575,503,539,628,539,494,631,558,624,574,456,522,462,628,Push-up
402,572,498,536,632,531,492,646,560,625,576,459,520,471,620,Push-up
398,570,505,543,639,514,490,632,562,625,572,455,520,470,627,Push-up
397,570,506,551,635,504,490,614,561,625,571,456,523,464,624,Push-up
399,571,503,548,623,510,490,624,553,626,572,458,521,465,620,Push-up
397,568,504,547,626,512,492,640,552,625,570,455,515,467,621,Push-up
396,568,507,546,637,508,487,636,562,629,566,457,524,473,626,Push-up
397,566,501,549,635,504,493,619,568,631,567,462,527,466,617,Push-up
397,565,499,548,624,513,495,623,566,629,569,459,521,458,621,Push-up
393,564,504,543,628,529,491,633,571,628,565,455,515,465,627,Push-up
392,559,503,541,632,528,491,627,581,629,565,455,521,468,626,Push-up
392,555,500,544,640,523,488,621,578,632,559,458,523,460,621,Push-up
395,559,498,553,629,519,491,622,568,629,563,455,516,450,620,Push-up
393,558,498,550,615,520,488,632,560,630,560,455,509,455,625,Push-up
392,553,491,548,624,526,477,633,563,632,553,456,515,459,626,Push-up
388,549,497,549,642,530,479,623,566,633,551,457,523,459,614,Push-up
385,545,504,553,637,529,480,618,566,637,549,461,519,455,607,Push-up
387,542,493,555,626,528,480,630,562,637,548,462,515,459,600,Push-up
385,533,496,555,619,523,473,632,564,639,543,465,513,465,604,Push-up
386,526,501,558,631,520,476,622,562,639,535,461,515,469,595,Push-up
392,523,487,557,633,518,477,623,557,640,521,464,520,469,582,Push-up
389,516,483,559,629,518,475,623,552,640,515,469,527,461,577,Push-up
386,507,501,560,626,516,467,632,551,639,510,462,518,457,593,Push-up
389,514,486,560,626,512,461,619,557,641,503,469,516,458,602,Push-up
387,504,489,565,622,511,464,622,556,643,497,473,517,452,600,Push-up
385,501,495,571,621,513,466,619,560,642,492,470,519,447,603,Push-up
388,516,484,571,620,516,462,619,563,642,492,470,515,449,599,Push-up
385,514,485,570,620,520,457,619,563,644,503,470,512,448,600,Push-up
384,505,496,574,623,524,458,615,565,643,508,469,520,446,610,Push-up
390,507,484,574,616,525,461,616,566,641,503,467,522,454,617,Push-up
388,507,482,573,621,526,460,616,568,640,503,462,515,456,604,Push-up
386,511,484,575,623,526,455,615,566,640,506,462,512,451,606,Push-up
384,515,494,575,617,521,454,616,556,643,504,469,518,452,622,Push-up
387,511,487,578,616,514,451,620,547,642,505,467,522,455,617,Push-up
387,511,484,581,617,514,450,622,546,642,505,466,518,452,607,Push-up
386,511,486,582,617,514,453,619,555,642,503,466,513,454,610,Push-up
386,511,488,578,617,514,456,621,558,641,505,465,513,458,618,Push-up
386,511,487,576,618,518,455,622,560,642,507,466,518,458,616,Push-up
385,511,485,576,621,525,454,620,563,643,506,468,521,458,610,Push-up
385,511,489,576,624,531,456,616,565,642,505,467,517,459,607,Push-up
385,511,489,576,621,528,458,618,565,642,504,467,516,462,600,Push-up
386,511,487,575,619,521,462,621,562,642,503,468,514,463,594,Push-up
387,510,486,575,619,516,461,622,562,643,502,471,517,467,596,Push-up
387,510,488,572,620,516,461,619,564,643,505,469,522,472,590,Push-up
385,517,485,571,620,516,464,619,564,644,512,467,516,476,576,Push-up
385,519,488,571,620,513,466,619,558,643,512,470,512,472,582,Push-up
387,524,487,571,620,515,464,619,556,633,533,456,517,468,593,Push-up
388,529,483,569,620,522,463,619,557,635,538,454,516,466,586,Push-up
387,534,484,568,625,525,464,622,556,637,534,461,512,466,582,Push-up
389,539,487,571,623,526,460,617,562,635,534,465,516,460,603,Push-up
393,543,483,572,621,523,459,619,560,623,568,440,516,459,608,Push-up
392,548,480,572,618,516,462,624,556,621,572,441,515,460,602,Push-up
393,554,483,574,618,517,461,624,558,629,560,452,518,461,618,Push-up
396,556,478,573,621,516,458,625,559,624,568,449,522,471,618,Push-up
396,551,474,571,622,514,460,626,553,621,578,448,517,470,612,Push-up
397,562,478,573,622,518,463,624,548,622,573,447,517,471,617,Push-up
399,569,478,570,622,521,464,624,549,622,583,457,527,474,623,Push-up
398,561,476,564,626,522,472,626,557,617,585,451,525,481,621,Push-up
399,562,480,562,630,526,476,626,565,619,577,450,518,481,635,Push-up
403,572,469,559,631,526,475,626,567,623,575,456,514,486,631,Push-up
402,573,474,554,629,523,481,626,560,619,588,460,517,483,634,Push-up
404,568,477,551,628,524,483,630,563,617,582,452,529,487,643,Push-up
403,564,475,551,629,522,488,632,566,616,589,458,519,492,636,Push-up
403,568,478,550,628,514,493,635,568,617,583,457,507,488,642,Push-up
403,578,474,545,628,506,493,630,566,620,576,455,515,483,643,Push-up
403,576,477,541,629,506,496,623,560,620,587,461,521,477,642,Push-up
400,573,486,538,631,511,499,622,563,620,586,461,521,481,653,Push-up
398,572,490,540,636,514,501,630,572,622,583,462,521,488,652,Push-up
400,572,488,541,634,506,505,634,572,620,585,463,515,485,655,Push-up
399,565,492,540,630,493,504,633,567,620,583,459,513,487,659,Push-up
398,569,493,534,628,498,503,633,561,622,584,464,512,486,662,Push-up
397,570,496,531,630,510,504,633,560,623,578,462,515,487,662,Push-up
396,566,499,529,638,524,505,632,565,623,579,463,523,489,662,Push-up
397,563,497,527,635,522,508,629,566,624,581,468,526,491,646,Push-up
398,566,504,525,631,517,506,628,560,625,581,469,512,485,643,Push-up
395,566,509,529,640,528,508,631,560,624,577,465,513,487,643,Push-up
397,568,498,524,641,535,501,639,558,625,580,469,527,491,637,Push-up
398,568,500,522,635,528,499,638,552,624,583,470,524,489,630,Push-up
399,567,502,529,642,522,507,625,548,622,577,462,515,484,636,Push-up
404,569,488,532,639,512,506,628,556,625,579,466,518,486,632,Push-up
400,565,497,533,621,514,500,639,561,622,583,468,520,485,626,Push-up
402,570,510,526,629,528,502,630,569,618,582,460,515,484,627,Push-up
403,572,494,529,641,523,505,617,571,623,583,464,520,483,631,Push-up
401,580,500,536,636,513,497,629,555,625,584,470,526,478,622,Push-up
398,574,500,532,630,527,494,643,551,619,583,461,528,478,616,Push-up
399,574,502,529,636,537,495,634,560,621,579,461,517,489,631,Push-up
400,573,505,538,642,521,498,619,565,622,585,470,519,490,626,Push-up
399,568,502,541,629,494,497,620,562,620,586,467,526,475,621,Push-up
399,572,498,538,619,492,497,639,553,616,586,459,529,472,624,Push-up
400,574,498,539,630,505,502,635,558,616,586,458,521,487,626,Push-up
399,572,507,538,640,503,502,626,570,619,581,461,518,480,617,Push-up
401,574,501,536,626,506,495,627,571,622,583,465,532,474,611,Push-up
404,579,498,541,623,506,501,621,564,618,587,464,531,468,616,Push-up
401,573,498,534,629,517,510,630,572,618,580,459,524,478,625,Push-up
403,572,497,531,650,522,507,637,581,622,580,464,520,478,624,Push-up
400,573,501,535,640,513,495,628,571,622,583,467,530,468,625,Push-up
400,573,502,535,618,521,495,623,554,621,583,462,532,464,610,Push-up
400,573,502,534,626,528,497,633,558,624,577,461,531,467,631,Push-up
399,573,502,538,642,514,498,630,565,624,578,465,529,473,626,Push-up
398,571,502,547,634,491,492,628,555,624,576,463,523,465,621,Push-up
400,571,500,541,621,501,493,628,553,622,578,459,524,464,616,Push-up
401,570,498,538,627,512,500,634,567,625,577,462,530,464,624,Push-up
397,570,505,537,635,520,501,630,572,626,576,463,522,463,618,Push-up
397,569,506,541,636,528,494,628,573,624,573,457,524,459,617,Push-up
400,570,503,538,629,536,495,633,566,627,573,459,529,458,616,Push-up
399,569,501,539,635,536,496,633,553,626,574,462,523,457,617,Push-up
396,566,505,537,638,531,488,624,549,626,574,458,519,460,619,Push-up
394,564,506,548,632,522,489,626,554,626,576,458,525,456,615,Push-up
397,564,500,541,616,516,493,632,555,624,574,457,525,453,619,Push-up
395,564,502,542,634,514,492,634,565,628,568,457,523,454,626,Push-up
392,560,505,544,642,514,492,624,575,626,571,457,522,453,622,Push-up
394,558,503,548,633,519,489,621,578,624,566,450,515,450,619,Push-up
393,560,502,546,621,528,492,626,569,627,561,454,521,454,610,Push-up
390,556,504,546,628,536,491,633,567,631,563,461,521,457,621,Push-up
390,551,503,546,638,538,483,625,573,633,556,461,516,452,618,Push-up
392,549,496,545,632,533,486,617,576,633,558,461,515,447,610,Push-up
390,552,497,547,623,523,487,624,569,633,558,460,515,448,622,Push-up
388,546,501,550,629,519,486,629,567,632,556,458,518,455,622,Push-up
389,541,497,552,635,513,480,628,571,636,552,464,520,451,614,Push-up
388,541,488,556,630,509,477,619,572,638,550,467,522,447,609,Push-up
384,533,499,561,620,510,479,617,571,637,551,462,520,448,606,Push-up
385,529,498,559,617,513,478,627,566,638,547,463,508,458,600,Push-up
386,524,490,558,628,517,469,631,564,642,543,471,513,465,590,Push-up
384,518,493,560,636,522,468,619,572,643,537,473,528,461,586,Push-up
384,513,498,559,632,531,477,613,569,638,527,461,531,463,589,Push-up
391,514,483,559,627,532,478,615,568,640,513,462,522,458,591,Push-up
389,507,484,559,627,522,469,624,569,641,506,469,520,459,586,Push-up
389,506,491,562,627,514,466,619,568,643,506,470,524,450,601,Push-up
387,510,487,565,621,515,465,613,570,642,504,469,518,449,608,Push-up
387,509,488,567,619,519,462,613,570,641,502,465,514,448,602,Push-up
386,513,488,572,622,520,458,616,569,641,503,465,520,448,598,Push-up
386,515,487,574,620,519,456,616,567,641,507,465,518,446,605,Push-up
386,509,487,572,612,522,456,616,567,641,510,463,518,446,605,Push-up
387,514,484,575,614,526,454,619,565,643,510,466,522,444,606,Push-up
388,511,485,579,620,529,452,620,563,642,510,464,518,448,609,Push-up
386,511,486,579,621,529,450,616,565,641,510,462,517,451,607,Push-up
386,512,484,579,619,523,452,616,563,641,511,464,520,451,605,Push-up
,,,,,,,,,,,,,,,
,,,,,,,,,,,,,,,
,,,,,,,,,,,,,,,
,,,,,,,,,,,,,,,
,,,,,,,,,,,,,,,
,,,,,,,,,,,,,,,
,,,,,,,,,,,,,,,
,,,,,,,,,,,,,,,
,,,,,,,,,,,,,,,
,,,,,,,,,,,,,,,
,,,,,,,,,,,,,,,
,,,,,,,,,,,,,,,
,,,,,,,,,,,,,,,
,,,,,,,,,,,,,,,
,,,,,,,,,,,,,,,
,,,,,,,,,,,,,,,
,,,,,,,,,,,,,,,
,,,,,,,,,,,,,,,
,,,,,,,,,,,,,,,
,,,,,,,,,,,,,,,
,,,,,,,,,,,,,,,
,,,,,,,,,,,,,,,
,,,,,,,,,,,,,,,
,,,,,,,,,,,,,,,
,,,,,,,,,,,,,,,
,,,,,,,,,,,,,,,
,,,,,,,,,,,,,,,
,,,,,,,,,,,,,,,
,,,,,,,,,,,,,,,
,,,,,,,,,,,,,,,
,,,,,,,,,,,,,,,
,,,,,,,,,,,,,,,
,,,,,,,,,,,,,,,
,,,,,,,,,,,,,,,
,,,,,,,,,,,,,,,
,,,,,,,,,,,,,,,
,,,,,,,,,,,,,,,
,,,,,,,,,,,,,,,
,,,,,,,,,,,,,,,
,,,,,,,,,,,,,,,
,,,,,,,,,,,,,,,
,,,,,,,,,,,,,,,
,,,,,,,,,,,,,,,
,,,,,,,,,,,,,,,
,,,,,,,,,,,,,,,
,,,,,,,,,,,,,,,
,,,,,,,,,,,,,,,
,,,,,,,,,,,,,,,
,,,,,,,,,,,,,,,
,,,,,,,,,,,,,,,
,,,,,,,,,,,,,,,
,,,,,,,,,,,,,,,
,,,,,,,,,,,,,,,
,,,,,,,,,,,,,,,
,,,,,,,,,,,,,,,
,,,,,,,,,,,,,,,
,,,,,,,,,,,,,,,
,,,,,,,,,,,,,,,
,,,,,,,,,,,,,,,
,,,,,,,,,,,,,,,
,,,,,,,,,,,,,,,
,,,,,,,,,,,,,,,
,,,,,,,,,,,,,,,
,,,,,,,,,,,,,,,
,,,,,,,,,,,,,,,
,,,,,,,,,,,,,,,
,,,,,,,,,,,,,,,
,,,,,,,,,,,,,,,
,,,,,,,,,,,,,,,
,,,,,,,,,,,,,,,
,,,,,,,,,,,,,,,
,,,,,,,,,,,,,,,
,,,,,,,,,,,,,,,
,,,,,,,,,,,,,,,
,,,,,,,,,,,,,,,
,,,,,,,,,,,,,,,
,,,,,,,,,,,,,,,
,,,,,,,,,,,,,,,
,,,,,,,,,,,,,,,
,,,,,,,,,,,,,,,
,,,,,,,,,,,,,,,
,,,,,,,,,,,,,,,
,,,,,,,,,,,,,,,
,,,,,,,,,,,,,,,
,,,,,,,,,,,,,,,
,,,,,,,,,,,,,,,
,,,,,,,,,,,,,,,
,,,,,,,,,,,,,,,
,,,,,,,,,,,,,,,
,,,,,,,,,,,,,,,
,,,,,,,,,,,,,,,
,,,,,,,,,,,,,,,
,,,,,,,,,,,,,,,
,,,,,,,,,,,,,,,
,,,,,,,,,,,,,,,
,,,,,,,,,,,,,,,
,,,,,,,,,,,,,,,
,,,,,,,,,,,,,,,
,,,,,,,,,,,,,,,
,,,,,,,,,,,,,,,
,,,,,,,,,,,,,,,
,,,,,,,,,,,,,,,
,,,,,,,,,,,,,,,
,,,,,,,,,,,,,,,
,,,,,,,,,,,,,,,
,,,,,,,,,,,,,,,
,,,,,,,,,,,,,,,
,,,,,,,,,,,,,,,
,,,,,,,,,,,,,,,
,,,,,,,,,,,,,,,
,,,,,,,,,,,,,,,
,,,,,,,,,,,,,,,
,,,,,,,,,,,,,,,
,,,,,,,,,,,,,,,
,,,,,,,,,,,,,,,
,,,,,,,,,,,,,,,
,,,,,,,,,,,,,,,
,,,,,,,,,,,,,,,
,,,,,,,,,,,,,,,
,,,,,,,,,,,,,,,
,,,,,,,,,,,,,,,
,,,,,,,,,,,,,,,
,,,,,,,,,,,,,,,
,,,,,,,,,,,,,,,
,,,,,,,,,,,,,,,
,,,,,,,,,,,,,,,
,,,,,,,,,,,,,,,
,,,,,,,,,,,,,,,
,,,,,,,,,,,,,,,
,,,,,,,,,,,,,,,
,,,,,,,,,,,,,,,
,,,,,,,,,,,,,,,
,,,,,,,,,,,,,,,
,,,,,,,,,,,,,,,
,,,,,,,,,,,,,,,
,,,,,,,,,,,,,,,
,,,,,,,,,,,,,,,
,,,,,,,,,,,,,,,
,,,,,,,,,,,,,,,
,,,,,,,,,,,,,,,
,,,,,,,,,,,,,,,
,,,,,,,,,,,,,,,
,,,,,,,,,,,,,,,
,,,,,,,,,,,,,,,
,,,,,,,,,,,,,,,
,,,,,,,,,,,,,,,
,,,,,,,,,,,,,,,
,,,,,,,,,,,,,,,
,,,,,,,,,,,,,,,
,,,,,,,,,,,,,,,
,,,,,,,,,,,,,,,
,,,,,,,,,,,,,,,
,,,,,,,,,,,,,,,
,,,,,,,,,,,,,,,
,,,,,,,,,,,,,,,
,,,,,,,,,,,,,,,
,,,,,,,,,,,,,,,
,,,,,,,,,,,,,,,
,,,,,,,,,,,,,,,
,,,,,,,,,,,,,,,
,,,,,,,,,,,,,,,
,,,,,,,,,,,,,,,
,,,,,,,,,,,,,,,
,,,,,,,,,,,,,,,
,,,,,,,,,,,,,,,
,,,,,,,,,,,,,,,
,,,,,,,,,,,,,,,
,,,,,,,,,,,,,,,
,,,,,,,,,,,,,,,
,,,,,,,,,,,,,,,
,,,,,,,,,,,,,,,
,,,,,,,,,,,,,,,
,,,,,,,,,,,,,,,
,,,,,,,,,,,,,,,
,,,,,,,,,,,,,,,
,,,,,,,,,,,,,,,
,,,,,,,,,,,,,,,
,,,,,,,,,,,,,,,
,,,,,,,,,,,,,,,
,,,,,,,,,,,,,,,
,,,,,,,,,,,,,,,
,,,,,,,,,,,,,,,
,,,,,,,,,,,,,,,
,,,,,,,,,,,,,,,
,,,,,,,,,,,,,,,
,,,,,,,,,,,,,,,
,,,,,,,,,,,,,,,
,,,,,,,,,,,,,,,
,,,,,,,,,,,,,,,
,,,,,,,,,,,,,,,
,,,,,,,,,,,,,,,
,,,,,,,,,,,,,,,
,,,,,,,,,,,,,,,
,,,,,,,,,,,,,,,
,,,,,,,,,,,,,,,
,,,,,,,,,,,,,,,
,,,,,,,,,,,,,,,
,,,,,,,,,,,,,,,
,,,,,,,,,,,,,,,
,,,,,,,,,,,,,,,
,,,,,,,,,,,,,,,
,,,,,,,,,,,,,,,
,,,,,,,,,,,,,,,
,,,,,,,,,,,,,,,
,,,,,,,,,,,,,,,
,,,,,,,,,,,,,,,
,,,,,,,,,,,,,,,
,,,,,,,,,,,,,,,
,,,,,,,,,,,,,,,
,,,,,,,,,,,,,,,
,,,,,,,,,,,,,,,
,,,,,,,,,,,,,,,
,,,,,,,,,,,,,,,
,,,,,,,,,,,,,,,
,,,,,,,,,,,,,,,
,,,,,,,,,,,,,,,
,,,,,,,,,,,,,,,
,,,,,,,,,,,,,,,
,,,,,,,,,,,,,,,
,,,,,,,,,,,,,,,
,,,,,,,,,,,,,,,
,,,,,,,,,,,,,,,
,,,,,,,,,,,,,,,
,,,,,,,,,,,,,,,
,,,,,,,,,,,,,,,
,,,,,,,,,,,,,,,
,,,,,,,,,,,,,,,
,,,,,,,,,,,,,,,
,,,,,,,,,,,,,,,
,,,,,,,,,,,,,,,
,,,,,,,,,,,,,,,
,,,,,,,,,,,,,,,
,,,,,,,,,,,,,,,
,,,,,,,,,,,,,,,
,,,,,,,,,,,,,,,
,,,,,,,,,,,,,,,
,,,,,,,,,,,,,,,
,,,,,,,,,,,,,,,
,,,,,,,,,,,,,,,
,,,,,,,,,,,,,,,
,,,,,,,,,,,,,,,
,,,,,,,,,,,,,,,
,,,,,,,,,,,,,,,
,,,,,,,,,,,,,,,
,,,,,,,,,,,,,,,
,,,,,,,,,,,,,,,
,,,,,,,,,,,,,,,
,,,,,,,,,,,,,,,
,,,,,,,,,,,,,,,
,,,,,,,,,,,,,,,
,,,,,,,,,,,,,,,
,,,,,,,,,,,,,,,
,,,,,,,,,,,,,,,
,,,,,,,,,,,,,,,
,,,,,,,,,,,,,,,
,,,,,,,,,,,,,,,
,,,,,,,,,,,,,,,
,,,,,,,,,,,,,,,
,,,,,,,,,,,,,,,
,,,,,,,,,,,,,,,
,,,,,,,,,,,,,,,
,,,,,,,,,,,,,,,
,,,,,,,,,,,,,,,
,,,,,,,,,,,,,,,
,,,,,,,,,,,,,,,
,,,,,,,,,,,,,,,
,,,,,,,,,,,,,,,
,,,,,,,,,,,,,,,
,,,,,,,,,,,,,,,
,,,,,,,,,,,,,,,
,,,,,,,,,,,,,,,
,,,,,,,,,,,,,,,
,,,,,,,,,,,,,,,
,,,,,,,,,,,,,,,
,,,,,,,,,,,,,,,
,,,,,,,,,,,,,,,
,,,,,,,,,,,,,,,
,,,,,,,,,,,,,,,
,,,,,,,,,,,,,,,
,,,,,,,,,,,,,,,
,,,,,,,,,,,,,,,
,,,,,,,,,,,,,,,
,,,,,,,,,,,,,,,
,,,,,,,,,,,,,,,
,,,,,,,,,,,,,,,
,,,,,,,,,,,,,,,
,,,,,,,,,,,,,,,
,,,,,,,,,,,,,,,
,,,,,,,,,,,,,,,
,,,,,,,,,,,,,,,
,,,,,,,,,,,,,,,
,,,,,,,,,,,,,,,
,,,,,,,,,,,,,,,
,,,,,,,,,,,,,,,
,,,,,,,,,,,,,,,
,,,,,,,,,,,,,,,
,,,,,,,,,,,,,,,
,,,,,,,,,,,,,,,
,,,,,,,,,,,,,,,
,,,,,,,,,,,,,,,
,,,,,,,,,,,,,,,
,,,,,,,,,,,,,,,
,,,,,,,,,,,,,,,
,,,,,,,,,,,,,,,
,,,,,,,,,,,,,,,
,,,,,,,,,,,,,,,
,,,,,,,,,,,,,,,
,,,,,,,,,,,,,,,
,,,,,,,,,,,,,,,
,,,,,,,,,,,,,,,
,,,,,,,,,,,,,,,
,,,,,,,,,,,,,,,
,,,,,,,,,,,,,,,
,,,,,,,,,,,,,,,
,,,,,,,,,,,,,,,
,,,,,,,,,,,,,,,
,,,,,,,,,,,,,,,
,,,,,,,,,,,,,,,
,,,,,,,,,,,,,,,
,,,,,,,,,,,,,,,
,,,,,,,,,,,,,,,
,,,,,,,,,,,,,,,
,,,,,,,,,,,,,,,
,,,,,,,,,,,,,,,
,,,,,,,,,,,,,,,
,,,,,,,,,,,,,,,
,,,,,,,,,,,,,,,
,,,,,,,,,,,,,,,
,,,,,,,,,,,,,,,
,,,,,,,,,,,,,,,
,,,,,,,,,,,,,,,
,,,,,,,,,,,,,,,
,,,,,,,,,,,,,,,
,,,,,,,,,,,,,,,
,,,,,,,,,,,,,,,
,,,,,,,,,,,,,,,
,,,,,,,,,,,,,,,
,,,,,,,,,,,,,,,
,,,,,,,,,,,,,,,
,,,,,,,,,,,,,,,
,,,,,,,,,,,,,,,
,,,,,,,,,,,,,,,
,,,,,,,,,,,,,,,
,,,,,,,,,,,,,,,
,,,,,,,,,,,,,,,
,,,,,,,,,,,,,,,
,,,,,,,,,,,,,,,
,,,,,,,,,,,,,,,
,,,,,,,,,,,,,,,
,,,,,,,,,,,,,,,
,,,,,,,,,,,,,,,
,,,,,,,,,,,,,,,
,,,,,,,,,,,,,,,
,,,,,,,,,,,,,,,
,,,,,,,,,,,,,,,
,,,,,,,,,,,,,,,
,,,,,,,,,,,,,,,
,,,,,,,,,,,,,,,
,,,,,,,,,,,,,,,
,,,,,,,,,,,,,,,
,,,,,,,,,,,,,,,
,,,,,,,,,,,,,,,
,,,,,,,,,,,,,,,
,,,,,,,,,,,,,,,
,,,,,,,,,,,,,,,
,,,,,,,,,,,,,,,
,,,,,,,,,,,,,,,
,,,,,,,,,,,,,,,
,,,,,,,,,,,,,,,
,,,,,,,,,,,,,,,
,,,,,,,,,,,,,,,
,,,,,,,,,,,,,,,
,,,,,,,,,,,,,,,
,,,,,,,,,,,,,,,
,,,,,,,,,,,,,,,
,,,,,,,,,,,,,,,
,,,,,,,,,,,,,,,
,,,,,,,,,,,,,,,
,,,,,,,,,,,,,,,
,,,,,,,,,,,,,,,
,,,,,,,,,,,,,,,
,,,,,,,,,,,,,,,
,,,,,,,,,,,,,,,
,,,,,,,,,,,,,,,
,,,,,,,,,,,,,,,
,,,,,,,,,,,,,,,
,,,,,,,,,,,,,,,
,,,,,,,,,,,,,,,
,,,,,,,,,,,,,,,
,,,,,,,,,,,,,,,
,,,,,,,,,,,,,,,
,,,,,,,,,,,,,,,
,,,,,,,,,,,,,,,
,,,,,,,,,,,,,,,
,,,,,,,,,,,,,,,
,,,,,,,,,,,,,,,
,,,,,,,,,,,,,,,
,,,,,,,,,,,,,,,
,,,,,,,,,,,,,,,
,,,,,,,,,,,,,,,
,,,,,,,,,,,,,,,
,,,,,,,,,,,,,,,
,,,,,,,,,,,,,,,
,,,,,,,,,,,,,,,
,,,,,,,,,,,,,,,
,,,,,,,,,,,,,,,
,,,,,,,,,,,,,,,
,,,,,,,,,,,,,,,
,,,,,,,,,,,,,,,
,,,,,,,,,,,,,,,
,,,,,,,,,,,,,,,
,,,,,,,,,,,,,,,
,,,,,,,,,,,,,,,
,,,,,,,,,,,,,,,
,,,,,,,,,,,,,,,
,,,,,,,,,,,,,,,
,,,,,,,,,,,,,,,
,,,,,,,,,,,,,,,
,,,,,,,,,,,,,,,
,,,,,,,,,,,,,,,
,,,,,,,,,,,,,,,
,,,,,,,,,,,,,,,
,,,,,,,,,,,,,,,
,,,,,,,,,,,,,,,
,,,,,,,,,,,,,,,
,,,,,,,,,,,,,,,
,,,,,,,,,,,,,,,
,,,,,,,,,,,,,,,
,,,,,,,,,,,,,,,
,,,,,,,,,,,,,,,
,,,,,,,,,,,,,,,
,,,,,,,,,,,,,,,
,,,,,,,,,,,,,,,
,,,,,,,,,,,,,,,
,,,,,,,,,,,,,,,
,,,,,,,,,,,,,,,
,,,,,,,,,,,,,,,
,,,,,,,,,,,,,,,
,,,,,,,,,,,,,,,
,,,,,,,,,,,,,,,
,,,,,,,,,,,,,,,
,,,,,,,,,,,,,,,
,,,,,,,,,,,,,,,
,,,,,,,,,,,,,,,
,,,,,,,,,,,,,,,
,,,,,,,,,,,,,,,
,,,,,,,,,,,,,,,
,,,,,,,,,,,,,,,
,,,,,,,,,,,,,,,
,,,,,,,,,,,,,,,
,,,,,,,,,,,,,,,
,,,,,,,,,,,,,,,
,,,,,,,,,,,,,,,
,,,,,,,,,,,,,,,
,,,,,,,,,,,,,,,
,,,,,,,,,,,,,,,
,,,,,,,,,,,,,,,
,,,,,,,,,,,,,,,
,,,,,,,,,,,,,,,
,,,,,,,,,,,,,,,
,,,,,,,,,,,,,,,
,,,,,,,,,,,,,,,
,,,,,,,,,,,,,,,
,,,,,,,,,,,,,,,
,,,,,,,,,,,,,,,
,,,,,,,,,,,,,,,
,,,,,,,,,,,,,,,
,,,,,,,,,,,,,,,
,,,,,,,,,,,,,,,
,,,,,,,,,,,,,,,
,,,,,,,,,,,,,,,
,,,,,,,,,,,,,,,
,,,,,,,,,,,,,,,
,,,,,,,,,,,,,,,
,,,,,,,,,,,,,,,
,,,,,,,,,,,,,,,
,,,,,,,,,,,,,,,
,,,,,,,,,,,,,,,
,,,,,,,,,,,,,,,
,,,,,,,,,,,,,,,
,,,,,,,,,,,,,,,
,,,,,,,,,,,,,,,
,,,,,,,,,,,,,,,
,,,,,,,,,,,,,,,
,,,,,,,,,,,,,,,
,,,,,,,,,,,,,,,
,,,,,,,,,,,,,,,
,,,,,,,,,,,,,,,
,,,,,,,,,,,,,,,
,,,,,,,,,,,,,,,
,,,,,,,,,,,,,,,
,,,,,,,,,,,,,,,
,,,,,,,,,,,,,,,
,,,,,,,,,,,,,,,
,,,,,,,,,,,,,,,
,,,,,,,,,,,,,,,
,,,,,,,,,,,,,,,
,,,,,,,,,,,,,,,
,,,,,,,,,,,,,,,
,,,,,,,,,,,,,,,
,,,,,,,,,,,,,,,
,,,,,,,,,,,,,,,
,,,,,,,,,,,,,,,
,,,,,,,,,,,,,,,
,,,,,,,,,,,,,,,
,,,,,,,,,,,,,,,
,,,,,,,,,,,,,,,
,,,,,,,,,,,,,,,
,,,,,,,,,,,,,,,
,,,,,,,,,,,,,,,
,,,,,,,,,,,,,,,
,,,,,,,,,,,,,,,
,,,,,,,,,,,,,,,
,,,,,,,,,,,,,,,
,,,,,,,,,,,,,,,
,,,,,,,,,,,,,,,
,,,,,,,,,,,,,,,
,,,,,,,,,,,,,,,
,,,,,,,,,,,,,,,
,,,,,,,,,,,,,,,
,,,,,,,,,,,,,,,
,,,,,,,,,,,,,,,
,,,,,,,,,,,,,,,
,,,,,,,,,,,,,,,
,,,,,,,,,,,,,,,
,,,,,,,,,,,,,,,
,,,,,,,,,,,,,,,
,,,,,,,,,,,,,,,
,,,,,,,,,,,,,,,
,,,,,,,,,,,,,,,
,,,,,,,,,,,,,,,
,,,,,,,,,,,,,,,
,,,,,,,,,,,,,,,
,,,,,,,,,,,,,,,
,,,,,,,,,,,,,,,
,,,,,,,,,,,,,,,
,,,,,,,,,,,,,,,
,,,,,,,,,,,,,,,
,,,,,,,,,,,,,,,
,,,,,,,,,,,,,,,
,,,,,,,,,,,,,,,
,,,,,,,,,,,,,,,
,,,,,,,,,,,,,,,
,,,,,,,,,,,,,,,
,,,,,,,,,,,,,,,
,,,,,,,,,,,,,,,
,,,,,,,,,,,,,,,
,,,,,,,,,,,,,,,
,,,,,,,,,,,,,,,
,,,,,,,,,,,,,,,
,,,,,,,,,,,,,,,
,,,,,,,,,,,,,,,
,,,,,,,,,,,,,,,
,,,,,,,,,,,,,,,
,,,,,,,,,,,,,,,
,,,,,,,,,,,,,,,
,,,,,,,,,,,,,,,
,,,,,,,,,,,,,,,
,,,,,,,,,,,,,,,
,,,,,,,,,,,,,,,
,,,,,,,,,,,,,,,
,,,,,,,,,,,,,,,
,,,,,,,,,,,,,,,
,,,,,,,,,,,,,,,
,,,,,,,,,,,,,,,
,,,,,,,,,,,,,,,
,,,,,,,,,,,,,,,
,,,,,,,,,,,,,,,
,,,,,,,,,,,,,,,
,,,,,,,,,,,,,,,
,,,,,,,,,,,,,,,
,,,,,,,,,,,,,,,
,,,,,,,,,,,,,,,
,,,,,,,,,,,,,,,
,,,,,,,,,,,,,,,
,,,,,,,,,,,,,,,
,,,,,,,,,,,,,,,
,,,,,,,,,,,,,,,
,,,,,,,,,,,,,,,
,,,,,,,,,,,,,,,
,,,,,,,,,,,,,,,
,,,,,,,,,,,,,,,
,,,,,,,,,,,,,,,
,,,,,,,,,,,,,,,
,,,,,,,,,,,,,,,
,,,,,,,,,,,,,,,
,,,,,,,,,,,,,,,
,,,,,,,,,,,,,,,
,,,,,,,,,,,,,,,
,,,,,,,,,,,,,,,
,,,,,,,,,,,,,,,
,,,,,,,,,,,,,,,
,,,,,,,,,,,,,,,
,,,,,,,,,,,,,,,
,,,,,,,,,,,,,,,
,,,,,,,,,,,,,,,
,,,,,,,,,,,,,,,
,,,,,,,,,,,,,,,
,,,,,,,,,,,,,,,
,,,,,,,,,,,,,,,
,,,,,,,,,,,,,,,
,,,,,,,,,,,,,,,
,,,,,,,,,,,,,,,
,,,,,,,,,,,,,,,
,,,,,,,,,,,,,,,
,,,,,,,,,,,,,,,
,,,,,,,,,,,,,,,
,,,,,,,,,,,,,,,
,,,,,,,,,,,,,,,
,,,,,,,,,,,,,,,
,,,,,,,,,,,,,,,
,,,,,,,,,,,,,,,
,,,,,,,,,,,,,,,
,,,,,,,,,,,,,,,
,,,,,,,,,,,,,,,
,,,,,,,,,,,,,,,
,,,,,,,,,,,,,,,
,,,,,,,,,,,,,,,
,,,,,,,,,,,,,,,
,,,,,,,,,,,,,,,
,,,,,,,,,,,,,,,
,,,,,,,,,,,,,,,
,,,,,,,,,,,,,,,
,,,,,,,,,,,,,,,
,,,,,,,,,,,,,,,
,,,,,,,,,,,,,,,
,,,,,,,,,,,,,,,
,,,,,,,,,,,,,,,
,,,,,,,,,,,,,,,
,,,,,,,,,,,,,,,
,,,,,,,,,,,,,,,
,,,,,,,,,,,,,,,
,,,,,,,,,,,,,,,
,,,,,,,,,,,,,,,
,,,,,,,,,,,,,,,
,,,,,,,,,,,,,,,
,,,,,,,,,,,,,,,
,,,,,,,,,,,,,,,
,,,,,,,,,,,,,,,
,,,,,,,,,,,,,,,
,,,,,,,,,,,,,,,
,,,,,,,,,,,,,,,
,,,,,,,,,,,,,,,
,,,,,,,,,,,,,,,
,,,,,,,,,,,,,,,
,,,,,,,,,,,,,,,
,,,,,,,,,,,,,,,
,,,,,,,,,,,,,,,
,,,,,,,,,,,,,,,
,,,,,,,,,,,,,,,
,,,,,,,,,,,,,,,
,,,,,,,,,,,,,,,
,,,,,,,,,,,,,,,
,,,,,,,,,,,,,,,
,,,,,,,,,,,,,,,
,,,,,,,,,,,,,,,
,,,,,,,,,,,,,,,
,,,,,,,,,,,,,,,
,,,,,,,,,,,,,,,
,,,,,,,,,,,,,,,
,,,,,,,,,,,,,,,
,,,,,,,,,,,,,,,
,,,,,,,,,,,,,,,
,,,,,,,,,,,,,,,
,,,,,,,,,,,,,,,
,,,,,,,,,,,,,,,
,,,,,,,,,,,,,,,
,,,,,,,,,,,,,,,
,,,,,,,,,,,,,,,
,,,,,,,,,,,,,,,
,,,,,,,,,,,,,,,
,,,,,,,,,,,,,,,
,,,,,,,,,,,,,,,
,,,,,,,,,,,,,,,
,,,,,,,,,,,,,,,
,,,,,,,,,,,,,,,
,,,,,,,,,,,,,,,
,,,,,,,,,,,,,,,
,,,,,,,,,,,,,,,
,,,,,,,,,,,,,,,
,,,,,,,,,,,,,,,
,,,,,,,,,,,,,,,
,,,,,,,,,,,,,,,
,,,,,,,,,,,,,,,
,,,,,,,,,,,,,,,
,,,,,,,,,,,,,,,
,,,,,,,,,,,,,,,
,,,,,,,,,,,,,,,
,,,,,,,,,,,,,,,
,,,,,,,,,,,,,,,
,,,,,,,,,,,,,,,
,,,,,,,,,,,,,,,
,,,,,,,,,,,,,,,
,,,,,,,,,,,,,,,
,,,,,,,,,,,,,,,
,,,,,,,,,,,,,,,
,,,,,,,,,,,,,,,
,,,,,,,,,,,,,,,
,,,,,,,,,,,,,,,
,,,,,,,,,,,,,,,
,,,,,,,,,,,,,,,
,,,,,,,,,,,,,,,
,,,,,,,,,,,,,,,
,,,,,,,,,,,,,,,
,,,,,,,,,,,,,,,
,,,,,,,,,,,,,,,
,,,,,,,,,,,,,,,
,,,,,,,,,,,,,,,
,,,,,,,,,,,,,,,
,,,,,,,,,,,,,,,
,,,,,,,,,,,,,,,
,,,,,,,,,,,,,,,
,,,,,,,,,,,,,,,
,,,,,,,,,,,,,,,
,,,,,,,,,,,,,,,
,,,,,,,,,,,,,,,
,,,,,,,,,,,,,,,
,,,,,,,,,,,,,,,
,,,,,,,,,,,,,,,
,,,,,,,,,,,,,,,
,,,,,,,,,,,,,,,
,,,,,,,,,,,,,,,
,,,,,,,,,,,,,,,
,,,,,,,,,,,,,,,
,,,,,,,,,,,,,,,
,,,,,,,,,,,,,,,
,,,,,,,,,,,,,,,
,,,,,,,,,,,,,,,
,,,,,,,,,,,,,,,
,,,,,,,,,,,,,,,
,,,,,,,,,,,,,,,
,,,,,,,,,,,,,,,
,,,,,,,,,,,,,,,
,,,,,,,,,,,,,,,
,,,,,,,,,,,,,,,
,,,,,,,,,,,,,,,
,,,,,,,,,,,,,,,
,,,,,,,,,,,,,,,
,,,,,,,,,,,,,,,
,,,,,,,,,,,,,,,
,,,,,,,,,,,,,,,
,,,,,,,,,,,,,,,
,,,,,,,,,,,,,,,
,,,,,,,,,,,,,,,
,,,,,,,,,,,,,,,
,,,,,,,,,,,,,,,
,,,,,,,,,,,,,,,
,,,,,,,,,,,,,,,
,,,,,,,,,,,,,,,
,,,,,,,,,,,,,,,
,,,,,,,,,,,,,,,
,,,,,,,,,,,,,,,
,,,,,,,,,,,,,,,
,,,,,,,,,,,,,,,
,,,,,,,,,,,,,,,
,,,,,,,,,,,,,,,
,,,,,,,,,,,,,,,
,,,,,,,,,,,,,,,
,,,,,,,,,,,,,,,
,,,,,,,,,,,,,,,
,,,,,,,,,,,,,,,
,,,,,,,,,,,,,,,
,,,,,,,,,,,,,,,
,,,,,,,,,,,,,,,
,,,,,,,,,,,,,,,
,,,,,,,,,,,,,,,
,,,,,,,,,,,,,,,
,,,,,,,,,,,,,,,
,,,,,,,,,,,,,,,
,,,,,,,,,,,,,,,
,,,,,,,,,,,,,,,
,,,,,,,,,,,,,,,
,,,,,,,,,,,,,,,
,,,,,,,,,,,,,,,
,,,,,,,,,,,,,,,
,,,,,,,,,,,,,,,
,,,,,,,,,,,,,,,
,,,,,,,,,,,,,,,
,,,,,,,,,,,,,,,
,,,,,,,,,,,,,,,
,,,,,,,,,,,,,,,
,,,,,,,,,,,,,,,
,,,,,,,,,,,,,,,
,,,,,,,,,,,,,,,
,,,,,,,,,,,,,,,
,,,,,,,,,,,,,,,
,,,,,,,,,,,,,,,
,,,,,,,,,,,,,,,
,,,,,,,,,,,,,,,
,,,,,,,,,,,,,,,
,,,,,,,,,,,,,,,
,,,,,,,,,,,,,,,
,,,,,,,,,,,,,,,
,,,,,,,,,,,,,,,
,,,,,,,,,,,,,,,
,,,,,,,,,,,,,,,
,,,,,,,,,,,,,,,
,,,,,,,,,,,,,,,
,,,,,,,,,,,,,,,
,,,,,,,,,,,,,,,
,,,,,,,,,,,,,,,
,,,,,,,,,,,,,,,
,,,,,,,,,,,,,,,
,,,,,,,,,,,,,,,
,,,,,,,,,,,,,,,
,,,,,,,,,,,,,,,
,,,,,,,,,,,,,,,
,,,,,,,,,,,,,,,
,,,,,,,,,,,,,,,
,,,,,,,,,,,,,,,
,,,,,,,,,,,,,,,
,,,,,,,,,,,,,,,
,,,,,,,,,,,,,,,
,,,,,,,,,,,,,,,
,,,,,,,,,,,,,,,
,,,,,,,,,,,,,,,
,,,,,,,,,,,,,,,
,,,,,,,,,,,,,,,
,,,,,,,,,,,,,,,
,,,,,,,,,,,,,,,
,,,,,,,,,,,,,,,
,,,,,,,,,,,,,,,
,,,,,,,,,,,,,,,
,,,,,,,,,,,,,,,
,,,,,,,,,,,,,,,
,,,,,,,,,,,,,,,
,,,,,,,,,,,,,,,
,,,,,,,,,,,,,,,
,,,,,,,,,,,,,,,
,,,,,,,,,,,,,,,
,,,,,,,,,,,,,,,
,,,,,,,,,,,,,,,
,,,,,,,,,,,,,,,
,,,,,,,,,,,,,,,
,,,,,,,,,,,,,,,
,,,,,,,,,,,,,,,
,,,,,,,,,,,,,,,
,,,,,,,,,,,,,,,
,,,,,,,,,,,,,,,
,,,,,,,,,,,,,,,
,,,,,,,,,,,,,,,
,,,,,,,,,,,,,,,
,,,,,,,,,,,,,,,
,,,,,,,,,,,,,,,
,,,,,,,,,,,,,,,
,,,,,,,,,,,,,,,
,,,,,,,,,,,,,,,
,,,,,,,,,,,,,,,
,,,,,,,,,,,,,,,
,,,,,,,,,,,,,,,
,,,,,,,,,,,,,,,
,,,,,,,,,,,,,,,
,,,,,,,,,,,,,,,
,,,,,,,,,,,,,,,
,,,,,,,,,,,,,,,
,,,,,,,,,,,,,,,
,,,,,,,,,,,,,,,
,,,,,,,,,,,,,,,
,,,,,,,,,,,,,,,
,,,,,,,,,,,,,,,
,,,,,,,,,,,,,,,
,,,,,,,,,,,,,,,
,,,,,,,,,,,,,,,
,,,,,,,,,,,,,,,
,,,,,,,,,,,,,,,
,,,,,,,,,,,,,,,
,,,,,,,,,,,,,,,
,,,,,,,,,,,,,,,
,,,,,,,,,,,,,,,
,,,,,,,,,,,,,,,
,,,,,,,,,,,,,,,
,,,,,,,,,,,,,,,
,,,,,,,,,,,,,,,
,,,,,,,,,,,,,,,
,,,,,,,,,,,,,,,
,,,,,,,,,,,,,,,
,,,,,,,,,,,,,,,
,,,,,,,,,,,,,,,
,,,,,,,,,,,,,,,
,,,,,,,,,,,,,,,
,,,,,,,,,,,,,,,
,,,,,,,,,,,,,,,
,,,,,,,,,,,,,,,
,,,,,,,,,,,,,,,
,,,,,,,,,,,,,,,
,,,,,,,,,,,,,,,
,,,,,,,,,,,,,,,
,,,,,,,,,,,,,,,
,,,,,,,,,,,,,,,
,,,,,,,,,,,,,,,
,,,,,,,,,,,,,,,
,,,,,,,,,,,,,,,
,,,,,,,,,,,,,,,
,,,,,,,,,,,,,,,
,,,,,,,,,,,,,,,
,,,,,,,,,,,,,,,
,,,,,,,,,,,,,,,
,,,,,,,,,,,,,,,
,,,,,,,,,,,,,,,
,,,,,,,,,,,,,,,
,,,,,,,,,,,,,,,
,,,,,,,,,,,,,,,
,,,,,,,,,,,,,,,
,,,,,,,,,,,,,,,
,,,,,,,,,,,,,,,
,,,,,,,,,,,,,,,
,,,,,,,,,,,,,,,
,,,,,,,,,,,,,,,
,,,,,,,,,,,,,,,
,,,,,,,,,,,,,,,
,,,,,,,,,,,,,,,
,,,,,,,,,,,,,,,
,,,,,,,,,,,,,,,
,,,,,,,,,,,,,,,
,,,,,,,,,,,,,,,
,,,,,,,,,,,,,,,
,,,,,,,,,,,,,,,
,,,,,,,,,,,,,,,
,,,,,,,,,,,,,,,
,,,,,,,,,,,,,,,
,,,,,,,,,,,,,,,
,,,,,,,,,,,,,,,
,,,,,,,,,,,,,,,
,,,,,,,,,,,,,,,
,,,,,,,,,,,,,,,
,,,,,,,,,,,,,,,
,,,,,,,,,,,,,,,
,,,,,,,,,,,,,,,
,,,,,,,,,,,,,,,
,,,,,,,,,,,,,,,
,,,,,,,,,,,,,,,
,,,,,,,,,,,,,,,
,,,,,,,,,,,,,,,
,,,,,,,,,,,,,,,
,,,,,,,,,,,,,,,
,,,,,,,,,,,,,,,
,,,,,,,,,,,,,,,
,,,,,,,,,,,,,,,
,,,,,,,,,,,,,,,
,,,,,,,,,,,,,,,
,,,,,,,,,,,,,,,
,,,,,,,,,,,,,,,
,,,,,,,,,,,,,,,
,,,,,,,,,,,,,,,
,,,,,,,,,,,,,,,
,,,,,,,,,,,,,,,
,,,,,,,,,,,,,,,
,,,,,,,,,,,,,,,
,,,,,,,,,,,,,,,
,,,,,,,,,,,,,,,
,,,,,,,,,,,,,,,
,,,,,,,,,,,,,,,
,,,,,,,,,,,,,,,
,,,,,,,,,,,,,,,
,,,,,,,,,,,,,,,
,,,,,,,,,,,,,,,
,,,,,,,,,,,,,,,
,,,,,,,,,,,,,,,
,,,,,,,,,,,,,,,
,,,,,,,,,,,,,,,
,,,,,,,,,,,,,,,
,,,,,,,,,,,,,,,
,,,,,,,,,,,,,,,
,,,,,,,,,,,,,,,
,,,,,,,,,,,,,,,
,,,,,,,,,,,,,,,
,,,,,,,,,,,,,,,
,,,,,,,,,,,,,,,
,,,,,,,,,,,,,,,
,,,,,,,,,,,,,,,
,,,,,,,,,,,,,,,
,,,,,,,,,,,,,,,
,,,,,,,,,,,,,,,
,,,,,,,,,,,,,,,
,,,,,,,,,,,,,,,
,,,,,,,,,,,,,,,
,,,,,,,,,,,,,,,
,,,,,,,,,,,,,,,
,,,,,,,,,,,,,,,
,,,,,,,,,,,,,,,
,,,,,,,,,,,,,,,
,,,,,,,,,,,,,,,
,,,,,,,,,,,,,,,
,,,,,,,,,,,,,,,
,,,,,,,,,,,,,,,
,,,,,,,,,,,,,,,
,,,,,,,,,,,,,,,
,,,,,,,,,,,,,,,
,,,,,,,,,,,,,,,
,,,,,,,,,,,,,,,
,,,,,,,,,,,,,,,
,,,,,,,,,,,,,,,
,,,,,,,,,,,,,,,
,,,,,,,,,,,,,,,
,,,,,,,,,,,,,,,
,,,,,,,,,,,,,,,
,,,,,,,,,,,,,,,
,,,,,,,,,,,,,,,
,,,,,,,,,,,,,,,
,,,,,,,,,,,,,,,
,,,,,,,,,,,,,,,
,,,,,,,,,,,,,,,
,,,,,,,,,,,,,,,
,,,,,,,,,,,,,,,
,,,,,,,,,,,,,,,
,,,,,,,,,,,,,,,
,,,,,,,,,,,,,,,
,,,,,,,,,,,,,,,
,,,,,,,,,,,,,,,
,,,,,,,,,,,,,,,
,,,,,,,,,,,,,,,
,,,,,,,,,,,,,,,
,,,,,,,,,,,,,,,
,,,,,,,,,,,,,,,
,,,,,,,,,,,,,,,
,,,,,,,,,,,,,,,
,,,,,,,,,,,,,,,
,,,,,,,,,,,,,,,
,,,,,,,,,,,,,,,
,,,,,,,,,,,,,,,
,,,,,,,,,,,,,,,
,,,,,,,,,,,,,,,
,,,,,,,,,,,,,,,
,,,,,,,,,,,,,,,
,,,,,,,,,,,,,,,
,,,,,,,,,,,,,,,
,,,,,,,,,,,,,,,
,,,,,,,,,,,,,,,
,,,,,,,,,,,,,,,
,,,,,,,,,,,,,,,
,,,,,,,,,,,,,,,
,,,,,,,,,,,,,,,
,,,,,,,,,,,,,,,
,,,,,,,,,,,,,,,
,,,,,,,,,,,,,,,
,,,,,,,,,,,,,,,
,,,,,,,,,,,,,,,
,,,,,,,,,,,,,,,
,,,,,,,,,,,,,,,
,,,,,,,,,,,,,,,
,,,,,,,,,,,,,,,
,,,,,,,,,,,,,,,
,,,,,,,,,,,,,,,
,,,,,,,,,,,,,,,
,,,,,,,,,,,,,,,
,,,,,,,,,,,,,,,
,,,,,,,,,,,,,,,
,,,,,,,,,,,,,,,
,,,,,,,,,,,,,,,
,,,,,,,,,,,,,,,
,,,,,,,,,,,,,,,
,,,,,,,,,,,,,,,
,,,,,,,,,,,,,,,
,,,,,,,,,,,,,,,
,,,,,,,,,,,,,,,
,,,,,,,,,,,,,,,
,,,,,,,,,,,,,,,
,,,,,,,,,,,,,,,
,,,,,,,,,,,,,,,
,,,,,,,,,,,,,,,
,,,,,,,,,,,,,,,
,,,,,,,,,,,,,,,
,,,,,,,,,,,,,,,
,,,,,,,,,,,,,,,
,,,,,,,,,,,,,,,
,,,,,,,,,,,,,,,
,,,,,,,,,,,,,,,
,,,,,,,,,,,,,,,
,,,,,,,,,,,,,,,
,,,,,,,,,,,,,,,
,,,,,,,,,,,,,,,
,,,,,,,,,,,,,,,
,,,,,,,,,,,,,,,
,,,,,,,,,,,,,,,
,,,,,,,,,,,,,,,
,,,,,,,,,,,,,,,
,,,,,,,,,,,,,,,
,,,,,,,,,,,,,,,
,,,,,,,,,,,,,,,
,,,,,,,,,,,,,,,
,,,,,,,,,,,,,,,
,,,,,,,,,,,,,,,
,,,,,,,,,,,,,,,
,,,,,,,,,,,,,,,
,,,,,,,,,,,,,,,
,,,,,,,,,,,,,,,
,,,,,,,,,,,,,,,
,,,,,,,,,,,,,,,
,,,,,,,,,,,,,,,
,,,,,,,,,,,,,,,
,,,,,,,,,,,,,,,
,,,,,,,,,,,,,,,
,,,,,,,,,,,,,,,
,,,,,,,,,,,,,,,
,,,,,,,,,,,,,,,
,,,,,,,,,,,,,,,
,,,,,,,,,,,,,,,
,,,,,,,,,,,,,,,
,,,,,,,,,,,,,,,
,,,,,,,,,,,,,,,
,,,,,,,,,,,,,,,
,,,,,,,,,,,,,,,
,,,,,,,,,,,,,,,
,,,,,,,,,,,,,,,
,,,,,,,,,,,,,,,
,,,,,,,,,,,,,,,
,,,,,,,,,,,,,,,
,,,,,,,,,,,,,,,
,,,,,,,,,,,,,,,
,,,,,,,,,,,,,,,
,,,,,,,,,,,,,,,
,,,,,,,,,,,,,,,
,,,,,,,,,,,,,,,
,,,,,,,,,,,,,,,
,,,,,,,,,,,,,,,
,,,,,,,,,,,,,,,
,,,,,,,,,,,,,,,
,,,,,,,,,,,,,,,
,,,,,,,,,,,,,,,
,,,,,,,,,,,,,,,
,,,,,,,,,,,,,,,
,,,,,,,,,,,,,,,
,,,,,,,,,,,,,,,
,,,,,,,,,,,,,,,
,,,,,,,,,,,,,,,
,,,,,,,,,,,,,,,
,,,,,,,,,,,,,,,
,,,,,,,,,,,,,,,
,,,,,,,,,,,,,,,
,,,,,,,,,,,,,,,
,,,,,,,,,,,,,,,
,,,,,,,,,,,,,,,
,,,,,,,,,,,,,,,
,,,,,,,,,,,,,,,
,,,,,,,,,,,,,,,
,,,,,,,,,,,,,,,
,,,,,,,,,,,,,,,
,,,,,,,,,,,,,,,
,,,,,,,,,,,,,,,
,,,,,,,,,,,,,,,
,,,,,,,,,,,,,,,
,,,,,,,,,,,,,,,
,,,,,,,,,,,,,,,
,,,,,,,,,,,,,,,
,,,,,,,,,,,,,,,
,,,,,,,,,,,,,,,
,,,,,,,,,,,,,,,
,,,,,,,,,,,,,,,
,,,,,,,,,,,,,,,
,,,,,,,,,,,,,,,
,,,,,,,,,,,,,,,
,,,,,,,,,,,,,,,
,,,,,,,,,,,,,,,
,,,,,,,,,,,,,,,
,,,,,,,,,,,,,,,
,,,,,,,,,,,,,,,
,,,,,,,,,,,,,,,
,,,,,,,,,,,,,,,
,,,,,,,,,,,,,,,
,,,,,,,,,,,,,,,
,,,,,,,,,,,,,,,
,,,,,,,,,,,,,,,
,,,,,,,,,,,,,,,
,,,,,,,,,,,,,,,
,,,,,,,,,,,,,,,
,,,,,,,,,,,,,,,
,,,,,,,,,,,,,,,
,,,,,,,,,,,,,,,
,,,,,,,,,,,,,,,
,,,,,,,,,,,,,,,
,,,,,,,,,,,,,,,
,,,,,,,,,,,,,,,
,,,,,,,,,,,,,,,
,,,,,,,,,,,,,,,
,,,,,,,,,,,,,,,
,,,,,,,,,,,,,,,
,,,,,,,,,,,,,,,
,,,,,,,,,,,,,,,
,,,,,,,,,,,,,,,
,,,,,,,,,,,,,,,
,,,,,,,,,,,,,,,
,,,,,,,,,,,,,,,
,,,,,,,,,,,,,,,
,,,,,,,,,,,,,,,
,,,,,,,,,,,,,,,
,,,,,,,,,,,,,,,
,,,,,,,,,,,,,,,
,,,,,,,,,,,,,,,
,,,,,,,,,,,,,,,
,,,,,,,,,,,,,,,
,,,,,,,,,,,,,,,
,,,,,,,,,,,,,,,
,,,,,,,,,,,,,,,
,,,,,,,,,,,,,,,
,,,,,,,,,,,,,,,
,,,,,,,,,,,,,,,
,,,,,,,,,,,,,,,
,,,,,,,,,,,,,,,
,,,,,,,,,,,,,,,
,,,,,,,,,,,,,,,
,,,,,,,,,,,,,,,
,,,,,,,,,,,,,,,
,,,,,,,,,,,,,,,
,,,,,,,,,,,,,,,
,,,,,,,,,,,,,,,
,,,,,,,,,,,,,,,
,,,,,,,,,,,,,,,
,,,,,,,,,,,,,,,
,,,,,,,,,,,,,,,
,,,,,,,,,,,,,,,
,,,,,,,,,,,,,,,
,,,,,,,,,,,,,,,
,,,,,,,,,,,,,,,
,,,,,,,,,,,,,,,
,,,,,,,,,,,,,,,
,,,,,,,,,,,,,,,
,,,,,,,,,,,,,,,
,,,,,,,,,,,,,,,
,,,,,,,,,,,,,,,
,,,,,,,,,,,,,,,
,,,,,,,,,,,,,,,
,,,,,,,,,,,,,,,
,,,,,,,,,,,,,,,
,,,,,,,,,,,,,,,
,,,,,,,,,,,,,,,
,,,,,,,,,,,,,,,
,,,,,,,,,,,,,,,
,,,,,,,,,,,,,,,
,,,,,,,,,,,,,,,
,,,,,,,,,,,,,,,
,,,,,,,,,,,,,,,
,,,,,,,,,,,,,,,
,,,,,,,,,,,,,,,
,,,,,,,,,,,,,,,
,,,,,,,,,,,,,,,
,,,,,,,,,,,,,,,
,,,,,,,,,,,,,,,
,,,,,,,,,,,,,,,
,,,,,,,,,,,,,,,
,,,,,,,,,,,,,,,
,,,,,,,,,,,,,,,
,,,,,,,,,,,,,,,
,,,,,,,,,,,,,,,
,,,,,,,,,,,,,,,
,,,,,,,,,,,,,,,
,,,,,,,,,,,,,,,
,,,,,,,,,,,,,,,
,,,,,,,,,,,,,,,
,,,,,,,,,,,,,,,
,,,,,,,,,,,,,,,
,,,,,,,,,,,,,,,
,,,,,,,,,,,,,,,
,,,,,,,,,,,,,,,
,,,,,,,,,,,,,,,
,,,,,,,,,,,,,,,
,,,,,,,,,,,,,,,
,,,,,,,,,,,,,,,
,,,,,,,,,,,,,,,
,,,,,,,,,,,,,,,
,,,,,,,,,,,,,,,
,,,,,,,,,,,,,,,
,,,,,,,,,,,,,,,
,,,,,,,,,,,,,,,
,,,,,,,,,,,,,,,
,,,,,,,,,,,,,,,
,,,,,,,,,,,,,,,
,,,,,,,,,,,,,,,
,,,,,,,,,,,,,,,
,,,,,,,,,,,,,,,
,,,,,,,,,,,,,,,
,,,,,,,,,,,,,,,
,,,,,,,,,,,,,,,
,,,,,,,,,,,,,,,
,,,,,,,,,,,,,,,
,,,,,,,,,,,,,,,
,,,,,,,,,,,,,,,
,,,,,,,,,,,,,,,
,,,,,,,,,,,,,,,
,,,,,,,,,,,,,,,
,,,,,,,,,,,,,,,
,,,,,,,,,,,,,,,
,,,,,,,,,,,,,,,
,,,,,,,,,,,,,,,
,,,,,,,,,,,,,,,
,,,,,,,,,,,,,,,
,,,,,,,,,,,,,,,
,,,,,,,,,,,,,,,
,,,,,,,,,,,,,,,
,,,,,,,,,,,,,,,
,,,,,,,,,,,,,,,
,,,,,,,,,,,,,,,
,,,,,,,,,,,,,,,
,,,,,,,,,,,,,,,
,,,,,,,,,,,,,,,
,,,,,,,,,,,,,,,
,,,,,,,,,,,,,,,
,,,,,,,,,,,,,,,
,,,,,,,,,,,,,,,
,,,,,,,,,,,,,,,
,,,,,,,,,,,,,,,
,,,,,,,,,,,,,,,
,,,,,,,,,,,,,,,
,,,,,,,,,,,,,,,
,,,,,,,,,,,,,,,
,,,,,,,,,,,,,,,
,,,,,,,,,,,,,,,
,,,,,,,,,,,,,,,
,,,,,,,,,,,,,,,
,,,,,,,,,,,,,,,
,,,,,,,,,,,,,,,
,,,,,,,,,,,,,,,
,,,,,,,,,,,,,,,
,,,,,,,,,,,,,,,
,,,,,,,,,,,,,,,
,,,,,,,,,,,,,,,
,,,,,,,,,,,,,,,
,,,,,,,,,,,,,,,
,,,,,,,,,,,,,,,
,,,,,,,,,,,,,,,
,,,,,,,,,,,,,,,
,,,,,,,,,,,,,,,
,,,,,,,,,,,,,,,
,,,,,,,,,,,,,,,
,,,,,,,,,,,,,,,
,,,,,,,,,,,,,,,
,,,,,,,,,,,,,,,
,,,,,,,,,,,,,,,
,,,,,,,,,,,,,,,
,,,,,,,,,,,,,,,
,,,,,,,,,,,,,,,
,,,,,,,,,,,,,,,
,,,,,,,,,,,,,,,
,,,,,,,,,,,,,,,
,,,,,,,,,,,,,,,
,,,,,,,,,,,,,,,
,,,,,,,,,,,,,,,
,,,,,,,,,,,,,,,
,,,,,,,,,,,,,,,
,,,,,,,,,,,,,,,
,,,,,,,,,,,,,,,
,,,,,,,,,,,,,,,
,,,,,,,,,,,,,,,
,,,,,,,,,,,,,,,
,,,,,,,,,,,,,,,
,,,,,,,,,,,,,,,
,,,,,,,,,,,,,,,
,,,,,,,,,,,,,,,
,,,,,,,,,,,,,,,
,,,,,,,,,,,,,,,
,,,,,,,,,,,,,,,
,,,,,,,,,,,,,,,
,,,,,,,,,,,,,,,
,,,,,,,,,,,,,,,
,,,,,,,,,,,,,,,
,,,,,,,,,,,,,,,
,,,,,,,,,,,,,,,
,,,,,,,,,,,,,,,
,,,,,,,,,,,,,,,
,,,,,,,,,,,,,,,
,,,,,,,,,,,,,,,
,,,,,,,,,,,,,,,
,,,,,,,,,,,,,,,
,,,,,,,,,,,,,,,
,,,,,,,,,,,,,,,
,,,,,,,,,,,,,,,
,,,,,,,,,,,,,,,
,,,,,,,,,,,,,,,
,,,,,,,,,,,,,,,
,,,,,,,,,,,,,,,
,,,,,,,,,,,,,,,
,,,,,,,,,,,,,,,
,,,,,,,,,,,,,,,
,,,,,,,,,,,,,,,
,,,,,,,,,,,,,,,
,,,,,,,,,,,,,,,
,,,,,,,,,,,,,,,
,,,,,,,,,,,,,,,
,,,,,,,,,,,,,,,
,,,,,,,,,,,,,,,
,,,,,,,,,,,,,,,
,,,,,,,,,,,,,,,
,,,,,,,,,,,,,,,
,,,,,,,,,,,,,,,
,,,,,,,,,,,,,,,
,,,,,,,,,,,,,,,
,,,,,,,,,,,,,,,
,,,,,,,,,,,,,,,
,,,,,,,,,,,,,,,
,,,,,,,,,,,,,,,
,,,,,,,,,,,,,,,
,,,,,,,,,,,,,,,
,,,,,,,,,,,,,,,
,,,,,,,,,,,,,,,
,,,,,,,,,,,,,,,
,,,,,,,,,,,,,,,
,,,,,,,,,,,,,,,
,,,,,,,,,,,,,,,
,,,,,,,,,,,,,,,
,,,,,,,,,,,,,,,
,,,,,,,,,,,,,,,
,,,,,,,,,,,,,,,
,,,,,,,,,,,,,,,
,,,,,,,,,,,,,,,
,,,,,,,,,,,,,,,
,,,,,,,,,,,,,,,
,,,,,,,,,,,,,,,
,,,,,,,,,,,,,,,
,,,,,,,,,,,,,,,
,,,,,,,,,,,,,,,
,,,,,,,,,,,,,,,
,,,,,,,,,,,,,,,
,,,,,,,,,,,,,,,
,,,,,,,,,,,,,,,
,,,,,,,,,,,,,,,
,,,,,,,,,,,,,,,
,,,,,,,,,,,,,,,
,,,,,,,,,,,,,,,
,,,,,,,,,,,,,,,
,,,,,,,,,,,,,,,
,,,,,,,,,,,,,,,
,,,,,,,,,,,,,,,
,,,,,,,,,,,,,,,
,,,,,,,,,,,,,,,
,,,,,,,,,,,,,,,
,,,,,,,,,,,,,,,
,,,,,,,,,,,,,,,
,,,,,,,,,,,,,,,
,,,,,,,,,,,,,,,
,,,,,,,,,,,,,,,
,,,,,,,,,,,,,,,
,,,,,,,,,,,,,,,
,,,,,,,,,,,,,,,
,,,,,,,,,,,,,,,
,,,,,,,,,,,,,,,
,,,,,,,,,,,,,,,
,,,,,,,,,,,,,,,
,,,,,,,,,,,,,,,
,,,,,,,,,,,,,,,
,,,,,,,,,,,,,,,
,,,,,,,,,,,,,,,
,,,,,,,,,,,,,,,
,,,,,,,,,,,,,,,
,,,,,,,,,,,,,,,
,,,,,,,,,,,,,,,
,,,,,,,,,,,,,,,
,,,,,,,,,,,,,,,
,,,,,,,,,,,,,,,
,,,,,,,,,,,,,,,
,,,,,,,,,,,,,,,
,,,,,,,,,,,,,,,
,,,,,,,,,,,,,,,
,,,,,,,,,,,,,,,
,,,,,,,,,,,,,,,
,,,,,,,,,,,,,,,
,,,,,,,,,,,,,,,
,,,,,,,,,,,,,,,
,,,,,,,,,,,,,,,
,,,,,,,,,,,,,,,
,,,,,,,,,,,,,,,
,,,,,,,,,,,,,,,
,,,,,,,,,,,,,,,
,,,,,,,,,,,,,,,
,,,,,,,,,,,,,,,
,,,,,,,,,,,,,,,
,,,,,,,,,,,,,,,
,,,,,,,,,,,,,,,
,,,,,,,,,,,,,,,
,,,,,,,,,,,,,,,
,,,,,,,,,,,,,,,
,,,,,,,,,,,,,,,
,,,,,,,,,,,,,,,
,,,,,,,,,,,,,,,
,,,,,,,,,,,,,,,
,,,,,,,,,,,,,,,
,,,,,,,,,,,,,,,
,,,,,,,,,,,,,,,
,,,,,,,,,,,,,,,
,,,,,,,,,,,,,,,
,,,,,,,,,,,,,,,
,,,,,,,,,,,,,,,
,,,,,,,,,,,,,,,
,,,,,,,,,,,,,,,
,,,,,,,,,,,,,,,
,,,,,,,,,,,,,,,
,,,,,,,,,,,,,,,
,,,,,,,,,,,,,,,
,,,,,,,,,,,,,,,
,,,,,,,,,,,,,,,
,,,,,,,,,,,,,,,
,,,,,,,,,,,,,,,
,,,,,,,,,,,,,,,
,,,,,,,,,,,,,,,
,,,,,,,,,,,,,,,
,,,,,,,,,,,,,,,
,,,,,,,,,,,,,,,
,,,,,,,,,,,,,,,
,,,,,,,,,,,,,,,
,,,,,,,,,,,,,,,
,,,,,,,,,,,,,,,
,,,,,,,,,,,,,,,
,,,,,,,,,,,,,,,
,,,,,,,,,,,,,,,
,,,,,,,,,,,,,,,
,,,,,,,,,,,,,,,
,,,,,,,,,,,,,,,
,,,,,,,,,,,,,,,
,,,,,,,,,,,,,,,
,,,,,,,,,,,,,,,
,,,,,,,,,,,,,,,
,,,,,,,,,,,,,,,
,,,,,,,,,,,,,,,
,,,,,,,,,,,,,,,
,,,,,,,,,,,,,,,
,,,,,,,,,,,,,,,
,,,,,,,,,,,,,,,
,,,,,,,,,,,,,,,
,,,,,,,,,,,,,,,
,,,,,,,,,,,,,,,
,,,,,,,,,,,,,,,
,,,,,,,,,,,,,,,
,,,,,,,,,,,,,,,
,,,,,,,,,,,,,,,
,,,,,,,,,,,,,,,
,,,,,,,,,,,,,,,
,,,,,,,,,,,,,,,
,,,,,,,,,,,,,,,
,,,,,,,,,,,,,,,
,,,,,,,,,,,,,,,
,,,,,,,,,,,,,,,
,,,,,,,,,,,,,,,
,,,,,,,,,,,,,,,
,,,,,,,,,,,,,,,
,,,,,,,,,,,,,,,
,,,,,,,,,,,,,,,
,,,,,,,,,,,,,,,
,,,,,,,,,,,,,,,
,,,,,,,,,,,,,,,
,,,,,,,,,,,,,,,
,,,,,,,,,,,,,,,
,,,,,,,,,,,,,,,
,,,,,,,,,,,,,,,
,,,,,,,,,,,,,,,
,,,,,,,,,,,,,,,
,,,,,,,,,,,,,,,
,,,,,,,,,,,,,,,
,,,,,,,,,,,,,,,
,,,,,,,,,,,,,,,
,,,,,,,,,,,,,,,
,,,,,,,,,,,,,,,
,,,,,,,,,,,,,,,
,,,,,,,,,,,,,,,
,,,,,,,,,,,,,,,
,,,,,,,,,,,,,,,
,,,,,,,,,,,,,,,
,,,,,,,,,,,,,,,
,,,,,,,,,,,,,,,
,,,,,,,,,,,,,,,
,,,,,,,,,,,,,,,
,,,,,,,,,,,,,,,
,,,,,,,,,,,,,,,
,,,,,,,,,,,,,,,
,,,,,,,,,,,,,,,
,,,,,,,,,,,,,,,
,,,,,,,,,,,,,,,
,,,,,,,,,,,,,,,
,,,,,,,,,,,,,,,
,,,,,,,,,,,,,,,
,,,,,,,,,,,,,,,
,,,,,,,,,,,,,,,
,,,,,,,,,,,,,,,
,,,,,,,,,,,,,,,
,,,,,,,,,,,,,,,
,,,,,,,,,,,,,,,
,,,,,,,,,,,,,,,
,,,,,,,,,,,,,,,
,,,,,,,,,,,,,,,
,,,,,,,,,,,,,,,
,,,,,,,,,,,,,,,
,,,,,,,,,,,,,,,
,,,,,,,,,,,,,,,
,,,,,,,,,,,,,,,
,,,,,,,,,,,,,,,
,,,,,,,,,,,,,,,
,,,,,,,,,,,,,,,
,,,,,,,,,,,,,,,
,,,,,,,,,,,,,,,
,,,,,,,,,,,,,,,
,,,,,,,,,,,,,,,
,,,,,,,,,,,,,,,
,,,,,,,,,,,,,,,
,,,,,,,,,,,,,,,
,,,,,,,,,,,,,,,
,,,,,,,,,,,,,,,
,,,,,,,,,,,,,,,
,,,,,,,,,,,,,,,
,,,,,,,,,,,,,,,
,,,,,,,,,,,,,,,
,,,,,,,,,,,,,,,
,,,,,,,,,,,,,,,
,,,,,,,,,,,,,,,
,,,,,,,,,,,,,,,
,,,,,,,,,,,,,,,
,,,,,,,,,,,,,,,
,,,,,,,,,,,,,,,
,,,,,,,,,,,,,,,
,,,,,,,,,,,,,,,
,,,,,,,,,,,,,,,
,,,,,,,,,,,,,,,
,,,,,,,,,,,,,,,
,,,,,,,,,,,,,,,
,,,,,,,,,,,,,,,
,,,,,,,,,,,,,,,
,,,,,,,,,,,,,,,
,,,,,,,,,,,,,,,
,,,,,,,,,,,,,,,
,,,,,,,,,,,,,,,
,,,,,,,,,,,,,,,
,,,,,,,,,,,,,,,
,,,,,,,,,,,,,,,
,,,,,,,,,,,,,,,
,,,,,,,,,,,,,,,
,,,,,,,,,,,,,,,
,,,,,,,,,,,,,,,
,,,,,,,,,,,,,,,
,,,,,,,,,,,,,,,
,,,,,,,,,,,,,,,
,,,,,,,,,,,,,,,
,,,,,,,,,,,,,,,
,,,,,,,,,,,,,,,
,,,,,,,,,,,,,,,
,,,,,,,,,,,,,,,
,,,,,,,,,,,,,,,
,,,,,,,,,,,,,,,
,,,,,,,,,,,,,,,
,,,,,,,,,,,,,,,
,,,,,,,,,,,,,,,
,,,,,,,,,,,,,,,
,,,,,,,,,,,,,,,
,,,,,,,,,,,,,,,
,,,,,,,,,,,,,,,
,,,,,,,,,,,,,,,
,,,,,,,,,,,,,,,
,,,,,,,,,,,,,,,
,,,,,,,,,,,,,,,
,,,,,,,,,,,,,,,
,,,,,,,,,,,,,,,
,,,,,,,,,,,,,,,
,,,,,,,,,,,,,,,
,,,,,,,,,,,,,,,
,,,,,,,,,,,,,,,
,,,,,,,,,,,,,,,
,,,,,,,,,,,,,,,
,,,,,,,,,,,,,,,
,,,,,,,,,,,,,,,
,,,,,,,,,,,,,,,
,,,,,,,,,,,,,,,
,,,,,,,,,,,,,,,
,,,,,,,,,,,,,,,
,,,,,,,,,,,,,,,
,,,,,,,,,,,,,,,
,,,,,,,,,,,,,,,
,,,,,,,,,,,,,,,
,,,,,,,,,,,,,,,
,,,,,,,,,,,,,,,
,,,,,,,,,,,,,,,
,,,,,,,,,,,,,,,
,,,,,,,,,,,,,,,
,,,,,,,,,,,,,,,
,,,,,,,,,,,,,,,
,,,,,,,,,,,,,,,
,,,,,,,,,,,,,,,
,,,,,,,,,,,,,,,
,,,,,,,,,,,,,,,
,,,,,,,,,,,,,,,
,,,,,,,,,,,,,,,
,,,,,,,,,,,,,,,
,,,,,,,,,,,,,,,
,,,,,,,,,,,,,,,
,,,,,,,,,,,,,,,
,,,,,,,,,,,,,,,
,,,,,,,,,,,,,,,
,,,,,,,,,,,,,,,
,,,,,,,,,,,,,,,
,,,,,,,,,,,,,,,
,,,,,,,,,,,,,,,
,,,,,,,,,,,,,,,
,,,,,,,,,,,,,,,
,,,,,,,,,,,,,,,
,,,,,,,,,,,,,,,
,,,,,,,,,,,,,,,
,,,,,,,,,,,,,,,
,,,,,,,,,,,,,,,
,,,,,,,,,,,,,,,
,,,,,,,,,,,,,,,
,,,,,,,,,,,,,,,
,,,,,,,,,,,,,,,
,,,,,,,,,,,,,,,
,,,,,,,,,,,,,,,
,,,,,,,,,,,,,,,
,,,,,,,,,,,,,,,
,,,,,,,,,,,,,,,
,,,,,,,,,,,,,,,
,,,,,,,,,,,,,,,
,,,,,,,,,,,,,,,
,,,,,,,,,,,,,,,
,,,,,,,,,,,,,,,
,,,,,,,,,,,,,,,
,,,,,,,,,,,,,,,
,,,,,,,,,,,,,,,
,,,,,,,,,,,,,,,
,,,,,,,,,,,,,,,
,,,,,,,,,,,,,,,
,,,,,,,,,,,,,,,
,,,,,,,,,,,,,,,
,,,,,,,,,,,,,,,
,,,,,,,,,,,,,,,
,,,,,,,,,,,,,,,
,,,,,,,,,,,,,,,
,,,,,,,,,,,,,,,
,,,,,,,,,,,,,,,
,,,,,,,,,,,,,,,
,,,,,,,,,,,,,,,
,,,,,,,,,,,,,,,
,,,,,,,,,,,,,,,
,,,,,,,,,,,,,,,
,,,,,,,,,,,,,,,
,,,,,,,,,,,,,,,
,,,,,,,,,,,,,,,
,,,,,,,,,,,,,,,
,,,,,,,,,,,,,,,
,,,,,,,,,,,,,,,
,,,,,,,,,,,,,,,
,,,,,,,,,,,,,,,
,,,,,,,,,,,,,,,
,,,,,,,,,,,,,,,
,,,,,,,,,,,,,,,
,,,,,,,,,,,,,,,
,,,,,,,,,,,,,,,
,,,,,,,,,,,,,,,
,,,,,,,,,,,,,,,
,,,,,,,,,,,,,,,
,,,,,,,,,,,,,,,
,,,,,,,,,,,,,,,
,,,,,,,,,,,,,,,
,,,,,,,,,,,,,,,
,,,,,,,,,,,,,,,
,,,,,,,,,,,,,,,
,,,,,,,,,,,,,,,
,,,,,,,,,,,,,,,
,,,,,,,,,,,,,,,
,,,,,,,,,,,,,,,
,,,,,,,,,,,,,,,
,,,,,,,,,,,,,,,
,,,,,,,,,,,,,,,
,,,,,,,,,,,,,,,
,,,,,,,,,,,,,,,
,,,,,,,,,,,,,,,
,,,,,,,,,,,,,,,
,,,,,,,,,,,,,,,
,,,,,,,,,,,,,,,
,,,,,,,,,,,,,,,
,,,,,,,,,,,,,,,
,,,,,,,,,,,,,,,
,,,,,,,,,,,,,,,
,,,,,,,,,,,,,,,
,,,,,,,,,,,,,,,
,,,,,,,,,,,,,,,
,,,,,,,,,,,,,,,
,,,,,,,,,,,,,,,
,,,,,,,,,,,,,,,
,,,,,,,,,,,,,,,
,,,,,,,,,,,,,,,
,,,,,,,,,,,,,,,
,,,,,,,,,,,,,,,
,,,,,,,,,,,,,,,
,,,,,,,,,,,,,,,
,,,,,,,,,,,,,,,
,,,,,,,,,,,,,,,
,,,,,,,,,,,,,,,
,,,,,,,,,,,,,,,
,,,,,,,,,,,,,,,
,,,,,,,,,,,,,,,
,,,,,,,,,,,,,,,
,,,,,,,,,,,,,,,
,,,,,,,,,,,,,,,
,,,,,,,,,,,,,,,
,,,,,,,,,,,,,,,
,,,,,,,,,,,,,,,
,,,,,,,,,,,,,,,
,,,,,,,,,,,,,,,
,,,,,,,,,,,,,,,
,,,,,,,,,,,,,,,
,,,,,,,,,,,,,,,
,,,,,,,,,,,,,,,
,,,,,,,,,,,,,,,
,,,,,,,,,,,,,,,
,,,,,,,,,,,,,,,
,,,,,,,,,,,,,,,
,,,,,,,,,,,,,,,
,,,,,,,,,,,,,,,
,,,,,,,,,,,,,,,
,,,,,,,,,,,,,,,
,,,,,,,,,,,,,,,
,,,,,,,,,,,,,,,
,,,,,,,,,,,,,,,
,,,,,,,,,,,,,,,
,,,,,,,,,,,,,,,
,,,,,,,,,,,,,,,
,,,,,,,,,,,,,,,
,,,,,,,,,,,,,,,
,,,,,,,,,,,,,,,
,,,,,,,,,,,,,,,
,,,,,,,,,,,,,,,
,,,,,,,,,,,,,,,
,,,,,,,,,,,,,,,
,,,,,,,,,,,,,,,
,,,,,,,,,,,,,,,
,,,,,,,,,,,,,,,
,,,,,,,,,,,,,,,
,,,,,,,,,,,,,,,
,,,,,,,,,,,,,,,
,,,,,,,,,,,,,,,
,,,,,,,,,,,,,,,
,,,,,,,,,,,,,,,
,,,,,,,,,,,,,,,
,,,,,,,,,,,,,,,
,,,,,,,,,,,,,,,
,,,,,,,,,,,,,,,
,,,,,,,,,,,,,,,
,,,,,,,,,,,,,,,
,,,,,,,,,,,,,,,
,,,,,,,,,,,,,,,
,,,,,,,,,,,,,,,
,,,,,,,,,,,,,,,
,,,,,,,,,,,,,,,
,,,,,,,,,,,,,,,
,,,,,,,,,,,,,,,
,,,,,,,,,,,,,,,
,,,,,,,,,,,,,,,
,,,,,,,,,,,,,,,
,,,,,,,,,,,,,,,
,,,,,,,,,,,,,,,
,,,,,,,,,,,,,,,
,,,,,,,,,,,,,,,
,,,,,,,,,,,,,,,
,,,,,,,,,,,,,,,
,,,,,,,,,,,,,,,
,,,,,,,,,,,,,,,
,,,,,,,,,,,,,,,
,,,,,,,,,,,,,,,
,,,,,,,,,,,,,,,
,,,,,,,,,,,,,,,
,,,,,,,,,,,,,,,
,,,,,,,,,,,,,,,
,,,,,,,,,,,,,,,
,,,,,,,,,,,,,,,
,,,,,,,,,,,,,,,
,,,,,,,,,,,,,,,
,,,,,,,,,,,,,,,
,,,,,,,,,,,,,,,
,,,,,,,,,,,,,,,
,,,,,,,,,,,,,,,
,,,,,,,,,,,,,,,
,,,,,,,,,,,,,,,
,,,,,,,,,,,,,,,
,,,,,,,,,,,,,,,
,,,,,,,,,,,,,,,
,,,,,,,,,,,,,,,
,,,,,,,,,,,,,,,
,,,,,,,,,,,,,,,
,,,,,,,,,,,,,,,
,,,,,,,,,,,,,,,
,,,,,,,,,,,,,,,
,,,,,,,,,,,,,,,
,,,,,,,,,,,,,,,
,,,,,,,,,,,,,,,
,,,,,,,,,,,,,,,
,,,,,,,,,,,,,,,
,,,,,,,,,,,,,,,
,,,,,,,,,,,,,,,
,,,,,,,,,,,,,,,
,,,,,,,,,,,,,,,
,,,,,,,,,,,,,,,
,,,,,,,,,,,,,,,
,,,,,,,,,,,,,,,
,,,,,,,,,,,,,,,
,,,,,,,,,,,,,,,
,,,,,,,,,,,,,,,
,,,,,,,,,,,,,,,
,,,,,,,,,,,,,,,
,,,,,,,,,,,,,,,
,,,,,,,,,,,,,,,
,,,,,,,,,,,,,,,
,,,,,,,,,,,,,,,
,,,,,,,,,,,,,,,
,,,,,,,,,,,,,,,
,,,,,,,,,,,,,,,
,,,,,,,,,,,,,,,
,,,,,,,,,,,,,,,
,,,,,,,,,,,,,,,
,,,,,,,,,,,,,,,
,,,,,,,,,,,,,,,
,,,,,,,,,,,,,,,
,,,,,,,,,,,,,,,
,,,,,,,,,,,,,,,
,,,,,,,,,,,,,,,
,,,,,,,,,,,,,,,
,,,,,,,,,,,,,,,
,,,,,,,,,,,,,,,
,,,,,,,,,,,,,,,
,,,,,,,,,,,,,,,
,,,,,,,,,,,,,,,
,,,,,,,,,,,,,,,
,,,,,,,,,,,,,,,
,,,,,,,,,,,,,,,
,,,,,,,,,,,,,,,
,,,,,,,,,,,,,,,
,,,,,,,,,,,,,,,
,,,,,,,,,,,,,,,
,,,,,,,,,,,,,,,
,,,,,,,,,,,,,,,
,,,,,,,,,,,,,,,
,,,,,,,,,,,,,,,
,,,,,,,,,,,,,,,
,,,,,,,,,,,,,,,
,,,,,,,,,,,,,,,
,,,,,,,,,,,,,,,
,,,,,,,,,,,,,,,
,,,,,,,,,,,,,,,
,,,,,,,,,,,,,,,
,,,,,,,,,,,,,,,
,,,,,,,,,,,,,,,
,,,,,,,,,,,,,,,
,,,,,,,,,,,,,,,
,,,,,,,,,,,,,,,
,,,,,,,,,,,,,,,
,,,,,,,,,,,,,,,
,,,,,,,,,,,,,,,
,,,,,,,,,,,,,,,
,,,,,,,,,,,,,,,
,,,,,,,,,,,,,,,
,,,,,,,,,,,,,,,
,,,,,,,,,,,,,,,
,,,,,,,,,,,,,,,
,,,,,,,,,,,,,,,
,,,,,,,,,,,,,,,
,,,,,,,,,,,,,,,
,,,,,,,,,,,,,,,
,,,,,,,,,,,,,,,
,,,,,,,,,,,,,,,
,,,,,,,,,,,,,,,
,,,,,,,,,,,,,,,
,,,,,,,,,,,,,,,
,,,,,,,,,,,,,,,
,,,,,,,,,,,,,,,
,,,,,,,,,,,,,,,
,,,,,,,,,,,,,,,
,,,,,,,,,,,,,,,
,,,,,,,,,,,,,,,
,,,,,,,,,,,,,,,
,,,,,,,,,,,,,,,
,,,,,,,,,,,,,,,
,,,,,,,,,,,,,,,
,,,,,,,,,,,,,,,
,,,,,,,,,,,,,,,
,,,,,,,,,,,,,,,
,,,,,,,,,,,,,,,
,,,,,,,,,,,,,,,
,,,,,,,,,,,,,,,
,,,,,,,,,,,,,,,
,,,,,,,,,,,,,,,
,,,,,,,,,,,,,,,
,,,,,,,,,,,,,,,
,,,,,,,,,,,,,,,
,,,,,,,,,,,,,,,
,,,,,,,,,,,,,,,
,,,,,,,,,,,,,,,
,,,,,,,,,,,,,,,
,,,,,,,,,,,,,,,
,,,,,,,,,,,,,,,
,,,,,,,,,,,,,,,
,,,,,,,,,,,,,,,
,,,,,,,,,,,,,,,
,,,,,,,,,,,,,,,
,,,,,,,,,,,,,,,
,,,,,,,,,,,,,,,
,,,,,,,,,,,,,,,
,,,,,,,,,,,,,,,
,,,,,,,,,,,,,,,
,,,,,,,,,,,,,,,
,,,,,,,,,,,,,,,
,,,,,,,,,,,,,,,
,,,,,,,,,,,,,,,
,,,,,,,,,,,,,,,
,,,,,,,,,,,,,,,
,,,,,,,,,,,,,,,
,,,,,,,,,,,,,,,
,,,,,,,,,,,,,,,
,,,,,,,,,,,,,,,
,,,,,,,,,,,,,,,
,,,,,,,,,,,,,,,
,,,,,,,,,,,,,,,
,,,,,,,,,,,,,,,
,,,,,,,,,,,,,,,
,,,,,,,,,,,,,,,
,,,,,,,,,,,,,,,
,,,,,,,,,,,,,,,
,,,,,,,,,,,,,,,
,,,,,,,,,,,,,,,
,,,,,,,,,,,,,,,
,,,,,,,,,,,,,,,
,,,,,,,,,,,,,,,
,,,,,,,,,,,,,,,
,,,,,,,,,,,,,,,
,,,,,,,,,,,,,,,
,,,,,,,,,,,,,,,
,,,,,,,,,,,,,,,
,,,,,,,,,,,,,,,
,,,,,,,,,,,,,,,
,,,,,,,,,,,,,,,
,,,,,,,,,,,,,,,
,,,,,,,,,,,,,,,
,,,,,,,,,,,,,,,
,,,,,,,,,,,,,,,
,,,,,,,,,,,,,,,
,,,,,,,,,,,,,,,
,,,,,,,,,,,,,,,
,,,,,,,,,,,,,,,
,,,,,,,,,,,,,,,
,,,,,,,,,,,,,,,
,,,,,,,,,,,,,,,
,,,,,,,,,,,,,,,
,,,,,,,,,,,,,,,
,,,,,,,,,,,,,,,
,,,,,,,,,,,,,,,
,,,,,,,,,,,,,,,
,,,,,,,,,,,,,,,
,,,,,,,,,,,,,,,
,,,,,,,,,,,,,,,
,,,,,,,,,,,,,,,
,,,,,,,,,,,,,,,
,,,,,,,,,,,,,,,
,,,,,,,,,,,,,,,
,,,,,,,,,,,,,,,
,,,,,,,,,,,,,,,
,,,,,,,,,,,,,,,
,,,,,,,,,,,,,,,
,,,,,,,,,,,,,,,
,,,,,,,,,,,,,,,
,,,,,,,,,,,,,,,
,,,,,,,,,,,,,,,
,,,,,,,,,,,,,,,
,,,,,,,,,,,,,,,
,,,,,,,,,,,,,,,
,,,,,,,,,,,,,,,
,,,,,,,,,,,,,,,
,,,,,,,,,,,,,,,
,,,,,,,,,,,,,,,
,,,,,,,,,,,,,,,
,,,,,,,,,,,,,,,
,,,,,,,,,,,,,,,
,,,,,,,,,,,,,,,
,,,,,,,,,,,,,,,
,,,,,,,,,,,,,,,
,,,,,,,,,,,,,,,
,,,,,,,,,,,,,,,
,,,,,,,,,,,,,,,
,,,,,,,,,,,,,,,
,,,,,,,,,,,,,,,
,,,,,,,,,,,,,,,
,,,,,,,,,,,,,,,
,,,,,,,,,,,,,,,
,,,,,,,,,,,,,,,
,,,,,,,,,,,,,,,
,,,,,,,,,,,,,,,
,,,,,,,,,,,,,,,
,,,,,,,,,,,,,,,
,,,,,,,,,,,,,,,
,,,,,,,,,,,,,,,
,,,,,,,,,,,,,,,
,,,,,,,,,,,,,,,
,,,,,,,,,,,,,,,
,,,,,,,,,,,,,,,
,,,,,,,,,,,,,,,
,,,,,,,,,,,,,,,
,,,,,,,,,,,,,,,
,,,,,,,,,,,,,,,
,,,,,,,,,,,,,,,
,,,,,,,,,,,,,,,
,,,,,,,,,,,,,,,
,,,,,,,,,,,,,,,
,,,,,,,,,,,,,,,
,,,,,,,,,,,,,,,
,,,,,,,,,,,,,,,
,,,,,,,,,,,,,,,
,,,,,,,,,,,,,,,
,,,,,,,,,,,,,,,
,,,,,,,,,,,,,,,
,,,,,,,,,,,,,,,
,,,,,,,,,,,,,,,
,,,,,,,,,,,,,,,
,,,,,,,,,,,,,,,
,,,,,,,,,,,,,,,
,,,,,,,,,,,,,,,
,,,,,,,,,,,,,,,
,,,,,,,,,,,,,,,
,,,,,,,,,,,,,,,
,,,,,,,,,,,,,,,
,,,,,,,,,,,,,,,
,,,,,,,,,,,,,,,
,,,,,,,,,,,,,,,
,,,,,,,,,,,,,,,
,,,,,,,,,,,,,,,
,,,,,,,,,,,,,,,
,,,,,,,,,,,,,,,
,,,,,,,,,,,,,,,
,,,,,,,,,,,,,,,
,,,,,,,,,,,,,,,
,,,,,,,,,,,,,,,
,,,,,,,,,,,,,,,
,,,,,,,,,,,,,,,
,,,,,,,,,,,,,,,
,,,,,,,,,,,,,,,
,,,,,,,,,,,,,,,
,,,,,,,,,,,,,,,
,,,,,,,,,,,,,,,
,,,,,,,,,,,,,,,
,,,,,,,,,,,,,,,
,,,,,,,,,,,,,,,
,,,,,,,,,,,,,,,
,,,,,,,,,,,,,,,
,,,,,,,,,,,,,,,
,,,,,,,,,,,,,,,
,,,,,,,,,,,,,,,
,,,,,,,,,,,,,,,
,,,,,,,,,,,,,,,
,,,,,,,,,,,,,,,
,,,,,,,,,,,,,,,
,,,,,,,,,,,,,,,
,,,,,,,,,,,,,,,
,,,,,,,,,,,,,,,
,,,,,,,,,,,,,,,
,,,,,,,,,,,,,,,
,,,,,,,,,,,,,,,
,,,,,,,,,,,,,,,
,,,,,,,,,,,,,,,
,,,,,,,,,,,,,,,
,,,,,,,,,,,,,,,
,,,,,,,,,,,,,,,
,,,,,,,,,,,,,,,
,,,,,,,,,,,,,,,
,,,,,,,,,,,,,,,
,,,,,,,,,,,,,,,
,,,,,,,,,,,,,,,
,,,,,,,,,,,,,,,
,,,,,,,,,,,,,,,
,,,,,,,,,,,,,,,
,,,,,,,,,,,,,,,
,,,,,,,,,,,,,,,
,,,,,,,,,,,,,,,
,,,,,,,,,,,,,,,
,,,,,,,,,,,,,,,
,,,,,,,,,,,,,,,
,,,,,,,,,,,,,,,
,,,,,,,,,,,,,,,
,,,,,,,,,,,,,,,
,,,,,,,,,,,,,,,
,,,,,,,,,,,,,,,
,,,,,,,,,,,,,,,
,,,,,,,,,,,,,,,
,,,,,,,,,,,,,,,
,,,,,,,,,,,,,,,
,,,,,,,,,,,,,,,
,,,,,,,,,,,,,,,
,,,,,,,,,,,,,,,
,,,,,,,,,,,,,,,
,,,,,,,,,,,,,,,
,,,,,,,,,,,,,,,
,,,,,,,,,,,,,,,
,,,,,,,,,,,,,,,
,,,,,,,,,,,,,,,
,,,,,,,,,,,,,,,
,,,,,,,,,,,,,,,
,,,,,,,,,,,,,,,
,,,,,,,,,,,,,,,
,,,,,,,,,,,,,,,
,,,,,,,,,,,,,,,
,,,,,,,,,,,,,,,
,,,,,,,,,,,,,,,
,,,,,,,,,,,,,,,
,,,,,,,,,,,,,,,
,,,,,,,,,,,,,,,
,,,,,,,,,,,,,,,
,,,,,,,,,,,,,,,
,,,,,,,,,,,,,,,
,,,,,,,,,,,,,,,
,,,,,,,,,,,,,,,
,,,,,,,,,,,,,,,
,,,,,,,,,,,,,,,
,,,,,,,,,,,,,,,
,,,,,,,,,,,,,,,
,,,,,,,,,,,,,,,
,,,,,,,,,,,,,,,
,,,,,,,,,,,,,,,
,,,,,,,,,,,,,,,
,,,,,,,,,,,,,,,
,,,,,,,,,,,,,,,
,,,,,,,,,,,,,,,
,,,,,,,,,,,,,,,
,,,,,,,,,,,,,,,
,,,,,,,,,,,,,,,
,,,,,,,,,,,,,,,
,,,,,,,,,,,,,,,
,,,,,,,,,,,,,,,
,,,,,,,,,,,,,,,
,,,,,,,,,,,,,,,
,,,,,,,,,,,,,,,
,,,,,,,,,,,,,,,
,,,,,,,,,,,,,,,
,,,,,,,,,,,,,,,
,,,,,,,,,,,,,,,
,,,,,,,,,,,,,,,
,,,,,,,,,,,,,,,
,,,,,,,,,,,,,,,
,,,,,,,,,,,,,,,
,,,,,,,,,,,,,,,
,,,,,,,,,,,,,,,
,,,,,,,,,,,,,,,
,,,,,,,,,,,,,,,
,,,,,,,,,,,,,,,
,,,,,,,,,,,,,,,
,,,,,,,,,,,,,,,
,,,,,,,,,,,,,,,
,,,,,,,,,,,,,,,
,,,,,,,,,,,,,,,
,,,,,,,,,,,,,,,
,,,,,,,,,,,,,,,
,,,,,,,,,,,,,,,
,,,,,,,,,,,,,,,
,,,,,,,,,,,,,,,
,,,,,,,,,,,,,,,
,,,,,,,,,,,,,,,
,,,,,,,,,,,,,,,
,,,,,,,,,,,,,,,
,,,,,,,,,,,,,,,
,,,,,,,,,,,,,,,
,,,,,,,,,,,,,,,
,,,,,,,,,,,,,,,
,,,,,,,,,,,,,,,
,,,,,,,,,,,,,,,
,,,,,,,,,,,,,,,
,,,,,,,,,,,,,,,
,,,,,,,,,,,,,,,
,,,,,,,,,,,,,,,
,,,,,,,,,,,,,,,
,,,,,,,,,,,,,,,
,,,,,,,,,,,,,,,
,,,,,,,,,,,,,,,
,,,,,,,,,,,,,,,
,,,,,,,,,,,,,,,
,,,,,,,,,,,,,,,
,,,,,,,,,,,,,,,
,,,,,,,,,,,,,,,
,,,,,,,,,,,,,,,
,,,,,,,,,,,,,,,
,,,,,,,,,,,,,,,
,,,,,,,,,,,,,,,
,,,,,,,,,,,,,,,
,,,,,,,,,,,,,,,
,,,,,,,,,,,,,,,
,,,,,,,,,,,,,,,
,,,,,,,,,,,,,,,
,,,,,,,,,,,,,,,
,,,,,,,,,,,,,,,
,,,,,,,,,,,,,,,
,,,,,,,,,,,,,,,
,,,,,,,,,,,,,,,
,,,,,,,,,,,,,,,
,,,,,,,,,,,,,,,
,,,,,,,,,,,,,,,
,,,,,,,,,,,,,,,
,,,,,,,,,,,,,,,
,,,,,,,,,,,,,,,
,,,,,,,,,,,,,,,
,,,,,,,,,,,,,,,
,,,,,,,,,,,,,,,
,,,,,,,,,,,,,,,
,,,,,,,,,,,,,,,
,,,,,,,,,,,,,,,
,,,,,,,,,,,,,,,
,,,,,,,,,,,,,,,
,,,,,,,,,,,,,,,
,,,,,,,,,,,,,,,
,,,,,,,,,,,,,,,
,,,,,,,,,,,,,,,
,,,,,,,,,,,,,,,
,,,,,,,,,,,,,,,
,,,,,,,,,,,,,,,
,,,,,,,,,,,,,,,
,,,,,,,,,,,,,,,
,,,,,,,,,,,,,,,
,,,,,,,,,,,,,,,
,,,,,,,,,,,,,,,
,,,,,,,,,,,,,,,
,,,,,,,,,,,,,,,
,,,,,,,,,,,,,,,
,,,,,,,,,,,,,,,
,,,,,,,,,,,,,,,
,,,,,,,,,,,,,,,
,,,,,,,,,,,,,,,
,,,,,,,,,,,,,,,
,,,,,,,,,,,,,,,
,,,,,,,,,,,,,,,
,,,,,,,,,,,,,,,
,,,,,,,,,,,,,,,
,,,,,,,,,,,,,,,
,,,,,,,,,,,,,,,
,,,,,,,,,,,,,,,
,,,,,,,,,,,,,,,
,,,,,,,,,,,,,,,
,,,,,,,,,,,,,,,
,,,,,,,,,,,,,,,
,,,,,,,,,,,,,,,
,,,,,,,,,,,,,,,
,,,,,,,,,,,,,,,
,,,,,,,,,,,,,,,
,,,,,,,,,,,,,,,
,,,,,,,,,,,,,,,
,,,,,,,,,,,,,,,
,,,,,,,,,,,,,,,
,,,,,,,,,,,,,,,
,,,,,,,,,,,,,,,
,,,,,,,,,,,,,,,
,,,,,,,,,,,,,,,
,,,,,,,,,,,,,,,
,,,,,,,,,,,,,,,
,,,,,,,,,,,,,,,
,,,,,,,,,,,,,,,
,,,,,,,,,,,,,,,
,,,,,,,,,,,,,,,
,,,,,,,,,,,,,,,
,,,,,,,,,,,,,,,
,,,,,,,,,,,,,,,
,,,,,,,,,,,,,,,
,,,,,,,,,,,,,,,
,,,,,,,,,,,,,,,
,,,,,,,,,,,,,,,
,,,,,,,,,,,,,,,
,,,,,,,,,,,,,,,
,,,,,,,,,,,,,,,
,,,,,,,,,,,,,,,
,,,,,,,,,,,,,,,
,,,,,,,,,,,,,,,
,,,,,,,,,,,,,,,
,,,,,,,,,,,,,,,
,,,,,,,,,,,,,,,
,,,,,,,,,,,,,,,
,,,,,,,,,,,,,,,
,,,,,,,,,,,,,,,
,,,,,,,,,,,,,,,
,,,,,,,,,,,,,,,
,,,,,,,,,,,,,,,
,,,,,,,,,,,,,,,
,,,,,,,,,,,,,,,
,,,,,,,,,,,,,,,
,,,,,,,,,,,,,,,
,,,,,,,,,,,,,,,
,,,,,,,,,,,,,,,
,,,,,,,,,,,,,,,
,,,,,,,,,,,,,,,
,,,,,,,,,,,,,,,
,,,,,,,,,,,,,,,
,,,,,,,,,,,,,,,
,,,,,,,,,,,,,,,
,,,,,,,,,,,,,,,
,,,,,,,,,,,,,,,
,,,,,,,,,,,,,,,
,,,,,,,,,,,,,,,
,,,,,,,,,,,,,,,
,,,,,,,,,,,,,,,
,,,,,,,,,,,,,,,
,,,,,,,,,,,,,,,
,,,,,,,,,,,,,,,
,,,,,,,,,,,,,,,
,,,,,,,,,,,,,,,
,,,,,,,,,,,,,,,
,,,,,,,,,,,,,,,
,,,,,,,,,,,,,,,
,,,,,,,,,,,,,,,
,,,,,,,,,,,,,,,
,,,,,,,,,,,,,,,
,,,,,,,,,,,,,,,
,,,,,,,,,,,,,,,
,,,,,,,,,,,,,,,
,,,,,,,,,,,,,,,
,,,,,,,,,,,,,,,
,,,,,,,,,,,,,,,
,,,,,,,,,,,,,,,
,,,,,,,,,,,,,,,
,,,,,,,,,,,,,,,
,,,,,,,,,,,,,,,
,,,,,,,,,,,,,,,
,,,,,,,,,,,,,,,
,,,,,,,,,,,,,,,
,,,,,,,,,,,,,,,
,,,,,,,,,,,,,,,
,,,,,,,,,,,,,,,
,,,,,,,,,,,,,,,
,,,,,,,,,,,,,,,
,,,,,,,,,,,,,,,
,,,,,,,,,,,,,,,
,,,,,,,,,,,,,,,
,,,,,,,,,,,,,,,
,,,,,,,,,,,,,,,
,,,,,,,,,,,,,,,
,,,,,,,,,,,,,,,
,,,,,,,,,,,,,,,
,,,,,,,,,,,,,,,
,,,,,,,,,,,,,,,
,,,,,,,,,,,,,,,
,,,,,,,,,,,,,,,
,,,,,,,,,,,,,,,
,,,,,,,,,,,,,,,
,,,,,,,,,,,,,,,
,,,,,,,,,,,,,,,
,,,,,,,,,,,,,,,
,,,,,,,,,,,,,,,
,,,,,,,,,,,,,,,
,,,,,,,,,,,,,,,
,,,,,,,,,,,,,,,
,,,,,,,,,,,,,,,
,,,,,,,,,,,,,,,
,,,,,,,,,,,,,,,
,,,,,,,,,,,,,,,
,,,,,,,,,,,,,,,
,,,,,,,,,,,,,,,
,,,,,,,,,,,,,,,
,,,,,,,,,,,,,,,
,,,,,,,,,,,,,,,
,,,,,,,,,,,,,,,
,,,,,,,,,,,,,,,
,,,,,,,,,,,,,,,
,,,,,,,,,,,,,,,
,,,,,,,,,,,,,,,
,,,,,,,,,,,,,,,
,,,,,,,,,,,,,,,
,,,,,,,,,,,,,,,
,,,,,,,,,,,,,,,
,,,,,,,,,,,,,,,
,,,,,,,,,,,,,,,
,,,,,,,,,,,,,,,
,,,,,,,,,,,,,,,
,,,,,,,,,,,,,,,
,,,,,,,,,,,,,,,
,,,,,,,,,,,,,,,
,,,,,,,,,,,,,,,
,,,,,,,,,,,,,,,
,,,,,,,,,,,,,,,
,,,,,,,,,,,,,,,
,,,,,,,,,,,,,,,
,,,,,,,,,,,,,,,
,,,,,,,,,,,,,,,
,,,,,,,,,,,,,,,
,,,,,,,,,,,,,,,
,,,,,,,,,,,,,,,
,,,,,,,,,,,,,,,
,,,,,,,,,,,,,,,
,,,,,,,,,,,,,,,
,,,,,,,,,,,,,,,
,,,,,,,,,,,,,,,
,,,,,,,,,,,,,,,
,,,,,,,,,,,,,,,
,,,,,,,,,,,,,,,
,,,,,,,,,,,,,,,
,,,,,,,,,,,,,,,
,,,,,,,,,,,,,,,
,,,,,,,,,,,,,,,
,,,,,,,,,,,,,,,
,,,,,,,,,,,,,,,
,,,,,,,,,,,,,,,
,,,,,,,,,,,,,,,
,,,,,,,,,,,,,,,
,,,,,,,,,,,,,,,
,,,,,,,,,,,,,,,
,,,,,,,,,,,,,,,
,,,,,,,,,,,,,,,
,,,,,,,,,,,,,,,
,,,,,,,,,,,,,,,
,,,,,,,,,,,,,,,
,,,,,,,,,,,,,,,
,,,,,,,,,,,,,,,
,,,,,,,,,,,,,,,
,,,,,,,,,,,,,,,
,,,,,,,,,,,,,,,
,,,,,,,,,,,,,,,
,,,,,,,,,,,,,,,
,,,,,,,,,,,,,,,
,,,,,,,,,,,,,,,
,,,,,,,,,,,,,,,
,,,,,,,,,,,,,,,
,,,,,,,,,,,,,,,
,,,,,,,,,,,,,,,
,,,,,,,,,,,,,,,
,,,,,,,,,,,,,,,
,,,,,,,,,,,,,,,
,,,,,,,,,,,,,,,
,,,,,,,,,,,,,,,
,,,,,,,,,,,,,,,
,,,,,,,,,,,,,,,
,,,,,,,,,,,,,,,
,,,,,,,,,,,,,,,
,,,,,,,,,,,,,,,
,,,,,,,,,,,,,,,
,,,,,,,,,,,,,,,
,,,,,,,,,,,,,,,
,,,,,,,,,,,,,,,
,,,,,,,,,,,,,,,
,,,,,,,,,,,,,,,
,,,,,,,,,,,,,,,
,,,,,,,,,,,,,,,
,,,,,,,,,,,,,,,
,,,,,,,,,,,,,,,
,,,,,,,,,,,,,,,
,,,,,,,,,,,,,,,
,,,,,,,,,,,,,,,
,,,,,,,,,,,,,,,
,,,,,,,,,,,,,,,
,,,,,,,,,,,,,,,
,,,,,,,,,,,,,,,
,,,,,,,,,,,,,,,
,,,,,,,,,,,,,,,
,,,,,,,,,,,,,,,
,,,,,,,,,,,,,,,
,,,,,,,,,,,,,,,
,,,,,,,,,,,,,,,
,,,,,,,,,,,,,,,
,,,,,,,,,,,,,,,
,,,,,,,,,,,,,,,
,,,,,,,,,,,,,,,
,,,,,,,,,,,,,,,
,,,,,,,,,,,,,,,
,,,,,,,,,,,,,,,
,,,,,,,,,,,,,,,
,,,,,,,,,,,,,,,
,,,,,,,,,,,,,,,
,,,,,,,,,,,,,,,
,,,,,,,,,,,,,,,
,,,,,,,,,,,,,,,
,,,,,,,,,,,,,,,
,,,,,,,,,,,,,,,
,,,,,,,,,,,,,,,
,,,,,,,,,,,,,,,
,,,,,,,,,,,,,,,
,,,,,,,,,,,,,,,
,,,,,,,,,,,,,,,
,,,,,,,,,,,,,,,
,,,,,,,,,,,,,,,
,,,,,,,,,,,,,,,
,,,,,,,,,,,,,,,
,,,,,,,,,,,,,,,
,,,,,,,,,,,,,,,
,,,,,,,,,,,,,,,
,,,,,,,,,,,,,,,
,,,,,,,,,,,,,,,
,,,,,,,,,,,,,,,
,,,,,,,,,,,,,,,
,,,,,,,,,,,,,,,
,,,,,,,,,,,,,,,
,,,,,,,,,,,,,,,
,,,,,,,,,,,,,,,
,,,,,,,,,,,,,,,
,,,,,,,,,,,,,,,
,,,,,,,,,,,,,,,
,,,,,,,,,,,,,,,
,,,,,,,,,,,,,,,
,,,,,,,,,,,,,,,
,,,,,,,,,,,,,,,
,,,,,,,,,,,,,,,
,,,,,,,,,,,,,,,
,,,,,,,,,,,,,,,
,,,,,,,,,,,,,,,
,,,,,,,,,,,,,,,
,,,,,,,,,,,,,,,
,,,,,,,,,,,,,,,
,,,,,,,,,,,,,,,
,,,,,,,,,,,,,,,
,,,,,,,,,,,,,,,
,,,,,,,,,,,,,,,
,,,,,,,,,,,,,,,
,,,,,,,,,,,,,,,
,,,,,,,,,,,,,,,
,,,,,,,,,,,,,,,
,,,,,,,,,,,,,,,
,,,,,,,,,,,,,,,
,,,,,,,,,,,,,,,
,,,,,,,,,,,,,,,
,,,,,,,,,,,,,,,
,,,,,,,,,,,,,,,
,,,,,,,,,,,,,,,
,,,,,,,,,,,,,,,
,,,,,,,,,,,,,,,
,,,,,,,,,,,,,,,
,,,,,,,,,,,,,,,
,,,,,,,,,,,,,,,
,,,,,,,,,,,,,,,
,,,,,,,,,,,,,,,
,,,,,,,,,,,,,,,
,,,,,,,,,,,,,,,
,,,,,,,,,,,,,,,
,,,,,,,,,,,,,,,
,,,,,,,,,,,,,,,
,,,,,,,,,,,,,,,
,,,,,,,,,,,,,,,
,,,,,,,,,,,,,,,
,,,,,,,,,,,,,,,
,,,,,,,,,,,,,,,
,,,,,,,,,,,,,,,
,,,,,,,,,,,,,,,
,,,,,,,,,,,,,,,
,,,,,,,,,,,,,,,
,,,,,,,,,,,,,,,
,,,,,,,,,,,,,,,
,,,,,,,,,,,,,,,
,,,,,,,,,,,,,,,
,,,,,,,,,,,,,,,
,,,,,,,,,,,,,,,
,,,,,,,,,,,,,,,
,,,,,,,,,,,,,,,
,,,,,,,,,,,,,,,
,,,,,,,,,,,,,,,
,,,,,,,,,,,,,,,
,,,,,,,,,,,,,,,
,,,,,,,,,,,,,,,
,,,,,,,,,,,,,,,
,,,,,,,,,,,,,,,
,,,,,,,,,,,,,,,
,,,,,,,,,,,,,,,
,,,,,,,,,,,,,,,
,,,,,,,,,,,,,,,
,,,,,,,,,,,,,,,
,,,,,,,,,,,,,,,
,,,,,,,,,,,,,,,
,,,,,,,,,,,,,,,
,,,,,,,,,,,,,,,
,,,,,,,,,,,,,,,
,,,,,,,,,,,,,,,
,,,,,,,,,,,,,,,
,,,,,,,,,,,,,,,
,,,,,,,,,,,,,,,
,,,,,,,,,,,,,,,
,,,,,,,,,,,,,,,
,,,,,,,,,,,,,,,
,,,,,,,,,,,,,,,
,,,,,,,,,,,,,,,
,,,,,,,,,,,,,,,
,,,,,,,,,,,,,,,
,,,,,,,,,,,,,,,
,,,,,,,,,,,,,,,
,,,,,,,,,,,,,,,
,,,,,,,,,,,,,,,
,,,,,,,,,,,,,,,
,,,,,,,,,,,,,,,
,,,,,,,,,,,,,,,
,,,,,,,,,,,,,,,
,,,,,,,,,,,,,,,
,,,,,,,,,,,,,,,
,,,,,,,,,,,,,,,
,,,,,,,,,,,,,,,
,,,,,,,,,,,,,,,
,,,,,,,,,,,,,,,
,,,,,,,,,,,,,,,
,,,,,,,,,,,,,,,
,,,,,,,,,,,,,,,
,,,,,,,,,,,,,,,
,,,,,,,,,,,,,,,
,,,,,,,,,,,,,,,
,,,,,,,,,,,,,,,
,,,,,,,,,,,,,,,
,,,,,,,,,,,,,,,
,,,,,,,,,,,,,,,
,,,,,,,,,,,,,,,
,,,,,,,,,,,,,,,
,,,,,,,,,,,,,,,
,,,,,,,,,,,,,,,
,,,,,,,,,,,,,,,
,,,,,,,,,,,,,,,
,,,,,,,,,,,,,,,
,,,,,,,,,,,,,,,
,,,,,,,,,,,,,,,
,,,,,,,,,,,,,,,
,,,,,,,,,,,,,,,
,,,,,,,,,,,,,,,
,,,,,,,,,,,,,,,
,,,,,,,,,,,,,,,
,,,,,,,,,,,,,,,
,,,,,,,,,,,,,,,
,,,,,,,,,,,,,,,
,,,,,,,,,,,,,,,
,,,,,,,,,,,,,,,
,,,,,,,,,,,,,,,
,,,,,,,,,,,,,,,
,,,,,,,,,,,,,,,
,,,,,,,,,,,,,,,
,,,,,,,,,,,,,,,
,,,,,,,,,,,,,,,
,,,,,,,,,,,,,,,
,,,,,,,,,,,,,,,
,,,,,,,,,,,,,,,
,,,,,,,,,,,,,,,
,,,,,,,,,,,,,,,
,,,,,,,,,,,,,,,
,,,,,,,,,,,,,,,
,,,,,,,,,,,,,,,
,,,,,,,,,,,,,,,
,,,,,,,,,,,,,,,
,,,,,,,,,,,,,,,
,,,,,,,,,,,,,,,
,,,,,,,,,,,,,,,
,,,,,,,,,,,,,,,
,,,,,,,,,,,,,,,
,,,,,,,,,,,,,,,
,,,,,,,,,,,,,,,
,,,,,,,,,,,,,,,
,,,,,,,,,,,,,,,
,,,,,,,,,,,,,,,
,,,,,,,,,,,,,,,
,,,,,,,,,,,,,,,
,,,,,,,,,,,,,,,
,,,,,,,,,,,,,,,
,,,,,,,,,,,,,,,
,,,,,,,,,,,,,,,
,,,,,,,,,,,,,,,
,,,,,,,,,,,,,,,
,,,,,,,,,,,,,,,
,,,,,,,,,,,,,,,
,,,,,,,,,,,,,,,
,,,,,,,,,,,,,,,
,,,,,,,,,,,,,,,
,,,,,,,,,,,,,,,
,,,,,,,,,,,,,,,
,,,,,,,,,,,,,,,
,,,,,,,,,,,,,,,
,,,,,,,,,,,,,,,
,,,,,,,,,,,,,,,
,,,,,,,,,,,,,,,
,,,,,,,,,,,,,,,
,,,,,,,,,,,,,,,
,,,,,,,,,,,,,,,
,,,,,,,,,,,,,,,
,,,,,,,,,,,,,,,
,,,,,,,,,,,,,,,
,,,,,,,,,,,,,,,
,,,,,,,,,,,,,,,
,,,,,,,,,,,,,,,
,,,,,,,,,,,,,,,
,,,,,,,,,,,,,,,
,,,,,,,,,,,,,,,
,,,,,,,,,,,,,,,
,,,,,,,,,,,,,,,
,,,,,,,,,,,,,,,
,,,,,,,,,,,,,,,
,,,,,,,,,,,,,,,
,,,,,,,,,,,,,,,
,,,,,,,,,,,,,,,
,,,,,,,,,,,,,,,
,,,,,,,,,,,,,,,
,,,,,,,,,,,,,,,
,,,,,,,,,,,,,,,
,,,,,,,,,,,,,,,
,,,,,,,,,,,,,,,
,,,,,,,,,,,,,,,
,,,,,,,,,,,,,,,
,,,,,,,,,,,,,,,
,,,,,,,,,,,,,,,
,,,,,,,,,,,,,,,
,,,,,,,,,,,,,,,
,,,,,,,,,,,,,,,
,,,,,,,,,,,,,,,
,,,,,,,,,,,,,,,
,,,,,,,,,,,,,,,
,,,,,,,,,,,,,,,
,,,,,,,,,,,,,,,
,,,,,,,,,,,,,,,
,,,,,,,,,,,,,,,
,,,,,,,,,,,,,,,
,,,,,,,,,,,,,,,
,,,,,,,,,,,,,,,
,,,,,,,,,,,,,,,
,,,,,,,,,,,,,,,
,,,,,,,,,,,,,,,
,,,,,,,,,,,,,,,
,,,,,,,,,,,,,,,
,,,,,,,,,,,,,,,
,,,,,,,,,,,,,,,
,,,,,,,,,,,,,,,
,,,,,,,,,,,,,,,
,,,,,,,,,,,,,,,
,,,,,,,,,,,,,,,
,,,,,,,,,,,,,,,
,,,,,,,,,,,,,,,
,,,,,,,,,,,,,,,
,,,,,,,,,,,,,,,
,,,,,,,,,,,,,,,
,,,,,,,,,,,,,,,
,,,,,,,,,,,,,,,
,,,,,,,,,,,,,,,
,,,,,,,,,,,,,,,
,,,,,,,,,,,,,,,
,,,,,,,,,,,,,,,
,,,,,,,,,,,,,,,
,,,,,,,,,,,,,,,
,,,,,,,,,,,,,,,
,,,,,,,,,,,,,,,
,,,,,,,,,,,,,,,
,,,,,,,,,,,,,,,
,,,,,,,,,,,,,,,
,,,,,,,,,,,,,,,
,,,,,,,,,,,,,,,
,,,,,,,,,,,,,,,
,,,,,,,,,,,,,,,
,,,,,,,,,,,,,,,
,,,,,,,,,,,,,,,
,,,,,,,,,,,,,,,
,,,,,,,,,,,,,,,
,,,,,,,,,,,,,,,
,,,,,,,,,,,,,,,
,,,,,,,,,,,,,,,
,,,,,,,,,,,,,,,
,,,,,,,,,,,,,,,
,,,,,,,,,,,,,,,
,,,,,,,,,,,,,,,
,,,,,,,,,,,,,,,
,,,,,,,,,,,,,,,
,,,,,,,,,,,,,,,
,,,,,,,,,,,,,,,
,,,,,,,,,,,,,,,
,,,,,,,,,,,,,,,
,,,,,,,,,,,,,,,
,,,,,,,,,,,,,,,
,,,,,,,,,,,,,,,
,,,,,,,,,,,,,,,
,,,,,,,,,,,,,,,
,,,,,,,,,,,,,,,
,,,,,,,,,,,,,,,
,,,,,,,,,,,,,,,
,,,,,,,,,,,,,,,
,,,,,,,,,,,,,,,
,,,,,,,,,,,,,,,
,,,,,,,,,,,,,,,
,,,,,,,,,,,,,,,
,,,,,,,,,,,,,,,
,,,,,,,,,,,,,,,
,,,,,,,,,,,,,,,
,,,,,,,,,,,,,,,
,,,,,,,,,,,,,,,
,,,,,,,,,,,,,,,
,,,,,,,,,,,,,,,
,,,,,,,,,,,,,,,
,,,,,,,,,,,,,,,
,,,,,,,,,,,,,,,
,,,,,,,,,,,,,,,
,,,,,,,,,,,,,,,
,,,,,,,,,,,,,,,
,,,,,,,,,,,,,,,
,,,,,,,,,,,,,,,
,,,,,,,,,,,,,,,
,,,,,,,,,,,,,,,
,,,,,,,,,,,,,,,
,,,,,,,,,,,,,,,
,,,,,,,,,,,,,,,
,,,,,,,,,,,,,,,
,,,,,,,,,,,,,,,
,,,,,,,,,,,,,,,
,,,,,,,,,,,,,,,
,,,,,,,,,,,,,,,
,,,,,,,,,,,,,,,
,,,,,,,,,,,,,,,
,,,,,,,,,,,,,,,
,,,,,,,,,,,,,,,
,,,,,,,,,,,,,,,
,,,,,,,,,,,,,,,
,,,,,,,,,,,,,,,
,,,,,,,,,,,,,,,
,,,,,,,,,,,,,,,
,,,,,,,,,,,,,,,
,,,,,,,,,,,,,,,
,,,,,,,,,,,,,,,
,,,,,,,,,,,,,,,
,,,,,,,,,,,,,,,
,,,,,,,,,,,,,,,
,,,,,,,,,,,,,,,
,,,,,,,,,,,,,,,
,,,,,,,,,,,,,,,
,,,,,,,,,,,,,,,
,,,,,,,,,,,,,,,
,,,,,,,,,,,,,,,
,,,,,,,,,,,,,,,
,,,,,,,,,,,,,,,
,,,,,,,,,,,,,,,
,,,,,,,,,,,,,,,
,,,,,,,,,,,,,,,
,,,,,,,,,,,,,,,
,,,,,,,,,,,,,,,
,,,,,,,,,,,,,,,
,,,,,,,,,,,,,,,
,,,,,,,,,,,,,,,
,,,,,,,,,,,,,,,
,,,,,,,,,,,,,,,
,,,,,,,,,,,,,,,
,,,,,,,,,,,,,,,
,,,,,,,,,,,,,,,
,,,,,,,,,,,,,,,
,,,,,,,,,,,,,,,
,,,,,,,,,,,,,,,
,,,,,,,,,,,,,,,
,,,,,,,,,,,,,,,
,,,,,,,,,,,,,,,
,,,,,,,,,,,,,,,
,,,,,,,,,,,,,,,
,,,,,,,,,,,,,,,
,,,,,,,,,,,,,,,
,,,,,,,,,,,,,,,
,,,,,,,,,,,,,,,
,,,,,,,,,,,,,,,
,,,,,,,,,,,,,,,
,,,,,,,,,,,,,,,
,,,,,,,,,,,,,,,
,,,,,,,,,,,,,,,
,,,,,,,,,,,,,,,
,,,,,,,,,,,,,,,
,,,,,,,,,,,,,,,
,,,,,,,,,,,,,,,
,,,,,,,,,,,,,,,
,,,,,,,,,,,,,,,
,,,,,,,,,,,,,,,
,,,,,,,,,,,,,,,
,,,,,,,,,,,,,,,
,,,,,,,,,,,,,,,
,,,,,,,,,,,,,,,
,,,,,,,,,,,,,,,
,,,,,,,,,,,,,,,
,,,,,,,,,,,,,,,
,,,,,,,,,,,,,,,
,,,,,,,,,,,,,,,
,,,,,,,,,,,,,,,
,,,,,,,,,,,,,,,
,,,,,,,,,,,,,,,
,,,,,,,,,,,,,,,
,,,,,,,,,,,,,,,
,,,,,,,,,,,,,,,
,,,,,,,,,,,,,,,
,,,,,,,,,,,,,,,
,,,,,,,,,,,,,,,
,,,,,,,,,,,,,,,
,,,,,,,,,,,,,,,
,,,,,,,,,,,,,,,
,,,,,,,,,,,,,,,
,,,,,,,,,,,,,,,
,,,,,,,,,,,,,,,
,,,,,,,,,,,,,,,
,,,,,,,,,,,,,,,
,,,,,,,,,,,,,,,
,,,,,,,,,,,,,,,
,,,,,,,,,,,,,,,
,,,,,,,,,,,,,,,
,,,,,,,,,,,,,,,
,,,,,,,,,,,,,,,
,,,,,,,,,,,,,,,
,,,,,,,,,,,,,,,
,,,,,,,,,,,,,,,
,,,,,,,,,,,,,,,
,,,,,,,,,,,,,,,
,,,,,,,,,,,,,,,
,,,,,,,,,,,,,,,
,,,,,,,,,,,,,,,
,,,,,,,,,,,,,,,
,,,,,,,,,,,,,,,
,,,,,,,,,,,,,,,
,,,,,,,,,,,,,,,
,,,,,,,,,,,,,,,
,,,,,,,,,,,,,,,
,,,,,,,,,,,,,,,
,,,,,,,,,,,,,,,
,,,,,,,,,,,,,,,
,,,,,,,,,,,,,,,
,,,,,,,,,,,,,,,
,,,,,,,,,,,,,,,
,,,,,,,,,,,,,,,
,,,,,,,,,,,,,,,
,,,,,,,,,,,,,,,
,,,,,,,,,,,,,,,
,,,,,,,,,,,,,,,
,,,,,,,,,,,,,,,
,,,,,,,,,,,,,,,
,,,,,,,,,,,,,,,
,,,,,,,,,,,,,,,
,,,,,,,,,,,,,,,
,,,,,,,,,,,,,,,
,,,,,,,,,,,,,,,
,,,,,,,,,,,,,,,
,,,,,,,,,,,,,,,
,,,,,,,,,,,,,,,
,,,,,,,,,,,,,,,
,,,,,,,,,,,,,,,
,,,,,,,,,,,,,,,
,,,,,,,,,,,,,,,
,,,,,,,,,,,,,,,
,,,,,,,,,,,,,,,
,,,,,,,,,,,,,,,
,,,,,,,,,,,,,,,
,,,,,,,,,,,,,,,
,,,,,,,,,,,,,,,
,,,,,,,,,,,,,,,
,,,,,,,,,,,,,,,
,,,,,,,,,,,,,,,
,,,,,,,,,,,,,,,
,,,,,,,,,,,,,,,
,,,,,,,,,,,,,,,
,,,,,,,,,,,,,,,
,,,,,,,,,,,,,,,
,,,,,,,,,,,,,,,
,,,,,,,,,,,,,,,
,,,,,,,,,,,,,,,
,,,,,,,,,,,,,,,
,,,,,,,,,,,,,,,
,,,,,,,,,,,,,,,
,,,,,,,,,,,,,,,
,,,,,,,,,,,,,,,
,,,,,,,,,,,,,,,
,,,,,,,,,,,,,,,
,,,,,,,,,,,,,,,
,,,,,,,,,,,,,,,
,,,,,,,,,,,,,,,
,,,,,,,,,,,,,,,
,,,,,,,,,,,,,,,
,,,,,,,,,,,,,,,
,,,,,,,,,,,,,,,
,,,,,,,,,,,,,,,
,,,,,,,,,,,,,,,
,,,,,,,,,,,,,,,
,,,,,,,,,,,,,,,
,,,,,,,,,,,,,,,
,,,,,,,,,,,,,,,
,,,,,,,,,,,,,,,
,,,,,,,,,,,,,,,
,,,,,,,,,,,,,,,
,,,,,,,,,,,,,,,
,,,,,,,,,,,,,,,
,,,,,,,,,,,,,,,
,,,,,,,,,,,,,,,
,,,,,,,,,,,,,,,
,,,,,,,,,,,,,,,
,,,,,,,,,,,,,,,
,,,,,,,,,,,,,,,
,,,,,,,,,,,,,,,
,,,,,,,,,,,,,,,
,,,,,,,,,,,,,,,
,,,,,,,,,,,,,,,
,,,,,,,,,,,,,,,
,,,,,,,,,,,,,,,
,,,,,,,,,,,,,,,
,,,,,,,,,,,,,,,
,,,,,,,,,,,,,,,
,,,,,,,,,,,,,,,
,,,,,,,,,,,,,,,
,,,,,,,,,,,,,,,
,,,,,,,,,,,,,,,
,,,,,,,,,,,,,,,
,,,,,,,,,,,,,,,
,,,,,,,,,,,,,,,
,,,,,,,,,,,,,,,
,,,,,,,,,,,,,,,
,,,,,,,,,,,,,,,
,,,,,,,,,,,,,,,
,,,,,,,,,,,,,,,
,,,,,,,,,,,,,,,
,,,,,,,,,,,,,,,
,,,,,,,,,,,,,,,
,,,,,,,,,,,,,,,
,,,,,,,,,,,,,,,
,,,,,,,,,,,,,,,
,,,,,,,,,,,,,,,
,,,,,,,,,,,,,,,
,,,,,,,,,,,,,,,
,,,,,,,,,,,,,,,
,,,,,,,,,,,,,,,
,,,,,,,,,,,,,,,
,,,,,,,,,,,,,,,
,,,,,,,,,,,,,,,
,,,,,,,,,,,,,,,
,,,,,,,,,,,,,,,
,,,,,,,,,,,,,,,
,,,,,,,,,,,,,,,
,,,,,,,,,,,,,,,
,,,,,,,,,,,,,,,
,,,,,,,,,,,,,,,
,,,,,,,,,,,,,,,
,,,,,,,,,,,,,,,
,,,,,,,,,,,,,,,
,,,,,,,,,,,,,,,
,,,,,,,,,,,,,,,
,,,,,,,,,,,,,,,
,,,,,,,,,,,,,,,
,,,,,,,,,,,,,,,
,,,,,,,,,,,,,,,
,,,,,,,,,,,,,,,
,,,,,,,,,,,,,,,
,,,,,,,,,,,,,,,
,,,,,,,,,,,,,,,
,,,,,,,,,,,,,,,
,,,,,,,,,,,,,,,
,,,,,,,,,,,,,,,
,,,,,,,,,,,,,,,
,,,,,,,,,,,,,,,
,,,,,,,,,,,,,,,
,,,,,,,,,,,,,,,
,,,,,,,,,,,,,,,
,,,,,,,,,,,,,,,
,,,,,,,,,,,,,,,
,,,,,,,,,,,,,,,
,,,,,,,,,,,,,,,
,,,,,,,,,,,,,,,
,,,,,,,,,,,,,,,
,,,,,,,,,,,,,,,
,,,,,,,,,,,,,,,
,,,,,,,,,,,,,,,
,,,,,,,,,,,,,,,
,,,,,,,,,,,,,,,
,,,,,,,,,,,,,,,
,,,,,,,,,,,,,,,
,,,,,,,,,,,,,,,
,,,,,,,,,,,,,,,
,,,,,,,,,,,,,,,
,,,,,,,,,,,,,,,
,,,,,,,,,,,,,,,
,,,,,,,,,,,,,,,
,,,,,,,,,,,,,,,
,,,,,,,,,,,,,,,
,,,,,,,,,,,,,,,
,,,,,,,,,,,,,,,
,,,,,,,,,,,,,,,
,,,,,,,,,,,,,,,
,,,,,,,,,,,,,,,
,,,,,,,,,,,,,,,
,,,,,,,,,,,,,,,
,,,,,,,,,,,,,,,
,,,,,,,,,,,,,,,
,,,,,,,,,,,,,,,
,,,,,,,,,,,,,,,
,,,,,,,,,,,,,,,
,,,,,,,,,,,,,,,
,,,,,,,,,,,,,,,
,,,,,,,,,,,,,,,
,,,,,,,,,,,,,,,
,,,,,,,,,,,,,,,
,,,,,,,,,,,,,,,
,,,,,,,,,,,,,,,
,,,,,,,,,,,,,,,
,,,,,,,,,,,,,,,
,,,,,,,,,,,,,,,
,,,,,,,,,,,,,,,
,,,,,,,,,,,,,,,
,,,,,,,,,,,,,,,
,,,,,,,,,,,,,,,
,,,,,,,,,,,,,,,
,,,,,,,,,,,,,,,
,,,,,,,,,,,,,,,
,,,,,,,,,,,,,,,
,,,,,,,,,,,,,,,
,,,,,,,,,,,,,,,
,,,,,,,,,,,,,,,
,,,,,,,,,,,,,,,
,,,,,,,,,,,,,,,
,,,,,,,,,,,,,,,
,,,,,,,,,,,,,,,
,,,,,,,,,,,,,,,
,,,,,,,,,,,,,,,
,,,,,,,,,,,,,,,
,,,,,,,,,,,,,,,
,,,,,,,,,,,,,,,
,,,,,,,,,,,,,,,
,,,,,,,,,,,,,,,
,,,,,,,,,,,,,,,
,,,,,,,,,,,,,,,
,,,,,,,,,,,,,,,
,,,,,,,,,,,,,,,
,,,,,,,,,,,,,,,
,,,,,,,,,,,,,,,
,,,,,,,,,,,,,,,
,,,,,,,,,,,,,,,
,,,,,,,,,,,,,,,
,,,,,,,,,,,,,,,
,,,,,,,,,,,,,,,
,,,,,,,,,,,,,,,
,,,,,,,,,,,,,,,
,,,,,,,,,,,,,,,
,,,,,,,,,,,,,,,
,,,,,,,,,,,,,,,
,,,,,,,,,,,,,,,
,,,,,,,,,,,,,,,
,,,,,,,,,,,,,,,
,,,,,,,,,,,,,,,
,,,,,,,,,,,,,,,
,,,,,,,,,,,,,,,
,,,,,,,,,,,,,,,
,,,,,,,,,,,,,,,
,,,,,,,,,,,,,,,
,,,,,,,,,,,,,,,
,,,,,,,,,,,,,,,
,,,,,,,,,,,,,,,
,,,,,,,,,,,,,,,
,,,,,,,,,,,,,,,
,,,,,,,,,,,,,,,
,,,,,,,,,,,,,,,
,,,,,,,,,,,,,,,
,,,,,,,,,,,,,,,
,,,,,,,,,,,,,,,
,,,,,,,,,,,,,,,
,,,,,,,,,,,,,,,
,,,,,,,,,,,,,,,
,,,,,,,,,,,,,,,
,,,,,,,,,,,,,,,
,,,,,,,,,,,,,,,
,,,,,,,,,,,,,,,
,,,,,,,,,,,,,,,
,,,,,,,,,,,,,,,
,,,,,,,,,,,,,,,
,,,,,,,,,,,,,,,
,,,,,,,,,,,,,,,
,,,,,,,,,,,,,,,
,,,,,,,,,,,,,,,
,,,,,,,,,,,,,,,
,,,,,,,,,,,,,,,
,,,,,,,,,,,,,,,
,,,,,,,,,,,,,,,
,,,,,,,,,,,,,,,
,,,,,,,,,,,,,,,
,,,,,,,,,,,,,,,
,,,,,,,,,,,,,,,
,,,,,,,,,,,,,,,
,,,,,,,,,,,,,,,
,,,,,,,,,,,,,,,
,,,,,,,,,,,,,,,
,,,,,,,,,,,,,,,
,,,,,,,,,,,,,,,
,,,,,,,,,,,,,,,
,,,,,,,,,,,,,,,
,,,,,,,,,,,,,,,
,,,,,,,,,,,,,,,
,,,,,,,,,,,,,,,
,,,,,,,,,,,,,,,
,,,,,,,,,,,,,,,
,,,,,,,,,,,,,,,
,,,,,,,,,,,,,,,
,,,,,,,,,,,,,,,
,,,,,,,,,,,,,,,
,,,,,,,,,,,,,,,
,,,,,,,,,,,,,,,
,,,,,,,,,,,,,,,
,,,,,,,,,,,,,,,
,,,,,,,,,,,,,,,
,,,,,,,,,,,,,,,
,,,,,,,,,,,,,,,
,,,,,,,,,,,,,,,
,,,,,,,,,,,,,,,
,,,,,,,,,,,,,,,
,,,,,,,,,,,,,,,
,,,,,,,,,,,,,,,
,,,,,,,,,,,,,,,
,,,,,,,,,,,,,,,
,,,,,,,,,,,,,,,
,,,,,,,,,,,,,,,
,,,,,,,,,,,,,,,
,,,,,,,,,,,,,,,
,,,,,,,,,,,,,,,
,,,,,,,,,,,,,,,
,,,,,,,,,,,,,,,
,,,,,,,,,,,,,,,
,,,,,,,,,,,,,,,
,,,,,,,,,,,,,,,
,,,,,,,,,,,,,,,
,,,,,,,,,,,,,,,
,,,,,,,,,,,,,,,
,,,,,,,,,,,,,,,
,,,,,,,,,,,,,,,
,,,,,,,,,,,,,,,
,,,,,,,,,,,,,,,
,,,,,,,,,,,,,,,
,,,,,,,,,,,,,,,
,,,,,,,,,,,,,,,
,,,,,,,,,,,,,,,
,,,,,,,,,,,,,,,
,,,,,,,,,,,,,,,
,,,,,,,,,,,,,,,
,,,,,,,,,,,,,,,
,,,,,,,,,,,,,,,
,,,,,,,,,,,,,,,
,,,,,,,,,,,,,,,
,,,,,,,,,,,,,,,
,,,,,,,,,,,,,,,
,,,,,,,,,,,,,,,
,,,,,,,,,,,,,,,
,,,,,,,,,,,,,,,
,,,,,,,,,,,,,,,
,,,,,,,,,,,,,,,
,,,,,,,,,,,,,,,
,,,,,,,,,,,,,,,
,,,,,,,,,,,,,,,
,,,,,,,,,,,,,,,
,,,,,,,,,,,,,,,
,,,,,,,,,,,,,,,
,,,,,,,,,,,,,,,
,,,,,,,,,,,,,,,
,,,,,,,,,,,,,,,
,,,,,,,,,,,,,,,
,,,,,,,,,,,,,,,
,,,,,,,,,,,,,,,
,,,,,,,,,,,,,,,
,,,,,,,,,,,,,,,
,,,,,,,,,,,,,,,
,,,,,,,,,,,,,,,
,,,,,,,,,,,,,,,
,,,,,,,,,,,,,,,
,,,,,,,,,,,,,,,
,,,,,,,,,,,,,,,
,,,,,,,,,,,,,,,
,,,,,,,,,,,,,,,
,,,,,,,,,,,,,,,
,,,,,,,,,,,,,,,
,,,,,,,,,,,,,,,
,,,,,,,,,,,,,,,
,,,,,,,,,,,,,,,
,,,,,,,,,,,,,,,
,,,,,,,,,,,,,,,
,,,,,,,,,,,,,,,
,,,,,,,,,,,,,,,
,,,,,,,,,,,,,,,
,,,,,,,,,,,,,,,
,,,,,,,,,,,,,,,
,,,,,,,,,,,,,,,
,,,,,,,,,,,,,,,
,,,,,,,,,,,,,,,
,,,,,,,,,,,,,,,
,,,,,,,,,,,,,,,
,,,,,,,,,,,,,,,
,,,,,,,,,,,,,,,
,,,,,,,,,,,,,,,
,,,,,,,,,,,,,,,
,,,,,,,,,,,,,,,
,,,,,,,,,,,,,,,
,,,,,,,,,,,,,,,
,,,,,,,,,,,,,,,
,,,,,,,,,,,,,,,
,,,,,,,,,,,,,,,
,,,,,,,,,,,,,,,
,,,,,,,,,,,,,,,
,,,,,,,,,,,,,,,
,,,,,,,,,,,,,,,
,,,,,,,,,,,,,,,
,,,,,,,,,,,,,,,
,,,,,,,,,,,,,,,
,,,,,,,,,,,,,,,
,,,,,,,,,,,,,,,
,,,,,,,,,,,,,,,
,,,,,,,,,,,,,,,
,,,,,,,,,,,,,,,
,,,,,,,,,,,,,,,
,,,,,,,,,,,,,,,
,,,,,,,,,,,,,,,
,,,,,,,,,,,,,,,
,,,,,,,,,,,,,,,
,,,,,,,,,,,,,,,
,,,,,,,,,,,,,,,
,,,,,,,,,,,,,,,
,,,,,,,,,,,,,,,
,,,,,,,,,,,,,,,
,,,,,,,,,,,,,,,
,,,,,,,,,,,,,,,
,,,,,,,,,,,,,,,
,,,,,,,,,,,,,,,
,,,,,,,,,,,,,,,
,,,,,,,,,,,,,,,
,,,,,,,,,,,,,,,
,,,,,,,,,,,,,,,
,,,,,,,,,,,,,,,
,,,,,,,,,,,,,,,
,,,,,,,,,,,,,,,
,,,,,,,,,,,,,,,
,,,,,,,,,,,,,,,
,,,,,,,,,,,,,,,
,,,,,,,,,,,,,,,
,,,,,,,,,,,,,,,
,,,,,,,,,,,,,,,
,,,,,,,,,,,,,,,
,,,,,,,,,,,,,,,
,,,,,,,,,,,,,,,
,,,,,,,,,,,,,,,
,,,,,,,,,,,,,,,
,,,,,,,,,,,,,,,
,,,,,,,,,,,,,,,
,,,,,,,,,,,,,,,
,,,,,,,,,,,,,,,
,,,,,,,,,,,,,,,
,,,,,,,,,,,,,,,
,,,,,,,,,,,,,,,
,,,,,,,,,,,,,,,
,,,,,,,,,,,,,,,
,,,,,,,,,,,,,,,
,,,,,,,,,,,,,,,
,,,,,,,,,,,,,,,
,,,,,,,,,,,,,,,
,,,,,,,,,,,,,,,
,,,,,,,,,,,,,,,
,,,,,,,,,,,,,,,
,,,,,,,,,,,,,,,
,,,,,,,,,,,,,,,
,,,,,,,,,,,,,,,
,,,,,,,,,,,,,,,
,,,,,,,,,,,,,,,
,,,,,,,,,,,,,,,
,,,,,,,,,,,,,,,
,,,,,,,,,,,,,,,
,,,,,,,,,,,,,,,
,,,,,,,,,,,,,,,
,,,,,,,,,,,,,,,
,,,,,,,,,,,,,,,
,,,,,,,,,,,,,,,
,,,,,,,,,,,,,,,
,,,,,,,,,,,,,,,
,,,,,,,,,,,,,,,
,,,,,,,,,,,,,,,
,,,,,,,,,,,,,,,
,,,,,,,,,,,,,,,
,,,,,,,,,,,,,,,
,,,,,,,,,,,,,,,
,,,,,,,,,,,,,,,
,,,,,,,,,,,,,,,
,,,,,,,,,,,,,,,
,,,,,,,,,,,,,,,
,,,,,,,,,,,,,,,
,,,,,,,,,,,,,,,
,,,,,,,,,,,,,,,
,,,,,,,,,,,,,,,
,,,,,,,,,,,,,,,
,,,,,,,,,,,,,,,
,,,,,,,,,,,,,,,
,,,,,,,,,,,,,,,
,,,,,,,,,,,,,,,
,,,,,,,,,,,,,,,
,,,,,,,,,,,,,,,
,,,,,,,,,,,,,,,
,,,,,,,,,,,,,,,
,,,,,,,,,,,,,,,
,,,,,,,,,,,,,,,
,,,,,,,,,,,,,,,
,,,,,,,,,,,,,,,
,,,,,,,,,,,,,,,
,,,,,,,,,,,,,,,
,,,,,,,,,,,,,,,
,,,,,,,,,,,,,,,
,,,,,,,,,,,,,,,
,,,,,,,,,,,,,,,
,,,,,,,,,,,,,,,
,,,,,,,,,,,,,,,
,,,,,,,,,,,,,,,
,,,,,,,,,,,,,,,
,,,,,,,,,,,,,,,
,,,,,,,,,,,,,,,
,,,,,,,,,,,,,,,
,,,,,,,,,,,,,,,
,,,,,,,,,,,,,,,
,,,,,,,,,,,,,,,
,,,,,,,,,,,,,,,
,,,,,,,,,,,,,,,
,,,,,,,,,,,,,,,
,,,,,,,,,,,,,,,
,,,,,,,,,,,,,,,
,,,,,,,,,,,,,,,
,,,,,,,,,,,,,,,
,,,,,,,,,,,,,,,
,,,,,,,,,,,,,,,
,,,,,,,,,,,,,,,
,,,,,,,,,,,,,,,
,,,,,,,,,,,,,,,
,,,,,,,,,,,,,,,
,,,,,,,,,,,,,,,
,,,,,,,,,,,,,,,
,,,,,,,,,,,,,,,
,,,,,,,,,,,,,,,
,,,,,,,,,,,,,,,
,,,,,,,,,,,,,,,
,,,,,,,,,,,,,,,
,,,,,,,,,,,,,,,
,,,,,,,,,,,,,,,
,,,,,,,,,,,,,,,
,,,,,,,,,,,,,,,
,,,,,,,,,,,,,,,
,,,,,,,,,,,,,,,
,,,,,,,,,,,,,,,
,,,,,,,,,,,,,,,
,,,,,,,,,,,,,,,
,,,,,,,,,,,,,,,
,,,,,,,,,,,,,,,
,,,,,,,,,,,,,,,
,,,,,,,,,,,,,,,
,,,,,,,,,,,,,,,
,,,,,,,,,,,,,,,
,,,,,,,,,,,,,,,
,,,,,,,,,,,,,,,
,,,,,,,,,,,,,,,
,,,,,,,,,,,,,,,
,,,,,,,,,,,,,,,
,,,,,,,,,,,,,,,
,,,,,,,,,,,,,,,
,,,,,,,,,,,,,,,
,,,,,,,,,,,,,,,
,,,,,,,,,,,,,,,
,,,,,,,,,,,,,,,
,,,,,,,,,,,,,,,
,,,,,,,,,,,,,,,
,,,,,,,,,,,,,,,
,,,,,,,,,,,,,,,
,,,,,,,,,,,,,,,
,,,,,,,,,,,,,,,
,,,,,,,,,,,,,,,
,,,,,,,,,,,,,,,
,,,,,,,,,,,,,,,
,,,,,,,,,,,,,,,
,,,,,,,,,,,,,,,
,,,,,,,,,,,,,,,
,,,,,,,,,,,,,,,
,,,,,,,,,,,,,,,
,,,,,,,,,,,,,,,
,,,,,,,,,,,,,,,
,,,,,,,,,,,,,,,
,,,,,,,,,,,,,,,
,,,,,,,,,,,,,,,
,,,,,,,,,,,,,,,
,,,,,,,,,,,,,,,
,,,,,,,,,,,,,,,
,,,,,,,,,,,,,,,
,,,,,,,,,,,,,,,
,,,,,,,,,,,,,,,
,,,,,,,,,,,,,,,
,,,,,,,,,,,,,,,
,,,,,,,,,,,,,,,
,,,,,,,,,,,,,,,
,,,,,,,,,,,,,,,
,,,,,,,,,,,,,,,
,,,,,,,,,,,,,,,
,,,,,,,,,,,,,,,
,,,,,,,,,,,,,,,
,,,,,,,,,,,,,,,
,,,,,,,,,,,,,,,
,,,,,,,,,,,,,,,
,,,,,,,,,,,,,,,
,,,,,,,,,,,,,,,
,,,,,,,,,,,,,,,
,,,,,,,,,,,,,,,
,,,,,,,,,,,,,,,
,,,,,,,,,,,,,,,
,,,,,,,,,,,,,,,
,,,,,,,,,,,,,,,
,,,,,,,,,,,,,,,
,,,,,,,,,,,,,,,
,,,,,,,,,,,,,,,
,,,,,,,,,,,,,,,
,,,,,,,,,,,,,,,
,,,,,,,,,,,,,,,
,,,,,,,,,,,,,,,
,,,,,,,,,,,,,,,
,,,,,,,,,,,,,,,
,,,,,,,,,,,,,,,
,,,,,,,,,,,,,,,
,,,,,,,,,,,,,,,
,,,,,,,,,,,,,,,
,,,,,,,,,,,,,,,
,,,,,,,,,,,,,,,
,,,,,,,,,,,,,,,
,,,,,,,,,,,,,,,
,,,,,,,,,,,,,,,
,,,,,,,,,,,,,,,
,,,,,,,,,,,,,,,
,,,,,,,,,,,,,,,
,,,,,,,,,,,,,,,
,,,,,,,,,,,,,,,
,,,,,,,,,,,,,,,
,,,,,,,,,,,,,,,
,,,,,,,,,,,,,,,
,,,,,,,,,,,,,,,
,,,,,,,,,,,,,,,
,,,,,,,,,,,,,,,
,,,,,,,,,,,,,,,
,,,,,,,,,,,,,,,
,,,,,,,,,,,,,,,
,,,,,,,,,,,,,,,
,,,,,,,,,,,,,,,
,,,,,,,,,,,,,,,
,,,,,,,,,,,,,,,
,,,,,,,,,,,,,,,
,,,,,,,,,,,,,,,
,,,,,,,,,,,,,,,
,,,,,,,,,,,,,,,
,,,,,,,,,,,,,,,
,,,,,,,,,,,,,,,
,,,,,,,,,,,,,,,
,,,,,,,,,,,,,,,
,,,,,,,,,,,,,,,
,,,,,,,,,,,,,,,
,,,,,,,,,,,,,,,
,,,,,,,,,,,,,,,
,,,,,,,,,,,,,,,
,,,,,,,,,,,,,,,
,,,,,,,,,,,,,,,
,,,,,,,,,,,,,,,
,,,,,,,,,,,,,,,
,,,,,,,,,,,,,,,
,,,,,,,,,,,,,,,
,,,,,,,,,,,,,,,
,,,,,,,,,,,,,,,
,,,,,,,,,,,,,,,
,,,,,,,,,,,,,,,
,,,,,,,,,,,,,,,
,,,,,,,,,,,,,,,
,,,,,,,,,,,,,,,
,,,,,,,,,,,,,,,
,,,,,,,,,,,,,,,
,,,,,,,,,,,,,,,
,,,,,,,,,,,,,,,
,,,,,,,,,,,,,,,
,,,,,,,,,,,,,,,
,,,,,,,,,,,,,,,
,,,,,,,,,,,,,,,
,,,,,,,,,,,,,,,
,,,,,,,,,,,,,,,
,,,,,,,,,,,,,,,
,,,,,,,,,,,,,,,
,,,,,,,,,,,,,,,
,,,,,,,,,,,,,,,
,,,,,,,,,,,,,,,
,,,,,,,,,,,,,,,
,,,,,,,,,,,,,,,
,,,,,,,,,,,,,,,
,,,,,,,,,,,,,,,
,,,,,,,,,,,,,,,
,,,,,,,,,,,,,,,
,,,,,,,,,,,,,,,
,,,,,,,,,,,,,,,
,,,,,,,,,,,,,,,
,,,,,,,,,,,,,,,
,,,,,,,,,,,,,,,
,,,,,,,,,,,,,,,
,,,,,,,,,,,,,,,
,,,,,,,,,,,,,,,
,,,,,,,,,,,,,,,
,,,,,,,,,,,,,,,
,,,,,,,,,,,,,,,
,,,,,,,,,,,,,,,
,,,,,,,,,,,,,,,
,,,,,,,,,,,,,,,
,,,,,,,,,,,,,,,
,,,,,,,,,,,,,,,
,,,,,,,,,,,,,,,
,,,,,,,,,,,,,,,
,,,,,,,,,,,,,,,
,,,,,,,,,,,,,,,
,,,,,,,,,,,,,,,
,,,,,,,,,,,,,,,
,,,,,,,,,,,,,,,
,,,,,,,,,,,,,,,
,,,,,,,,,,,,,,,
,,,,,,,,,,,,,,,
,,,,,,,,,,,,,,,
,,,,,,,,,,,,,,,
,,,,,,,,,,,,,,,
,,,,,,,,,,,,,,,
,,,,,,,,,,,,,,,
,,,,,,,,,,,,,,,
,,,,,,,,,,,,,,,
,,,,,,,,,,,,,,,
,,,,,,,,,,,,,,,
,,,,,,,,,,,,,,,
,,,,,,,,,,,,,,,
,,,,,,,,,,,,,,,
,,,,,,,,,,,,,,,
,,,,,,,,,,,,,,,
,,,,,,,,,,,,,,,
,,,,,,,,,,,,,,,
,,,,,,,,,,,,,,,
,,,,,,,,,,,,,,,
,,,,,,,,,,,,,,,
,,,,,,,,,,,,,,,
,,,,,,,,,,,,,,,
,,,,,,,,,,,,,,,
,,,,,,,,,,,,,,,
,,,,,,,,,,,,,,,
,,,,,,,,,,,,,,,
,,,,,,,,,,,,,,,
,,,,,,,,,,,,,,,
,,,,,,,,,,,,,,,
,,,,,,,,,,,,,,,
,,,,,,,,,,,,,,,
,,,,,,,,,,,,,,,
,,,,,,,,,,,,,,,
,,,,,,,,,,,,,,,
,,,,,,,,,,,,,,,
,,,,,,,,,,,,,,,
,,,,,,,,,,,,,,,
,,,,,,,,,,,,,,,
,,,,,,,,,,,,,,,
,,,,,,,,,,,,,,,
,,,,,,,,,,,,,,,
,,,,,,,,,,,,,,,
,,,,,,,,,,,,,,,
,,,,,,,,,,,,,,,
,,,,,,,,,,,,,,,
,,,,,,,,,,,,,,,
,,,,,,,,,,,,,,,
,,,,,,,,,,,,,,,
,,,,,,,,,,,,,,,
,,,,,,,,,,,,,,,
,,,,,,,,,,,,,,,
,,,,,,,,,,,,,,,
,,,,,,,,,,,,,,,
,,,,,,,,,,,,,,,
,,,,,,,,,,,,,,,
,,,,,,,,,,,,,,,
,,,,,,,,,,,,,,,
,,,,,,,,,,,,,,,
,,,,,,,,,,,,,,,
,,,,,,,,,,,,,,,
,,,,,,,,,,,,,,,
,,,,,,,,,,,,,,,
,,,,,,,,,,,,,,,
,,,,,,,,,,,,,,,
,,,,,,,,,,,,,,,
,,,,,,,,,,,,,,,
,,,,,,,,,,,,,,,
,,,,,,,,,,,,,,,
,,,,,,,,,,,,,,,
,,,,,,,,,,,,,,,
,,,,,,,,,,,,,,,
,,,,,,,,,,,,,,,
,,,,,,,,,,,,,,,
,,,,,,,,,,,,,,,
,,,,,,,,,,,,,,,
,,,,,,,,,,,,,,,
,,,,,,,,,,,,,,,
,,,,,,,,,,,,,,,
,,,,,,,,,,,,,,,
,,,,,,,,,,,,,,,
,,,,,,,,,,,,,,,
,,,,,,,,,,,,,,,
,,,,,,,,,,,,,,,
,,,,,,,,,,,,,,,
,,,,,,,,,,,,,,,
,,,,,,,,,,,,,,,
,,,,,,,,,,,,,,,
,,,,,,,,,,,,,,,
,,,,,,,,,,,,,,,
,,,,,,,,,,,,,,,
,,,,,,,,,,,,,,,
,,,,,,,,,,,,,,,
,,,,,,,,,,,,,,,
,,,,,,,,,,,,,,,
,,,,,,,,,,,,,,,
,,,,,,,,,,,,,,,
,,,,,,,,,,,,,,,
,,,,,,,,,,,,,,,
,,,,,,,,,,,,,,,
,,,,,,,,,,,,,,,
,,,,,,,,,,,,,,,
,,,,,,,,,,,,,,,
,,,,,,,,,,,,,,,
,,,,,,,,,,,,,,,
,,,,,,,,,,,,,,,
,,,,,,,,,,,,,,,
,,,,,,,,,,,,,,,
,,,,,,,,,,,,,,,
,,,,,,,,,,,,,,,
,,,,,,,,,,,,,,,
,,,,,,,,,,,,,,,
,,,,,,,,,,,,,,,
,,,,,,,,,,,,,,,
,,,,,,,,,,,,,,,
,,,,,,,,,,,,,,,
,,,,,,,,,,,,,,,
,,,,,,,,,,,,,,,
,,,,,,,,,,,,,,,
,,,,,,,,,,,,,,,
,,,,,,,,,,,,,,,
,,,,,,,,,,,,,,,
,,,,,,,,,,,,,,,
,,,,,,,,,,,,,,,
,,,,,,,,,,,,,,,
,,,,,,,,,,,,,,,
,,,,,,,,,,,,,,,
,,,,,,,,,,,,,,,
,,,,,,,,,,,,,,,
,,,,,,,,,,,,,,,
,,,,,,,,,,,,,,,
,,,,,,,,,,,,,,,
,,,,,,,,,,,,,,,
,,,,,,,,,,,,,,,
,,,,,,,,,,,,,,,
,,,,,,,,,,,,,,,
,,,,,,,,,,,,,,,
,,,,,,,,,,,,,,,
,,,,,,,,,,,,,,,
,,,,,,,,,,,,,,,
,,,,,,,,,,,,,,,
,,,,,,,,,,,,,,,
,,,,,,,,,,,,,,,
,,,,,,,,,,,,,,,
,,,,,,,,,,,,,,,
,,,,,,,,,,,,,,,
,,,,,,,,,,,,,,,
,,,,,,,,,,,,,,,
,,,,,,,,,,,,,,,
,,,,,,,,,,,,,,,
,,,,,,,,,,,,,,,
,,,,,,,,,,,,,,,
,,,,,,,,,,,,,,,
,,,,,,,,,,,,,,,
,,,,,,,,,,,,,,,
,,,,,,,,,,,,,,,
,,,,,,,,,,,,,,,
,,,,,,,,,,,,,,,
,,,,,,,,,,,,,,,
,,,,,,,,,,,,,,,
,,,,,,,,,,,,,,,
,,,,,,,,,,,,,,,
,,,,,,,,,,,,,,,
,,,,,,,,,,,,,,,
,,,,,,,,,,,,,,,
,,,,,,,,,,,,,,,
,,,,,,,,,,,,,,,
,,,,,,,,,,,,,,,
,,,,,,,,,,,,,,,
,,,,,,,,,,,,,,,
,,,,,,,,,,,,,,,
,,,,,,,,,,,,,,,
,,,,,,,,,,,,,,,
,,,,,,,,,,,,,,,
,,,,,,,,,,,,,,,
,,,,,,,,,,,,,,,
,,,,,,,,,,,,,,,
,,,,,,,,,,,,,,,
,,,,,,,,,,,,,,,
,,,,,,,,,,,,,,,
,,,,,,,,,,,,,,,
,,,,,,,,,,,,,,,
,,,,,,,,,,,,,,,
,,,,,,,,,,,,,,,
,,,,,,,,,,,,,,,
,,,,,,,,,,,,,,,
,,,,,,,,,,,,,,,
,,,,,,,,,,,,,,,
,,,,,,,,,,,,,,,
,,,,,,,,,,,,,,,
,,,,,,,,,,,,,,,
,,,,,,,,,,,,,,,
,,,,,,,,,,,,,,,
,,,,,,,,,,,,,,,
,,,,,,,,,,,,,,,
,,,,,,,,,,,,,,,
,,,,,,,,,,,,,,,
,,,,,,,,,,,,,,,
,,,,,,,,,,,,,,,
,,,,,,,,,,,,,,,
,,,,,,,,,,,,,,,
,,,,,,,,,,,,,,,
,,,,,,,,,,,,,,,
,,,,,,,,,,,,,,,
,,,,,,,,,,,,,,,
,,,,,,,,,,,,,,,
,,,,,,,,,,,,,,,
,,,,,,,,,,,,,,,
,,,,,,,,,,,,,,,
,,,,,,,,,,,,,,,
,,,,,,,,,,,,,,,
,,,,,,,,,,,,,,,
,,,,,,,,,,,,,,,
,,,,,,,,,,,,,,,
,,,,,,,,,,,,,,,
,,,,,,,,,,,,,,,
,,,,,,,,,,,,,,,
,,,,,,,,,,,,,,,
,,,,,,,,,,,,,,,
,,,,,,,,,,,,,,,
,,,,,,,,,,,,,,,
,,,,,,,,,,,,,,,
,,,,,,,,,,,,,,,
,,,,,,,,,,,,,,,
,,,,,,,,,,,,,,,
,,,,,,,,,,,,,,,
,,,,,,,,,,,,,,,
,,,,,,,,,,,,,,,
,,,,,,,,,,,,,,,
,,,,,,,,,,,,,,,
,,,,,,,,,,,,,,,
,,,,,,,,,,,,,,,
,,,,,,,,,,,,,,,
,,,,,,,,,,,,,,,
,,,,,,,,,,,,,,,
,,,,,,,,,,,,,,,
,,,,,,,,,,,,,,,
,,,,,,,,,,,,,,,
,,,,,,,,,,,,,,,
,,,,,,,,,,,,,,,
,,,,,,,,,,,,,,,
,,,,,,,,,,,,,,,
,,,,,,,,,,,,,,,
,,,,,,,,,,,,,,,
,,,,,,,,,,,,,,,
,,,,,,,,,,,,,,,
,,,,,,,,,,,,,,,
,,,,,,,,,,,,,,,
,,,,,,,,,,,,,,,
,,,,,,,,,,,,,,,
,,,,,,,,,,,,,,,
,,,,,,,,,,,,,,,
,,,,,,,,,,,,,,,
,,,,,,,,,,,,,,,
,,,,,,,,,,,,,,,
,,,,,,,,,,,,,,,
,,,,,,,,,,,,,,,
,,,,,,,,,,,,,,,
,,,,,,,,,,,,,,,
,,,,,,,,,,,,,,,
,,,,,,,,,,,,,,,
,,,,,,,,,,,,,,,
,,,,,,,,,,,,,,,
,,,,,,,,,,,,,,,
,,,,,,,,,,,,,,,
,,,,,,,,,,,,,,,
,,,,,,,,,,,,,,,
,,,,,,,,,,,,,,,
,,,,,,,,,,,,,,,
,,,,,,,,,,,,,,,
,,,,,,,,,,,,,,,
,,,,,,,,,,,,,,,
,,,,,,,,,,,,,,,
,,,,,,,,,,,,,,,
,,,,,,,,,,,,,,,
,,,,,,,,,,,,,,,
,,,,,,,,,,,,,,,
,,,,,,,,,,,,,,,
,,,,,,,,,,,,,,,
,,,,,,,,,,,,,,,
,,,,,,,,,,,,,,,
,,,,,,,,,,,,,,,
,,,,,,,,,,,,,,,
,,,,,,,,,,,,,,,
,,,,,,,,,,,,,,,
,,,,,,,,,,,,,,,
,,,,,,,,,,,,,,,
,,,,,,,,,,,,,,,
,,,,,,,,,,,,,,,
,,,,,,,,,,,,,,,
,,,,,,,,,,,,,,,
,,,,,,,,,,,,,,,
,,,,,,,,,,,,,,,
,,,,,,,,,,,,,,,
,,,,,,,,,,,,,,,
,,,,,,,,,,,,,,,
,,,,,,,,,,,,,,,
,,,,,,,,,,,,,,,
,,,,,,,,,,,,,,,
,,,,,,,,,,,,,,,
,,,,,,,,,,,,,,,
,,,,,,,,,,,,,,,
,,,,,,,,,,,,,,,
,,,,,,,,,,,,,,,
,,,,,,,,,,,,,,,
,,,,,,,,,,,,,,,
,,,,,,,,,,,,,,,
,,,,,,,,,,,,,,,
,,,,,,,,,,,,,,,
,,,,,,,,,,,,,,,
,,,,,,,,,,,,,,,
,,,,,,,,,,,,,,,
,,,,,,,,,,,,,,,
,,,,,,,,,,,,,,,
,,,,,,,,,,,,,,,
,,,,,,,,,,,,,,,
,,,,,,,,,,,,,,,
,,,,,,,,,,,,,,,
,,,,,,,,,,,,,,,
,,,,,,,,,,,,,,,
,,,,,,,,,,,,,,,
,,,,,,,,,,,,,,,
,,,,,,,,,,,,,,,
,,,,,,,,,,,,,,,
,,,,,,,,,,,,,,,
,,,,,,,,,,,,,,,
,,,,,,,,,,,,,,,
,,,,,,,,,,,,,,,
,,,,,,,,,,,,,,,
,,,,,,,,,,,,,,,
,,,,,,,,,,,,,,,
,,,,,,,,,,,,,,,
,,,,,,,,,,,,,,,
,,,,,,,,,,,,,,,
,,,,,,,,,,,,,,,
,,,,,,,,,,,,,,,
,,,,,,,,,,,,,,,
,,,,,,,,,,,,,,,
,,,,,,,,,,,,,,,
,,,,,,,,,,,,,,,
,,,,,,,,,,,,,,,
,,,,,,,,,,,,,,,
,,,,,,,,,,,,,,,
,,,,,,,,,,,,,,,
,,,,,,,,,,,,,,,
,,,,,,,,,,,,,,,
,,,,,,,,,,,,,,,
,,,,,,,,,,,,,,,
,,,,,,,,,,,,,,,
,,,,,,,,,,,,,,,
,,,,,,,,,,,,,,,
,,,,,,,,,,,,,,,
,,,,,,,,,,,,,,,
,,,,,,,,,,,,,,,
,,,,,,,,,,,,,,,
,,,,,,,,,,,,,,,
,,,,,,,,,,,,,,,
,,,,,,,,,,,,,,,
,,,,,,,,,,,,,,,
,,,,,,,,,,,,,,,
,,,,,,,,,,,,,,,
,,,,,,,,,,,,,,,
,,,,,,,,,,,,,,,
,,,,,,,,,,,,,,,
,,,,,,,,,,,,,,,
,,,,,,,,,,,,,,,
,,,,,,,,,,,,,,,
,,,,,,,,,,,,,,,
,,,,,,,,,,,,,,,
,,,,,,,,,,,,,,,
,,,,,,,,,,,,,,,
,,,,,,,,,,,,,,,
,,,,,,,,,,,,,,,
,,,,,,,,,,,,,,,
,,,,,,,,,,,,,,,
,,,,,,,,,,,,,,,
,,,,,,,,,,,,,,,
,,,,,,,,,,,,,,,
,,,,,,,,,,,,,,,
,,,,,,,,,,,,,,,
,,,,,,,,,,,,,,,
,,,,,,,,,,,,,,,
,,,,,,,,,,,,,,,
,,,,,,,,,,,,,,,
,,,,,,,,,,,,,,,
,,,,,,,,,,,,,,,
,,,,,,,,,,,,,,,
,,,,,,,,,,,,,,,
,,,,,,,,,,,,,,,
,,,,,,,,,,,,,,,
,,,,,,,,,,,,,,,
,,,,,,,,,,,,,,,
,,,,,,,,,,,,,,,
,,,,,,,,,,,,,,,
,,,,,,,,,,,,,,,
,,,,,,,,,,,,,,,
,,,,,,,,,,,,,,,
,,,,,,,,,,,,,,,
,,,,,,,,,,,,,,,
,,,,,,,,,,,,,,,
,,,,,,,,,,,,,,,
,,,,,,,,,,,,,,,
,,,,,,,,,,,,,,,
,,,,,,,,,,,,,,,
,,,,,,,,,,,,,,,
,,,,,,,,,,,,,,,
,,,,,,,,,,,,,,,
,,,,,,,,,,,,,,,
,,,,,,,,,,,,,,,
,,,,,,,,,,,,,,,
,,,,,,,,,,,,,,,
,,,,,,,,,,,,,,,
,,,,,,,,,,,,,,,
,,,,,,,,,,,,,,,
,,,,,,,,,,,,,,,
,,,,,,,,,,,,,,,
,,,,,,,,,,,,,,,
,,,,,,,,,,,,,,,
,,,,,,,,,,,,,,,
,,,,,,,,,,,,,,,
,,,,,,,,,,,,,,,
,,,,,,,,,,,,,,,
,,,,,,,,,,,,,,,
,,,,,,,,,,,,,,,
,,,,,,,,,,,,,,,
,,,,,,,,,,,,,,,
,,,,,,,,,,,,,,,
,,,,,,,,,,,,,,,
,,,,,,,,,,,,,,,
,,,,,,,,,,,,,,,
,,,,,,,,,,,,,,,
,,,,,,,,,,,,,,,
,,,,,,,,,,,,,,,
,,,,,,,,,,,,,,,
,,,,,,,,,,,,,,,
,,,,,,,,,,,,,,,
,,,,,,,,,,,,,,,
,,,,,,,,,,,,,,,
,,,,,,,,,,,,,,,
,,,,,,,,,,,,,,,
,,,,,,,,,,,,,,,
,,,,,,,,,,,,,,,
,,,,,,,,,,,,,,,
,,,,,,,,,,,,,,,
,,,,,,,,,,,,,,,
,,,,,,,,,,,,,,,
,,,,,,,,,,,,,,,
,,,,,,,,,,,,,,,
,,,,,,,,,,,,,,,
,,,,,,,,,,,,,,,
,,,,,,,,,,,,,,,
,,,,,,,,,,,,,,,
,,,,,,,,,,,,,,,
,,,,,,,,,,,,,,,
,,,,,,,,,,,,,,,
,,,,,,,,,,,,,,,
,,,,,,,,,,,,,,,
,,,,,,,,,,,,,,,
,,,,,,,,,,,,,,,
,,,,,,,,,,,,,,,
,,,,,,,,,,,,,,,
,,,,,,,,,,,,,,,
,,,,,,,,,,,,,,,
,,,,,,,,,,,,,,,
,,,,,,,,,,,,,,,
,,,,,,,,,,,,,,,
,,,,,,,,,,,,,,,
,,,,,,,,,,,,,,,
,,,,,,,,,,,,,,,
,,,,,,,,,,,,,,,
,,,,,,,,,,,,,,,
,,,,,,,,,,,,,,,
,,,,,,,,,,,,,,,
,,,,,,,,,,,,,,,
,,,,,,,,,,,,,,,
,,,,,,,,,,,,,,,
,,,,,,,,,,,,,,,
,,,,,,,,,,,,,,,
,,,,,,,,,,,,,,,
,,,,,,,,,,,,,,,
,,,,,,,,,,,,,,,
,,,,,,,,,,,,,,,
,,,,,,,,,,,,,,,
,,,,,,,,,,,,,,,
,,,,,,,,,,,,,,,
,,,,,,,,,,,,,,,
,,,,,,,,,,,,,,,
,,,,,,,,,,,,,,,
,,,,,,,,,,,,,,,
,,,,,,,,,,,,,,,
,,,,,,,,,,,,,,,
,,,,,,,,,,,,,,,
,,,,,,,,,,,,,,,
,,,,,,,,,,,,,,,
,,,,,,,,,,,,,,,
,,,,,,,,,,,,,,,
,,,,,,,,,,,,,,,
,,,,,,,,,,,,,,,
,,,,,,,,,,,,,,,
,,,,,,,,,,,,,,,
,,,,,,,,,,,,,,,
,,,,,,,,,,,,,,,
,,,,,,,,,,,,,,,
,,,,,,,,,,,,,,,
,,,,,,,,,,,,,,,
,,,,,,,,,,,,,,,
,,,,,,,,,,,,,,,
,,,,,,,,,,,,,,,
,,,,,,,,,,,,,,,
,,,,,,,,,,,,,,,
,,,,,,,,,,,,,,,
,,,,,,,,,,,,,,,
,,,,,,,,,,,,,,,
,,,,,,,,,,,,,,,
,,,,,,,,,,,,,,,
,,,,,,,,,,,,,,,
,,,,,,,,,,,,,,,
,,,,,,,,,,,,,,,
,,,,,,,,,,,,,,,
,,,,,,,,,,,,,,,
,,,,,,,,,,,,,,,
,,,,,,,,,,,,,,,
,,,,,,,,,,,,,,,
,,,,,,,,,,,,,,,
,,,,,,,,,,,,,,,
,,,,,,,,,,,,,,,
,,,,,,,,,,,,,,,
,,,,,,,,,,,,,,,
,,,,,,,,,,,,,,,
,,,,,,,,,,,,,,,
,,,,,,,,,,,,,,,
,,,,,,,,,,,,,,,
,,,,,,,,,,,,,,,
,,,,,,,,,,,,,,,
,,,,,,,,,,,,,,,
,,,,,,,,,,,,,,,
,,,,,,,,,,,,,,,
,,,,,,,,,,,,,,,
,,,,,,,,,,,,,,,
,,,,,,,,,,,,,,,
,,,,,,,,,,,,,,,
,,,,,,,,,,,,,,,
,,,,,,,,,,,,,,,
,,,,,,,,,,,,,,,
,,,,,,,,,,,,,,,
,,,,,,,,,,,,,,,
,,,,,,,,,,,,,,,
,,,,,,,,,,,,,,,
,,,,,,,,,,,,,,,
,,,,,,,,,,,,,,,
,,,,,,,,,,,,,,,
,,,,,,,,,,,,,,,
,,,,,,,,,,,,,,,
,,,,,,,,,,,,,,,
,,,,,,,,,,,,,,,
,,,,,,,,,,,,,,,
,,,,,,,,,,,,,,,
,,,,,,,,,,,,,,,
,,,,,,,,,,,,,,,
,,,,,,,,,,,,,,,
,,,,,,,,,,,,,,,
,,,,,,,,,,,,,,,
,,,,,,,,,,,,,,,
,,,,,,,,,,,,,,,
,,,,,,,,,,,,,,,
,,,,,,,,,,,,,,,
,,,,,,,,,,,,,,,
,,,,,,,,,,,,,,,
,,,,,,,,,,,,,,,
,,,,,,,,,,,,,,,
,,,,,,,,,,,,,,,
,,,,,,,,,,,,,,,
,,,,,,,,,,,,,,,
,,,,,,,,,,,,,,,
,,,,,,,,,,,,,,,
,,,,,,,,,,,,,,,
,,,,,,,,,,,,,,,
,,,,,,,,,,,,,,,
,,,,,,,,,,,,,,,
,,,,,,,,,,,,,,,
,,,,,,,,,,,,,,,
,,,,,,,,,,,,,,,
,,,,,,,,,,,,,,,
,,,,,,,,,,,,,,,
,,,,,,,,,,,,,,,
,,,,,,,,,,,,,,,
,,,,,,,,,,,,,,,
,,,,,,,,,,,,,,,
,,,,,,,,,,,,,,,
,,,,,,,,,,,,,,,
,,,,,,,,,,,,,,,
,,,,,,,,,,,,,,,
,,,,,,,,,,,,,,,
,,,,,,,,,,,,,,,
,,,,,,,,,,,,,,,
,,,,,,,,,,,,,,,
,,,,,,,,,,,,,,,
,,,,,,,,,,,,,,,
,,,,,,,,,,,,,,,
,,,,,,,,,,,,,,,
,,,,,,,,,,,,,,,
,,,,,,,,,,,,,,,
,,,,,,,,,,,,,,,
,,,,,,,,,,,,,,,
,,,,,,,,,,,,,,,
,,,,,,,,,,,,,,,
,,,,,,,,,,,,,,,
,,,,,,,,,,,,,,,
,,,,,,,,,,,,,,,
,,,,,,,,,,,,,,,
,,,,,,,,,,,,,,,
,,,,,,,,,,,,,,,
,,,,,,,,,,,,,,,
,,,,,,,,,,,,,,,
,,,,,,,,,,,,,,,
,,,,,,,,,,,,,,,
,,,,,,,,,,,,,,,
,,,,,,,,,,,,,,,
,,,,,,,,,,,,,,,
,,,,,,,,,,,,,,,
,,,,,,,,,,,,,,,
,,,,,,,,,,,,,,,
,,,,,,,,,,,,,,,
,,,,,,,,,,,,,,,
,,,,,,,,,,,,,,,
,,,,,,,,,,,,,,,
,,,,,,,,,,,,,,,
,,,,,,,,,,,,,,,
,,,,,,,,,,,,,,,
,,,,,,,,,,,,,,,
,,,,,,,,,,,,,,,
,,,,,,,,,,,,,,,
,,,,,,,,,,,,,,,
,,,,,,,,,,,,,,,
,,,,,,,,,,,,,,,
,,,,,,,,,,,,,,,
,,,,,,,,,,,,,,,
,,,,,,,,,,,,,,,
,,,,,,,,,,,,,,,
,,,,,,,,,,,,,,,
,,,,,,,,,,,,,,,
,,,,,,,,,,,,,,,
,,,,,,,,,,,,,,,
,,,,,,,,,,,,,,,
,,,,,,,,,,,,,,,
,,,,,,,,,,,,,,,
,,,,,,,,,,,,,,,
,,,,,,,,,,,,,,,
,,,,,,,,,,,,,,,
,,,,,,,,,,,,,,,
,,,,,,,,,,,,,,,
,,,,,,,,,,,,,,,
,,,,,,,,,,,,,,,
,,,,,,,,,,,,,,,
,,,,,,,,,,,,,,,
,,,,,,,,,,,,,,,
,,,,,,,,,,,,,,,
,,,,,,,,,,,,,,,
,,,,,,,,,,,,,,,
,,,,,,,,,,,,,,,
,,,,,,,,,,,,,,,
,,,,,,,,,,,,,,,
,,,,,,,,,,,,,,,
,,,,,,,,,,,,,,,
,,,,,,,,,,,,,,,
,,,,,,,,,,,,,,,
,,,,,,,,,,,,,,,
,,,,,,,,,,,,,,,
,,,,,,,,,,,,,,,
,,,,,,,,,,,,,,,
,,,,,,,,,,,,,,,
,,,,,,,,,,,,,,,
,,,,,,,,,,,,,,,
,,,,,,,,,,,,,,,
,,,,,,,,,,,,,,,
,,,,,,,,,,,,,,,
,,,,,,,,,,,,,,,
,,,,,,,,,,,,,,,
,,,,,,,,,,,,,,,
,,,,,,,,,,,,,,,
,,,,,,,,,,,,,,,
,,,,,,,,,,,,,,,
,,,,,,,,,,,,,,,
,,,,,,,,,,,,,,,
,,,,,,,,,,,,,,,
,,,,,,,,,,,,,,,
,,,,,,,,,,,,,,,
,,,,,,,,,,,,,,,
,,,,,,,,,,,,,,,
,,,,,,,,,,,,,,,
,,,,,,,,,,,,,,,
,,,,,,,,,,,,,,,
,,,,,,,,,,,,,,,
,,,,,,,,,,,,,,,
,,,,,,,,,,,,,,,
,,,,,,,,,,,,,,,
,,,,,,,,,,,,,,,
,,,,,,,,,,,,,,,
,,,,,,,,,,,,,,,
,,,,,,,,,,,,,,,
,,,,,,,,,,,,,,,
,,,,,,,,,,,,,,,
,,,,,,,,,,,,,,,
,,,,,,,,,,,,,,,
,,,,,,,,,,,,,,,
,,,,,,,,,,,,,,,
,,,,,,,,,,,,,,,
,,,,,,,,,,,,,,,
,,,,,,,,,,,,,,,
,,,,,,,,,,,,,,,
,,,,,,,,,,,,,,,
,,,,,,,,,,,,,,,
,,,,,,,,,,,,,,,
,,,,,,,,,,,,,,,
,,,,,,,,,,,,,,,
,,,,,,,,,,,,,,,
,,,,,,,,,,,,,,,
,,,,,,,,,,,,,,,
,,,,,,,,,,,,,,,
,,,,,,,,,,,,,,,
,,,,,,,,,,,,,,,
,,,,,,,,,,,,,,,
,,,,,,,,,,,,,,,
,,,,,,,,,,,,,,,
,,,,,,,,,,,,,,,
,,,,,,,,,,,,,,,
,,,,,,,,,,,,,,,
,,,,,,,,,,,,,,,
,,,,,,,,,,,,,,,
,,,,,,,,,,,,,,,
,,,,,,,,,,,,,,,
,,,,,,,,,,,,,,,
,,,,,,,,,,,,,,,
,,,,,,,,,,,,,,,
,,,,,,,,,,,,,,,
,,,,,,,,,,,,,,,
,,,,,,,,,,,,,,,
,,,,,,,,,,,,,,,
,,,,,,,,,,,,,,,
,,,,,,,,,,,,,,,
,,,,,,,,,,,,,,,
,,,,,,,,,,,,,,,
,,,,,,,,,,,,,,,
,,,,,,,,,,,,,,,
,,,,,,,,,,,,,,,
,,,,,,,,,,,,,,,
,,,,,,,,,,,,,,,
,,,,,,,,,,,,,,,
,,,,,,,,,,,,,,,
,,,,,,,,,,,,,,,
,,,,,,,,,,,,,,,
,,,,,,,,,,,,,,,
,,,,,,,,,,,,,,,
,,,,,,,,,,,,,,,
,,,,,,,,,,,,,,,
,,,,,,,,,,,,,,,
,,,,,,,,,,,,,,,
,,,,,,,,,,,,,,,
,,,,,,,,,,,,,,,
,,,,,,,,,,,,,,,
,,,,,,,,,,,,,,,
,,,,,,,,,,,,,,,
,,,,,,,,,,,,,,,
,,,,,,,,,,,,,,,
,,,,,,,,,,,,,,,
,,,,,,,,,,,,,,,
,,,,,,,,,,,,,,,
,,,,,,,,,,,,,,,
,,,,,,,,,,,,,,,
,,,,,,,,,,,,,,,
,,,,,,,,,,,,,,,
,,,,,,,,,,,,,,,
,,,,,,,,,,,,,,,
,,,,,,,,,,,,,,,
,,,,,,,,,,,,,,,
,,,,,,,,,,,,,,,
,,,,,,,,,,,,,,,
,,,,,,,,,,,,,,,
,,,,,,,,,,,,,,,
,,,,,,,,,,,,,,,
,,,,,,,,,,,,,,,
,,,,,,,,,,,,,,,
,,,,,,,,,,,,,,,
,,,,,,,,,,,,,,,
,,,,,,,,,,,,,,,
,,,,,,,,,,,,,,,
,,,,,,,,,,,,,,,
,,,,,,,,,,,,,,,
,,,,,,,,,,,,,,,
,,,,,,,,,,,,,,,
,,,,,,,,,,,,,,,
,,,,,,,,,,,,,,,
,,,,,,,,,,,,,,,
,,,,,,,,,,,,,,,
,,,,,,,,,,,,,,,
,,,,,,,,,,,,,,,
,,,,,,,,,,,,,,,
,,,,,,,,,,,,,,,
,,,,,,,,,,,,,,,
,,,,,,,,,,,,,,,
,,,,,,,,,,,,,,,
,,,,,,,,,,,,,,,
,,,,,,,,,,,,,,,
,,,,,,,,,,,,,,,
,,,,,,,,,,,,,,,
,,,,,,,,,,,,,,,
,,,,,,,,,,,,,,,
,,,,,,,,,,,,,,,
,,,,,,,,,,,,,,,
,,,,,,,,,,,,,,,
,,,,,,,,,,,,,,,
,,,,,,,,,,,,,,,
,,,,,,,,,,,,,,,
,,,,,,,,,,,,,,,
,,,,,,,,,,,,,,,
,,,,,,,,,,,,,,,
,,,,,,,,,,,,,,,
,,,,,,,,,,,,,,,
,,,,,,,,,,,,,,,
,,,,,,,,,,,,,,,
,,,,,,,,,,,,,,,
,,,,,,,,,,,,,,,
,,,,,,,,,,,,,,,
,,,,,,,,,,,,,,,
,,,,,,,,,,,,,,,
,,,,,,,,,,,,,,,
,,,,,,,,,,,,,,,
,,,,,,,,,,,,,,,
,,,,,,,,,,,,,,,
,,,,,,,,,,,,,,,
,,,,,,,,,,,,,,,
,,,,,,,,,,,,,,,
,,,,,,,,,,,,,,,
,,,,,,,,,,,,,,,
,,,,,,,,,,,,,,,
,,,,,,,,,,,,,,,
,,,,,,,,,,,,,,,
,,,,,,,,,,,,,,,
,,,,,,,,,,,,,,,
,,,,,,,,,,,,,,,
,,,,,,,,,,,,,,,
,,,,,,,,,,,,,,,
,,,,,,,,,,,,,,,
,,,,,,,,,,,,,,,
,,,,,,,,,,,,,,,
,,,,,,,,,,,,,,,
,,,,,,,,,,,,,,,
,,,,,,,,,,,,,,,
,,,,,,,,,,,,,,,
,,,,,,,,,,,,,,,
,,,,,,,,,,,,,,,
,,,,,,,,,,,,,,,
,,,,,,,,,,,,,,,
,,,,,,,,,,,,,,,
,,,,,,,,,,,,,,,
,,,,,,,,,,,,,,,
,,,,,,,,,,,,,,,
,,,,,,,,,,,,,,,
,,,,,,,,,,,,,,,
,,,,,,,,,,,,,,,
,,,,,,,,,,,,,,,
,,,,,,,,,,,,,,,
,,,,,,,,,,,,,,,
,,,,,,,,,,,,,,,
,,,,,,,,,,,,,,,
,,,,,,,,,,,,,,,
,,,,,,,,,,,,,,,
,,,,,,,,,,,,,,,
,,,,,,,,,,,,,,,
,,,,,,,,,,,,,,,
,,,,,,,,,,,,,,,
,,,,,,,,,,,,,,,
,,,,,,,,,,,,,,,
,,,,,,,,,,,,,,,
,,,,,,,,,,,,,,,
,,,,,,,,,,,,,,,
,,,,,,,,,,,,,,,
,,,,,,,,,,,,,,,
,,,,,,,,,,,,,,,
,,,,,,,,,,,,,,,
,,,,,,,,,,,,,,,
,,,,,,,,,,,,,,,
,,,,,,,,,,,,,,,
,,,,,,,,,,,,,,,
,,,,,,,,,,,,,,,
,,,,,,,,,,,,,,,
,,,,,,,,,,,,,,,
,,,,,,,,,,,,,,,
,,,,,,,,,,,,,,,
,,,,,,,,,,,,,,,
,,,,,,,,,,,,,,,
,,,,,,,,,,,,,,,
,,,,,,,,,,,,,,,
,,,,,,,,,,,,,,,
,,,,,,,,,,,,,,,
,,,,,,,,,,,,,,,
,,,,,,,,,,,,,,,
,,,,,,,,,,,,,,,
,,,,,,,,,,,,,,,
,,,,,,,,,,,,,,,
,,,,,,,,,,,,,,,
,,,,,,,,,,,,,,,
,,,,,,,,,,,,,,,
,,,,,,,,,,,,,,,
,,,,,,,,,,,,,,,
,,,,,,,,,,,,,,,
,,,,,,,,,,,,,,,
,,,,,,,,,,,,,,,
,,,,,,,,,,,,,,,
,,,,,,,,,,,,,,,
,,,,,,,,,,,,,,,
,,,,,,,,,,,,,,,
,,,,,,,,,,,,,,,
,,,,,,,,,,,,,,,
,,,,,,,,,,,,,,,
,,,,,,,,,,,,,,,
,,,,,,,,,,,,,,,
,,,,,,,,,,,,,,,
,,,,,,,,,,,,,,,
,,,,,,,,,,,,,,,
,,,,,,,,,,,,,,,
,,,,,,,,,,,,,,,
,,,,,,,,,,,,,,,
,,,,,,,,,,,,,,,
,,,,,,,,,,,,,,,
,,,,,,,,,,,,,,,
,,,,,,,,,,,,,,,
,,,,,,,,,,,,,,,
,,,,,,,,,,,,,,,
,,,,,,,,,,,,,,,
,,,,,,,,,,,,,,,
,,,,,,,,,,,,,,,
,,,,,,,,,,,,,,,
,,,,,,,,,,,,,,,
,,,,,,,,,,,,,,,
,,,,,,,,,,,,,,,
,,,,,,,,,,,,,,,
,,,,,,,,,,,,,,,
,,,,,,,,,,,,,,,
,,,,,,,,,,,,,,,
,,,,,,,,,,,,,,,
,,,,,,,,,,,,,,,
,,,,,,,,,,,,,,,
,,,,,,,,,,,,,,,
,,,,,,,,,,,,,,,
,,,,,,,,,,,,,,,
,,,,,,,,,,,,,,,
,,,,,,,,,,,,,,,
,,,,,,,,,,,,,,,
,,,,,,,,,,,,,,,
,,,,,,,,,,,,,,,
,,,,,,,,,,,,,,,
,,,,,,,,,,,,,,,
,,,,,,,,,,,,,,,
,,,,,,,,,,,,,,,
,,,,,,,,,,,,,,,
,,,,,,,,,,,,,,,
,,,,,,,,,,,,,,,
,,,,,,,,,,,,,,,
,,,,,,,,,,,,,,,
,,,,,,,,,,,,,,,
,,,,,,,,,,,,,,,
,,,,,,,,,,,,,,,
,,,,,,,,,,,,,,,
,,,,,,,,,,,,,,,
,,,,,,,,,,,,,,,
,,,,,,,,,,,,,,,
,,,,,,,,,,,,,,,
,,,,,,,,,,,,,,,
,,,,,,,,,,,,,,,
,,,,,,,,,,,,,,,
,,,,,,,,,,,,,,,
,,,,,,,,,,,,,,,
,,,,,,,,,,,,,,,
,,,,,,,,,,,,,,,
,,,,,,,,,,,,,,,
,,,,,,,,,,,,,,,
,,,,,,,,,,,,,,,
,,,,,,,,,,,,,,,
,,,,,,,,,,,,,,,
,,,,,,,,,,,,,,,
,,,,,,,,,,,,,,,
,,,,,,,,,,,,,,,
,,,,,,,,,,,,,,,
,,,,,,,,,,,,,,,
,,,,,,,,,,,,,,,
,,,,,,,,,,,,,,,
,,,,,,,,,,,,,,,
,,,,,,,,,,,,,,,
,,,,,,,,,,,,,,,
,,,,,,,,,,,,,,,
,,,,,,,,,,,,,,,
,,,,,,,,,,,,,,,
,,,,,,,,,,,,,,,
,,,,,,,,,,,,,,,
,,,,,,,,,,,,,,,
,,,,,,,,,,,,,,,
,,,,,,,,,,,,,,,
,,,,,,,,,,,,,,,
,,,,,,,,,,,,,,,
,,,,,,,,,,,,,,,
,,,,,,,,,,,,,,,
,,,,,,,,,,,,,,,
,,,,,,,,,,,,,,,
,,,,,,,,,,,,,,,
,,,,,,,,,,,,,,,
,,,,,,,,,,,,,,,
,,,,,,,,,,,,,,,
,,,,,,,,,,,,,,,
,,,,,,,,,,,,,,,
,,,,,,,,,,,,,,,
,,,,,,,,,,,,,,,
,,,,,,,,,,,,,,,
,,,,,,,,,,,,,,,
,,,,,,,,,,,,,,,
,,,,,,,,,,,,,,,
,,,,,,,,,,,,,,,
,,,,,,,,,,,,,,,
,,,,,,,,,,,,,,,
,,,,,,,,,,,,,,,
,,,,,,,,,,,,,,,
,,,,,,,,,,,,,,,
,,,,,,,,,,,,,,,
,,,,,,,,,,,,,,,
,,,,,,,,,,,,,,,
,,,,,,,,,,,,,,,
,,,,,,,,,,,,,,,
,,,,,,,,,,,,,,,
,,,,,,,,,,,,,,,
,,,,,,,,,,,,,,,
,,,,,,,,,,,,,,,
,,,,,,,,,,,,,,,
,,,,,,,,,,,,,,,
,,,,,,,,,,,,,,,
,,,,,,,,,,,,,,,
,,,,,,,,,,,,,,,
,,,,,,,,,,,,,,,
,,,,,,,,,,,,,,,
,,,,,,,,,,,,,,,
,,,,,,,,,,,,,,,
,,,,,,,,,,,,,,,
,,,,,,,,,,,,,,,
,,,,,,,,,,,,,,,
,,,,,,,,,,,,,,,
,,,,,,,,,,,,,,,
,,,,,,,,,,,,,,,
,,,,,,,,,,,,,,,
,,,,,,,,,,,,,,,
,,,,,,,,,,,,,,,
,,,,,,,,,,,,,,,
,,,,,,,,,,,,,,,
,,,,,,,,,,,,,,,
,,,,,,,,,,,,,,,
,,,,,,,,,,,,,,,
,,,,,,,,,,,,,,,
,,,,,,,,,,,,,,,
,,,,,,,,,,,,,,,
,,,,,,,,,,,,,,,
,,,,,,,,,,,,,,,
,,,,,,,,,,,,,,,
,,,,,,,,,,,,,,,
,,,,,,,,,,,,,,,
,,,,,,,,,,,,,,,
,,,,,,,,,,,,,,,
,,,,,,,,,,,,,,,
,,,,,,,,,,,,,,,
,,,,,,,,,,,,,,,
,,,,,,,,,,,,,,,
,,,,,,,,,,,,,,,
,,,,,,,,,,,,,,,
,,,,,,,,,,,,,,,
,,,,,,,,,,,,,,,
,,,,,,,,,,,,,,,
,,,,,,,,,,,,,,,
,,,,,,,,,,,,,,,
,,,,,,,,,,,,,,,
,,,,,,,,,,,,,,,
,,,,,,,,,,,,,,,
,,,,,,,,,,,,,,,
,,,,,,,,,,,,,,,
,,,,,,,,,,,,,,,
,,,,,,,,,,,,,,,
,,,,,,,,,,,,,,,
,,,,,,,,,,,,,,,
,,,,,,,,,,,,,,,
,,,,,,,,,,,,,,,
,,,,,,,,,,,,,,,
,,,,,,,,,,,,,,,
,,,,,,,,,,,,,,,
,,,,,,,,,,,,,,,
,,,,,,,,,,,,,,,
,,,,,,,,,,,,,,,
,,,,,,,,,,,,,,,
,,,,,,,,,,,,,,,
,,,,,,,,,,,,,,,
,,,,,,,,,,,,,,,
,,,,,,,,,,,,,,,
,,,,,,,,,,,,,,,
,,,,,,,,,,,,,,,
,,,,,,,,,,,,,,,
,,,,,,,,,,,,,,,
,,,,,,,,,,,,,,,
,,,,,,,,,,,,,,,
,,,,,,,,,,,,,,,
,,,,,,,,,,,,,,,
,,,,,,,,,,,,,,,
,,,,,,,,,,,,,,,
,,,,,,,,,,,,,,,
,,,,,,,,,,,,,,,
,,,,,,,,,,,,,,,
,,,,,,,,,,,,,,,
,,,,,,,,,,,,,,,
,,,,,,,,,,,,,,,
,,,,,,,,,,,,,,,
,,,,,,,,,,,,,,,
,,,,,,,,,,,,,,,
,,,,,,,,,,,,,,,
,,,,,,,,,,,,,,,
,,,,,,,,,,,,,,,
,,,,,,,,,,,,,,,
,,,,,,,,,,,,,,,
,,,,,,,,,,,,,,,
,,,,,,,,,,,,,,,
,,,,,,,,,,,,,,,
,,,,,,,,,,,,,,,
,,,,,,,,,,,,,,,
,,,,,,,,,,,,,,,
,,,,,,,,,,,,,,,
,,,,,,,,,,,,,,,
,,,,,,,,,,,,,,,
,,,,,,,,,,,,,,,
,,,,,,,,,,,,,,,
,,,,,,,,,,,,,,,
,,,,,,,,,,,,,,,
,,,,,,,,,,,,,,,
,,,,,,,,,,,,,,,
,,,,,,,,,,,,,,,
,,,,,,,,,,,,,,,
,,,,,,,,,,,,,,,
,,,,,,,,,,,,,,,
,,,,,,,,,,,,,,,
,,,,,,,,,,,,,,,
,,,,,,,,,,,,,,,
,,,,,,,,,,,,,,,
,,,,,,,,,,,,,,,
,,,,,,,,,,,,,,,
,,,,,,,,,,,,,,,
,,,,,,,,,,,,,,,
,,,,,,,,,,,,,,,
,,,,,,,,,,,,,,,
,,,,,,,,,,,,,,,
,,,,,,,,,,,,,,,
,,,,,,,,,,,,,,,
,,,,,,,,,,,,,,,
,,,,,,,,,,,,,,,
,,,,,,,,,,,,,,,
,,,,,,,,,,,,,,,
,,,,,,,,,,,,,,,
,,,,,,,,,,,,,,,
,,,,,,,,,,,,,,,
,,,,,,,,,,,,,,,
,,,,,,,,,,,,,,,
,,,,,,,,,,,,,,,
,,,,,,,,,,,,,,,
,,,,,,,,,,,,,,,
,,,,,,,,,,,,,,,
,,,,,,,,,,,,,,,
,,,,,,,,,,,,,,,
,,,,,,,,,,,,,,,
,,,,,,,,,,,,,,,
,,,,,,,,,,,,,,,
,,,,,,,,,,,,,,,
,,,,,,,,,,,,,,,
,,,,,,,,,,,,,,,
,,,,,,,,,,,,,,,
,,,,,,,,,,,,,,,
,,,,,,,,,,,,,,,
,,,,,,,,,,,,,,,
,,,,,,,,,,,,,,,
,,,,,,,,,,,,,,,
,,,,,,,,,,,,,,,
,,,,,,,,,,,,,,,
,,,,,,,,,,,,,,,
,,,,,,,,,,,,,,,
,,,,,,,,,,,,,,,
,,,,,,,,,,,,,,,
,,,,,,,,,,,,,,,
,,,,,,,,,,,,,,,
,,,,,,,,,,,,,,,
,,,,,,,,,,,,,,,
,,,,,,,,,,,,,,,
,,,,,,,,,,,,,,,
,,,,,,,,,,,,,,,
,,,,,,,,,,,,,,,
,,,,,,,,,,,,,,,
,,,,,,,,,,,,,,,
,,,,,,,,,,,,,,,
,,,,,,,,,,,,,,,
,,,,,,,,,,,,,,,
,,,,,,,,,,,,,,,
,,,,,,,,,,,,,,,
,,,,,,,,,,,,,,,
,,,,,,,,,,,,,,,
,,,,,,,,,,,,,,,
,,,,,,,,,,,,,,,
,,,,,,,,,,,,,,,
,,,,,,,,,,,,,,,
,,,,,,,,,,,,,,,
,,,,,,,,,,,,,,,
,,,,,,,,,,,,,,,
,,,,,,,,,,,,,,,
,,,,,,,,,,,,,,,
,,,,,,,,,,,,,,,
,,,,,,,,,,,,,,,
,,,,,,,,,,,,,,,
,,,,,,,,,,,,,,,
,,,,,,,,,,,,,,,
,,,,,,,,,,,,,,,
,,,,,,,,,,,,,,,
,,,,,,,,,,,,,,,
,,,,,,,,,,,,,,,
,,,,,,,,,,,,,,,
,,,,,,,,,,,,,,,
,,,,,,,,,,,,,,,
,,,,,,,,,,,,,,,
,,,,,,,,,,,,,,,
,,,,,,,,,,,,,,,
,,,,,,,,,,,,,,,
,,,,,,,,,,,,,,,
,,,,,,,,,,,,,,,
,,,,,,,,,,,,,,,
,,,,,,,,,,,,,,,
,,,,,,,,,,,,,,,
,,,,,,,,,,,,,,,
,,,,,,,,,,,,,,,
,,,,,,,,,,,,,,,
,,,,,,,,,,,,,,,
,,,,,,,,,,,,,,,
,,,,,,,,,,,,,,,
,,,,,,,,,,,,,,,
,,,,,,,,,,,,,,,
,,,,,,,,,,,,,,,
,,,,,,,,,,,,,,,
,,,,,,,,,,,,,,,
,,,,,,,,,,,,,,,
,,,,,,,,,,,,,,,
,,,,,,,,,,,,,,,
,,,,,,,,,,,,,,,
,,,,,,,,,,,,,,,
,,,,,,,,,,,,,,,
,,,,,,,,,,,,,,,
,,,,,,,,,,,,,,,
,,,,,,,,,,,,,,,
,,,,,,,,,,,,,,,
,,,,,,,,,,,,,,,
,,,,,,,,,,,,,,,
,,,,,,,,,,,,,,,
,,,,,,,,,,,,,,,
,,,,,,,,,,,,,,,
,,,,,,,,,,,,,,,
,,,,,,,,,,,,,,,
,,,,,,,,,,,,,,,
,,,,,,,,,,,,,,,
,,,,,,,,,,,,,,,
,,,,,,,,,,,,,,,
,,,,,,,,,,,,,,,
,,,,,,,,,,,,,,,
,,,,,,,,,,,,,,,
,,,,,,,,,,,,,,,
,,,,,,,,,,,,,,,
,,,,,,,,,,,,,,,
,,,,,,,,,,,,,,,
,,,,,,,,,,,,,,,
,,,,,,,,,,,,,,,
,,,,,,,,,,,,,,,
,,,,,,,,,,,,,,,
,,,,,,,,,,,,,,,
,,,,,,,,,,,,,,,
,,,,,,,,,,,,,,,
,,,,,,,,,,,,,,,
,,,,,,,,,,,,,,,
,,,,,,,,,,,,,,,
,,,,,,,,,,,,,,,
,,,,,,,,,,,,,,,
,,,,,,,,,,,,,,,
,,,,,,,,,,,,,,,
,,,,,,,,,,,,,,,
,,,,,,,,,,,,,,,
,,,,,,,,,,,,,,,
,,,,,,,,,,,,,,,
,,,,,,,,,,,,,,,
,,,,,,,,,,,,,,,
,,,,,,,,,,,,,,,
,,,,,,,,,,,,,,,
,,,,,,,,,,,,,,,
,,,,,,,,,,,,,,,
,,,,,,,,,,,,,,,
,,,,,,,,,,,,,,,
,,,,,,,,,,,,,,,
,,,,,,,,,,,,,,,
,,,,,,,,,,,,,,,
,,,,,,,,,,,,,,,
,,,,,,,,,,,,,,,
,,,,,,,,,,,,,,,
,,,,,,,,,,,,,,,
,,,,,,,,,,,,,,,
,,,,,,,,,,,,,,,
,,,,,,,,,,,,,,,
,,,,,,,,,,,,,,,
,,,,,,,,,,,,,,,
,,,,,,,,,,,,,,,
,,,,,,,,,,,,,,,
,,,,,,,,,,,,,,,
,,,,,,,,,,,,,,,
,,,,,,,,,,,,,,,
,,,,,,,,,,,,,,,
,,,,,,,,,,,,,,,
,,,,,,,,,,,,,,,
,,,,,,,,,,,,,,,
,,,,,,,,,,,,,,,
,,,,,,,,,,,,,,,
,,,,,,,,,,,,,,,
,,,,,,,,,,,,,,,
,,,,,,,,,,,,,,,
,,,,,,,,,,,,,,,
,,,,,,,,,,,,,,,
,,,,,,,,,,,,,,,
,,,,,,,,,,,,,,,
,,,,,,,,,,,,,,,
,,,,,,,,,,,,,,,
,,,,,,,,,,,,,,,
,,,,,,,,,,,,,,,
,,,,,,,,,,,,,,,
,,,,,,,,,,,,,,,
,,,,,,,,,,,,,,,
,,,,,,,,,,,,,,,
,,,,,,,,,,,,,,,
,,,,,,,,,,,,,,,
,,,,,,,,,,,,,,,
,,,,,,,,,,,,,,,
,,,,,,,,,,,,,,,
,,,,,,,,,,,,,,,
,,,,,,,,,,,,,,,
,,,,,,,,,,,,,,,
,,,,,,,,,,,,,,,
,,,,,,,,,,,,,,,
,,,,,,,,,,,,,,,
,,,,,,,,,,,,,,,
,,,,,,,,,,,,,,,
,,,,,,,,,,,,,,,
,,,,,,,,,,,,,,,
,,,,,,,,,,,,,,,
,,,,,,,,,,,,,,,
,,,,,,,,,,,,,,,
,,,,,,,,,,,,,,,
,,,,,,,,,,,,,,,
,,,,,,,,,,,,,,,
,,,,,,,,,,,,,,,
,,,,,,,,,,,,,,,
,,,,,,,,,,,,,,,
,,,,,,,,,,,,,,,
,,,,,,,,,,,,,,,
,,,,,,,,,,,,,,,
,,,,,,,,,,,,,,,
,,,,,,,,,,,,,,,
,,,,,,,,,,,,,,,
,,,,,,,,,,,,,,,
,,,,,,,,,,,,,,,
,,,,,,,,,,,,,,,
,,,,,,,,,,,,,,,
,,,,,,,,,,,,,,,
,,,,,,,,,,,,,,,
,,,,,,,,,,,,,,,
,,,,,,,,,,,,,,,
,,,,,,,,,,,,,,,
,,,,,,,,,,,,,,,
,,,,,,,,,,,,,,,
,,,,,,,,,,,,,,,
,,,,,,,,,,,,,,,
,,,,,,,,,,,,,,,
,,,,,,,,,,,,,,,
,,,,,,,,,,,,,,,
,,,,,,,,,,,,,,,
,,,,,,,,,,,,,,,
,,,,,,,,,,,,,,,
,,,,,,,,,,,,,,,
,,,,,,,,,,,,,,,
,,,,,,,,,,,,,,,
,,,,,,,,,,,,,,,
,,,,,,,,,,,,,,,
,,,,,,,,,,,,,,,
,,,,,,,,,,,,,,,
,,,,,,,,,,,,,,,
,,,,,,,,,,,,,,,
,,,,,,,,,,,,,,,
,,,,,,,,,,,,,,,
,,,,,,,,,,,,,,,
,,,,,,,,,,,,,,,
,,,,,,,,,,,,,,,
,,,,,,,,,,,,,,,
,,,,,,,,,,,,,,,
,,,,,,,,,,,,,,,
,,,,,,,,,,,,,,,
,,,,,,,,,,,,,,,
,,,,,,,,,,,,,,,
,,,,,,,,,,,,,,,
,,,,,,,,,,,,,,,
,,,,,,,,,,,,,,,
,,,,,,,,,,,,,,,
,,,,,,,,,,,,,,,
,,,,,,,,,,,,,,,
,,,,,,,,,,,,,,,
,,,,,,,,,,,,,,,
,,,,,,,,,,,,,,,
,,,,,,,,,,,,,,,
,,,,,,,,,,,,,,,
,,,,,,,,,,,,,,,
,,,,,,,,,,,,,,,
,,,,,,,,,,,,,,,
,,,,,,,,,,,,,,,
,,,,,,,,,,,,,,,
,,,,,,,,,,,,,,,
,,,,,,,,,,,,,,,
,,,,,,,,,,,,,,,
,,,,,,,,,,,,,,,
,,,,,,,,,,,,,,,
,,,,,,,,,,,,,,,
,,,,,,,,,,,,,,,
,,,,,,,,,,,,,,,
,,,,,,,,,,,,,,,
,,,,,,,,,,,,,,,
,,,,,,,,,,,,,,,
,,,,,,,,,,,,,,,
,,,,,,,,,,,,,,,
,,,,,,,,,,,,,,,
,,,,,,,,,,,,,,,
,,,,,,,,,,,,,,,
,,,,,,,,,,,,,,,
,,,,,,,,,,,,,,,
,,,,,,,,,,,,,,,
,,,,,,,,,,,,,,,
,,,,,,,,,,,,,,,
,,,,,,,,,,,,,,,
,,,,,,,,,,,,,,,
,,,,,,,,,,,,,,,
,,,,,,,,,,,,,,,
,,,,,,,,,,,,,,,
,,,,,,,,,,,,,,,
,,,,,,,,,,,,,,,
,,,,,,,,,,,,,,,
,,,,,,,,,,,,,,,
,,,,,,,,,,,,,,,
,,,,,,,,,,,,,,,
,,,,,,,,,,,,,,,
,,,,,,,,,,,,,,,
,,,,,,,,,,,,,,,
,,,,,,,,,,,,,,,
,,,,,,,,,,,,,,,
,,,,,,,,,,,,,,,
,,,,,,,,,,,,,,,
,,,,,,,,,,,,,,,
,,,,,,,,,,,,,,,
,,,,,,,,,,,,,,,
,,,,,,,,,,,,,,,
,,,,,,,,,,,,,,,
,,,,,,,,,,,,,,,
,,,,,,,,,,,,,,,
,,,,,,,,,,,,,,,
,,,,,,,,,,,,,,,
,,,,,,,,,,,,,,,
,,,,,,,,,,,,,,,
,,,,,,,,,,,,,,,
,,,,,,,,,,,,,,,
,,,,,,,,,,,,,,,
,,,,,,,,,,,,,,,
,,,,,,,,,,,,,,,
,,,,,,,,,,,,,,,
,,,,,,,,,,,,,,,
,,,,,,,,,,,,,,,
,,,,,,,,,,,,,,,
,,,,,,,,,,,,,,,
,,,,,,,,,,,,,,,
,,,,,,,,,,,,,,,
,,,,,,,,,,,,,,,
,,,,,,,,,,,,,,,
,,,,,,,,,,,,,,,
,,,,,,,,,,,,,,,
,,,,,,,,,,,,,,,
,,,,,,,,,,,,,,,
,,,,,,,,,,,,,,,
,,,,,,,,,,,,,,,
,,,,,,,,,,,,,,,
,,,,,,,,,,,,,,,
,,,,,,,,,,,,,,,
,,,,,,,,,,,,,,,
,,,,,,,,,,,,,,,
,,,,,,,,,,,,,,,
,,,,,,,,,,,,,,,
,,,,,,,,,,,,,,,
,,,,,,,,,,,,,,,
,,,,,,,,,,,,,,,
,,,,,,,,,,,,,,,
,,,,,,,,,,,,,,,
,,,,,,,,,,,,,,,
,,,,,,,,,,,,,,,
,,,,,,,,,,,,,,,
,,,,,,,,,,,,,,,
,,,,,,,,,,,,,,,
,,,,,,,,,,,,,,,
,,,,,,,,,,,,,,,
,,,,,,,,,,,,,,,
,,,,,,,,,,,,,,,
,,,,,,,,,,,,,,,
,,,,,,,,,,,,,,,
,,,,,,,,,,,,,,,
,,,,,,,,,,,,,,,
,,,,,,,,,,,,,,,
,,,,,,,,,,,,,,,
,,,,,,,,,,,,,,,
,,,,,,,,,,,,,,,
,,,,,,,,,,,,,,,
,,,,,,,,,,,,,,,
,,,,,,,,,,,,,,,
,,,,,,,,,,,,,,,
,,,,,,,,,,,,,,,
,,,,,,,,,,,,,,,
,,,,,,,,,,,,,,,
,,,,,,,,,,,,,,,
,,,,,,,,,,,,,,,
,,,,,,,,,,,,,,,
,,,,,,,,,,,,,,,
,,,,,,,,,,,,,,,
,,,,,,,,,,,,,,,
,,,,,,,,,,,,,,,
,,,,,,,,,,,,,,,
,,,,,,,,,,,,,,,
,,,,,,,,,,,,,,,
,,,,,,,,,,,,,,,
,,,,,,,,,,,,,,,
,,,,,,,,,,,,,,,
,,,,,,,,,,,,,,,
,,,,,,,,,,,,,,,
,,,,,,,,,,,,,,,
,,,,,,,,,,,,,,,
,,,,,,,,,,,,,,,
,,,,,,,,,,,,,,,
,,,,,,,,,,,,,,,
,,,,,,,,,,,,,,,
,,,,,,,,,,,,,,,
,,,,,,,,,,,,,,,
,,,,,,,,,,,,,,,
,,,,,,,,,,,,,,,
,,,,,,,,,,,,,,,
,,,,,,,,,,,,,,,
,,,,,,,,,,,,,,,
,,,,,,,,,,,,,,,
,,,,,,,,,,,,,,,
,,,,,,,,,,,,,,,
,,,,,,,,,,,,,,,
,,,,,,,,,,,,,,,
,,,,,,,,,,,,,,,
,,,,,,,,,,,,,,,
,,,,,,,,,,,,,,,
,,,,,,,,,,,,,,,
,,,,,,,,,,,,,,,
,,,,,,,,,,,,,,,
,,,,,,,,,,,,,,,
,,,,,,,,,,,,,,,
,,,,,,,,,,,,,,,
,,,,,,,,,,,,,,,
,,,,,,,,,,,,,,,
,,,,,,,,,,,,,,,
,,,,,,,,,,,,,,,
,,,,,,,,,,,,,,,
,,,,,,,,,,,,,,,
,,,,,,,,,,,,,,,
,,,,,,,,,,,,,,,
,,,,,,,,,,,,,,,
,,,,,,,,,,,,,,,
,,,,,,,,,,,,,,,
,,,,,,,,,,,,,,,
,,,,,,,,,,,,,,,
,,,,,,,,,,,,,,,
,,,,,,,,,,,,,,,
,,,,,,,,,,,,,,,
,,,,,,,,,,,,,,,
,,,,,,,,,,,,,,,
,,,,,,,,,,,,,,,
,,,,,,,,,,,,,,,
,,,,,,,,,,,,,,,
,,,,,,,,,,,,,,,
,,,,,,,,,,,,,,,
,,,,,,,,,,,,,,,
,,,,,,,,,,,,,,,
,,,,,,,,,,,,,,,
,,,,,,,,,,,,,,,
,,,,,,,,,,,,,,,
,,,,,,,,,,,,,,,
,,,,,,,,,,,,,,,
,,,,,,,,,,,,,,,
,,,,,,,,,,,,,,,
,,,,,,,,,,,,,,,
,,,,,,,,,,,,,,,
,,,,,,,,,,,,,,,
,,,,,,,,,,,,,,,
,,,,,,,,,,,,,,,
,,,,,,,,,,,,,,,
,,,,,,,,,,,,,,,
,,,,,,,,,,,,,,,
,,,,,,,,,,,,,,,
,,,,,,,,,,,,,,,
,,,,,,,,,,,,,,,
,,,,,,,,,,,,,,,
,,,,,,,,,,,,,,,
,,,,,,,,,,,,,,,
,,,,,,,,,,,,,,,
,,,,,,,,,,,,,,,
,,,,,,,,,,,,,,,
,,,,,,,,,,,,,,,
,,,,,,,,,,,,,,,
,,,,,,,,,,,,,,,
,,,,,,,,,,,,,,,
,,,,,,,,,,,,,,,
,,,,,,,,,,,,,,,
,,,,,,,,,,,,,,,
,,,,,,,,,,,,,,,
,,,,,,,,,,,,,,,
,,,,,,,,,,,,,,,
,,,,,,,,,,,,,,,
,,,,,,,,,,,,,,,
,,,,,,,,,,,,,,,
,,,,,,,,,,,,,,,
,,,,,,,,,,,,,,,
,,,,,,,,,,,,,,,
,,,,,,,,,,,,,,,
,,,,,,,,,,,,,,,
,,,,,,,,,,,,,,,
,,,,,,,,,,,,,,,
,,,,,,,,,,,,,,,
,,,,,,,,,,,,,,,
,,,,,,,,,,,,,,,
,,,,,,,,,,,,,,,
,,,,,,,,,,,,,,,
,,,,,,,,,,,,,,,
,,,,,,,,,,,,,,,
,,,,,,,,,,,,,,,
,,,,,,,,,,,,,,,
,,,,,,,,,,,,,,,
,,,,,,,,,,,,,,,
,,,,,,,,,,,,,,,
,,,,,,,,,,,,,,,
,,,,,,,,,,,,,,,
,,,,,,,,,,,,,,,
,,,,,,,,,,,,,,,
,,,,,,,,,,,,,,,
,,,,,,,,,,,,,,,
,,,,,,,,,,,,,,,
,,,,,,,,,,,,,,,
,,,,,,,,,,,,,,,
,,,,,,,,,,,,,,,
,,,,,,,,,,,,,,,
,,,,,,,,,,,,,,,
,,,,,,,,,,,,,,,
,,,,,,,,,,,,,,,
,,,,,,,,,,,,,,,
,,,,,,,,,,,,,,,
,,,,,,,,,,,,,,,
,,,,,,,,,,,,,,,
,,,,,,,,,,,,,,,
,,,,,,,,,,,,,,,
,,,,,,,,,,,,,,,
,,,,,,,,,,,,,,,
,,,,,,,,,,,,,,,
,,,,,,,,,,,,,,,
,,,,,,,,,,,,,,,
,,,,,,,,,,,,,,,
,,,,,,,,,,,,,,,
,,,,,,,,,,,,,,,
,,,,,,,,,,,,,,,
,,,,,,,,,,,,,,,
,,,,,,,,,,,,,,,
,,,,,,,,,,,,,,,
,,,,,,,,,,,,,,,
,,,,,,,,,,,,,,,
,,,,,,,,,,,,,,,
,,,,,,,,,,,,,,,
,,,,,,,,,,,,,,,
,,,,,,,,,,,,,,,
,,,,,,,,,,,,,,,
,,,,,,,,,,,,,,,
,,,,,,,,,,,,,,,
,,,,,,,,,,,,,,,
,,,,,,,,,,,,,,,
,,,,,,,,,,,,,,,
,,,,,,,,,,,,,,,
,,,,,,,,,,,,,,,
,,,,,,,,,,,,,,,
,,,,,,,,,,,,,,,
,,,,,,,,,,,,,,,
,,,,,,,,,,,,,,,
,,,,,,,,,,,,,,,
,,,,,,,,,,,,,,,
,,,,,,,,,,,,,,,
,,,,,,,,,,,,,,,
,,,,,,,,,,,,,,,
,,,,,,,,,,,,,,,
,,,,,,,,,,,,,,,
,,,,,,,,,,,,,,,
,,,,,,,,,,,,,,,
,,,,,,,,,,,,,,,
,,,,,,,,,,,,,,,
,,,,,,,,,,,,,,,
,,,,,,,,,,,,,,,
,,,,,,,,,,,,,,,
,,,,,,,,,,,,,,,
,,,,,,,,,,,,,,,
,,,,,,,,,,,,,,,
,,,,,,,,,,,,,,,
,,,,,,,,,,,,,,,
,,,,,,,,,,,,,,,
,,,,,,,,,,,,,,,
,,,,,,,,,,,,,,,
,,,,,,,,,,,,,,,
,,,,,,,,,,,,,,,
,,,,,,,,,,,,,,,
,,,,,,,,,,,,,,,
,,,,,,,,,,,,,,,
,,,,,,,,,,,,,,,
,,,,,,,,,,,,,,,
,,,,,,,,,,,,,,,
,,,,,,,,,,,,,,,
,,,,,,,,,,,,,,,
,,,,,,,,,,,,,,,
,,,,,,,,,,,,,,,
,,,,,,,,,,,,,,,
,,,,,,,,,,,,,,,
,,,,,,,,,,,,,,,
,,,,,,,,,,,,,,,
,,,,,,,,,,,,,,,
,,,,,,,,,,,,,,,
,,,,,,,,,,,,,,,
,,,,,,,,,,,,,,,
,,,,,,,,,,,,,,,
,,,,,,,,,,,,,,,
,,,,,,,,,,,,,,,
,,,,,,,,,,,,,,,
,,,,,,,,,,,,,,,
,,,,,,,,,,,,,,,
,,,,,,,,,,,,,,,
,,,,,,,,,,,,,,,
,,,,,,,,,,,,,,,
,,,,,,,,,,,,,,,
,,,,,,,,,,,,,,,
,,,,,,,,,,,,,,,
,,,,,,,,,,,,,,,
,,,,,,,,,,,,,,,
,,,,,,,,,,,,,,,
,,,,,,,,,,,,,,,
,,,,,,,,,,,,,,,
,,,,,,,,,,,,,,,
,,,,,,,,,,,,,,,
,,,,,,,,,,,,,,,
,,,,,,,,,,,,,,,
,,,,,,,,,,,,,,,
,,,,,,,,,,,,,,,
,,,,,,,,,,,,,,,
,,,,,,,,,,,,,,,
,,,,,,,,,,,,,,,
,,,,,,,,,,,,,,,
,,,,,,,,,,,,,,,
,,,,,,,,,,,,,,,
,,,,,,,,,,,,,,,
,,,,,,,,,,,,,,,
,,,,,,,,,,,,,,,
,,,,,,,,,,,,,,,
,,,,,,,,,,,,,,,
,,,,,,,,,,,,,,,
,,,,,,,,,,,,,,,
,,,,,,,,,,,,,,,
,,,,,,,,,,,,,,,
,,,,,,,,,,,,,,,
,,,,,,,,,,,,,,,
,,,,,,,,,,,,,,,
,,,,,,,,,,,,,,,
,,,,,,,,,,,,,,,
,,,,,,,,,,,,,,,
,,,,,,,,,,,,,,,
,,,,,,,,,,,,,,,
,,,,,,,,,,,,,,,
,,,,,,,,,,,,,,,
,,,,,,,,,,,,,,,
,,,,,,,,,,,,,,,
,,,,,,,,,,,,,,,
,,,,,,,,,,,,,,,
,,,,,,,,,,,,,,,
,,,,,,,,,,,,,,,
,,,,,,,,,,,,,,,
,,,,,,,,,,,,,,,
,,,,,,,,,,,,,,,
,,,,,,,,,,,,,,,
,,,,,,,,,,,,,,,
,,,,,,,,,,,,,,,
,,,,,,,,,,,,,,,
,,,,,,,,,,,,,,,
,,,,,,,,,,,,,,,
,,,,,,,,,,,,,,,
,,,,,,,,,,,,,,,
,,,,,,,,,,,,,,,
,,,,,,,,,,,,,,,
,,,,,,,,,,,,,,,
,,,,,,,,,,,,,,,
,,,,,,,,,,,,,,,
,,,,,,,,,,,,,,,
,,,,,,,,,,,,,,,
,,,,,,,,,,,,,,,
,,,,,,,,,,,,,,,
,,,,,,,,,,,,,,,
,,,,,,,,,,,,,,,
,,,,,,,,,,,,,,,
,,,,,,,,,,,,,,,
,,,,,,,,,,,,,,,
,,,,,,,,,,,,,,,
,,,,,,,,,,,,,,,
,,,,,,,,,,,,,,,
,,,,,,,,,,,,,,,
,,,,,,,,,,,,,,,
,,,,,,,,,,,,,,,
,,,,,,,,,,,,,,,
,,,,,,,,,,,,,,,
,,,,,,,,,,,,,,,
,,,,,,,,,,,,,,,
,,,,,,,,,,,,,,,
,,,,,,,,,,,,,,,
,,,,,,,,,,,,,,,
,,,,,,,,,,,,,,,
,,,,,,,,,,,,,,,
,,,,,,,,,,,,,,,
,,,,,,,,,,,,,,,
,,,,,,,,,,,,,,,
,,,,,,,,,,,,,,,
,,,,,,,,,,,,,,,
,,,,,,,,,,,,,,,
,,,,,,,,,,,,,,,
,,,,,,,,,,,,,,,
,,,,,,,,,,,,,,,
,,,,,,,,,,,,,,,
,,,,,,,,,,,,,,,
,,,,,,,,,,,,,,,
,,,,,,,,,,,,,,,
,,,,,,,,,,,,,,,
,,,,,,,,,,,,,,,
,,,,,,,,,,,,,,,
,,,,,,,,,,,,,,,
,,,,,,,,,,,,,,,
,,,,,,,,,,,,,,,
,,,,,,,,,,,,,,,
,,,,,,,,,,,,,,,
,,,,,,,,,,,,,,,
,,,,,,,,,,,,,,,
,,,,,,,,,,,,,,,
,,,,,,,,,,,,,,,
,,,,,,,,,,,,,,,
,,,,,,,,,,,,,,,
,,,,,,,,,,,,,,,
,,,,,,,,,,,,,,,
,,,,,,,,,,,,,,,
,,,,,,,,,,,,,,,
,,,,,,,,,,,,,,,
,,,,,,,,,,,,,,,
,,,,,,,,,,,,,,,
,,,,,,,,,,,,,,,
,,,,,,,,,,,,,,,
,,,,,,,,,,,,,,,
,,,,,,,,,,,,,,,
,,,,,,,,,,,,,,,
,,,,,,,,,,,,,,,
,,,,,,,,,,,,,,,
,,,,,,,,,,,,,,,
,,,,,,,,,,,,,,,
,,,,,,,,,,,,,,,
,,,,,,,,,,,,,,,
,,,,,,,,,,,,,,,
,,,,,,,,,,,,,,,
,,,,,,,,,,,,,,,
,,,,,,,,,,,,,,,
,,,,,,,,,,,,,,,
,,,,,,,,,,,,,,,
,,,,,,,,,,,,,,,
,,,,,,,,,,,,,,,
,,,,,,,,,,,,,,,
,,,,,,,,,,,,,,,
,,,,,,,,,,,,,,,
,,,,,,,,,,,,,,,
,,,,,,,,,,,,,,,
,,,,,,,,,,,,,,,
,,,,,,,,,,,,,,,
,,,,,,,,,,,,,,,
,,,,,,,,,,,,,,,
,,,,,,,,,,,,,,,
,,,,,,,,,,,,,,,
,,,,,,,,,,,,,,,
,,,,,,,,,,,,,,,
,,,,,,,,,,,,,,,
,,,,,,,,,,,,,,,
,,,,,,,,,,,,,,,
,,,,,,,,,,,,,,,
,,,,,,,,,,,,,,,
,,,,,,,,,,,,,,,
,,,,,,,,,,,,,,,
,,,,,,,,,,,,,,,
,,,,,,,,,,,,,,,
,,,,,,,,,,,,,,,
,,,,,,,,,,,,,,,
,,,,,,,,,,,,,,,
,,,,,,,,,,,,,,,
,,,,,,,,,,,,,,,
,,,,,,,,,,,,,,,
,,,,,,,,,,,,,,,
,,,,,,,,,,,,,,,
,,,,,,,,,,,,,,,
,,,,,,,,,,,,,,,
,,,,,,,,,,,,,,,
,,,,,,,,,,,,,,,
,,,,,,,,,,,,,,,
,,,,,,,,,,,,,,,
,,,,,,,,,,,,,,,
,,,,,,,,,,,,,,,
,,,,,,,,,,,,,,,
,,,,,,,,,,,,,,,
,,,,,,,,,,,,,,,
,,,,,,,,,,,,,,,
,,,,,,,,,,,,,,,
,,,,,,,,,,,,,,,
,,,,,,,,,,,,,,,
,,,,,,,,,,,,,,,
,,,,,,,,,,,,,,,
,,,,,,,,,,,,,,,
,,,,,,,,,,,,,,,
,,,,,,,,,,,,,,,
,,,,,,,,,,,,,,,
,,,,,,,,,,,,,,,
,,,,,,,,,,,,,,,
,,,,,,,,,,,,,,,
,,,,,,,,,,,,,,,
,,,,,,,,,,,,,,,
,,,,,,,,,,,,,,,
,,,,,,,,,,,,,,,
,,,,,,,,,,,,,,,
,,,,,,,,,,,,,,,
,,,,,,,,,,,,,,,
,,,,,,,,,,,,,,,
,,,,,,,,,,,,,,,
,,,,,,,,,,,,,,,
,,,,,,,,,,,,,,,
,,,,,,,,,,,,,,,
,,,,,,,,,,,,,,,
,,,,,,,,,,,,,,,
,,,,,,,,,,,,,,,
,,,,,,,,,,,,,,,
,,,,,,,,,,,,,,,
,,,,,,,,,,,,,,,
,,,,,,,,,,,,,,,
,,,,,,,,,,,,,,,
,,,,,,,,,,,,,,,
,,,,,,,,,,,,,,,
,,,,,,,,,,,,,,,
,,,,,,,,,,,,,,,
,,,,,,,,,,,,,,,
,,,,,,,,,,,,,,,
,,,,,,,,,,,,,,,
,,,,,,,,,,,,,,,
,,,,,,,,,,,,,,,
,,,,,,,,,,,,,,,
,,,,,,,,,,,,,,,
,,,,,,,,,,,,,,,
,,,,,,,,,,,,,,,
,,,,,,,,,,,,,,,
,,,,,,,,,,,,,,,
,,,,,,,,,,,,,,,
,,,,,,,,,,,,,,,
,,,,,,,,,,,,,,,
,,,,,,,,,,,,,,,
,,,,,,,,,,,,,,,
,,,,,,,,,,,,,,,
,,,,,,,,,,,,,,,
,,,,,,,,,,,,,,,
,,,,,,,,,,,,,,,
,,,,,,,,,,,,,,,
,,,,,,,,,,,,,,,
,,,,,,,,,,,,,,,
,,,,,,,,,,,,,,,
,,,,,,,,,,,,,,,
,,,,,,,,,,,,,,,
,,,,,,,,,,,,,,,
,,,,,,,,,,,,,,,
,,,,,,,,,,,,,,,
,,,,,,,,,,,,,,,
,,,,,,,,,,,,,,,
,,,,,,,,,,,,,,,
,,,,,,,,,,,,,,,
,,,,,,,,,,,,,,,
,,,,,,,,,,,,,,,
,,,,,,,,,,,,,,,
,,,,,,,,,,,,,,,
,,,,,,,,,,,,,,,
,,,,,,,,,,,,,,,
,,,,,,,,,,,,,,,
,,,,,,,,,,,,,,,
,,,,,,,,,,,,,,,
,,,,,,,,,,,,,,,
,,,,,,,,,,,,,,,
,,,,,,,,,,,,,,,
,,,,,,,,,,,,,,,
,,,,,,,,,,,,,,,
,,,,,,,,,,,,,,,
,,,,,,,,,,,,,,,
,,,,,,,,,,,,,,,
,,,,,,,,,,,,,,,
,,,,,,,,,,,,,,,
,,,,,,,,,,,,,,,
,,,,,,,,,,,,,,,
,,,,,,,,,,,,,,,
,,,,,,,,,,,,,,,
,,,,,,,,,,,,,,,
,,,,,,,,,,,,,,,
,,,,,,,,,,,,,,,
,,,,,,,,,,,,,,,
,,,,,,,,,,,,,,,
,,,,,,,,,,,,,,,
,,,,,,,,,,,,,,,
,,,,,,,,,,,,,,,
,,,,,,,,,,,,,,,
,,,,,,,,,,,,,,,
,,,,,,,,,,,,,,,
,,,,,,,,,,,,,,,
,,,,,,,,,,,,,,,
,,,,,,,,,,,,,,,
,,,,,,,,,,,,,,,
,,,,,,,,,,,,,,,
,,,,,,,,,,,,,,,
,,,,,,,,,,,,,,,
,,,,,,,,,,,,,,,
,,,,,,,,,,,,,,,
,,,,,,,,,,,,,,,
,,,,,,,,,,,,,,,
,,,,,,,,,,,,,,,
,,,,,,,,,,,,,,,
,,,,,,,,,,,,,,,
,,,,,,,,,,,,,,,
,,,,,,,,,,,,,,,
,,,,,,,,,,,,,,,
,,,,,,,,,,,,,,,
,,,,,,,,,,,,,,,
,,,,,,,,,,,,,,,
,,,,,,,,,,,,,,,
,,,,,,,,,,,,,,,
,,,,,,,,,,,,,,,
,,,,,,,,,,,,,,,
,,,,,,,,,,,,,,,
,,,,,,,,,,,,,,,
,,,,,,,,,,,,,,,
,,,,,,,,,,,,,,,
,,,,,,,,,,,,,,,
,,,,,,,,,,,,,,,
,,,,,,,,,,,,,,,
,,,,,,,,,,,,,,,
,,,,,,,,,,,,,,,
,,,,,,,,,,,,,,,
,,,,,,,,,,,,,,,
,,,,,,,,,,,,,,,
,,,,,,,,,,,,,,,
,,,,,,,,,,,,,,,
,,,,,,,,,,,,,,,
,,,,,,,,,,,,,,,
,,,,,,,,,,,,,,,
,,,,,,,,,,,,,,,
,,,,,,,,,,,,,,,
,,,,,,,,,,,,,,,
,,,,,,,,,,,,,,,
,,,,,,,,,,,,,,,
,,,,,,,,,,,,,,,
,,,,,,,,,,,,,,,
,,,,,,,,,,,,,,,
,,,,,,,,,,,,,,,
,,,,,,,,,,,,,,,
,,,,,,,,,,,,,,,
,,,,,,,,,,,,,,,
,,,,,,,,,,,,,,,
,,,,,,,,,,,,,,,
,,,,,,,,,,,,,,,
,,,,,,,,,,,,,,,
,,,,,,,,,,,,,,,
,,,,,,,,,,,,,,,
,,,,,,,,,,,,,,,
,,,,,,,,,,,,,,,
,,,,,,,,,,,,,,,
,,,,,,,,,,,,,,,
,,,,,,,,,,,,,,,
,,,,,,,,,,,,,,,
,,,,,,,,,,,,,,,
,,,,,,,,,,,,,,,
,,,,,,,,,,,,,,,
,,,,,,,,,,,,,,,
,,,,,,,,,,,,,,,
,,,,,,,,,,,,,,,
,,,,,,,,,,,,,,,
,,,,,,,,,,,,,,,
,,,,,,,,,,,,,,,
,,,,,,,,,,,,,,,
,,,,,,,,,,,,,,,
,,,,,,,,,,,,,,,
,,,,,,,,,,,,,,,
,,,,,,,,,,,,,,,
,,,,,,,,,,,,,,,
,,,,,,,,,,,,,,,
,,,,,,,,,,,,,,,
,,,,,,,,,,,,,,,
,,,,,,,,,,,,,,,
,,,,,,,,,,,,,,,
,,,,,,,,,,,,,,,
,,,,,,,,,,,,,,,
,,,,,,,,,,,,,,,
,,,,,,,,,,,,,,,
,,,,,,,,,,,,,,,
,,,,,,,,,,,,,,,
,,,,,,,,,,,,,,,
,,,,,,,,,,,,,,,
,,,,,,,,,,,,,,,
,,,,,,,,,,,,,,,
,,,,,,,,,,,,,,,
,,,,,,,,,,,,,,,
,,,,,,,,,,,,,,,
,,,,,,,,,,,,,,,
,,,,,,,,,,,,,,,
,,,,,,,,,,,,,,,
,,,,,,,,,,,,,,,
,,,,,,,,,,,,,,,
,,,,,,,,,,,,,,,
,,,,,,,,,,,,,,,
,,,,,,,,,,,,,,,
,,,,,,,,,,,,,,,
,,,,,,,,,,,,,,,
,,,,,,,,,,,,,,,
,,,,,,,,,,,,,,,
,,,,,,,,,,,,,,,
,,,,,,,,,,,,,,,
,,,,,,,,,,,,,,,
,,,,,,,,,,,,,,,
,,,,,,,,,,,,,,,
,,,,,,,,,,,,,,,
,,,,,,,,,,,,,,,
,,,,,,,,,,,,,,,
,,,,,,,,,,,,,,,
,,,,,,,,,,,,,,,
,,,,,,,,,,,,,,,
,,,,,,,,,,,,,,,
,,,,,,,,,,,,,,,
,,,,,,,,,,,,,,,
,,,,,,,,,,,,,,,
,,,,,,,,,,,,,,,
,,,,,,,,,,,,,,,
,,,,,,,,,,,,,,,
,,,,,,,,,,,,,,,
,,,,,,,,,,,,,,,
,,,,,,,,,,,,,,,
,,,,,,,,,,,,,,,
,,,,,,,,,,,,,,,
,,,,,,,,,,,,,,,
,,,,,,,,,,,,,,,
,,,,,,,,,,,,,,,
,,,,,,,,,,,,,,,
,,,,,,,,,,,,,,,
,,,,,,,,,,,,,,,
,,,,,,,,,,,,,,,
,,,,,,,,,,,,,,,
,,,,,,,,,,,,,,,
,,,,,,,,,,,,,,,
,,,,,,,,,,,,,,,
,,,,,,,,,,,,,,,
,,,,,,,,,,,,,,,
,,,,,,,,,,,,,,,
,,,,,,,,,,,,,,,
,,,,,,,,,,,,,,,
,,,,,,,,,,,,,,,
,,,,,,,,,,,,,,,
,,,,,,,,,,,,,,,
,,,,,,,,,,,,,,,
,,,,,,,,,,,,,,,
,,,,,,,,,,,,,,,
,,,,,,,,,,,,,,,
,,,,,,,,,,,,,,,
,,,,,,,,,,,,,,,
,,,,,,,,,,,,,,,
,,,,,,,,,,,,,,,
,,,,,,,,,,,,,,,
,,,,,,,,,,,,,,,
,,,,,,,,,,,,,,,
,,,,,,,,,,,,,,,
,,,,,,,,,,,,,,,
,,,,,,,,,,,,,,,
,,,,,,,,,,,,,,,
,,,,,,,,,,,,,,,
,,,,,,,,,,,,,,,
,,,,,,,,,,,,,,,
,,,,,,,,,,,,,,,
,,,,,,,,,,,,,,,
,,,,,,,,,,,,,,,
,,,,,,,,,,,,,,,
,,,,,,,,,,,,,,,
,,,,,,,,,,,,,,,
,,,,,,,,,,,,,,,
,,,,,,,,,,,,,,,
,,,,,,,,,,,,,,,
,,,,,,,,,,,,,,,
,,,,,,,,,,,,,,,
,,,,,,,,,,,,,,,
,,,,,,,,,,,,,,,
,,,,,,,,,,,,,,,
,,,,,,,,,,,,,,,
,,,,,,,,,,,,,,,
,,,,,,,,,,,,,,,
,,,,,,,,,,,,,,,
,,,,,,,,,,,,,,,
,,,,,,,,,,,,,,,
,,,,,,,,,,,,,,,
,,,,,,,,,,,,,,,
,,,,,,,,,,,,,,,
,,,,,,,,,,,,,,,
,,,,,,,,,,,,,,,
,,,,,,,,,,,,,,,
,,,,,,,,,,,,,,,
,,,,,,,,,,,,,,,
,,,,,,,,,,,,,,,
,,,,,,,,,,,,,,,
,,,,,,,,,,,,,,,
,,,,,,,,,,,,,,,
,,,,,,,,,,,,,,,
,,,,,,,,,,,,,,,
,,,,,,,,,,,,,,,
,,,,,,,,,,,,,,,
,,,,,,,,,,,,,,,
,,,,,,,,,,,,,,,
,,,,,,,,,,,,,,,
,,,,,,,,,,,,,,,
,,,,,,,,,,,,,,,
,,,,,,,,,,,,,,,
,,,,,,,,,,,,,,,
,,,,,,,,,,,,,,,
,,,,,,,,,,,,,,,
,,,,,,,,,,,,,,,
,,,,,,,,,,,,,,,
,,,,,,,,,,,,,,,
,,,,,,,,,,,,,,,
,,,,,,,,,,,,,,,
,,,,,,,,,,,,,,,
,,,,,,,,,,,,,,,
,,,,,,,,,,,,,,,
,,,,,,,,,,,,,,,
,,,,,,,,,,,,,,,
,,,,,,,,,,,,,,,
,,,,,,,,,,,,,,,
,,,,,,,,,,,,,,,
,,,,,,,,,,,,,,,
,,,,,,,,,,,,,,,
,,,,,,,,,,,,,,,
,,,,,,,,,,,,,,,
,,,,,,,,,,,,,,,
,,,,,,,,,,,,,,,
,,,,,,,,,,,,,,,
,,,,,,,,,,,,,,,
,,,,,,,,,,,,,,,
,,,,,,,,,,,,,,,
,,,,,,,,,,,,,,,
,,,,,,,,,,,,,,,
,,,,,,,,,,,,,,,
,,,,,,,,,,,,,,,
,,,,,,,,,,,,,,,
,,,,,,,,,,,,,,,
,,,,,,,,,,,,,,,
,,,,,,,,,,,,,,,
,,,,,,,,,,,,,,,
,,,,,,,,,,,,,,,
,,,,,,,,,,,,,,,
,,,,,,,,,,,,,,,
,,,,,,,,,,,,,,,
,,,,,,,,,,,,,,,
,,,,,,,,,,,,,,,
,,,,,,,,,,,,,,,
,,,,,,,,,,,,,,,
,,,,,,,,,,,,,,,
,,,,,,,,,,,,,,,
,,,,,,,,,,,,,,,
,,,,,,,,,,,,,,,
,,,,,,,,,,,,,,,
,,,,,,,,,,,,,,,
,,,,,,,,,,,,,,,
,,,,,,,,,,,,,,,
,,,,,,,,,,,,,,,
,,,,,,,,,,,,,,,
,,,,,,,,,,,,,,,
,,,,,,,,,,,,,,,
,,,,,,,,,,,,,,,
,,,,,,,,,,,,,,,
,,,,,,,,,,,,,,,
,,,,,,,,,,,,,,,
,,,,,,,,,,,,,,,
,,,,,,,,,,,,,,,
,,,,,,,,,,,,,,,
,,,,,,,,,,,,,,,
,,,,,,,,,,,,,,,
,,,,,,,,,,,,,,,
,,,,,,,,,,,,,,,
,,,,,,,,,,,,,,,
,,,,,,,,,,,,,,,
,,,,,,,,,,,,,,,
,,,,,,,,,,,,,,,
,,,,,,,,,,,,,,,
,,,,,,,,,,,,,,,
,,,,,,,,,,,,,,,
,,,,,,,,,,,,,,,
,,,,,,,,,,,,,,,
,,,,,,,,,,,,,,,
,,,,,,,,,,,,,,,
,,,,,,,,,,,,,,,
,,,,,,,,,,,,,,,
,,,,,,,,,,,,,,,
,,,,,,,,,,,,,,,
,,,,,,,,,,,,,,,
,,,,,,,,,,,,,,,
,,,,,,,,,,,,,,,
,,,,,,,,,,,,,,,
,,,,,,,,,,,,,,,
,,,,,,,,,,,,,,,
,,,,,,,,,,,,,,,
,,,,,,,,,,,,,,,
,,,,,,,,,,,,,,,
,,,,,,,,,,,,,,,
,,,,,,,,,,,,,,,
,,,,,,,,,,,,,,,
,,,,,,,,,,,,,,,
,,,,,,,,,,,,,,,
,,,,,,,,,,,,,,,
,,,,,,,,,,,,,,,
,,,,,,,,,,,,,,,
,,,,,,,,,,,,,,,
,,,,,,,,,,,,,,,
,,,,,,,,,,,,,,,
,,,,,,,,,,,,,,,
,,,,,,,,,,,,,,,
,,,,,,,,,,,,,,,
,,,,,,,,,,,,,,,
,,,,,,,,,,,,,,,
,,,,,,,,,,,,,,,
,,,,,,,,,,,,,,,
,,,,,,,,,,,,,,,
,,,,,,,,,,,,,,,
,,,,,,,,,,,,,,,
,,,,,,,,,,,,,,,
,,,,,,,,,,,,,,,
,,,,,,,,,,,,,,,
,,,,,,,,,,,,,,,
,,,,,,,,,,,,,,,
,,,,,,,,,,,,,,,
,,,,,,,,,,,,,,,
,,,,,,,,,,,,,,,
,,,,,,,,,,,,,,,
,,,,,,,,,,,,,,,
,,,,,,,,,,,,,,,
,,,,,,,,,,,,,,,
,,,,,,,,,,,,,,,
,,,,,,,,,,,,,,,
,,,,,,,,,,,,,,,
,,,,,,,,,,,,,,,
,,,,,,,,,,,,,,,
,,,,,,,,,,,,,,,
,,,,,,,,,,,,,,,
,,,,,,,,,,,,,,,
,,,,,,,,,,,,,,,
,,,,,,,,,,,,,,,
,,,,,,,,,,,,,,,
,,,,,,,,,,,,,,,
,,,,,,,,,,,,,,,
,,,,,,,,,,,,,,,
,,,,,,,,,,,,,,,
,,,,,,,,,,,,,,,
,,,,,,,,,,,,,,,
,,,,,,,,,,,,,,,
,,,,,,,,,,,,,,,
,,,,,,,,,,,,,,,
,,,,,,,,,,,,,,,
,,,,,,,,,,,,,,,
,,,,,,,,,,,,,,,
,,,,,,,,,,,,,,,
,,,,,,,,,,,,,,,
,,,,,,,,,,,,,,,
,,,,,,,,,,,,,,,
,,,,,,,,,,,,,,,
,,,,,,,,,,,,,,,
,,,,,,,,,,,,,,,
,,,,,,,,,,,,,,,
,,,,,,,,,,,,,,,
,,,,,,,,,,,,,,,
,,,,,,,,,,,,,,,
,,,,,,,,,,,,,,,
,,,,,,,,,,,,,,,
,,,,,,,,,,,,,,,
,,,,,,,,,,,,,,,
,,,,,,,,,,,,,,,
,,,,,,,,,,,,,,,
,,,,,,,,,,,,,,,
,,,,,,,,,,,,,,,
,,,,,,,,,,,,,,,
,,,,,,,,,,,,,,,
,,,,,,,,,,,,,,,
,,,,,,,,,,,,,,,
,,,,,,,,,,,,,,,
,,,,,,,,,,,,,,,
,,,,,,,,,,,,,,,
,,,,,,,,,,,,,,,
,,,,,,,,,,,,,,,
,,,,,,,,,,,,,,,
,,,,,,,,,,,,,,,
,,,,,,,,,,,,,,,
,,,,,,,,,,,,,,,
,,,,,,,,,,,,,,,
,,,,,,,,,,,,,,,
,,,,,,,,,,,,,,,
,,,,,,,,,,,,,,,
,,,,,,,,,,,,,,,
,,,,,,,,,,,,,,,
,,,,,,,,,,,,,,,
,,,,,,,,,,,,,,,
,,,,,,,,,,,,,,,
,,,,,,,,,,,,,,,
,,,,,,,,,,,,,,,
,,,,,,,,,,,,,,,
,,,,,,,,,,,,,,,
,,,,,,,,,,,,,,,
,,,,,,,,,,,,,,,
,,,,,,,,,,,,,,,
,,,,,,,,,,,,,,,
,,,,,,,,,,,,,,,
,,,,,,,,,,,,,,,
,,,,,,,,,,,,,,,
,,,,,,,,,,,,,,,
,,,,,,,,,,,,,,,
,,,,,,,,,,,,,,,
,,,,,,,,,,,,,,,
,,,,,,,,,,,,,,,
,,,,,,,,,,,,,,,
,,,,,,,,,,,,,,,
,,,,,,,,,,,,,,,
,,,,,,,,,,,,,,,
,,,,,,,,,,,,,,,
,,,,,,,,,,,,,,,
,,,,,,,,,,,,,,,
,,,,,,,,,,,,,,,
,,,,,,,,,,,,,,,
,,,,,,,,,,,,,,,
,,,,,,,,,,,,,,,
,,,,,,,,,,,,,,,
,,,,,,,,,,,,,,,
,,,,,,,,,,,,,,,
,,,,,,,,,,,,,,,
,,,,,,,,,,,,,,,
,,,,,,,,,,,,,,,
,,,,,,,,,,,,,,,
,,,,,,,,,,,,,,,
,,,,,,,,,,,,,,,
,,,,,,,,,,,,,,,
,,,,,,,,,,,,,,,
,,,,,,,,,,,,,,,
,,,,,,,,,,,,,,,
,,,,,,,,,,,,,,,
,,,,,,,,,,,,,,,
,,,,,,,,,,,,,,,
,,,,,,,,,,,,,,,
,,,,,,,,,,,,,,,
,,,,,,,,,,,,,,,
,,,,,,,,,,,,,,,
,,,,,,,,,,,,,,,
,,,,,,,,,,,,,,,
,,,,,,,,,,,,,,,
,,,,,,,,,,,,,,,
,,,,,,,,,,,,,,,
,,,,,,,,,,,,,,,
,,,,,,,,,,,,,,,
,,,,,,,,,,,,,,,
,,,,,,,,,,,,,,,
,,,,,,,,,,,,,,,
,,,,,,,,,,,,,,,
,,,,,,,,,,,,,,,
,,,,,,,,,,,,,,,
,,,,,,,,,,,,,,,
,,,,,,,,,,,,,,,
,,,,,,,,,,,,,,,
,,,,,,,,,,,,,,,
,,,,,,,,,,,,,,,
,,,,,,,,,,,,,,,
,,,,,,,,,,,,,,,
,,,,,,,,,,,,,,,
,,,,,,,,,,,,,,,
,,,,,,,,,,,,,,,
,,,,,,,,,,,,,,,
,,,,,,,,,,,,,,,
,,,,,,,,,,,,,,,
,,,,,,,,,,,,,,,
,,,,,,,,,,,,,,,
,,,,,,,,,,,,,,,
,,,,,,,,,,,,,,,
,,,,,,,,,,,,,,,
,,,,,,,,,,,,,,,
,,,,,,,,,,,,,,,
,,,,,,,,,,,,,,,
,,,,,,,,,,,,,,,
,,,,,,,,,,,,,,,
,,,,,,,,,,,,,,,
,,,,,,,,,,,,,,,
,,,,,,,,,,,,,,,
,,,,,,,,,,,,,,,
,,,,,,,,,,,,,,,
,,,,,,,,,,,,,,,
,,,,,,,,,,,,,,,
,,,,,,,,,,,,,,,
,,,,,,,,,,,,,,,
,,,,,,,,,,,,,,,
,,,,,,,,,,,,,,,
,,,,,,,,,,,,,,,
,,,,,,,,,,,,,,,
,,,,,,,,,,,,,,,
,,,,,,,,,,,,,,,
,,,,,,,,,,,,,,,
,,,,,,,,,,,,,,,
,,,,,,,,,,,,,,,
,,,,,,,,,,,,,,,
,,,,,,,,,,,,,,,
,,,,,,,,,,,,,,,
,,,,,,,,,,,,,,,
,,,,,,,,,,,,,,,
,,,,,,,,,,,,,,,
,,,,,,,,,,,,,,,
,,,,,,,,,,,,,,,
,,,,,,,,,,,,,,,
,,,,,,,,,,,,,,,
,,,,,,,,,,,,,,,
,,,,,,,,,,,,,,,
,,,,,,,,,,,,,,,
,,,,,,,,,,,,,,,
,,,,,,,,,,,,,,,
,,,,,,,,,,,,,,,
,,,,,,,,,,,,,,,
,,,,,,,,,,,,,,,
,,,,,,,,,,,,,,,
,,,,,,,,,,,,,,,
,,,,,,,,,,,,,,,
,,,,,,,,,,,,,,,
,,,,,,,,,,,,,,,
,,,,,,,,,,,,,,,
,,,,,,,,,,,,,,,
,,,,,,,,,,,,,,,
,,,,,,,,,,,,,,,
,,,,,,,,,,,,,,,
,,,,,,,,,,,,,,,
,,,,,,,,,,,,,,,
,,,,,,,,,,,,,,,
,,,,,,,,,,,,,,,
,,,,,,,,,,,,,,,
,,,,,,,,,,,,,,,
,,,,,,,,,,,,,,,
,,,,,,,,,,,,,,,
,,,,,,,,,,,,,,,
,,,,,,,,,,,,,,,
,,,,,,,,,,,,,,,
,,,,,,,,,,,,,,,
,,,,,,,,,,,,,,,
,,,,,,,,,,,,,,,
,,,,,,,,,,,,,,,
,,,,,,,,,,,,,,,
,,,,,,,,,,,,,,,
,,,,,,,,,,,,,,,
,,,,,,,,,,,,,,,
,,,,,,,,,,,,,,,
,,,,,,,,,,,,,,,
,,,,,,,,,,,,,,,
,,,,,,,,,,,,,,,
,,,,,,,,,,,,,,,
,,,,,,,,,,,,,,,
,,,,,,,,,,,,,,,
,,,,,,,,,,,,,,,
,,,,,,,,,,,,,,,
,,,,,,,,,,,,,,,
,,,,,,,,,,,,,,,
,,,,,,,,,,,,,,,
,,,,,,,,,,,,,,,
,,,,,,,,,,,,,,,
,,,,,,,,,,,,,,,
,,,,,,,,,,,,,,,
,,,,,,,,,,,,,,,
,,,,,,,,,,,,,,,
,,,,,,,,,,,,,,,
,,,,,,,,,,,,,,,
,,,,,,,,,,,,,,,
,,,,,,,,,,,,,,,
,,,,,,,,,,,,,,,
,,,,,,,,,,,,,,,
,,,,,,,,,,,,,,,
,,,,,,,,,,,,,,,
,,,,,,,,,,,,,,,
,,,,,,,,,,,,,,,
,,,,,,,,,,,,,,,
,,,,,,,,,,,,,,,
,,,,,,,,,,,,,,,
,,,,,,,,,,,,,,,
,,,,,,,,,,,,,,,
,,,,,,,,,,,,,,,
,,,,,,,,,,,,,,,
,,,,,,,,,,,,,,,
,,,,,,,,,,,,,,,
,,,,,,,,,,,,,,,
,,,,,,,,,,,,,,,
,,,,,,,,,,,,,,,
,,,,,,,,,,,,,,,
,,,,,,,,,,,,,,,
,,,,,,,,,,,,,,,
,,,,,,,,,,,,,,,
,,,,,,,,,,,,,,,
,,,,,,,,,,,,,,,
,,,,,,,,,,,,,,,
,,,,,,,,,,,,,,,
,,,,,,,,,,,,,,,
,,,,,,,,,,,,,,,
,,,,,,,,,,,,,,,
,,,,,,,,,,,,,,,
,,,,,,,,,,,,,,,
,,,,,,,,,,,,,,,
,,,,,,,,,,,,,,,
,,,,,,,,,,,,,,,
,,,,,,,,,,,,,,,
,,,,,,,,,,,,,,,
,,,,,,,,,,,,,,,
,,,,,,,,,,,,,,,
,,,,,,,,,,,,,,,
,,,,,,,,,,,,,,,
,,,,,,,,,,,,,,,
,,,,,,,,,,,,,,,
,,,,,,,,,,,,,,,
,,,,,,,,,,,,,,,
,,,,,,,,,,,,,,,
,,,,,,,,,,,,,,,
,,,,,,,,,,,,,,,
,,,,,,,,,,,,,,,
,,,,,,,,,,,,,,,
,,,,,,,,,,,,,,,
,,,,,,,,,,,,,,,
,,,,,,,,,,,,,,,
,,,,,,,,,,,,,,,
,,,,,,,,,,,,,,,
,,,,,,,,,,,,,,,
,,,,,,,,,,,,,,,
,,,,,,,,,,,,,,,
,,,,,,,,,,,,,,,
,,,,,,,,,,,,,,,
,,,,,,,,,,,,,,,
,,,,,,,,,,,,,,,
,,,,,,,,,,,,,,,
,,,,,,,,,,,,,,,
,,,,,,,,,,,,,,,
,,,,,,,,,,,,,,,
,,,,,,,,,,,,,,,
,,,,,,,,,,,,,,,
,,,,,,,,,,,,,,,
,,,,,,,,,,,,,,,
,,,,,,,,,,,,,,,
,,,,,,,,,,,,,,,
,,,,,,,,,,,,,,,
,,,,,,,,,,,,,,,
,,,,,,,,,,,,,,,
,,,,,,,,,,,,,,,
,,,,,,,,,,,,,,,
,,,,,,,,,,,,,,,
,,,,,,,,,,,,,,,
,,,,,,,,,,,,,,,
,,,,,,,,,,,,,,,
,,,,,,,,,,,,,,,
,,,,,,,,,,,,,,,
,,,,,,,,,,,,,,,
,,,,,,,,,,,,,,,
,,,,,,,,,,,,,,,
,,,,,,,,,,,,,,,
,,,,,,,,,,,,,,,
,,,,,,,,,,,,,,,
,,,,,,,,,,,,,,,
,,,,,,,,,,,,,,,
,,,,,,,,,,,,,,,
,,,,,,,,,,,,,,,
,,,,,,,,,,,,,,,
,,,,,,,,,,,,,,,
,,,,,,,,,,,,,,,
,,,,,,,,,,,,,,,
,,,,,,,,,,,,,,,
,,,,,,,,,,,,,,,
,,,,,,,,,,,,,,,
,,,,,,,,,,,,,,,
,,,,,,,,,,,,,,,
,,,,,,,,,,,,,,,
,,,,,,,,,,,,,,,
,,,,,,,,,,,,,,,
,,,,,,,,,,,,,,,
,,,,,,,,,,,,,,,
,,,,,,,,,,,,,,,
,,,,,,,,,,,,,,,
,,,,,,,,,,,,,,,
,,,,,,,,,,,,,,,
,,,,,,,,,,,,,,,
,,,,,,,,,,,,,,,
,,,,,,,,,,,,,,,
,,,,,,,,,,,,,,,
,,,,,,,,,,,,,,,
,,,,,,,,,,,,,,,
,,,,,,,,,,,,,,,
,,,,,,,,,,,,,,,
,,,,,,,,,,,,,,,
,,,,,,,,,,,,,,,
,,,,,,,,,,,,,,,
,,,,,,,,,,,,,,,
,,,,,,,,,,,,,,,
,,,,,,,,,,,,,,,
,,,,,,,,,,,,,,,
,,,,,,,,,,,,,,,
,,,,,,,,,,,,,,,
,,,,,,,,,,,,,,,
,,,,,,,,,,,,,,,
,,,,,,,,,,,,,,,
,,,,,,,,,,,,,,,
,,,,,,,,,,,,,,,
,,,,,,,,,,,,,,,
,,,,,,,,,,,,,,,
,,,,,,,,,,,,,,,
,,,,,,,,,,,,,,,
,,,,,,,,,,,,,,,
,,,,,,,,,,,,,,,
,,,,,,,,,,,,,,,
,,,,,,,,,,,,,,,
,,,,,,,,,,,,,,,
,,,,,,,,,,,,,,,
,,,,,,,,,,,,,,,
,,,,,,,,,,,,,,,
,,,,,,,,,,,,,,,
,,,,,,,,,,,,,,,
,,,,,,,,,,,,,,,
,,,,,,,,,,,,,,,
,,,,,,,,,,,,,,,
,,,,,,,,,,,,,,,
,,,,,,,,,,,,,,,
,,,,,,,,,,,,,,,
,,,,,,,,,,,,,,,
,,,,,,,,,,,,,,,
,,,,,,,,,,,,,,,
,,,,,,,,,,,,,,,
,,,,,,,,,,,,,,,
,,,,,,,,,,,,,,,
,,,,,,,,,,,,,,,
,,,,,,,,,,,,,,,
,,,,,,,,,,,,,,,
,,,,,,,,,,,,,,,
,,,,,,,,,,,,,,,
,,,,,,,,,,,,,,,
,,,,,,,,,,,,,,,
,,,,,,,,,,,,,,,
,,,,,,,,,,,,,,,
,,,,,,,,,,,,,,,
,,,,,,,,,,,,,,,
,,,,,,,,,,,,,,,
,,,,,,,,,,,,,,,
,,,,,,,,,,,,,,,
,,,,,,,,,,,,,,,
,,,,,,,,,,,,,,,
,,,,,,,,,,,,,,,
,,,,,,,,,,,,,,,
,,,,,,,,,,,,,,,
,,,,,,,,,,,,,,,
,,,,,,,,,,,,,,,
,,,,,,,,,,,,,,,
,,,,,,,,,,,,,,,
,,,,,,,,,,,,,,,
,,,,,,,,,,,,,,,
,,,,,,,,,,,,,,,
,,,,,,,,,,,,,,,
,,,,,,,,,,,,,,,
,,,,,,,,,,,,,,,
,,,,,,,,,,,,,,,
,,,,,,,,,,,,,,,
,,,,,,,,,,,,,,,
,,,,,,,,,,,,,,,
,,,,,,,,,,,,,,,
,,,,,,,,,,,,,,,
,,,,,,,,,,,,,,,
,,,,,,,,,,,,,,,
,,,,,,,,,,,,,,,
,,,,,,,,,,,,,,,
,,,,,,,,,,,,,,,
,,,,,,,,,,,,,,,
,,,,,,,,,,,,,,,
,,,,,,,,,,,,,,,
,,,,,,,,,,,,,,,
,,,,,,,,,,,,,,,
,,,,,,,,,,,,,,,
,,,,,,,,,,,,,,,
,,,,,,,,,,,,,,,
,,,,,,,,,,,,,,,
,,,,,,,,,,,,,,,
,,,,,,,,,,,,,,,
,,,,,,,,,,,,,,,
,,,,,,,,,,,,,,,
,,,,,,,,,,,,,,,
,,,,,,,,,,,,,,,
,,,,,,,,,,,,,,,
,,,,,,,,,,,,,,,
,,,,,,,,,,,,,,,
,,,,,,,,,,,,,,,
,,,,,,,,,,,,,,,
,,,,,,,,,,,,,,,
,,,,,,,,,,,,,,,
,,,,,,,,,,,,,,,
,,,,,,,,,,,,,,,
,,,,,,,,,,,,,,,
,,,,,,,,,,,,,,,
,,,,,,,,,,,,,,,
,,,,,,,,,,,,,,,
,,,,,,,,,,,,,,,
,,,,,,,,,,,,,,,
,,,,,,,,,,,,,,,
,,,,,,,,,,,,,,,
,,,,,,,,,,,,,,,
,,,,,,,,,,,,,,,
,,,,,,,,,,,,,,,
,,,,,,,,,,,,,,,
,,,,,,,,,,,,,,,
,,,,,,,,,,,,,,,
,,,,,,,,,,,,,,,
,,,,,,,,,,,,,,,
,,,,,,,,,,,,,,,
,,,,,,,,,,,,,,,
,,,,,,,,,,,,,,,
,,,,,,,,,,,,,,,
,,,,,,,,,,,,,,,
,,,,,,,,,,,,,,,
,,,,,,,,,,,,,,,
,,,,,,,,,,,,,,,
,,,,,,,,,,,,,,,
,,,,,,,,,,,,,,,
,,,,,,,,,,,,,,,
,,,,,,,,,,,,,,,
,,,,,,,,,,,,,,,
,,,,,,,,,,,,,,,
,,,,,,,,,,,,,,,
,,,,,,,,,,,,,,,
,,,,,,,,,,,,,,,
,,,,,,,,,,,,,,,
,,,,,,,,,,,,,,,
,,,,,,,,,,,,,,,
,,,,,,,,,,,,,,,
,,,,,,,,,,,,,,,
,,,,,,,,,,,,,,,
,,,,,,,,,,,,,,,
,,,,,,,,,,,,,,,
,,,,,,,,,,,,,,,
,,,,,,,,,,,,,,,
,,,,,,,,,,,,,,,
,,,,,,,,,,,,,,,
,,,,,,,,,,,,,,,
,,,,,,,,,,,,,,,
,,,,,,,,,,,,,,,
,,,,,,,,,,,,,,,
,,,,,,,,,,,,,,,
,,,,,,,,,,,,,,,
,,,,,,,,,,,,,,,
,,,,,,,,,,,,,,,
,,,,,,,,,,,,,,,
,,,,,,,,,,,,,,,
,,,,,,,,,,,,,,,
,,,,,,,,,,,,,,,
,,,,,,,,,,,,,,,
,,,,,,,,,,,,,,,
,,,,,,,,,,,,,,,
,,,,,,,,,,,,,,,
,,,,,,,,,,,,,,,
,,,,,,,,,,,,,,,
,,,,,,,,,,,,,,,
,,,,,,,,,,,,,,,
,,,,,,,,,,,,,,,
,,,,,,,,,,,,,,,
,,,,,,,,,,,,,,,
,,,,,,,,,,,,,,,
,,,,,,,,,,,,,,,
,,,,,,,,,,,,,,,
,,,,,,,,,,,,,,,
,,,,,,,,,,,,,,,
,,,,,,,,,,,,,,,
,,,,,,,,,,,,,,,
,,,,,,,,,,,,,,,
,,,,,,,,,,,,,,,
,,,,,,,,,,,,,,,
,,,,,,,,,,,,,,,
,,,,,,,,,,,,,,,
,,,,,,,,,,,,,,,
,,,,,,,,,,,,,,,
,,,,,,,,,,,,,,,
,,,,,,,,,,,,,,,
,,,,,,,,,,,,,,,
,,,,,,,,,,,,,,,
,,,,,,,,,,,,,,,
,,,,,,,,,,,,,,,
,,,,,,,,,,,,,,,
,,,,,,,,,,,,,,,
,,,,,,,,,,,,,,,
,,,,,,,,,,,,,,,
,,,,,,,,,,,,,,,
,,,,,,,,,,,,,,,
,,,,,,,,,,,,,,,
,,,,,,,,,,,,,,,
,,,,,,,,,,,,,,,
,,,,,,,,,,,,,,,
,,,,,,,,,,,,,,,
,,,,,,,,,,,,,,,
,,,,,,,,,,,,,,,
,,,,,,,,,,,,,,,
,,,,,,,,,,,,,,,
,,,,,,,,,,,,,,,
,,,,,,,,,,,,,,,
,,,,,,,,,,,,,,,
,,,,,,,,,,,,,,,
,,,,,,,,,,,,,,,
,,,,,,,,,,,,,,,
,,,,,,,,,,,,,,,
,,,,,,,,,,,,,,,
,,,,,,,,,,,,,,,
,,,,,,,,,,,,,,,
,,,,,,,,,,,,,,,
,,,,,,,,,,,,,,,
,,,,,,,,,,,,,,,
,,,,,,,,,,,,,,,
,,,,,,,,,,,,,,,
,,,,,,,,,,,,,,,
,,,,,,,,,,,,,,,
,,,,,,,,,,,,,,,
,,,,,,,,,,,,,,,
,,,,,,,,,,,,,,,
,,,,,,,,,,,,,,,
,,,,,,,,,,,,,,,
,,,,,,,,,,,,,,,
,,,,,,,,,,,,,,,
,,,,,,,,,,,,,,,
,,,,,,,,,,,,,,,
,,,,,,,,,,,,,,,
,,,,,,,,,,,,,,,
,,,,,,,,,,,,,,,
,,,,,,,,,,,,,,,
,,,,,,,,,,,,,,,
,,,,,,,,,,,,,,,
,,,,,,,,,,,,,,,
,,,,,,,,,,,,,,,
,,,,,,,,,,,,,,,
,,,,,,,,,,,,,,,
,,,,,,,,,,,,,,,
,,,,,,,,,,,,,,,
,,,,,,,,,,,,,,,
,,,,,,,,,,,,,,,
,,,,,,,,,,,,,,,
,,,,,,,,,,,,,,,
,,,,,,,,,,,,,,,
,,,,,,,,,,,,,,,
,,,,,,,,,,,,,,,
,,,,,,,,,,,,,,,
,,,,,,,,,,,,,,,
,,,,,,,,,,,,,,,
,,,,,,,,,,,,,,,
,,,,,,,,,,,,,,,
,,,,,,,,,,,,,,,
,,,,,,,,,,,,,,,
,,,,,,,,,,,,,,,
,,,,,,,,,,,,,,,
,,,,,,,,,,,,,,,
,,,,,,,,,,,,,,,
,,,,,,,,,,,,,,,
,,,,,,,,,,,,,,,
,,,,,,,,,,,,,,,
,,,,,,,,,,,,,,,
,,,,,,,,,,,,,,,
,,,,,,,,,,,,,,,
,,,,,,,,,,,,,,,
,,,,,,,,,,,,,,,
,,,,,,,,,,,,,,,
,,,,,,,,,,,,,,,
,,,,,,,,,,,,,,,
,,,,,,,,,,,,,,,
,,,,,,,,,,,,,,,
,,,,,,,,,,,,,,,
,,,,,,,,,,,,,,,
,,,,,,,,,,,,,,,
,,,,,,,,,,,,,,,
,,,,,,,,,,,,,,,
,,,,,,,,,,,,,,,
,,,,,,,,,,,,,,,
,,,,,,,,,,,,,,,
,,,,,,,,,,,,,,,
,,,,,,,,,,,,,,,
,,,,,,,,,,,,,,,
,,,,,,,,,,,,,,,
,,,,,,,,,,,,,,,
,,,,,,,,,,,,,,,
,,,,,,,,,,,,,,,
,,,,,,,,,,,,,,,
,,,,,,,,,,,,,,,
,,,,,,,,,,,,,,,
,,,,,,,,,,,,,,,
,,,,,,,,,,,,,,,
,,,,,,,,,,,,,,,
,,,,,,,,,,,,,,,
,,,,,,,,,,,,,,,
,,,,,,,,,,,,,,,
,,,,,,,,,,,,,,,
,,,,,,,,,,,,,,,
,,,,,,,,,,,,,,,
,,,,,,,,,,,,,,,
,,,,,,,,,,,,,,,
,,,,,,,,,,,,,,,
,,,,,,,,,,,,,,,
,,,,,,,,,,,,,,,
,,,,,,,,,,,,,,,
,,,,,,,,,,,,,,,
,,,,,,,,,,,,,,,
,,,,,,,,,,,,,,,
,,,,,,,,,,,,,,,
,,,,,,,,,,,,,,,
,,,,,,,,,,,,,,,
,,,,,,,,,,,,,,,
,,,,,,,,,,,,,,,
,,,,,,,,,,,,,,,
,,,,,,,,,,,,,,,
,,,,,,,,,,,,,,,
,,,,,,,,,,,,,,,
,,,,,,,,,,,,,,,
,,,,,,,,,,,,,,,
,,,,,,,,,,,,,,,
,,,,,,,,,,,,,,,
,,,,,,,,,,,,,,,
,,,,,,,,,,,,,,,
,,,,,,,,,,,,,,,
,,,,,,,,,,,,,,,
,,,,,,,,,,,,,,,
,,,,,,,,,,,,,,,
,,,,,,,,,,,,,,,
,,,,,,,,,,,,,,,
,,,,,,,,,,,,,,,
,,,,,,,,,,,,,,,
,,,,,,,,,,,,,,,
,,,,,,,,,,,,,,,
,,,,,,,,,,,,,,,
,,,,,,,,,,,,,,,
,,,,,,,,,,,,,,,
,,,,,,,,,,,,,,,
,,,,,,,,,,,,,,,
,,,,,,,,,,,,,,,
,,,,,,,,,,,,,,,
,,,,,,,,,,,,,,,
,,,,,,,,,,,,,,,
,,,,,,,,,,,,,,,
,,,,,,,,,,,,,,,
,,,,,,,,,,,,,,,
,,,,,,,,,,,,,,,
,,,,,,,,,,,,,,,
,,,,,,,,,,,,,,,
,,,,,,,,,,,,,,,
,,,,,,,,,,,,,,,
,,,,,,,,,,,,,,,
,,,,,,,,,,,,,,,
,,,,,,,,,,,,,,,
,,,,,,,,,,,,,,,
,,,,,,,,,,,,,,,
,,,,,,,,,,,,,,,
,,,,,,,,,,,,,,,
,,,,,,,,,,,,,,,
,,,,,,,,,,,,,,,
,,,,,,,,,,,,,,,
,,,,,,,,,,,,,,,
,,,,,,,,,,,,,,,
,,,,,,,,,,,,,,,
,,,,,,,,,,,,,,,
,,,,,,,,,,,,,,,
,,,,,,,,,,,,,,,
,,,,,,,,,,,,,,,
,,,,,,,,,,,,,,,
,,,,,,,,,,,,,,,
,,,,,,,,,,,,,,,
,,,,,,,,,,,,,,,
,,,,,,,,,,,,,,,
,,,,,,,,,,,,,,,
,,,,,,,,,,,,,,,
,,,,,,,,,,,,,,,
,,,,,,,,,,,,,,,
,,,,,,,,,,,,,,,
,,,,,,,,,,,,,,,
,,,,,,,,,,,,,,,
,,,,,,,,,,,,,,,
,,,,,,,,,,,,,,,
,,,,,,,,,,,,,,,
,,,,,,,,,,,,,,,
,,,,,,,,,,,,,,,
,,,,,,,,,,,,,,,
,,,,,,,,,,,,,,,
,,,,,,,,,,,,,,,
,,,,,,,,,,,,,,,
,,,,,,,,,,,,,,,
,,,,,,,,,,,,,,,
,,,,,,,,,,,,,,,
,,,,,,,,,,,,,,,
,,,,,,,,,,,,,,,
,,,,,,,,,,,,,,,
,,,,,,,,,,,,,,,
,,,,,,,,,,,,,,,
,,,,,,,,,,,,,,,
,,,,,,,,,,,,,,,
,,,,,,,,,,,,,,,
,,,,,,,,,,,,,,,
,,,,,,,,,,,,,,,
,,,,,,,,,,,,,,,
,,,,,,,,,,,,,,,
,,,,,,,,,,,,,,,
,,,,,,,,,,,,,,,
,,,,,,,,,,,,,,,
,,,,,,,,,,,,,,,
,,,,,,,,,,,,,,,
,,,,,,,,,,,,,,,
,,,,,,,,,,,,,,,
,,,,,,,,,,,,,,,
,,,,,,,,,,,,,,,
,,,,,,,,,,,,,,,
,,,,,,,,,,,,,,,
,,,,,,,,,,,,,,,
,,,,,,,,,,,,,,,
,,,,,,,,,,,,,,,
,,,,,,,,,,,,,,,
,,,,,,,,,,,,,,,
,,,,,,,,,,,,,,,
,,,,,,,,,,,,,,,
,,,,,,,,,,,,,,,
,,,,,,,,,,,,,,,
,,,,,,,,,,,,,,,
,,,,,,,,,,,,,,,
,,,,,,,,,,,,,,,
,,,,,,,,,,,,,,,
,,,,,,,,,,,,,,,
,,,,,,,,,,,,,,,
,,,,,,,,,,,,,,,
,,,,,,,,,,,,,,,
,,,,,,,,,,,,,,,
,,,,,,,,,,,,,,,
,,,,,,,,,,,,,,,
,,,,,,,,,,,,,,,
,,,,,,,,,,,,,,,
,,,,,,,,,,,,,,,
,,,,,,,,,,,,,,,
,,,,,,,,,,,,,,,
,,,,,,,,,,,,,,,
,,,,,,,,,,,,,,,
,,,,,,,,,,,,,,,
,,,,,,,,,,,,,,,
,,,,,,,,,,,,,,,
,,,,,,,,,,,,,,,
,,,,,,,,,,,,,,,
,,,,,,,,,,,,,,,
,,,,,,,,,,,,,,,
,,,,,,,,,,,,,,,
,,,,,,,,,,,,,,,
,,,,,,,,,,,,,,,
,,,,,,,,,,,,,,,
,,,,,,,,,,,,,,,
,,,,,,,,,,,,,,,
,,,,,,,,,,,,,,,
,,,,,,,,,,,,,,,
,,,,,,,,,,,,,,,
,,,,,,,,,,,,,,,
,,,,,,,,,,,,,,,
,,,,,,,,,,,,,,,
,,,,,,,,,,,,,,,
,,,,,,,,,,,,,,,
,,,,,,,,,,,,,,,
,,,,,,,,,,,,,,,
,,,,,,,,,,,,,,,
,,,,,,,,,,,,,,,
,,,,,,,,,,,,,,,
,,,,,,,,,,,,,,,
,,,,,,,,,,,,,,,
,,,,,,,,,,,,,,,
,,,,,,,,,,,,,,,
,,,,,,,,,,,,,,,
,,,,,,,,,,,,,,,
,,,,,,,,,,,,,,,
,,,,,,,,,,,,,,,
,,,,,,,,,,,,,,,
,,,,,,,,,,,,,,,
,,,,,,,,,,,,,,,
,,,,,,,,,,,,,,,
,,,,,,,,,,,,,,,
,,,,,,,,,,,,,,,
,,,,,,,,,,,,,,,
,,,,,,,,,,,,,,,
,,,,,,,,,,,,,,,
,,,,,,,,,,,,,,,
,,,,,,,,,,,,,,,
,,,,,,,,,,,,,,,
,,,,,,,,,,,,,,,
,,,,,,,,,,,,,,,
,,,,,,,,,,,,,,,
,,,,,,,,,,,,,,,
,,,,,,,,,,,,,,,
,,,,,,,,,,,,,,,
,,,,,,,,,,,,,,,
,,,,,,,,,,,,,,,
,,,,,,,,,,,,,,,
,,,,,,,,,,,,,,,
,,,,,,,,,,,,,,,
,,,,,,,,,,,,,,,
,,,,,,,,,,,,,,,
,,,,,,,,,,,,,,,
,,,,,,,,,,,,,,,
,,,,,,,,,,,,,,,
,,,,,,,,,,,,,,,
,,,,,,,,,,,,,,,
,,,,,,,,,,,,,,,
,,,,,,,,,,,,,,,
,,,,,,,,,,,,,,,
,,,,,,,,,,,,,,,
,,,,,,,,,,,,,,,
,,,,,,,,,,,,,,,
,,,,,,,,,,,,,,,
,,,,,,,,,,,,,,,
,,,,,,,,,,,,,,,
,,,,,,,,,,,,,,,
,,,,,,,,,,,,,,,
,,,,,,,,,,,,,,,
,,,,,,,,,,,,,,,
,,,,,,,,,,,,,,,
,,,,,,,,,,,,,,,
,,,,,,,,,,,,,,,
,,,,,,,,,,,,,,,
,,,,,,,,,,,,,,,
,,,,,,,,,,,,,,,
,,,,,,,,,,,,,,,
,,,,,,,,,,,,,,,
,,,,,,,,,,,,,,,
,,,,,,,,,,,,,,,
,,,,,,,,,,,,,,,
,,,,,,,,,,,,,,,
,,,,,,,,,,,,,,,
,,,,,,,,,,,,,,,
,,,,,,,,,,,,,,,
,,,,,,,,,,,,,,,
,,,,,,,,,,,,,,,
,,,,,,,,,,,,,,,
,,,,,,,,,,,,,,,
,,,,,,,,,,,,,,,
,,,,,,,,,,,,,,,
,,,,,,,,,,,,,,,
,,,,,,,,,,,,,,,
,,,,,,,,,,,,,,,
,,,,,,,,,,,,,,,
,,,,,,,,,,,,,,,
,,,,,,,,,,,,,,,
,,,,,,,,,,,,,,,
,,,,,,,,,,,,,,,
,,,,,,,,,,,,,,,
,,,,,,,,,,,,,,,
,,,,,,,,,,,,,,,
,,,,,,,,,,,,,,,
,,,,,,,,,,,,,,,
,,,,,,,,,,,,,,,
,,,,,,,,,,,,,,,
,,,,,,,,,,,,,,,
,,,,,,,,,,,,,,,
,,,,,,,,,,,,,,,
,,,,,,,,,,,,,,,
,,,,,,,,,,,,,,,
,,,,,,,,,,,,,,,
,,,,,,,,,,,,,,,
,,,,,,,,,,,,,,,
,,,,,,,,,,,,,,,
,,,,,,,,,,,,,,,
,,,,,,,,,,,,,,,
,,,,,,,,,,,,,,,
,,,,,,,,,,,,,,,
,,,,,,,,,,,,,,,
,,,,,,,,,,,,,,,
,,,,,,,,,,,,,,,
,,,,,,,,,,,,,,,
,,,,,,,,,,,,,,,
,,,,,,,,,,,,,,,
,,,,,,,,,,,,,,,
,,,,,,,,,,,,,,,
,,,,,,,,,,,,,,,
,,,,,,,,,,,,,,,
,,,,,,,,,,,,,,,
,,,,,,,,,,,,,,,
,,,,,,,,,,,,,,,
,,,,,,,,,,,,,,,
,,,,,,,,,,,,,,,
,,,,,,,,,,,,,,,
,,,,,,,,,,,,,,,
,,,,,,,,,,,,,,,
,,,,,,,,,,,,,,,
,,,,,,,,,,,,,,,
,,,,,,,,,,,,,,,
,,,,,,,,,,,,,,,
,,,,,,,,,,,,,,,
,,,,,,,,,,,,,,,
,,,,,,,,,,,,,,,
,,,,,,,,,,,,,,,
,,,,,,,,,,,,,,,
,,,,,,,,,,,,,,,
,,,,,,,,,,,,,,,
,,,,,,,,,,,,,,,
,,,,,,,,,,,,,,,
,,,,,,,,,,,,,,,
,,,,,,,,,,,,,,,
,,,,,,,,,,,,,,,
,,,,,,,,,,,,,,,
,,,,,,,,,,,,,,,
,,,,,,,,,,,,,,,
,,,,,,,,,,,,,,,
,,,,,,,,,,,,,,,
,,,,,,,,,,,,,,,
,,,,,,,,,,,,,,,
,,,,,,,,,,,,,,,
,,,,,,,,,,,,,,,
,,,,,,,,,,,,,,,
,,,,,,,,,,,,,,,
,,,,,,,,,,,,,,,
,,,,,,,,,,,,,,,
,,,,,,,,,,,,,,,
,,,,,,,,,,,,,,,
,,,,,,,,,,,,,,,
,,,,,,,,,,,,,,,
,,,,,,,,,,,,,,,
,,,,,,,,,,,,,,,
,,,,,,,,,,,,,,,
,,,,,,,,,,,,,,,
,,,,,,,,,,,,,,,
,,,,,,,,,,,,,,,
,,,,,,,,,,,,,,,
,,,,,,,,,,,,,,,
,,,,,,,,,,,,,,,
,,,,,,,,,,,,,,,
,,,,,,,,,,,,,,,
,,,,,,,,,,,,,,,
,,,,,,,,,,,,,,,
,,,,,,,,,,,,,,,
,,,,,,,,,,,,,,,
,,,,,,,,,,,,,,,
,,,,,,,,,,,,,,,
,,,,,,,,,,,,,,,
,,,,,,,,,,,,,,,
,,,,,,,,,,,,,,,
,,,,,,,,,,,,,,,
,,,,,,,,,,,,,,,
,,,,,,,,,,,,,,,
,,,,,,,,,,,,,,,
,,,,,,,,,,,,,,,
,,,,,,,,,,,,,,,
,,,,,,,,,,,,,,,
,,,,,,,,,,,,,,,
,,,,,,,,,,,,,,,
,,,,,,,,,,,,,,,
,,,,,,,,,,,,,,,
,,,,,,,,,,,,,,,
,,,,,,,,,,,,,,,
,,,,,,,,,,,,,,,
,,,,,,,,,,,,,,,
,,,,,,,,,,,,,,,
,,,,,,,,,,,,,,,
,,,,,,,,,,,,,,,
,,,,,,,,,,,,,,,
,,,,,,,,,,,,,,,
,,,,,,,,,,,,,,,
,,,,,,,,,,,,,,,
,,,,,,,,,,,,,,,
,,,,,,,,,,,,,,,
,,,,,,,,,,,,,,,
,,,,,,,,,,,,,,,
,,,,,,,,,,,,,,,
,,,,,,,,,,,,,,,
,,,,,,,,,,,,,,,
,,,,,,,,,,,,,,,
,,,,,,,,,,,,,,,
,,,,,,,,,,,,,,,
,,,,,,,,,,,,,,,
,,,,,,,,,,,,,,,
,,,,,,,,,,,,,,,
,,,,,,,,,,,,,,,
,,,,,,,,,,,,,,,
,,,,,,,,,,,,,,,
,,,,,,,,,,,,,,,
,,,,,,,,,,,,,,,
,,,,,,,,,,,,,,,
,,,,,,,,,,,,,,,
,,,,,,,,,,,,,,,
,,,,,,,,,,,,,,,
,,,,,,,,,,,,,,,
,,,,,,,,,,,,,,,
,,,,,,,,,,,,,,,
,,,,,,,,,,,,,,,
,,,,,,,,,,,,,,,
,,,,,,,,,,,,,,,
,,,,,,,,,,,,,,,
,,,,,,,,,,,,,,,
,,,,,,,,,,,,,,,
,,,,,,,,,,,,,,,
,,,,,,,,,,,,,,,
,,,,,,,,,,,,,,,
,,,,,,,,,,,,,,,
,,,,,,,,,,,,,,,
,,,,,,,,,,,,,,,
,,,,,,,,,,,,,,,
,,,,,,,,,,,,,,,
,,,,,,,,,,,,,,,
,,,,,,,,,,,,,,,
,,,,,,,,,,,,,,,
,,,,,,,,,,,,,,,
,,,,,,,,,,,,,,,
,,,,,,,,,,,,,,,
,,,,,,,,,,,,,,,
,,,,,,,,,,,,,,,
,,,,,,,,,,,,,,,
,,,,,,,,,,,,,,,
,,,,,,,,,,,,,,,
,,,,,,,,,,,,,,,
,,,,,,,,,,,,,,,
,,,,,,,,,,,,,,,
,,,,,,,,,,,,,,,
,,,,,,,,,,,,,,,
,,,,,,,,,,,,,,,
,,,,,,,,,,,,,,,
,,,,,,,,,,,,,,,
,,,,,,,,,,,,,,,
,,,,,,,,,,,,,,,
,,,,,,,,,,,,,,,
,,,,,,,,,,,,,,,
,,,,,,,,,,,,,,,
,,,,,,,,,,,,,,,
,,,,,,,,,,,,,,,
,,,,,,,,,,,,,,,
,,,,,,,,,,,,,,,
,,,,,,,,,,,,,,,
,,,,,,,,,,,,,,,
,,,,,,,,,,,,,,,
,,,,,,,,,,,,,,,
,,,,,,,,,,,,,,,
,,,,,,,,,,,,,,,
,,,,,,,,,,,,,,,
,,,,,,,,,,,,,,,
,,,,,,,,,,,,,,,
,,,,,,,,,,,,,,,
,,,,,,,,,,,,,,,
,,,,,,,,,,,,,,,
,,,,,,,,,,,,,,,
,,,,,,,,,,,,,,,
,,,,,,,,,,,,,,,
,,,,,,,,,,,,,,,
,,,,,,,,,,,,,,,
,,,,,,,,,,,,,,,
,,,,,,,,,,,,,,,
,,,,,,,,,,,,,,,
,,,,,,,,,,,,,,,
,,,,,,,,,,,,,,,
,,,,,,,,,,,,,,,
,,,,,,,,,,,,,,,
,,,,,,,,,,,,,,,
,,,,,,,,,,,,,,,
,,,,,,,,,,,,,,,
,,,,,,,,,,,,,,,
,,,,,,,,,,,,,,,
,,,,,,,,,,,,,,,
,,,,,,,,,,,,,,,
,,,,,,,,,,,,,,,
,,,,,,,,,,,,,,,
,,,,,,,,,,,,,,,
,,,,,,,,,,,,,,,
,,,,,,,,,,,,,,,
,,,,,,,,,,,,,,,
,,,,,,,,,,,,,,,
,,,,,,,,,,,,,,,
,,,,,,,,,,,,,,,
,,,,,,,,,,,,,,,
,,,,,,,,,,,,,,,
,,,,,,,,,,,,,,,
,,,,,,,,,,,,,,,
,,,,,,,,,,,,,,,
,,,,,,,,,,,,,,,
,,,,,,,,,,,,,,,
,,,,,,,,,,,,,,,
,,,,,,,,,,,,,,,
,,,,,,,,,,,,,,,
,,,,,,,,,,,,,,,
,,,,,,,,,,,,,,,
,,,,,,,,,,,,,,,
,,,,,,,,,,,,,,,
,,,,,,,,,,,,,,,
,,,,,,,,,,,,,,,
,,,,,,,,,,,,,,,
,,,,,,,,,,,,,,,
,,,,,,,,,,,,,,,
,,,,,,,,,,,,,,,
,,,,,,,,,,,,,,,
,,,,,,,,,,,,,,,
,,,,,,,,,,,,,,,
,,,,,,,,,,,,,,,
,,,,,,,,,,,,,,,
,,,,,,,,,,,,,,,
,,,,,,,,,,,,,,,
,,,,,,,,,,,,,,,
,,,,,,,,,,,,,,,
,,,,,,,,,,,,,,,
,,,,,,,,,,,,,,,
,,,,,,,,,,,,,,,
,,,,,,,,,,,,,,,
,,,,,,,,,,,,,,,
,,,,,,,,,,,,,,,
,,,,,,,,,,,,,,,
,,,,,,,,,,,,,,,
,,,,,,,,,,,,,,,
,,,,,,,,,,,,,,,
,,,,,,,,,,,,,,,
,,,,,,,,,,,,,,,
,,,,,,,,,,,,,,,
,,,,,,,,,,,,,,,
,,,,,,,,,,,,,,,
,,,,,,,,,,,,,,,
,,,,,,,,,,,,,,,
,,,,,,,,,,,,,,,
,,,,,,,,,,,,,,,
,,,,,,,,,,,,,,,
,,,,,,,,,,,,,,,
,,,,,,,,,,,,,,,
,,,,,,,,,,,,,,,
,,,,,,,,,,,,,,,
,,,,,,,,,,,,,,,
,,,,,,,,,,,,,,,
,,,,,,,,,,,,,,,
,,,,,,,,,,,,,,,
,,,,,,,,,,,,,,,
,,,,,,,,,,,,,,,
,,,,,,,,,,,,,,,
,,,,,,,,,,,,,,,
,,,,,,,,,,,,,,,
,,,,,,,,,,,,,,,
,,,,,,,,,,,,,,,
,,,,,,,,,,,,,,,
,,,,,,,,,,,,,,,
,,,,,,,,,,,,,,,
,,,,,,,,,,,,,,,
,,,,,,,,,,,,,,,
,,,,,,,,,,,,,,,
,,,,,,,,,,,,,,,
,,,,,,,,,,,,,,,
,,,,,,,,,,,,,,,
,,,,,,,,,,,,,,,
,,,,,,,,,,,,,,,
,,,,,,,,,,,,,,,
,,,,,,,,,,,,,,,
,,,,,,,,,,,,,,,
,,,,,,,,,,,,,,,
,,,,,,,,,,,,,,,
,,,,,,,,,,,,,,,
,,,,,,,,,,,,,,,
,,,,,,,,,,,,,,,
,,,,,,,,,,,,,,,
,,,,,,,,,,,,,,,
,,,,,,,,,,,,,,,
,,,,,,,,,,,,,,,
,,,,,,,,,,,,,,,
,,,,,,,,,,,,,,,
,,,,,,,,,,,,,,,
,,,,,,,,,,,,,,,
,,,,,,,,,,,,,,,
,,,,,,,,,,,,,,,
,,,,,,,,,,,,,,,
,,,,,,,,,,,,,,,
,,,,,,,,,,,,,,,
,,,,,,,,,,,,,,,
,,,,,,,,,,,,,,,
,,,,,,,,,,,,,,,
,,,,,,,,,,,,,,,
,,,,,,,,,,,,,,,
,,,,,,,,,,,,,,,
,,,,,,,,,,,,,,,
,,,,,,,,,,,,,,,
,,,,,,,,,,,,,,,
,,,,,,,,,,,,,,,
,,,,,,,,,,,,,,,
,,,,,,,,,,,,,,,
,,,,,,,,,,,,,,,
,,,,,,,,,,,,,,,
,,,,,,,,,,,,,,,
,,,,,,,,,,,,,,,
,,,,,,,,,,,,,,,
,,,,,,,,,,,,,,,
,,,,,,,,,,,,,,,
,,,,,,,,,,,,,,,
,,,,,,,,,,,,,,,
,,,,,,,,,,,,,,,
,,,,,,,,,,,,,,,
,,,,,,,,,,,,,,,
,,,,,,,,,,,,,,,
,,,,,,,,,,,,,,,
,,,,,,,,,,,,,,,
,,,,,,,,,,,,,,,
,,,,,,,,,,,,,,,
,,,,,,,,,,,,,,,
,,,,,,,,,,,,,,,
,,,,,,,,,,,,,,,
,,,,,,,,,,,,,,,
,,,,,,,,,,,,,,,
,,,,,,,,,,,,,,,
,,,,,,,,,,,,,,,
,,,,,,,,,,,,,,,
,,,,,,,,,,,,,,,
,,,,,,,,,,,,,,,
,,,,,,,,,,,,,,,
,,,,,,,,,,,,,,,
,,,,,,,,,,,,,,,
,,,,,,,,,,,,,,,
,,,,,,,,,,,,,,,
,,,,,,,,,,,,,,,
,,,,,,,,,,,,,,,
,,,,,,,,,,,,,,,
,,,,,,,,,,,,,,,
,,,,,,,,,,,,,,,
,,,,,,,,,,,,,,,
,,,,,,,,,,,,,,,
,,,,,,,,,,,,,,,
,,,,,,,,,,,,,,,
,,,,,,,,,,,,,,,
,,,,,,,,,,,,,,,
,,,,,,,,,,,,,,,
,,,,,,,,,,,,,,,
,,,,,,,,,,,,,,,
,,,,,,,,,,,,,,,
,,,,,,,,,,,,,,,
,,,,,,,,,,,,,,,
,,,,,,,,,,,,,,,
,,,,,,,,,,,,,,,
,,,,,,,,,,,,,,,
,,,,,,,,,,,,,,,
,,,,,,,,,,,,,,,
,,,,,,,,,,,,,,,
,,,,,,,,,,,,,,,
,,,,,,,,,,,,,,,
,,,,,,,,,,,,,,,
,,,,,,,,,,,,,,,
,,,,,,,,,,,,,,,
,,,,,,,,,,,,,,,
,,,,,,,,,,,,,,,
,,,,,,,,,,,,,,,
,,,,,,,,,,,,,,,
,,,,,,,,,,,,,,,
,,,,,,,,,,,,,,,
,,,,,,,,,,,,,,,
,,,,,,,,,,,,,,,
,,,,,,,,,,,,,,,
,,,,,,,,,,,,,,,
,,,,,,,,,,,,,,,
,,,,,,,,,,,,,,,
,,,,,,,,,,,,,,,
,,,,,,,,,,,,,,,
,,,,,,,,,,,,,,,
,,,,,,,,,,,,,,,
,,,,,,,,,,,,,,,
,,,,,,,,,,,,,,,
,,,,,,,,,,,,,,,
,,,,,,,,,,,,,,,
,,,,,,,,,,,,,,,
,,,,,,,,,,,,,,,
,,,,,,,,,,,,,,,
,,,,,,,,,,,,,,,
,,,,,,,,,,,,,,,
,,,,,,,,,,,,,,,
,,,,,,,,,,,,,,,
,,,,,,,,,,,,,,,
,,,,,,,,,,,,,,,
,,,,,,,,,,,,,,,
,,,,,,,,,,,,,,,
,,,,,,,,,,,,,,,
,,,,,,,,,,,,,,,
,,,,,,,,,,,,,,,
,,,,,,,,,,,,,,,
,,,,,,,,,,,,,,,
,,,,,,,,,,,,,,,
,,,,,,,,,,,,,,,
,,,,,,,,,,,,,,,
,,,,,,,,,,,,,,,
,,,,,,,,,,,,,,,
,,,,,,,,,,,,,,,
,,,,,,,,,,,,,,,
,,,,,,,,,,,,,,,
,,,,,,,,,,,,,,,
,,,,,,,,,,,,,,,
,,,,,,,,,,,,,,,
,,,,,,,,,,,,,,,
,,,,,,,,,,,,,,,
,,,,,,,,,,,,,,,
,,,,,,,,,,,,,,,
,,,,,,,,,,,,,,,
,,,,,,,,,,,,,,,
,,,,,,,,,,,,,,,
,,,,,,,,,,,,,,,
,,,,,,,,,,,,,,,
,,,,,,,,,,,,,,,
,,,,,,,,,,,,,,,
,,,,,,,,,,,,,,,
,,,,,,,,,,,,,,,
,,,,,,,,,,,,,,,
,,,,,,,,,,,,,,,
,,,,,,,,,,,,,,,
,,,,,,,,,,,,,,,
,,,,,,,,,,,,,,,
,,,,,,,,,,,,,,,
,,,,,,,,,,,,,,,
,,,,,,,,,,,,,,,
,,,,,,,,,,,,,,,
,,,,,,,,,,,,,,,
,,,,,,,,,,,,,,,
,,,,,,,,,,,,,,,
,,,,,,,,,,,,,,,
,,,,,,,,,,,,,,,
,,,,,,,,,,,,,,,
,,,,,,,,,,,,,,,
,,,,,,,,,,,,,,,
,,,,,,,,,,,,,,,
,,,,,,,,,,,,,,,
,,,,,,,,,,,,,,,
,,,,,,,,,,,,,,,
,,,,,,,,,,,,,,,
,,,,,,,,,,,,,,,
,,,,,,,,,,,,,,,
,,,,,,,,,,,,,,,
,,,,,,,,,,,,,,,
,,,,,,,,,,,,,,,
,,,,,,,,,,,,,,,
,,,,,,,,,,,,,,,
,,,,,,,,,,,,,,,
,,,,,,,,,,,,,,,
,,,,,,,,,,,,,,,
,,,,,,,,,,,,,,,
,,,,,,,,,,,,,,,
,,,,,,,,,,,,,,,
,,,,,,,,,,,,,,,
,,,,,,,,,,,,,,,
,,,,,,,,,,,,,,,
,,,,,,,,,,,,,,,
,,,,,,,,,,,,,,,
,,,,,,,,,,,,,,,
,,,,,,,,,,,,,,,
,,,,,,,,,,,,,,,
,,,,,,,,,,,,,,,
,,,,,,,,,,,,,,,
,,,,,,,,,,,,,,,
,,,,,,,,,,,,,,,
,,,,,,,,,,,,,,,
,,,,,,,,,,,,,,,
,,,,,,,,,,,,,,,
,,,,,,,,,,,,,,,
,,,,,,,,,,,,,,,
,,,,,,,,,,,,,,,
,,,,,,,,,,,,,,,
,,,,,,,,,,,,,,,
,,,,,,,,,,,,,,,
,,,,,,,,,,,,,,,
,,,,,,,,,,,,,,,
,,,,,,,,,,,,,,,
,,,,,,,,,,,,,,,
,,,,,,,,,,,,,,,
,,,,,,,,,,,,,,,
,,,,,,,,,,,,,,,
,,,,,,,,,,,,,,,
,,,,,,,,,,,,,,,
,,,,,,,,,,,,,,,
,,,,,,,,,,,,,,,
,,,,,,,,,,,,,,,
,,,,,,,,,,,,,,,
,,,,,,,,,,,,,,,
,,,,,,,,,,,,,,,
,,,,,,,,,,,,,,,
,,,,,,,,,,,,,,,
,,,,,,,,,,,,,,,
,,,,,,,,,,,,,,,
,,,,,,,,,,,,,,,
,,,,,,,,,,,,,,,
,,,,,,,,,,,,,,,
,,,,,,,,,,,,,,,
,,,,,,,,,,,,,,,
,,,,,,,,,,,,,,,
,,,,,,,,,,,,,,,
,,,,,,,,,,,,,,,
,,,,,,,,,,,,,,,
,,,,,,,,,,,,,,,
,,,,,,,,,,,,,,,
,,,,,,,,,,,,,,,
,,,,,,,,,,,,,,,
,,,,,,,,,,,,,,,
,,,,,,,,,,,,,,,
,,,,,,,,,,,,,,,
,,,,,,,,,,,,,,,
,,,,,,,,,,,,,,,
,,,,,,,,,,,,,,,
,,,,,,,,,,,,,,,
,,,,,,,,,,,,,,,
,,,,,,,,,,,,,,,
,,,,,,,,,,,,,,,
,,,,,,,,,,,,,,,
,,,,,,,,,,,,,,,
,,,,,,,,,,,,,,,
,,,,,,,,,,,,,,,
,,,,,,,,,,,,,,,
,,,,,,,,,,,,,,,
,,,,,,,,,,,,,,,
,,,,,,,,,,,,,,,
,,,,,,,,,,,,,,,
,,,,,,,,,,,,,,,
,,,,,,,,,,,,,,,
,,,,,,,,,,,,,,,
,,,,,,,,,,,,,,,
,,,,,,,,,,,,,,,
,,,,,,,,,,,,,,,
,,,,,,,,,,,,,,,
,,,,,,,,,,,,,,,
,,,,,,,,,,,,,,,
,,,,,,,,,,,,,,,
,,,,,,,,,,,,,,,
,,,,,,,,,,,,,,,
,,,,,,,,,,,,,,,
,,,,,,,,,,,,,,,
,,,,,,,,,,,,,,,
,,,,,,,,,,,,,,,
,,,,,,,,,,,,,,,
,,,,,,,,,,,,,,,
,,,,,,,,,,,,,,,
,,,,,,,,,,,,,,,
,,,,,,,,,,,,,,,
,,,,,,,,,,,,,,,
,,,,,,,,,,,,,,,
,,,,,,,,,,,,,,,
,,,,,,,,,,,,,,,
,,,,,,,,,,,,,,,
,,,,,,,,,,,,,,,
,,,,,,,,,,,,,,,
,,,,,,,,,,,,,,,
,,,,,,,,,,,,,,,
,,,,,,,,,,,,,,,
,,,,,,,,,,,,,,,
,,,,,,,,,,,,,,,
,,,,,,,,,,,,,,,
,,,,,,,,,,,,,,,
,,,,,,,,,,,,,,,
,,,,,,,,,,,,,,,
,,,,,,,,,,,,,,,
,,,,,,,,,,,,,,,
,,,,,,,,,,,,,,,
,,,,,,,,,,,,,,,
,,,,,,,,,,,,,,,
,,,,,,,,,,,,,,,
,,,,,,,,,,,,,,,
,,,,,,,,,,,,,,,
,,,,,,,,,,,,,,,
,,,,,,,,,,,,,,,
,,,,,,,,,,,,,,,
,,,,,,,,,,,,,,,
,,,,,,,,,,,,,,,
,,,,,,,,,,,,,,,
,,,,,,,,,,,,,,,
,,,,,,,,,,,,,,,
,,,,,,,,,,,,,,,
,,,,,,,,,,,,,,,
,,,,,,,,,,,,,,,
,,,,,,,,,,,,,,,
,,,,,,,,,,,,,,,
,,,,,,,,,,,,,,,
,,,,,,,,,,,,,,,
,,,,,,,,,,,,,,,
,,,,,,,,,,,,,,,
,,,,,,,,,,,,,,,
,,,,,,,,,,,,,,,
,,,,,,,,,,,,,,,
,,,,,,,,,,,,,,,
,,,,,,,,,,,,,,,
,,,,,,,,,,,,,,,
,,,,,,,,,,,,,,,
,,,,,,,,,,,,,,,
,,,,,,,,,,,,,,,
,,,,,,,,,,,,,,,
,,,,,,,,,,,,,,,
,,,,,,,,,,,,,,,
,,,,,,,,,,,,,,,
,,,,,,,,,,,,,,,
,,,,,,,,,,,,,,,
,,,,,,,,,,,,,,,
,,,,,,,,,,,,,,,
,,,,,,,,,,,,,,,
,,,,,,,,,,,,,,,
,,,,,,,,,,,,,,,
,,,,,,,,,,,,,,,
,,,,,,,,,,,,,,,
,,,,,,,,,,,,,,,
,,,,,,,,,,,,,,,
,,,,,,,,,,,,,,,
,,,,,,,,,,,,,,,
,,,,,,,,,,,,,,,
,,,,,,,,,,,,,,,
,,,,,,,,,,,,,,,
,,,,,,,,,,,,,,,
,,,,,,,,,,,,,,,
,,,,,,,,,,,,,,,
,,,,,,,,,,,,,,,
,,,,,,,,,,,,,,,
,,,,,,,,,,,,,,,
,,,,,,,,,,,,,,,
,,,,,,,,,,,,,,,
,,,,,,,,,,,,,,,
,,,,,,,,,,,,,,,
,,,,,,,,,,,,,,,
,,,,,,,,,,,,,,,
,,,,,,,,,,,,,,,
,,,,,,,,,,,,,,,
,,,,,,,,,,,,,,,
,,,,,,,,,,,,,,,
