X1,Y1,Z1,X2,Y2,Z2,X3,Y3,Z3,X4,Y4,Z4,X5,Y5,Z5,Activity
328,453,395,581,449,489,319,427,449,528,462,388,431,313,416,Run
373,513,447,622,488,525,363,486,511,601,526,439,491,356,473,Run
388,534,465,637,501,538,378,506,532,625,547,457,511,370,492,Run
392,540,473,641,506,540,382,512,538,632,550,462,514,374,500,Run
392,543,476,641,506,540,382,515,541,635,553,462,514,378,497,Run
392,543,476,641,506,540,382,515,541,635,553,462,517,376,500,Run
392,543,476,641,506,540,382,515,541,635,553,462,517,376,495,Run
392,543,476,641,506,540,382,515,541,635,553,462,517,374,495,Run
392,543,476,641,506,540,382,515,541,635,553,462,517,376,495,Run
394,545,474,643,506,540,383,513,540,634,555,467,516,378,497,Run
394,545,474,643,506,540,383,513,541,634,555,467,516,378,497,Run
394,545,473,643,506,540,383,513,540,634,555,467,516,378,497,Run
393,546,473,643,506,541,383,513,540,634,555,468,516,377,498,Run
393,546,473,643,506,542,383,513,540,634,555,468,516,377,498,Run
393,546,473,643,506,542,383,513,540,634,555,468,516,376,498,Run
393,546,473,643,506,542,383,513,540,634,555,468,516,376,498,Run
393,546,473,643,506,542,383,513,540,634,555,468,516,378,498,Run
393,546,473,643,506,542,383,513,540,634,555,468,517,378,498,Run
393,546,473,643,506,542,383,513,540,634,555,468,517,376,499,Run
393,546,473,643,506,542,383,513,540,634,555,467,517,378,498,Run
393,546,473,643,506,542,383,514,540,634,555,467,517,377,498,Run
393,546,474,643,506,542,383,514,540,635,555,467,517,378,497,Run
394,544,474,643,506,542,383,514,540,635,556,467,517,375,496,Run
394,544,475,643,506,542,383,514,540,635,556,466,517,377,496,Run
394,544,475,643,506,542,383,514,540,635,556,466,517,378,497,Run
394,544,475,643,506,542,383,514,540,635,557,466,517,378,497,Run
394,543,475,643,506,542,383,514,540,635,558,466,517,378,497,Run
394,543,475,643,506,542,383,513,540,635,557,466,517,377,497,Run
394,544,475,643,506,542,383,513,540,635,557,466,517,377,497,Run
393,544,474,643,506,542,383,513,540,635,557,467,517,377,497,Run
393,544,474,643,506,542,383,513,540,635,557,467,517,377,497,Run
393,544,473,643,506,542,383,513,540,635,557,467,517,377,497,Run
393,544,473,643,506,542,383,513,540,635,557,468,517,377,497,Run
393,544,473,643,506,542,383,513,540,635,557,468,518,377,496,Run
393,544,473,643,506,542,383,513,540,635,557,468,518,377,499,Run
393,545,473,643,506,542,383,513,540,635,557,468,518,378,495,Run
393,545,473,643,506,542,383,513,540,635,557,468,518,377,498,Run
393,545,473,643,506,542,383,513,540,635,556,468,518,376,496,Run
394,545,473,643,506,542,383,513,540,635,556,468,518,376,496,Run
394,545,473,643,506,542,383,513,540,635,556,467,518,378,497,Run
394,545,473,643,506,542,383,513,540,635,556,467,518,378,497,Run
394,545,473,643,506,542,383,513,540,635,556,467,518,378,497,Run
394,546,473,643,506,542,383,513,540,635,556,467,518,378,496,Run
394,546,473,643,506,542,383,513,540,635,556,466,518,377,497,Run
394,546,473,643,506,542,383,513,540,635,556,466,518,377,496,Run
394,546,473,643,506,542,383,513,540,635,556,467,518,377,496,Run
394,546,473,643,506,542,383,513,540,635,557,467,518,377,496,Run
394,545,473,643,506,542,383,513,540,635,557,467,518,377,496,Run
394,545,473,643,506,541,383,513,540,635,557,467,517,377,496,Run
394,545,474,643,506,541,383,513,540,635,558,467,517,377,499,Run
394,545,474,643,506,541,383,513,540,635,559,466,517,379,496,Run
394,545,475,643,506,541,383,513,540,635,559,465,517,376,499,Run
394,545,475,643,506,541,383,513,540,635,559,466,517,378,496,Run
394,545,475,643,506,541,383,513,540,635,559,466,517,376,496,Run
394,545,475,643,506,541,383,513,540,635,559,466,517,378,497,Run
394,545,475,643,506,542,383,513,540,635,559,465,517,378,497,Run
394,545,475,643,506,542,383,513,540,635,559,466,517,378,497,Run
394,545,475,643,506,542,383,513,540,635,559,466,517,378,496,Run
394,546,475,643,506,542,383,513,540,635,559,466,517,377,497,Run
394,546,475,643,506,542,383,513,540,635,559,466,517,378,496,Run
394,546,475,643,506,542,383,513,540,635,559,466,517,377,496,Run
394,546,475,643,506,542,383,513,540,635,559,466,517,377,496,Run
394,546,475,643,506,542,383,513,540,635,559,466,517,377,496,Run
394,546,474,643,506,542,383,513,540,635,559,466,517,377,496,Run
394,546,474,643,506,542,383,513,540,635,559,466,517,376,496,Run
394,546,474,643,506,542,383,513,540,635,558,466,517,378,496,Run
394,546,474,643,506,542,383,513,540,634,558,466,517,376,495,Run
394,546,474,643,506,542,383,513,540,634,558,467,517,378,495,Run
394,546,474,643,506,542,383,513,540,634,558,467,517,375,494,Run
394,546,474,643,506,542,383,513,540,634,558,467,517,376,494,Run
394,546,474,643,506,542,383,513,540,634,558,466,517,377,495,Run
394,546,474,643,506,542,383,513,540,634,558,466,517,377,495,Run
394,546,474,643,506,542,383,513,540,634,559,466,517,377,496,Run
394,546,475,643,506,542,383,513,540,634,559,466,517,377,495,Run
394,547,475,643,506,542,383,513,540,634,559,465,517,377,495,Run
394,545,475,643,506,542,383,513,540,634,559,465,517,376,495,Run
394,545,475,643,506,542,383,513,540,634,559,465,517,376,495,Run
394,545,475,643,506,542,383,513,540,634,559,465,517,377,495,Run
394,545,475,643,506,542,383,513,540,634,559,465,517,377,495,Run
394,544,475,643,506,542,383,513,540,634,559,465,517,377,495,Run
394,546,475,643,506,542,383,513,540,634,559,466,517,377,497,Run
394,546,475,643,506,542,383,513,540,634,559,465,517,379,493,Run
394,546,475,643,506,541,383,513,540,634,559,465,517,376,496,Run
394,546,474,643,506,541,383,512,540,634,560,465,517,378,493,Run
394,546,474,643,506,541,383,512,540,634,559,466,517,376,494,Run
394,546,474,643,506,541,383,512,540,634,560,466,517,378,495,Run
394,546,474,643,506,541,383,512,540,633,559,465,517,378,495,Run
394,545,475,643,506,541,383,512,540,633,559,466,517,378,495,Run
394,545,475,643,506,541,383,512,540,634,559,466,517,378,494,Run
394,546,475,643,505,541,383,512,540,634,559,466,517,378,495,Run
394,546,475,643,505,541,383,512,540,634,559,466,517,378,495,Run
394,546,475,643,505,541,383,512,540,634,559,466,517,377,495,Run
394,546,475,643,505,541,383,512,540,634,559,466,517,377,495,Run
394,546,475,643,505,541,383,512,540,634,559,466,517,377,495,Run
394,546,475,643,505,541,383,512,540,634,560,466,517,377,495,Run
394,546,475,643,505,541,383,512,540,634,560,466,517,376,496,Run
394,546,475,643,505,541,383,512,540,634,560,466,517,378,495,Run
394,546,475,643,505,541,383,513,540,634,560,466,517,377,494,Run
394,546,475,643,505,541,383,513,540,634,560,466,517,379,494,Run
394,546,474,643,505,541,383,512,540,634,559,466,517,377,494,Run
394,546,474,643,505,541,383,512,540,634,559,466,517,378,494,Run
394,546,474,644,505,541,384,513,540,633,559,466,517,378,494,Run
394,545,474,643,506,541,384,513,540,632,559,466,518,379,494,Run
395,544,474,643,504,541,385,513,540,629,559,467,519,380,494,Run
395,544,474,640,503,541,385,513,540,629,560,468,520,380,493,Run
395,544,474,640,504,543,383,513,540,632,560,468,521,379,492,Run
391,543,474,644,507,542,382,513,541,635,562,470,521,378,492,Run
391,542,474,645,507,539,382,511,542,635,563,470,521,377,492,Run
395,542,474,645,510,539,382,509,542,635,563,470,521,378,492,Run
398,542,473,645,506,539,382,508,542,635,563,470,521,379,491,Run
398,542,473,645,508,540,383,505,542,635,563,470,522,380,491,Run
398,542,473,643,509,540,383,505,541,635,563,470,523,380,495,Run
397,542,473,643,509,540,383,505,542,636,563,469,523,380,491,Run
395,542,473,643,511,540,383,507,542,636,563,468,524,377,495,Run
394,544,473,643,511,540,383,507,541,636,563,468,524,379,491,Run
395,545,473,643,512,540,383,505,541,633,563,468,524,379,491,Run
397,548,473,640,507,541,383,501,541,631,561,468,523,384,494,Run
397,551,473,641,513,541,383,498,541,631,560,468,520,385,495,Run
399,555,473,641,510,542,377,500,542,631,560,467,516,387,495,Run
401,560,471,640,507,543,366,506,546,630,557,466,512,391,496,Run
403,563,470,640,509,544,353,508,544,630,554,466,510,389,499,Run
403,572,470,640,507,544,343,505,537,634,552,466,505,384,500,Run
401,592,469,641,511,546,341,509,541,642,550,464,504,375,501,Run
403,610,469,644,510,549,361,507,560,646,546,463,504,371,500,Run
408,614,468,645,510,550,368,532,564,642,543,463,505,371,500,Run
411,613,467,644,511,549,378,509,552,638,543,461,505,373,499,Run
412,623,466,644,513,549,392,471,543,636,543,460,506,373,499,Run
412,629,467,642,511,550,402,459,539,632,543,458,508,378,502,Run
416,624,468,641,510,551,408,454,538,627,541,458,508,384,503,Run
418,624,467,640,510,550,401,460,536,627,540,458,506,388,503,Run
419,632,467,641,513,550,391,469,535,627,540,458,503,389,503,Run
423,634,467,640,517,552,383,472,535,630,540,460,503,389,503,Run
428,631,470,639,512,551,377,472,534,634,544,460,504,385,506,Run
438,625,473,639,510,553,373,475,531,636,546,460,504,385,508,Run
448,621,472,642,529,555,371,482,530,636,552,460,504,387,505,Run
461,606,471,643,531,555,367,492,534,634,558,459,504,390,505,Run
476,584,474,644,525,557,366,504,539,634,570,458,508,392,508,Run
484,560,479,644,521,559,370,518,546,630,581,456,509,390,514,Run
479,545,484,649,522,560,379,545,555,625,591,453,507,386,513,Run
471,533,491,656,530,562,386,599,564,617,596,447,500,373,514,Run
464,522,500,666,537,561,398,656,570,607,599,451,498,357,522,Run
444,520,510,680,532,554,430,708,556,597,596,456,499,346,521,Run
406,524,514,696,525,552,501,718,519,590,599,458,504,334,528,Run
357,530,507,716,518,548,561,775,550,590,608,461,524,333,528,Run
307,547,501,754,497,551,416,475,627,595,621,461,536,359,539,Run
284,558,518,785,454,568,441,599,537,597,647,459,512,384,609,Run
256,560,546,821,430,564,441,575,541,642,706,460,528,384,621,Run
171,677,519,839,401,557,411,594,550,764,796,469,546,357,600,Run
104,710,490,786,484,556,397,599,560,921,832,479,546,312,604,Run
123,626,500,754,566,579,366,608,571,969,827,502,559,282,610,Run
173,619,480,705,488,562,321,610,576,918,800,510,574,267,599,Run
261,672,449,649,497,549,264,601,581,828,713,514,559,271,579,Run
342,715,446,613,514,548,198,563,590,744,632,516,539,289,562,Run
442,675,466,582,524,545,205,464,585,693,592,516,527,330,548,Run
551,630,468,575,500,542,297,456,546,663,496,531,521,423,542,Run
617,613,457,581,485,539,369,498,536,630,365,553,509,484,527,Run
638,595,462,597,497,538,366,522,571,601,321,566,508,488,520,Run
635,579,481,605,547,538,410,535,590,591,327,552,503,492,521,Run
611,576,499,603,580,543,371,474,563,590,350,531,495,499,512,Run
585,577,504,639,703,564,317,423,559,600,393,512,495,504,514,Run
555,574,498,678,787,609,264,415,558,618,412,508,510,510,509,Run
526,580,488,660,856,615,264,389,564,640,429,523,526,506,509,Run
510,589,487,611,843,596,271,452,583,662,467,515,521,494,506,Run
481,696,482,545,741,544,246,480,582,704,528,497,539,422,572,Run
406,895,438,668,813,708,342,478,571,797,618,481,514,341,581,Run
293,955,381,580,791,505,446,517,552,934,750,467,475,254,569,Run
227,968,348,564,674,563,502,567,550,985,863,439,470,207,541,Run
277,873,378,619,635,553,566,573,555,972,873,421,494,204,540,Run
347,756,425,652,628,572,521,531,540,833,804,427,484,216,531,Run
399,664,459,690,607,606,448,515,528,677,746,455,492,248,517,Run
424,596,483,806,575,622,431,499,531,564,729,463,504,324,529,Run
417,509,505,922,494,585,427,526,528,478,698,444,515,414,528,Run
407,455,542,857,445,527,423,567,537,422,651,438,518,455,514,Run
400,395,577,724,426,516,390,654,555,383,617,452,519,489,510,Run
407,370,588,716,407,524,295,826,588,363,608,463,533,518,528,Run
392,393,573,682,433,558,237,949,612,370,592,460,536,532,522,Run
371,426,548,655,461,551,332,971,603,393,569,461,517,519,509,Run
353,440,535,761,493,529,398,870,528,420,559,470,504,509,504,Run
320,562,506,805,391,550,659,843,717,465,600,479,507,498,507,Run
280,689,479,806,421,563,590,764,513,550,816,455,517,401,564,Run
219,895,433,811,468,561,556,686,543,814,953,434,545,262,592,Run
215,980,358,776,456,556,378,642,573,948,998,450,580,167,565,Run
326,970,370,606,460,537,305,635,597,965,963,482,585,134,540,Run
439,859,405,509,511,504,167,575,612,881,806,528,575,185,514,Run
522,735,442,482,523,509,105,487,593,785,681,534,525,249,522,Run
587,670,463,490,506,526,181,384,554,739,614,543,522,346,519,Run
634,605,478,544,488,528,302,422,541,714,477,561,519,439,513,Run
647,559,486,590,495,531,330,445,573,685,340,582,510,507,513,Run
645,530,490,614,528,528,353,479,585,651,283,582,494,509,517,Run
634,518,495,623,573,527,312,446,590,648,307,544,478,502,517,Run
619,515,500,707,700,552,246,392,572,675,361,503,488,511,522,Run
599,520,501,804,816,610,218,361,563,684,396,506,515,520,510,Run
582,549,495,771,941,640,251,398,558,687,423,519,534,511,508,Run
570,645,481,722,914,662,234,442,567,708,481,511,544,473,539,Run
548,778,461,768,898,742,333,446,570,765,635,483,539,388,547,Run
473,942,423,709,755,569,482,481,553,910,877,451,464,204,551,Run
376,994,379,548,739,547,534,539,551,976,973,428,475,146,523,Run
381,932,403,645,657,566,565,554,555,861,977,411,493,158,505,Run
416,778,441,691,639,591,532,496,547,671,835,447,476,205,505,Run
437,690,477,774,607,624,479,489,540,529,749,472,505,270,516,Run
437,602,514,927,508,606,436,492,545,437,677,464,521,384,537,Run
408,507,529,942,422,562,415,517,546,387,608,449,511,458,518,Run
380,412,538,801,405,526,392,552,568,356,585,442,512,489,502,Run
382,374,546,733,392,538,320,666,604,355,577,448,531,505,514,Run
389,380,553,711,469,558,201,865,630,373,567,452,537,529,536,Run
382,424,554,684,497,576,265,963,638,396,567,452,529,534,527,Run
361,452,544,730,466,523,350,982,593,422,585,453,506,512,504,Run
335,487,541,805,397,518,359,903,587,453,621,463,494,494,504,Run
314,686,503,807,362,542,334,726,553,503,783,473,498,413,573,Run
284,864,459,808,437,563,603,741,566,738,943,457,554,252,595,Run
277,970,399,845,468,565,347,665,580,923,994,443,604,141,579,Run
365,991,390,713,430,556,314,639,596,923,978,467,595,127,554,Run
446,908,403,547,491,521,164,607,593,847,808,514,577,183,508,Run
521,759,430,473,537,510,79,481,589,762,668,530,528,261,509,Run
589,648,458,465,529,526,144,381,539,709,603,522,514,349,521,Run
630,579,471,526,477,528,270,433,541,709,476,529,519,460,519,Run
645,527,477,597,464,526,278,455,587,688,341,556,523,515,517,Run
648,501,484,639,493,524,347,493,615,647,271,562,499,504,509,Run
644,515,487,644,545,513,266,465,576,659,303,529,481,495,519,Run
637,534,488,673,659,532,197,397,555,689,359,494,486,518,525,Run
621,561,489,787,790,607,178,338,562,702,390,507,511,527,515,Run
599,586,487,836,921,682,202,395,566,718,432,531,529,509,509,Run
573,657,481,738,988,647,212,422,565,757,519,525,517,485,503,Run
583,807,444,675,864,618,297,408,551,827,689,490,534,378,555,Run
529,952,423,659,714,820,450,429,538,941,908,485,489,186,562,Run
420,999,429,619,821,456,581,505,526,936,984,450,471,128,518,Run
380,950,437,559,683,543,581,529,528,791,960,430,463,116,492,Run
409,795,459,669,640,595,545,496,534,628,831,454,465,192,483,Run
440,684,485,783,633,607,475,469,542,509,730,469,511,296,516,Run
442,613,501,933,514,594,423,473,546,433,662,459,525,409,529,Run
412,518,514,962,414,527,392,518,538,392,611,447,522,475,514,Run
381,440,534,808,354,526,361,563,551,359,577,448,534,500,503,Run
376,397,555,747,398,539,272,710,596,340,569,457,538,509,510,Run
373,394,558,708,446,568,125,909,622,351,566,459,535,531,532,Run
361,408,547,718,468,564,248,983,622,379,566,462,522,531,520,Run
351,445,529,772,452,513,347,986,559,415,583,468,498,509,503,Run
340,551,515,821,365,518,422,784,628,454,625,466,497,490,504,Run
355,732,481,804,378,538,453,887,462,512,803,451,520,399,552,Run
383,913,432,782,434,560,669,691,583,686,950,424,563,202,594,Run
371,976,384,782,431,552,353,700,574,859,998,410,597,127,556,Run
413,972,363,671,426,543,285,636,616,854,947,438,585,121,513,Run
473,837,380,508,500,523,113,581,580,790,808,475,560,202,495,Run
528,726,409,477,537,513,78,431,570,721,702,497,519,288,516,Run
576,634,442,474,535,533,220,376,545,687,618,501,507,386,523,Run
614,580,465,536,464,539,283,438,559,679,512,519,518,479,522,Run
635,541,479,606,457,530,283,502,641,663,399,549,514,518,514,Run
647,513,488,642,494,522,297,509,616,637,337,565,491,495,506,Run
656,504,502,634,568,512,215,435,567,642,326,550,479,495,527,Run
650,502,511,673,713,542,141,328,576,673,352,523,489,521,524,Run
635,522,510,820,825,624,144,322,575,694,372,519,518,532,509,Run
611,570,492,817,949,673,148,365,562,703,391,532,542,524,501,Run
597,701,476,742,997,629,170,358,560,737,438,550,528,469,527,Run
605,853,442,667,877,640,282,372,545,845,736,532,522,321,549,Run
535,965,415,817,781,602,517,427,544,956,925,489,460,148,534,Run
455,1002,386,612,805,516,599,503,546,937,991,420,486,85,505,Run
433,925,407,648,701,551,573,510,546,761,948,419,485,137,495,Run
430,757,460,710,658,597,487,473,546,566,797,457,487,222,497,Run
421,640,504,856,610,622,431,462,547,433,707,469,520,346,536,Run
385,528,531,963,473,580,394,502,527,353,612,451,518,442,521,Run
350,434,547,943,363,518,362,563,538,315,578,440,532,493,508,Run
344,376,558,811,308,526,298,715,584,308,569,443,546,506,516,Run
351,381,558,774,417,555,132,899,638,329,557,443,545,533,528,Run
342,416,544,730,462,575,191,982,662,361,557,446,525,540,524,Run
330,456,525,832,482,524,325,1007,626,407,593,446,495,517,498,Run
317,602,499,892,353,533,405,807,611,449,650,453,490,484,499,Run
333,726,427,850,339,557,469,836,504,509,839,454,521,390,558,Run
366,885,374,820,407,560,667,750,569,732,962,416,574,179,612,Run
374,976,319,797,395,552,330,702,579,920,1004,434,605,89,557,Run
436,961,330,651,397,540,255,642,610,895,929,471,591,119,509,Run
514,791,384,469,484,508,91,532,592,808,752,510,551,235,488,Run
573,666,430,446,521,501,61,380,541,738,670,521,506,339,526,Run
619,603,451,477,519,528,234,368,531,726,549,531,508,435,531,Run
632,563,459,548,464,544,226,445,587,717,383,563,517,503,523,Run
641,521,475,608,462,534,303,491,641,664,286,580,502,505,503,Run
648,503,494,625,506,524,215,484,575,660,275,548,486,488,507,Run
644,511,503,616,591,511,179,416,557,689,328,516,483,514,527,Run
630,525,497,701,736,558,160,310,582,702,373,521,502,532,518,Run
606,551,487,880,821,634,176,339,576,712,410,539,524,525,503,Run
580,613,481,823,952,646,187,368,555,749,460,535,536,513,493,Run
596,726,465,735,989,633,235,360,550,827,649,507,516,438,545,Run
612,915,425,612,764,691,394,412,540,921,862,491,531,216,585,Run
488,987,385,810,864,508,622,493,544,974,967,415,462,117,549,Run
407,954,386,421,785,563,600,528,539,830,987,396,469,92,507,Run
431,780,437,668,696,563,560,509,542,645,852,435,462,180,489,Run
459,669,486,767,628,624,477,463,546,516,724,462,504,286,517,Run
449,603,509,928,539,598,415,467,538,440,650,460,538,409,539,Run
410,528,519,977,403,520,386,504,534,381,599,450,526,494,520,Run
373,435,538,835,317,517,353,564,552,328,569,455,542,505,505,Run
369,396,557,798,396,549,281,695,593,302,549,469,537,512,510,Run
372,401,561,712,495,591,110,885,618,325,539,471,534,537,533,Run
360,434,546,767,477,557,210,976,647,361,534,469,524,537,517,Run
348,464,524,813,412,513,326,997,605,400,559,471,500,517,497,Run
336,545,513,856,323,532,394,806,545,449,641,455,487,493,510,Run
341,724,456,838,360,548,410,858,545,502,813,445,537,426,555,Run
406,912,396,823,395,559,688,791,553,702,952,424,567,178,611,Run
423,984,332,805,375,551,357,727,583,909,998,427,616,95,565,Run
464,942,343,682,398,539,268,645,611,873,946,466,595,99,526,Run
532,799,389,488,477,516,105,578,570,797,774,510,548,213,494,Run
573,659,431,445,521,505,52,399,535,721,665,520,505,311,519,Run
599,599,457,472,519,527,218,357,515,708,576,512,504,429,520,Run
619,554,476,549,454,536,234,465,569,699,411,540,509,514,518,Run
634,512,493,626,454,527,287,510,658,667,299,562,499,518,504,Run
654,495,505,667,490,517,225,512,585,656,277,545,488,485,516,Run
649,501,507,662,552,503,172,447,548,674,326,516,489,496,529,Run
635,515,503,698,721,533,133,305,596,693,375,515,505,515,515,Run
617,538,500,850,813,623,156,323,592,712,416,533,524,511,502,Run
603,606,494,840,947,659,156,359,564,740,465,533,533,500,494,Run
632,747,462,743,997,650,209,332,556,795,656,495,511,411,547,Run
633,925,431,591,810,726,354,393,531,906,892,495,506,177,585,Run
509,988,380,812,906,510,607,452,528,923,978,425,467,128,534,Run
408,951,379,427,753,572,599,497,530,763,976,412,466,115,487,Run
430,770,437,653,697,565,554,482,545,592,827,440,456,208,482,Run
451,661,487,763,629,622,475,449,556,486,697,462,507,328,529,Run
445,595,505,922,522,604,416,473,554,415,626,453,537,435,530,Run
410,520,516,977,398,544,388,518,554,372,588,446,540,496,510,Run
378,442,538,836,320,540,371,548,566,331,550,460,551,500,498,Run
380,405,560,793,400,567,292,670,605,312,538,472,537,515,518,Run
370,408,563,720,470,570,115,857,637,331,531,473,534,542,532,Run
352,434,543,781,485,555,180,964,651,366,540,471,522,536,512,Run
338,466,523,822,417,525,301,995,589,408,570,463,486,513,505,Run
322,590,504,858,333,539,381,749,490,452,652,453,483,490,522,Run
367,756,431,858,368,548,388,839,479,522,859,446,585,388,556,Run
452,930,385,840,392,559,748,691,597,733,967,401,580,142,636,Run
451,992,325,790,363,547,328,714,584,897,1003,402,595,83,553,Run
496,905,335,690,408,533,248,636,621,850,921,452,574,114,513,Run
555,728,391,465,491,515,81,511,561,773,763,495,546,255,493,Run
579,627,432,451,530,497,48,382,518,719,641,501,502,337,519,Run
605,579,464,487,519,527,221,347,505,706,510,514,505,458,526,Run
620,568,478,569,456,546,214,413,578,699,382,551,505,513,514,Run
638,534,488,633,468,538,307,481,641,659,313,570,494,489,497,Run
645,516,496,661,526,528,208,509,565,664,310,551,488,493,525,Run
637,511,498,633,632,508,135,385,566,690,362,524,490,520,528,Run
629,511,497,740,767,554,125,275,609,703,386,528,508,528,509,Run
612,529,495,910,864,666,145,328,582,711,421,537,529,520,496,Run
605,634,486,815,970,676,152,320,560,734,477,523,530,501,492,Run
645,780,454,736,976,661,251,306,558,801,697,495,520,393,542,Run
622,941,436,554,773,778,459,402,537,912,914,467,488,149,574,Run
517,995,404,763,908,458,631,481,543,912,987,402,479,99,511,Run
439,941,418,514,811,570,595,512,548,749,970,407,458,111,483,Run
434,782,453,661,664,561,518,471,556,580,821,441,456,231,493,Run
449,656,487,800,636,611,448,454,561,488,729,451,512,361,541,Run
437,587,505,946,500,598,411,491,556,424,638,444,529,456,524,Run
398,510,513,976,392,515,389,531,556,383,579,441,543,493,504,Run
372,443,531,839,316,532,328,614,575,342,547,448,552,507,502,Run
370,407,552,776,452,566,206,751,617,324,531,452,539,530,526,Run
368,402,553,748,502,592,123,931,631,339,524,455,529,538,520,Run
357,425,536,804,487,518,260,991,622,368,528,461,512,517,502,Run
338,471,513,848,373,518,297,934,524,405,555,465,487,498,502,Run
326,633,496,855,310,542,312,803,819,436,667,461,532,461,554,Run
395,860,450,848,393,554,546,878,531,519,889,445,510,227,606,Run
418,967,378,829,401,559,430,731,549,817,978,418,611,111,606,Run
448,997,332,778,393,549,327,693,595,883,1000,444,592,72,551,Run
493,907,361,577,451,534,208,655,584,840,871,499,566,172,496,Run
554,750,403,427,510,512,67,483,556,769,720,523,508,296,510,Run
591,618,441,427,534,512,134,352,507,726,629,518,495,416,529,Run
619,563,465,494,487,532,228,368,530,721,492,534,508,501,523,Run
633,518,479,580,452,536,250,518,641,697,353,561,502,509,508,Run
646,491,493,637,468,532,228,518,622,654,279,570,489,489,508,Run
643,498,500,653,521,524,185,477,539,659,296,538,487,499,528,Run
632,509,499,615,620,505,149,337,565,673,363,513,494,514,519,Run
616,530,492,705,755,556,160,302,592,687,392,523,512,511,501,Run
597,569,488,885,844,639,167,362,569,712,438,540,530,502,493,Run
602,669,469,817,963,639,193,341,558,760,542,525,523,460,524,Run
642,859,415,759,982,620,264,367,538,853,803,485,550,272,574,Run
574,968,388,741,812,836,498,421,532,949,948,436,438,135,568,Run
476,989,374,770,855,436,613,482,523,836,994,402,450,93,521,Run
462,871,406,543,731,557,580,514,529,658,903,413,448,129,492,Run
479,726,458,687,653,589,509,469,544,528,750,436,478,251,502,Run
471,654,486,835,634,621,424,453,544,438,655,442,530,379,532,Run
425,576,495,959,479,586,367,475,539,380,588,431,528,465,524,Run
368,475,509,940,375,523,354,503,539,331,541,433,528,504,502,Run
362,414,534,808,322,566,294,608,564,307,522,453,541,497,507,Run
368,401,551,804,475,597,191,780,637,328,530,458,537,536,537,Run
354,417,549,747,504,625,108,941,665,362,533,457,538,547,527,Run
317,446,535,804,470,531,284,994,676,399,563,462,517,515,499,Run
287,579,531,879,368,510,334,906,514,442,629,462,486,490,508,Run
326,739,482,894,317,543,543,685,670,500,803,462,537,472,526,Run
454,907,451,881,385,550,626,776,494,637,949,413,530,251,546,Run
484,984,430,839,368,557,556,674,575,829,996,395,624,135,584,Run
483,987,397,781,368,536,309,683,601,838,971,434,579,86,509,Run
537,859,403,580,419,520,160,633,566,790,821,478,547,196,487,Run
584,731,428,411,497,479,51,446,561,725,685,493,519,287,508,Run
614,646,450,452,533,480,155,333,516,697,609,486,510,397,522,Run
630,591,467,516,493,519,233,363,548,699,476,509,510,490,523,Run
636,528,485,615,442,528,254,497,643,670,331,554,503,513,508,Run
646,498,500,672,480,530,237,512,628,656,286,559,487,490,515,Run
642,498,504,666,552,525,159,467,553,690,312,520,480,506,534,Run
626,506,500,650,693,522,90,313,579,717,362,494,500,527,522,Run
610,530,492,803,816,594,109,292,593,722,400,515,524,522,499,Run
589,593,490,889,929,669,140,343,558,745,450,545,536,500,493,Run
617,715,462,814,990,634,211,312,542,803,655,511,501,427,537,Run
642,907,419,721,841,609,353,365,508,901,894,474,535,208,576,Run
563,974,397,699,836,856,633,437,511,911,977,422,462,125,545,Run
469,950,399,473,724,545,606,494,515,762,981,420,461,115,481,Run
462,773,445,609,719,545,566,496,536,603,837,440,463,188,483,Run
475,660,486,727,660,614,482,446,562,500,704,463,512,320,535,Run
465,593,501,903,574,604,415,462,562,442,643,461,533,449,548,Run
420,535,499,978,420,535,388,518,553,389,594,448,526,505,517,Run
386,471,503,856,339,520,379,549,556,351,564,451,545,498,496,Run
384,443,517,823,402,561,318,686,578,326,543,464,547,512,513,Run
379,431,539,740,492,585,150,854,610,330,531,470,538,545,535,Run
365,446,546,787,484,571,157,953,595,354,525,478,521,533,514,Run
343,471,536,826,435,516,285,1001,590,378,543,485,493,506,502,Run
326,564,508,873,335,537,305,886,517,418,609,476,493,491,512,Run
357,719,457,901,345,555,332,822,487,454,799,456,519,354,580,Run
464,914,460,889,362,560,755,763,535,637,947,432,596,167,626,Run
459,976,406,858,343,551,339,747,545,887,995,400,612,87,556,Run
476,967,366,748,375,533,265,667,593,839,962,430,589,129,502,Run
539,818,405,500,465,509,97,571,569,779,799,481,532,230,498,Run
584,681,443,414,522,488,47,390,529,720,669,505,492,344,522,Run
622,584,474,471,510,521,189,350,520,709,547,530,515,464,537,Run
641,533,488,561,451,542,200,446,591,706,384,559,520,498,523,Run
649,502,497,639,453,538,274,515,662,672,298,573,497,480,500,Run
652,502,505,672,507,531,177,489,553,668,286,556,492,492,519,Run
644,525,504,633,598,502,125,385,539,690,343,534,492,518,530,Run
632,538,499,693,753,533,109,283,587,710,380,533,508,522,509,Run
612,564,490,882,851,623,123,323,571,727,425,543,522,506,494,Run
612,643,473,858,964,639,146,330,550,761,490,541,510,478,490,Run
653,804,439,792,1003,612,243,313,536,849,747,501,534,352,565,Run
643,932,425,649,787,692,456,407,517,948,929,461,477,146,600,Run
535,990,388,790,778,537,632,499,519,883,990,394,459,100,537,Run
444,935,408,404,706,579,601,510,529,706,952,403,443,102,495,Run
447,761,461,661,689,581,514,457,548,546,793,437,463,226,503,Run
454,659,501,784,632,618,413,446,552,459,677,450,517,365,552,Run
425,576,519,937,514,591,371,490,555,411,601,441,531,460,536,Run
382,485,532,980,379,529,360,523,563,369,553,432,545,500,508,Run
365,435,551,839,293,546,296,612,581,324,525,444,559,504,505,Run
363,413,573,821,474,590,201,743,619,307,515,454,547,537,535,Run
354,424,567,772,514,610,86,918,636,332,518,456,537,548,526,Run
343,450,541,834,458,530,220,985,635,373,545,460,511,517,501,Run
324,518,523,885,344,524,296,962,559,412,595,464,486,493,504,Run
325,677,491,900,299,550,472,716,701,460,717,461,542,472,533,Run
397,823,440,885,361,556,410,884,541,560,914,441,520,252,589,Run
473,957,404,838,354,561,624,740,602,834,986,400,626,144,610,Run
465,990,350,780,352,540,324,720,577,864,999,426,607,81,540,Run
514,871,363,608,415,519,219,646,585,807,858,474,567,172,503,Run
561,737,402,378,482,503,71,517,534,733,699,497,522,287,509,Run
588,636,437,407,515,502,57,373,473,694,624,500,505,395,522,Run
609,578,464,491,493,526,214,338,486,690,496,523,507,507,522,Run
624,537,483,586,448,536,197,479,634,687,369,561,483,518,508,Run
654,500,501,640,473,521,240,512,629,673,315,576,487,485,514,Run
665,502,507,650,518,511,149,509,530,693,319,551,493,508,525,Run
649,519,502,613,637,485,87,304,582,714,373,523,502,524,513,Run
629,553,496,734,781,542,120,258,613,716,406,528,518,521,501,Run
609,624,480,922,888,635,120,343,556,728,447,540,536,514,493,Run
618,700,455,842,978,640,173,284,551,774,600,508,498,455,527,Run
663,854,443,752,978,609,302,330,527,829,860,469,549,250,590,Run
609,966,429,541,719,758,603,428,535,866,967,414,479,130,561,Run
466,983,403,729,814,434,608,480,530,754,1000,387,468,104,491,Run
417,812,437,437,588,563,550,499,549,607,884,411,452,180,474,Run
433,671,483,705,623,610,474,452,571,502,727,438,490,317,526,Run
437,595,513,867,590,625,411,459,569,440,635,449,539,447,536,Run
416,535,519,969,442,547,386,513,567,405,580,449,540,508,521,Run
380,451,523,905,346,514,372,562,574,352,535,449,560,508,507,Run
369,410,544,850,337,571,306,717,596,309,515,454,545,521,526,Run
364,407,559,739,459,597,134,872,640,302,510,461,535,545,531,Run
337,429,552,811,478,573,167,973,618,324,508,472,507,530,504,Run
296,478,532,883,431,521,298,1003,576,371,548,471,488,497,502,Run
291,649,495,917,311,543,402,902,714,419,675,445,536,454,562,Run
364,836,440,920,334,560,565,950,464,496,894,439,507,248,589,Run
432,961,382,891,367,559,553,714,551,806,977,427,613,101,610,Run
451,1001,345,841,340,547,304,695,588,890,992,429,600,61,533,Run
513,881,376,651,389,529,142,635,591,851,859,474,565,173,493,Run
566,723,415,425,488,497,47,418,549,777,701,503,506,299,521,Run
608,620,444,432,527,488,162,332,507,728,601,511,498,430,543,Run
638,572,459,500,497,531,198,399,560,723,471,534,515,507,523,Run
652,532,473,586,448,544,245,515,665,703,351,564,507,491,507,Run
666,502,494,633,476,530,190,500,597,659,296,569,490,477,511,Run
661,505,510,637,545,522,139,410,560,674,309,536,487,505,531,Run
641,521,509,602,672,500,116,272,596,690,365,516,504,521,523,Run
613,547,499,752,789,567,139,288,586,695,392,530,526,517,502,Run
593,608,485,905,901,641,162,333,554,724,423,559,537,502,485,Run
611,730,468,826,982,635,208,303,549,784,592,535,504,432,530,Run
643,913,442,727,925,617,319,375,518,852,872,492,528,200,589,Run
555,986,416,693,774,844,611,438,536,912,974,417,451,123,551,Run
470,951,407,696,876,458,606,493,534,777,996,406,455,105,489,Run
457,768,448,538,712,562,555,488,547,613,867,421,454,190,485,Run
468,666,487,710,652,611,462,448,561,506,707,446,502,334,530,Run
446,599,502,888,592,623,406,465,559,425,627,448,537,452,544,Run
399,547,504,978,422,552,375,508,563,378,580,435,530,498,515,Run
364,475,514,877,336,519,375,550,569,335,547,441,543,484,505,Run
373,432,537,847,367,571,329,678,593,315,530,457,546,516,523,Run
375,415,550,759,517,610,160,843,632,331,520,464,547,541,531,Run
364,432,545,810,472,570,168,963,626,359,527,469,532,530,510,Run
345,464,526,863,410,509,291,1002,625,394,563,473,494,505,499,Run
329,571,514,901,298,528,306,845,555,433,643,462,493,487,518,Run
354,741,467,911,329,542,260,900,519,484,852,437,521,373,570,Run
465,923,432,887,365,553,744,816,588,732,965,374,600,148,605,Run
461,989,368,847,329,552,321,737,558,878,1001,369,611,69,555,Run
505,940,372,762,365,535,274,665,609,837,912,432,568,129,512,Run
562,786,404,505,446,526,95,562,567,770,749,477,540,247,504,Run
593,669,430,407,530,493,41,377,537,716,640,489,497,358,517,Run
612,608,447,460,518,523,211,321,512,711,508,514,511,459,516,Run
637,552,466,554,449,547,174,447,587,696,345,560,505,526,514,Run
667,508,493,656,440,530,268,485,659,670,285,575,489,500,514,Run
681,513,513,701,494,519,154,491,570,689,285,546,483,500,527,Run
665,533,516,668,607,495,69,347,562,717,350,520,493,513,530,Run
639,555,504,721,795,541,89,250,592,736,386,530,519,522,507,Run
610,587,491,900,882,658,126,320,567,756,435,551,539,511,489,Run
612,653,481,839,977,682,166,310,553,807,585,527,513,475,491,Run
658,832,456,762,1000,648,274,325,539,881,859,472,551,303,584,Run
597,960,434,615,757,707,536,400,531,909,968,428,478,128,588,Run
465,1000,390,782,877,553,632,478,533,781,994,418,458,100,522,Run
406,869,425,378,757,602,586,505,533,620,881,432,453,150,487,Run
427,707,476,654,661,580,499,465,550,515,733,444,499,286,521,Run
429,613,505,821,630,629,416,450,559,451,655,448,542,414,551,Run
408,559,510,962,476,590,379,490,559,423,585,449,520,478,521,Run
370,485,509,962,364,514,371,537,566,387,533,461,535,486,502,Run
357,431,520,827,325,553,321,652,580,341,511,475,547,508,506,Run
367,405,543,835,447,579,184,811,634,314,520,478,540,546,532,Run
369,405,552,752,516,617,139,950,626,318,526,472,521,546,522,Run
353,433,539,824,470,531,267,996,626,353,544,469,500,509,501,Run
330,551,525,896,349,517,289,926,548,396,584,467,501,496,511,Run
333,693,496,918,297,546,327,787,744,453,776,432,534,395,568,Run
435,888,455,911,368,561,529,843,487,597,941,361,582,183,616,Run
459,978,400,875,358,566,430,750,552,871,996,328,614,85,559,Run
483,993,377,803,352,546,292,684,597,875,975,384,583,98,509,Run
548,851,405,575,423,524,128,621,581,814,807,447,530,212,503,Run
592,696,433,398,504,489,41,412,540,740,682,479,493,340,526,Run
623,614,455,431,513,501,161,314,502,721,583,494,503,468,529,Run
650,566,473,520,469,534,167,405,582,725,431,534,512,517,516,Run
670,524,489,618,454,536,267,482,670,696,310,580,495,489,498,Run
682,508,507,653,493,526,155,498,582,673,275,578,489,499,523,Run
664,521,511,643,566,512,94,373,562,692,323,537,493,527,531,Run
636,526,507,624,719,517,92,254,594,711,366,525,512,524,510,Run
608,558,499,824,833,593,123,312,560,726,409,547,526,507,489,Run
604,627,486,900,933,640,141,326,538,772,483,552,522,476,493,Run
634,767,459,840,991,634,243,300,535,859,756,491,522,354,568,Run
642,934,447,751,865,622,367,377,507,927,934,438,485,135,600,Run
527,993,404,688,702,819,652,447,533,840,993,395,453,104,537,Run
443,888,420,564,663,521,591,493,525,683,943,409,438,118,497,Run
459,727,470,631,731,573,519,482,542,548,787,425,479,248,508,Run
458,643,500,746,680,620,435,463,564,473,681,438,546,394,551,Run
435,589,506,923,534,620,389,471,570,428,612,438,543,475,533,Run
388,515,509,988,381,549,366,517,576,386,565,439,532,496,505,Run
364,446,523,853,296,535,330,595,585,341,533,458,547,498,511,Run
368,423,545,825,379,559,248,746,625,314,523,468,543,542,537,Run
364,420,550,749,508,616,87,916,615,324,523,467,534,549,524,Run
348,438,536,825,474,569,210,986,612,354,535,471,504,512,500,Run
320,494,526,901,411,506,290,992,536,385,583,479,480,494,506,Run
314,661,495,942,303,536,342,861,693,435,743,456,531,456,556,Run
415,856,447,934,346,558,330,921,525,536,930,404,576,216,607,Run
461,967,409,904,349,562,496,743,546,824,992,375,618,90,577,Run
482,995,372,848,315,549,302,710,594,865,1004,402,574,79,538,Run
546,865,405,671,385,524,145,640,599,824,856,462,543,189,510,Run
599,716,442,434,474,490,46,429,556,755,711,492,499,322,538,Run
626,636,464,404,527,483,129,265,484,732,589,504,508,444,518,Run
640,580,478,494,481,526,147,386,556,732,426,542,513,516,514,Run
662,530,490,611,435,538,252,507,689,691,319,583,492,501,512,Run
678,510,501,676,469,543,150,513,585,666,269,575,487,496,526,Run
657,504,507,676,542,531,96,416,547,689,332,533,491,508,519,Run
636,515,507,630,677,513,80,263,608,707,374,524,513,516,504,Run
615,566,496,791,812,584,101,299,569,736,416,546,528,516,493,Run
611,626,482,926,924,655,106,328,532,780,475,549,530,496,486,Run
645,754,450,867,989,655,186,270,540,859,740,486,479,394,545,Run
654,933,424,721,910,596,331,367,501,953,929,445,516,148,621,Run
519,993,367,578,733,850,669,447,539,874,992,389,469,136,543,Run
418,891,393,547,730,478,621,498,540,689,946,407,441,113,495,Run
437,718,463,603,741,572,551,479,555,539,782,428,459,226,506,Run
450,645,500,740,679,634,439,434,573,462,682,443,532,391,553,Run
431,574,512,923,535,606,394,456,573,417,613,448,541,484,532,Run
393,516,506,990,398,519,363,521,557,375,561,458,541,497,511,Run
373,458,512,891,291,518,343,610,553,338,530,472,552,500,505,Run
373,436,538,853,414,578,269,712,604,320,527,472,538,529,524,Run
374,433,553,751,526,635,90,884,598,332,544,465,529,539,520,Run
367,439,544,835,508,541,184,976,616,359,554,472,510,523,513,Run
350,455,531,887,394,516,286,994,576,388,564,480,475,513,501,Run
325,570,513,907,300,555,349,800,534,435,664,463,507,491,522,Run
376,772,452,913,353,558,360,862,492,501,882,425,538,290,574,Run
466,940,427,884,342,557,665,702,523,711,974,376,617,142,642,Run
462,995,355,807,305,548,363,718,561,877,1003,386,597,65,538,Run
502,916,358,698,398,508,234,644,584,835,911,439,570,142,497,Run
565,750,409,444,464,501,76,486,550,772,759,480,516,285,504,Run
600,653,439,384,511,490,81,347,520,714,648,487,493,421,539,Run
633,590,455,461,504,517,206,352,552,706,527,498,514,514,527,Run
651,543,468,566,451,537,196,524,672,706,387,540,510,503,506,Run
676,503,489,647,450,528,196,505,630,661,307,580,496,478,513,Run
665,498,502,675,488,520,138,467,552,656,290,563,490,512,533,Run
639,511,502,639,580,499,104,333,579,690,343,522,500,528,526,Run
619,526,495,660,729,531,114,270,601,711,372,524,517,511,510,Run
597,581,484,865,826,616,124,322,555,731,408,557,531,504,488,Run
602,683,459,875,949,655,162,302,535,796,535,540,498,453,505,Run
656,866,433,807,997,654,249,325,521,867,821,487,553,238,596,Run
597,971,408,724,763,645,469,407,500,932,957,435,445,132,584,Run
488,980,388,783,748,609,668,475,527,833,1002,401,443,81,515,Run
453,809,435,475,674,556,591,493,530,655,934,410,446,142,493,Run
472,702,477,695,733,580,504,460,544,528,766,429,491,302,532,Run
465,624,501,798,644,606,406,450,551,446,662,443,537,428,549,Run
425,560,502,940,507,605,357,473,560,404,598,437,534,496,520,Run
372,489,505,984,364,534,345,530,570,360,560,437,544,502,500,Run
370,431,528,853,304,562,316,630,577,318,529,453,542,509,517,Run
377,407,555,843,493,594,241,755,622,318,515,462,541,543,530,Run
366,417,561,779,517,626,103,930,596,341,515,467,527,532,510,Run
348,434,548,841,484,524,235,991,596,371,539,471,494,506,500,Run
299,540,542,897,370,500,287,972,508,413,619,454,492,487,525,Run
308,755,478,926,307,537,321,936,644,466,838,421,525,390,572,Run
448,926,450,926,367,552,683,864,494,649,960,387,601,155,633,Run
470,991,397,886,346,558,373,795,568,889,1002,383,615,73,553,Run
506,960,384,826,349,539,258,667,604,843,929,437,575,133,512,Run
548,828,402,626,412,518,101,558,578,785,787,480,540,271,515,Run
591,679,426,397,490,489,65,341,555,738,663,498,488,392,543,Run
624,603,446,419,535,486,226,320,531,731,556,515,505,475,532,Run
643,553,458,495,490,529,170,434,608,723,403,550,509,517,515,Run
670,501,478,597,443,537,254,517,672,676,318,568,485,477,501,Run
681,494,496,644,466,521,175,517,595,674,306,546,484,489,522,Run
662,518,499,640,527,518,129,400,562,689,345,513,498,512,521,Run
639,535,490,585,634,498,116,269,595,694,389,514,513,525,508,Run
611,561,480,723,751,563,116,297,571,709,416,543,532,517,492,Run
598,639,481,919,874,634,131,318,540,751,467,550,527,484,499,Run
647,824,466,878,971,648,201,294,529,836,732,501,532,350,572,Run
608,956,439,787,940,638,344,381,514,918,927,444,457,128,578,Run
490,999,392,781,758,813,645,466,542,844,992,398,453,79,526,Run
445,886,417,687,830,489,616,506,544,683,946,402,445,132,481,Run
460,752,461,616,689,566,540,474,552,550,785,423,480,245,503,Run
469,639,502,719,670,612,421,436,556,468,667,442,550,397,546,Run
447,569,515,899,607,607,349,454,559,414,599,440,532,489,524,Run
404,492,512,982,409,540,320,516,584,371,549,432,545,510,510,Run
374,439,519,902,318,509,282,627,598,335,521,442,538,514,516,Run
367,420,541,842,375,555,206,754,639,325,515,450,532,542,531,Run
366,419,550,750,511,609,87,929,633,348,527,454,522,534,516,Run
352,445,543,835,496,559,210,989,591,375,540,464,490,509,508,Run
318,522,531,901,421,505,306,985,510,415,588,463,480,496,513,Run
316,682,487,920,305,540,396,796,687,455,717,445,560,420,578,Run
430,884,445,912,353,558,525,919,484,557,920,397,571,155,613,Run
479,977,417,873,357,560,525,698,568,837,988,361,627,92,567,Run
501,987,383,815,320,542,316,680,623,859,969,405,588,105,510,Run
534,865,397,687,386,515,163,634,588,792,824,456,536,227,493,Run
577,721,423,443,461,498,57,424,536,712,692,479,490,341,526,Run
611,622,451,408,527,481,153,336,472,685,611,487,501,467,531,Run
629,566,471,471,510,519,215,343,497,708,497,513,513,529,515,Run
649,519,491,567,458,543,202,491,642,693,365,556,485,497,493,Run
672,498,505,630,472,529,244,510,642,665,321,577,488,489,515,Run
664,513,508,643,510,527,160,477,550,683,317,552,492,517,532,Run
644,525,502,597,591,491,126,304,580,703,361,524,507,533,514,Run
618,548,492,683,734,520,139,285,585,709,396,523,523,513,511,Run
593,580,485,891,829,609,147,340,546,727,431,544,531,505,490,Run
626,718,457,871,955,631,185,310,539,782,550,526,527,410,540,Run
655,903,419,785,995,631,286,346,523,879,827,483,512,160,592,Run
552,982,383,646,845,783,550,428,530,936,959,407,455,108,527,Run
468,988,374,875,831,505,618,500,540,798,996,385,444,93,486,Run
457,809,420,457,768,574,577,505,553,631,875,412,460,211,488,Run
473,684,471,669,684,581,486,458,559,517,726,434,516,354,536,Run
454,604,497,822,634,615,397,453,552,432,646,433,541,454,538,Run
407,541,507,955,484,594,349,489,547,374,592,426,530,513,511,Run
364,464,520,975,365,519,323,547,561,326,554,444,542,502,506,Run
359,427,545,829,284,568,275,682,591,302,530,469,541,529,539,Run
369,424,561,829,481,592,141,855,623,323,525,476,540,554,534,Run
360,441,557,783,506,626,148,968,629,360,542,476,523,531,505,Run
341,467,537,849,475,533,299,1004,604,402,575,476,497,488,506,Run
321,576,516,914,351,510,335,979,751,445,666,468,515,468,547,Run
380,788,458,910,292,539,395,772,507,501,875,423,508,320,593,Run
442,946,402,887,367,553,619,775,584,774,975,383,626,137,572,Run
452,996,352,852,346,551,348,716,576,856,1005,387,607,85,534,Run
496,932,366,783,352,538,258,663,584,808,899,442,556,169,494,Run
553,781,400,541,424,523,116,601,557,743,736,477,517,279,508,Run
597,656,433,403,505,499,43,410,522,700,627,487,500,389,525,Run
634,602,456,445,524,506,202,348,503,700,518,504,519,491,522,Run
645,558,470,530,470,535,168,476,588,691,382,549,502,540,512,Run
666,518,488,618,458,535,263,519,662,661,316,575,483,494,506,Run
671,511,500,654,476,532,182,517,560,672,307,557,483,486,520,Run
651,517,501,654,539,519,126,396,542,694,367,526,500,508,520,Run
624,536,496,627,658,504,119,281,597,705,406,530,522,519,506,Run
595,583,494,792,784,575,130,319,573,721,445,551,536,508,505,Run
603,686,475,913,910,634,164,323,552,767,549,530,530,444,540,Run
648,882,423,842,984,617,224,329,539,843,821,493,540,208,600,Run
560,975,395,727,935,715,399,394,525,933,955,403,440,126,562,Run
475,991,379,892,714,609,634,467,531,816,998,364,438,100,517,Run
446,807,421,546,700,523,593,511,539,645,881,394,451,179,495,Run
480,689,473,694,714,567,533,480,557,523,713,431,510,310,524,Run
471,626,499,745,661,611,434,446,557,445,628,446,542,419,546,Run
432,565,508,920,554,603,361,465,554,400,577,445,526,505,523,Run
379,497,518,984,385,540,342,505,560,356,544,448,546,512,500,Run
362,450,535,840,329,525,318,590,573,320,526,461,545,512,513,Run
364,428,548,821,407,549,250,741,620,317,523,463,532,551,536,Run
361,428,553,749,479,617,84,908,636,345,528,460,522,540,522,Run
355,439,545,805,484,564,216,985,627,378,558,461,501,508,507,Run
339,496,522,858,428,507,270,980,551,418,614,455,495,501,520,Run
350,647,488,891,315,537,246,964,750,457,751,439,517,397,580,Run
449,873,444,899,345,553,553,898,564,538,911,395,583,171,607,Run
457,961,390,877,378,552,492,777,576,832,986,359,629,89,556,Run
466,997,345,839,348,543,337,699,592,858,981,399,600,118,521,Run
520,870,382,694,382,526,214,637,586,799,836,461,548,218,499,Run
568,710,415,453,471,506,69,492,550,721,705,489,487,329,514,Run
605,601,444,392,539,487,94,365,496,688,618,493,502,442,527,Run
629,553,463,457,515,521,227,321,496,693,489,519,510,510,517,Run
642,510,482,541,458,543,178,471,622,679,353,573,485,503,500,Run
660,492,500,614,468,531,296,489,670,658,309,590,484,492,516,Run
662,510,513,641,503,526,178,492,548,685,327,558,492,512,530,Run
644,528,508,603,581,495,131,329,564,696,380,527,514,534,514,Run
623,555,494,649,736,527,137,304,579,708,403,530,529,514,510,Run
611,614,476,863,829,608,132,353,543,743,441,555,524,496,489,Run
654,759,463,866,949,625,161,332,539,816,618,528,529,352,573,Run
671,935,453,788,997,625,294,348,524,906,883,488,474,131,594,Run
566,985,417,635,846,770,594,441,531,925,976,422,464,89,533,Run
471,963,416,621,906,502,599,507,522,754,989,409,447,117,500,Run
449,787,458,516,772,570,556,514,543,583,854,428,465,250,509,Run
451,667,499,703,657,613,475,461,561,485,711,448,530,383,552,Run
426,597,525,856,616,622,408,468,562,428,631,455,534,471,536,Run
378,519,532,968,482,541,384,523,548,390,568,454,530,503,511,Run
357,460,541,943,373,477,356,569,547,351,531,465,555,495,505,Run
364,430,563,823,303,545,285,724,575,310,524,473,545,529,533,Run
363,427,569,796,472,590,114,895,594,306,524,468,535,549,524,Run
351,442,555,760,499,596,181,979,586,324,531,470,507,529,501,Run
333,463,538,823,448,499,300,1006,552,357,555,486,492,502,506,Run
320,602,528,895,335,501,326,870,543,401,646,476,533,478,529,Run
358,792,463,910,303,529,367,886,620,471,866,441,525,339,562,Run
427,928,432,880,362,546,601,856,501,703,971,390,598,125,594,Run
453,991,385,840,338,558,371,745,565,894,1002,389,588,71,545,Run
510,955,384,777,354,549,293,653,608,861,932,449,572,142,498,Run
564,814,401,569,430,529,129,604,580,808,773,489,542,257,518,Run
599,689,423,424,510,503,41,415,539,753,651,497,505,399,525,Run
631,614,445,440,521,508,157,328,493,735,534,517,512,487,523,Run
649,547,468,515,476,539,185,382,544,714,359,571,495,521,515,Run
667,505,491,606,450,533,275,499,689,673,278,594,480,492,519,Run
673,491,510,650,487,517,165,496,576,700,275,559,475,499,533,Run
652,497,510,650,561,498,93,382,535,727,342,522,497,517,518,Run
629,523,500,684,740,507,100,256,574,735,389,535,529,517,507,Run
606,585,490,847,831,605,139,310,553,764,428,564,546,508,482,Run
619,710,465,878,953,638,156,346,532,832,592,521,501,429,526,Run
657,874,427,805,999,618,249,318,539,937,867,451,543,216,609,Run
592,973,390,729,815,592,455,392,531,931,971,410,458,144,559,Run
479,987,368,737,707,710,622,482,539,761,984,401,453,102,508,Run
440,809,418,627,698,477,583,507,540,582,856,423,469,191,495,Run
460,682,478,658,730,588,508,463,553,483,719,439,522,347,546,Run
451,611,508,751,660,621,420,444,556,418,632,446,544,449,542,Run
404,535,516,928,502,614,371,488,561,384,567,444,524,496,509,Run
365,470,520,987,382,536,355,532,571,350,530,451,540,496,498,Run
365,425,540,841,327,506,303,658,591,327,523,462,548,523,531,Run
374,417,561,835,388,576,175,830,643,333,538,457,547,558,534,Run
353,434,561,735,496,603,136,957,639,366,550,455,515,528,506,Run
308,470,537,821,484,553,262,994,645,403,581,459,496,485,505,Run
288,630,505,888,393,512,313,986,698,445,726,452,511,415,570,Run
353,820,465,922,302,539,290,826,522,547,920,414,556,170,612,Run
451,956,403,907,355,552,650,818,589,840,988,383,624,108,575,Run
460,1001,342,877,365,554,336,734,569,863,988,419,606,120,534,Run
518,914,365,821,344,549,239,661,577,816,877,468,556,209,504,Run
574,751,400,585,398,522,79,548,541,742,726,495,502,330,528,Run
614,630,439,428,502,484,62,383,513,691,627,495,504,435,536,Run
633,564,468,450,542,486,216,344,521,691,538,502,514,513,523,Run
638,522,483,517,483,530,165,470,595,698,406,551,484,511,502,Run
656,489,499,598,460,534,272,504,674,672,334,589,481,483,509,Run
662,504,504,634,486,530,185,504,564,677,322,574,485,501,523,Run
644,528,496,619,543,510,133,369,548,700,362,540,507,529,522,Run
618,554,489,610,647,494,120,283,581,705,390,531,525,522,508,Run
588,602,484,800,775,567,136,324,557,708,426,550,532,504,492,Run
602,690,467,915,905,636,175,333,527,745,502,543,480,440,519,Run
644,828,450,855,983,612,256,331,518,822,755,476,548,216,610,Run
614,959,430,728,892,564,460,404,509,932,936,418,455,141,575,Run
488,994,398,668,728,818,632,485,519,859,992,365,462,98,511,Run
435,846,422,633,839,490,581,503,527,685,939,381,445,166,486,Run
456,698,472,620,671,564,523,470,547,547,796,408,475,300,519,Run
454,625,509,727,663,622,430,451,554,473,685,433,546,419,545,Run
429,573,520,896,592,609,381,481,555,420,599,451,538,493,520,Run
391,493,525,979,419,536,367,528,555,378,533,463,549,504,493,Run
375,437,536,874,339,498,329,611,559,323,508,473,549,502,517,Run
371,423,556,823,347,539,266,713,601,301,515,465,535,547,541,Run
376,425,558,761,493,595,93,887,617,327,524,457,524,551,513,Run
371,444,541,809,482,561,192,978,620,366,540,462,501,513,510,Run
348,505,518,852,422,506,307,986,573,408,576,467,500,487,520,Run
327,665,482,897,308,528,418,799,628,444,730,447,590,423,571,Run
414,861,428,909,342,545,455,799,512,544,923,400,557,163,615,Run
457,967,382,881,369,558,593,770,611,831,990,379,586,72,567,Run
482,995,342,814,335,553,303,702,628,886,984,428,579,89,540,Run
539,871,379,703,387,532,225,655,596,804,837,477,568,229,497,Run
580,712,419,454,475,511,73,470,536,736,699,493,514,328,529,Run
620,606,455,411,531,486,91,353,476,722,601,503,502,464,527,Run
632,569,474,466,514,512,206,338,493,713,445,548,504,530,518,Run
640,522,493,561,462,532,206,479,628,681,338,591,481,501,506,Run
658,497,505,628,470,519,275,502,613,663,304,581,482,497,528,Run
650,501,504,660,504,505,164,464,519,679,340,543,486,519,525,Run
634,514,496,630,591,478,116,331,555,701,374,531,514,528,507,Run
615,549,486,711,737,528,116,304,563,710,399,546,528,519,494,Run
613,593,480,903,856,618,126,353,538,738,441,546,535,458,530,Run
663,793,457,860,966,647,171,323,532,838,621,521,510,303,567,Run
633,945,450,787,1003,697,374,338,531,954,885,481,476,112,563,Run
535,996,402,889,715,716,574,448,522,904,977,406,488,115,528,Run
477,913,413,620,875,633,571,509,528,707,964,402,453,176,518,Run
475,748,469,680,761,556,536,492,544,538,805,437,455,270,521,Run
472,659,508,701,670,605,449,465,546,447,679,451,526,403,546,Run
445,611,525,842,625,619,385,467,549,402,600,445,546,485,534,Run
391,539,532,963,478,559,374,509,544,363,552,440,543,506,503,Run
352,467,541,950,365,513,363,551,551,319,530,451,549,498,511,Run
353,440,564,829,308,562,295,693,580,306,533,455,538,527,530,Run
365,434,569,817,470,601,119,883,614,337,546,456,527,544,521,Run
358,446,549,763,491,614,164,976,600,372,546,470,509,511,508,Run
333,467,529,826,460,511,300,1006,562,407,584,477,499,486,511,Run
326,585,512,895,352,506,363,849,445,446,705,469,580,448,534,Run
379,775,435,891,319,540,397,837,596,525,906,447,511,185,592,Run
471,941,390,864,388,550,755,792,560,801,983,421,600,143,596,Run
476,994,337,816,363,558,343,736,567,892,986,444,591,88,536,Run
526,905,364,750,369,533,276,637,618,835,854,494,567,209,494,Run
576,753,402,543,439,516,111,543,574,766,722,506,531,294,508,Run
595,666,422,398,520,487,60,383,516,702,628,499,503,421,531,Run
620,596,442,441,533,496,230,345,499,697,527,509,509,532,533,Run
638,541,464,510,484,528,168,459,606,694,397,548,490,504,504,Run
659,498,486,602,458,528,279,497,660,660,313,580,491,484,512,Run
664,486,502,635,481,516,166,505,553,667,303,566,488,520,530,Run
650,498,502,628,543,505,109,350,567,694,349,534,507,528,531,Run
625,541,493,625,677,503,117,256,592,705,378,538,528,524,499,Run
596,619,484,805,793,585,139,318,548,720,412,560,531,489,488,Run
612,742,463,896,922,661,166,302,541,772,537,538,528,367,569,Run
641,914,458,832,989,665,254,309,530,867,828,491,473,134,593,Run
550,985,447,736,876,684,494,403,522,942,957,449,461,104,531,Run
468,950,440,848,761,794,601,482,529,795,999,412,457,122,501,Run
459,783,465,511,792,556,563,495,545,613,897,415,468,229,513,Run
465,660,492,704,715,605,479,452,556,506,726,436,531,384,543,Run
452,592,511,757,650,628,410,456,557,434,629,445,543,458,531,Run
410,518,518,923,533,605,364,493,554,388,560,438,529,488,501,Run
368,452,522,966,382,522,353,530,557,350,523,441,541,488,504,Run
363,427,537,829,309,538,296,631,589,323,527,453,543,529,538,Run
365,430,550,822,426,575,158,824,633,333,527,455,541,546,533,Run
354,448,549,744,519,607,127,955,646,358,527,455,516,522,504,Run
329,478,545,814,465,534,288,999,633,388,568,460,495,498,506,Run
320,581,517,874,380,507,227,995,747,423,677,462,459,432,574,Run
374,735,485,913,304,534,262,765,536,508,891,439,580,212,582,Run
403,925,457,909,343,546,504,769,573,823,979,419,643,90,525,Run
392,988,412,888,350,548,327,714,573,848,999,428,591,100,495,Run
454,952,412,825,344,551,266,656,593,798,884,462,537,205,487,Run
526,813,430,603,407,531,105,568,576,728,735,483,493,299,517,Run
589,725,450,446,496,501,45,393,538,690,628,490,520,405,529,Run
654,652,467,441,531,510,215,322,527,685,512,508,528,514,520,Run
680,579,482,506,483,537,191,453,608,671,388,537,509,528,512,Run
695,524,497,588,462,534,269,517,671,653,339,547,487,480,514,Run
683,518,505,643,471,526,191,484,581,661,335,533,480,490,523,Run
649,512,502,645,524,515,134,376,551,675,372,508,502,517,523,Run
618,546,498,628,637,502,123,287,562,684,394,515,525,517,500,Run
597,601,499,755,782,571,147,306,555,699,428,545,534,490,491,Run
580,699,500,912,902,651,179,331,541,745,499,540,537,415,553,Run
601,891,448,830,983,641,233,335,525,841,735,509,498,201,572,Run
508,978,431,756,911,652,407,377,516,944,926,499,458,113,531,Run
430,992,423,822,740,717,613,470,524,839,990,448,456,90,481,Run
426,843,439,719,911,540,587,494,531,681,929,427,468,175,492,Run
447,729,462,614,762,562,531,470,549,556,775,444,525,337,532,Run
456,623,491,683,667,610,430,449,559,458,672,458,531,458,534,Run
431,552,503,849,629,616,365,479,563,400,599,451,535,494,503,Run
399,486,510,965,477,560,339,527,573,350,567,445,550,491,492,Run
390,455,526,936,360,504,313,581,590,322,560,454,545,517,506,Run
388,434,541,833,319,555,235,728,629,322,560,461,543,540,542,Run
388,436,538,767,468,583,91,917,622,345,572,462,527,532,511,Run
378,452,528,775,497,597,195,988,593,372,598,471,493,501,495,Run
352,484,520,816,461,521,331,1005,551,417,645,477,500,492,512,Run
341,641,483,875,354,516,398,745,795,474,789,464,488,354,572,Run
405,824,460,882,312,545,408,828,468,655,945,416,594,165,598,Run
405,955,447,867,356,564,465,733,556,893,997,395,613,105,537,Run
420,981,411,856,348,559,324,663,587,859,943,419,579,144,487,Run
491,859,417,789,358,545,235,642,603,799,789,455,550,240,468,Run
542,766,434,556,433,531,79,502,577,727,670,475,500,333,494,Run
590,670,458,449,533,496,84,378,515,693,598,479,515,429,516,Run
638,600,482,467,531,523,235,366,520,689,492,507,517,498,517,Run
675,542,496,545,471,548,176,441,609,679,360,553,501,496,504,Run
690,506,502,626,467,535,275,516,668,658,311,570,488,496,528,Run
685,511,502,660,512,522,160,459,580,679,319,553,485,528,533,Run
670,529,498,643,576,497,104,295,588,698,364,540,506,528,519,Run
639,563,498,716,748,515,120,274,581,710,389,556,527,510,498,Run
612,636,499,893,849,629,144,318,550,748,447,567,524,485,490,Run
621,766,486,871,965,669,184,313,546,802,620,526,524,361,566,Run
617,930,463,784,1002,662,263,347,525,877,879,480,468,138,572,Run
502,990,438,666,766,698,513,412,524,893,974,443,460,88,526,Run
413,959,432,790,833,689,608,508,530,745,995,418,447,102,493,Run
408,824,451,385,834,569,577,505,539,591,861,417,471,234,492,Run
426,695,486,684,736,585,488,450,549,497,712,434,523,378,528,Run
419,595,511,755,638,623,404,450,557,422,624,440,530,458,519,Run
398,499,521,916,565,600,368,517,560,389,560,438,533,495,511,Run
379,433,530,987,388,529,355,559,573,356,525,443,549,506,505,Run
373,413,542,854,284,525,284,681,598,340,525,444,555,529,532,Run
375,423,545,816,405,563,124,883,606,347,532,440,541,536,523,Run
365,448,540,735,512,601,157,976,605,363,537,446,507,513,506,Run
351,462,529,806,484,512,294,1008,559,393,568,453,486,497,512,Run
330,583,508,868,397,487,307,870,480,432,677,448,546,460,560,Run
370,762,448,898,309,530,268,739,467,514,888,397,526,230,569,Run
416,936,402,880,346,549,571,759,597,772,977,376,598,120,541,Run
411,994,338,853,351,550,287,673,585,878,1000,397,579,92,503,Run
475,933,357,814,345,547,273,617,626,833,896,443,546,209,464,Run
544,776,397,625,407,537,134,551,597,755,736,480,516,307,509,Run
595,654,431,454,509,498,52,392,545,710,624,496,503,426,521,Run
642,596,456,445,540,507,182,344,524,710,502,522,511,507,521,Run
664,557,477,487,496,546,177,377,545,698,372,564,500,503,502,Run
675,521,497,577,457,550,302,450,656,661,303,577,485,478,525,Run
674,521,509,616,488,554,167,478,590,681,308,550,482,508,530,Run
660,535,509,604,552,540,89,364,556,707,360,526,508,529,518,Run
635,566,501,593,684,535,112,268,564,712,389,540,531,518,499,Run
607,631,499,753,799,601,127,321,534,727,435,557,527,485,494,Run
617,746,477,896,927,662,138,319,527,783,582,520,513,385,546,Run
616,910,440,822,992,675,260,296,514,882,847,466,481,152,553,Run
527,983,417,702,887,713,501,360,508,905,965,396,484,119,494,Run
446,941,411,822,793,634,597,479,513,760,990,379,466,134,475,Run
438,790,442,642,732,533,563,511,532,600,860,405,481,245,488,Run
454,678,480,656,730,567,490,471,547,496,725,434,523,378,541,Run
443,605,499,733,676,605,413,443,557,420,658,435,521,459,537,Run
403,530,507,913,557,600,367,491,546,365,601,417,520,497,507,Run
373,460,525,985,417,554,348,549,545,337,565,414,548,502,517,Run
370,427,555,879,357,544,285,675,583,332,552,424,558,531,533,Run
371,423,563,823,388,523,143,868,626,346,546,429,537,542,525,Run
350,444,552,749,437,592,148,972,625,365,546,435,502,510,505,Run
321,469,530,806,457,577,293,1006,576,398,569,445,496,470,508,Run
285,573,508,895,444,496,307,896,650,436,718,445,495,351,587,Run
346,834,453,934,313,522,479,887,565,558,922,417,584,184,596,Run
373,958,352,909,337,561,520,712,611,854,990,391,616,126,562,Run
409,995,323,880,355,564,353,678,596,826,967,438,591,155,506,Run
479,905,358,850,323,548,242,675,564,774,813,484,559,219,506,Run
552,744,403,622,379,526,80,502,546,714,683,500,504,332,532,Run
597,629,442,445,498,479,93,389,518,690,596,507,510,453,551,Run
628,593,468,431,548,481,214,356,518,692,501,517,514,507,528,Run
641,552,481,525,474,533,183,438,588,687,394,547,492,480,504,Run
657,514,489,608,440,533,273,507,665,669,349,563,484,495,512,Run
662,506,496,677,476,529,160,496,549,673,349,550,483,518,529,Run
655,506,498,670,555,510,93,348,555,692,368,520,502,526,517,Run
640,524,492,674,681,503,70,263,588,704,393,517,522,509,502,Run
618,583,489,819,823,581,93,293,571,713,414,548,513,473,492,Run
626,732,472,894,946,668,136,301,548,751,466,559,526,381,572,Run
640,905,444,847,996,640,244,296,534,882,753,498,479,186,585,Run
566,982,417,712,898,612,451,383,512,975,935,419,478,124,542,Run
486,1004,395,694,689,863,622,485,535,847,994,386,456,118,507,Run
442,858,424,579,894,512,576,500,537,645,903,406,468,211,505,Run
448,712,475,613,682,573,481,448,547,507,762,425,507,356,541,Run
438,624,509,699,675,612,389,443,559,436,685,431,527,440,539,Run
396,544,523,863,628,623,353,493,554,401,621,425,526,477,521,Run
345,453,539,970,466,551,340,558,560,366,562,429,548,499,511,Run
341,415,563,947,358,490,281,715,595,328,535,447,553,536,538,Run
349,424,573,838,279,554,133,906,664,312,530,459,540,561,532,Run
337,437,564,784,449,594,144,986,661,317,544,464,514,525,499,Run
298,471,543,794,484,593,270,1011,631,357,575,465,508,478,501,Run
289,646,505,899,433,503,303,885,647,407,683,450,524,380,570,Run
384,858,436,964,287,526,385,750,476,512,902,403,587,152,611,Run
438,969,372,927,311,552,665,745,636,827,982,367,595,80,556,Run
462,996,331,886,365,558,319,690,579,897,992,398,566,120,509,Run
510,898,362,832,333,548,242,638,628,852,856,456,551,210,495,Run
570,726,405,618,387,534,83,465,563,777,707,486,497,351,536,Run
617,618,443,441,492,495,67,333,492,742,596,499,504,467,526,Run
641,576,467,447,545,497,197,306,508,740,456,545,502,514,519,Run
663,525,490,517,481,536,189,489,631,703,333,592,482,496,504,Run
688,508,513,591,453,533,229,495,645,680,310,594,484,485,523,Run
677,528,513,614,509,528,137,446,549,700,328,562,492,510,520,Run
653,539,503,591,581,511,93,289,561,708,369,541,513,528,508,Run
636,567,497,648,742,523,129,257,571,700,396,551,537,514,493,Run
620,635,490,859,854,604,149,333,528,725,428,570,541,500,482,Run
628,728,465,872,961,658,185,298,524,795,555,530,499,413,545,Run
642,906,449,815,1002,630,312,339,516,918,841,476,501,185,571,Run
542,982,414,701,846,564,563,432,532,949,964,435,496,116,516,Run
477,990,400,685,751,789,614,515,539,777,1001,409,452,110,491,Run
437,824,440,569,890,516,577,509,541,593,903,418,449,224,490,Run
448,687,491,582,665,598,481,461,540,485,749,432,518,368,534,Run
435,603,516,716,654,624,416,455,537,415,659,434,538,469,532,Run
387,519,521,878,615,611,396,475,537,377,588,437,540,510,513,Run
356,450,527,976,422,555,385,551,557,336,534,461,556,501,509,Run
362,421,546,889,326,520,337,694,597,310,507,478,551,531,537,Run
363,418,555,876,340,559,159,871,656,319,502,482,536,545,524,Run
338,434,547,737,501,637,176,972,699,339,526,481,509,527,496,Run
301,455,530,848,490,559,292,1006,673,374,572,475,489,495,498,Run
291,600,498,927,398,503,284,828,592,418,674,458,538,428,567,Run
369,830,436,944,294,549,272,785,512,507,895,417,567,183,611,Run
428,958,373,910,329,552,665,710,594,818,979,390,600,90,564,Run
424,995,325,869,349,542,341,699,565,892,1000,381,588,78,504,Run
492,933,361,815,323,535,235,656,577,843,870,454,559,195,485,Run
559,772,409,621,409,516,79,530,534,769,698,497,511,316,519,Run
596,644,443,407,495,491,35,347,479,720,582,509,501,475,538,Run
629,589,460,427,528,500,178,318,496,720,452,539,505,526,536,Run
656,545,479,512,483,538,159,544,648,705,336,580,500,499,498,Run
676,516,495,611,440,542,253,544,684,685,290,583,486,491,519,Run
674,515,496,669,482,529,120,475,534,708,320,559,493,518,529,Run
657,528,494,654,567,499,45,311,554,723,355,556,514,532,509,Run
643,554,496,651,742,503,69,249,592,729,381,564,525,515,494,Run
623,639,482,837,844,589,97,317,556,755,429,563,514,474,493,Run
637,768,443,881,958,658,152,257,552,834,591,521,522,351,570,Run
623,930,424,834,999,645,286,304,528,945,866,462,486,135,581,Run
516,992,389,745,862,623,535,398,518,930,971,401,463,101,517,Run
426,935,397,766,678,743,646,468,534,746,988,389,452,132,493,Run
419,791,437,772,798,472,579,463,542,571,853,419,474,279,516,Run
434,670,486,607,661,571,472,437,556,466,718,438,514,413,549,Run
414,590,517,751,679,606,400,450,556,416,636,438,534,480,530,Run
368,504,526,922,538,625,381,484,560,383,577,438,549,495,502,Run
340,439,541,987,379,515,381,536,572,336,535,457,549,491,519,Run
344,417,563,859,283,540,346,700,595,299,527,467,542,540,538,Run
344,410,572,886,442,601,176,879,673,313,541,458,527,540,506,Run
317,428,556,788,538,652,165,976,677,341,563,457,500,502,493,Run
280,478,551,867,470,532,281,1006,657,378,608,465,501,476,527,Run
284,704,506,935,372,507,324,842,645,429,759,442,526,382,564,Run
396,901,430,962,284,551,418,924,399,573,935,385,612,145,590,Run
407,980,345,951,334,545,529,689,594,866,994,370,587,70,524,Run
452,1000,332,900,301,543,307,690,582,908,980,421,565,137,499,Run
542,875,380,833,310,528,173,646,594,856,819,477,533,253,524,Run
601,727,418,597,398,513,56,432,564,782,682,494,504,405,528,Run
632,640,441,406,515,478,107,289,501,753,545,520,503,470,529,Run
653,586,461,447,524,505,156,333,540,738,376,572,491,506,502,Run
692,532,493,541,465,550,167,544,668,692,271,592,488,475,517,Run
711,527,509,623,453,534,201,510,654,706,247,564,485,504,536,Run
692,532,509,649,503,527,118,395,573,725,314,533,502,526,527,Run
655,546,499,630,603,502,56,232,583,734,370,554,528,521,499,Run
624,586,493,709,788,544,94,235,563,757,418,584,551,502,482,Run
609,699,482,904,893,650,122,289,521,815,527,551,476,452,517,Run
627,873,442,882,981,673,209,252,523,918,800,471,545,246,579,Run
558,972,404,788,994,673,347,354,495,954,947,429,475,138,550,Run
463,1000,375,705,717,600,669,451,568,820,995,385,453,92,494,Run
406,859,413,755,796,719,603,495,543,644,895,410,454,197,482,Run
423,699,477,405,787,560,537,471,551,521,752,427,508,364,539,Run
431,602,519,711,721,575,440,438,554,451,674,433,548,472,543,Run
399,533,525,822,651,618,389,465,553,406,613,428,526,505,508,Run
354,456,527,955,484,588,379,520,569,356,565,431,538,498,503,Run
365,409,550,977,352,507,348,635,590,314,548,440,546,531,540,Run
367,405,568,865,278,559,249,791,652,308,572,438,535,552,527,Run
348,428,567,787,465,611,97,943,646,332,568,447,512,526,501,Run
314,455,549,828,483,586,232,996,667,365,568,463,488,491,506,Run
280,606,516,910,441,493,267,962,548,412,641,455,545,434,567,Run
338,817,430,956,316,534,331,906,627,483,872,419,562,160,613,Run
432,954,373,956,307,558,671,881,684,782,971,371,600,90,569,Run
457,994,314,929,331,551,302,745,593,901,993,422,596,94,514,Run
517,907,355,865,298,545,243,661,591,849,868,482,544,203,496,Run
583,729,416,728,369,518,91,519,568,773,729,496,500,347,534,Run
625,618,449,440,458,494,32,324,509,730,612,503,514,469,541,Run
654,582,459,406,523,476,172,267,513,731,480,538,508,514,529,Run
679,536,468,484,494,518,137,432,641,702,330,590,486,487,510,Run
699,526,481,590,448,543,262,539,682,671,284,597,485,499,530,Run
681,545,485,645,473,540,125,450,578,705,296,560,498,523,528,Run
656,555,487,645,540,532,63,337,560,724,342,527,518,523,508,Run
640,579,485,585,668,511,67,248,582,732,388,545,532,511,486,Run
629,654,477,752,800,562,90,272,537,777,434,581,508,466,488,Run
636,789,465,933,905,644,137,222,521,868,629,533,529,313,587,Run
632,941,438,904,985,647,266,290,507,970,891,474,481,124,600,Run
519,994,386,769,956,650,512,374,493,917,978,412,460,88,537,Run
435,968,397,578,699,808,641,483,537,784,991,402,439,112,499,Run
411,794,456,645,869,432,556,480,547,605,861,428,453,254,505,Run
429,675,504,538,659,569,443,445,561,503,724,446,524,398,555,Run
405,595,528,721,672,599,369,434,576,452,657,445,532,485,537,Run
370,501,533,898,619,569,332,498,566,424,605,444,540,510,510,Run
368,437,546,982,436,515,317,583,564,376,553,459,554,499,512,Run
364,415,565,921,333,485,226,743,580,316,531,465,547,536,536,Run
356,415,568,872,413,580,89,911,635,293,538,456,530,543,515,Run
349,440,552,788,583,646,119,986,571,302,542,453,497,518,510,Run
319,473,531,881,530,515,239,1010,542,336,564,469,508,493,518,Run
277,677,468,964,368,506,252,848,588,391,699,446,534,384,560,Run
339,884,406,1000,270,539,394,623,388,510,914,371,575,142,639,Run
388,976,325,989,315,541,575,720,467,835,986,350,594,69,557,Run
426,999,304,916,299,557,327,653,594,892,972,413,588,96,513,Run
517,877,362,825,321,535,205,646,584,851,832,459,558,238,510,Run
578,709,421,596,417,508,83,462,568,784,702,492,491,384,548,Run
629,620,460,378,506,480,40,305,485,748,559,524,497,499,532,Run
654,577,475,393,522,496,170,275,498,717,405,570,497,514,518,Run
689,531,488,506,466,531,174,511,688,676,323,591,492,483,525,Run
698,538,497,615,440,540,194,492,609,661,313,570,485,491,530,Run
678,543,500,661,476,538,123,433,530,682,340,536,491,513,513,Run
648,540,498,629,568,516,84,289,580,701,374,532,512,513,489,Run
627,571,488,582,716,521,95,266,585,713,412,554,528,505,481,Run
615,648,475,803,833,591,134,296,540,758,457,546,500,475,486,Run
636,745,458,902,940,656,209,248,523,857,668,472,529,369,581,Run
637,925,443,859,996,672,338,310,498,928,905,445,509,130,599,Run
544,982,403,725,909,607,563,399,493,843,984,409,460,107,530,Run
452,973,399,606,588,795,624,470,515,694,969,411,446,126,486,Run
422,804,450,815,843,456,549,479,529,559,834,429,474,251,504,Run
440,675,498,566,578,612,460,447,543,481,717,443,533,426,548,Run
424,582,518,730,636,617,363,456,550,437,638,447,533,515,533,Run
375,500,521,877,605,629,340,491,556,394,582,447,544,515,506,Run
348,439,540,975,430,546,337,568,570,330,543,463,541,507,520,Run
340,412,565,900,330,516,283,722,618,296,536,477,532,548,542,Run
331,415,579,893,452,612,113,895,674,317,555,467,519,548,515,Run
318,436,563,795,546,630,144,978,677,356,587,459,506,502,501,Run
302,521,538,905,468,526,271,1007,635,403,648,459,517,469,516,Run
307,700,475,973,365,506,336,805,646,459,801,443,520,297,578,Run
406,891,437,994,279,537,361,831,469,592,949,406,604,152,616,Run
447,979,384,966,310,542,539,716,584,862,998,383,599,78,538,Run
466,997,358,894,280,549,326,676,578,877,956,437,580,153,492,Run
525,895,390,811,313,526,220,623,591,808,797,484,528,274,503,Run
576,739,423,572,399,506,71,443,536,736,678,497,501,413,544,Run
619,630,457,360,489,480,76,327,462,714,582,503,519,501,536,Run
644,578,482,424,515,495,173,338,500,711,433,540,508,499,504,Run
669,533,494,519,469,533,185,560,702,670,324,587,486,470,511,Run
685,523,498,618,440,537,178,511,609,655,291,585,473,508,535,Run
675,538,490,652,480,527,131,416,535,688,329,549,499,530,521,Run
652,548,483,629,566,502,79,286,580,712,377,535,519,523,497,Run
631,583,481,583,705,504,67,272,570,733,405,558,523,499,483,Run
629,658,477,796,805,586,95,283,536,783,463,557,530,395,559,Run
671,855,442,900,929,645,172,243,530,883,740,508,491,150,605,Run
579,968,400,862,991,686,327,334,500,970,929,419,483,103,544,Run
463,999,369,741,855,758,614,438,532,861,991,370,460,115,503,Run
408,874,408,834,770,709,609,497,526,665,925,395,462,220,501,Run
434,724,472,488,821,625,536,462,554,531,776,420,495,356,532,Run
430,624,513,735,729,592,427,434,558,463,688,431,534,461,532,Run
393,546,532,779,671,632,363,470,559,429,631,438,535,500,514,Run
362,471,545,944,538,555,358,528,565,379,565,454,559,500,502,Run
353,427,563,988,393,482,353,596,576,307,534,474,548,516,539,Run
350,418,577,858,306,538,224,769,611,283,528,472,537,541,527,Run
343,427,573,847,490,617,72,926,644,304,546,457,511,525,503,Run
330,450,550,818,505,625,166,990,604,338,571,462,488,500,511,Run
308,555,527,868,444,503,268,997,545,389,659,456,537,484,536,Run
321,724,451,918,330,513,358,829,673,457,818,424,522,309,559,Run
406,908,416,958,298,542,366,843,442,601,954,378,596,112,598,Run
444,975,373,940,348,550,595,750,614,868,997,377,587,46,523,Run
480,981,346,882,313,554,337,679,574,885,964,427,574,159,478,Run
533,841,385,803,342,531,202,636,570,830,820,474,545,293,521,Run
592,701,422,576,409,521,67,411,511,775,676,498,492,449,538,Run
634,626,445,383,518,485,97,285,451,733,522,532,502,522,526,Run
652,570,463,436,513,500,137,324,525,713,364,584,480,491,499,Run
692,530,480,526,468,535,238,530,711,678,274,602,496,464,528,Run
692,539,487,609,451,539,152,510,587,674,283,569,491,499,527,Run
665,554,486,624,505,537,100,405,540,696,337,535,507,526,507,Run
643,569,485,590,583,519,60,277,575,714,373,545,534,522,495,Run
621,612,474,613,732,534,77,293,545,747,423,561,528,499,495,Run
623,720,456,850,846,611,114,280,521,832,581,517,540,378,572,Run
650,915,420,888,952,629,232,257,512,956,866,475,496,132,587,Run
509,986,378,820,999,628,413,355,477,938,970,446,462,97,519,Run
433,965,380,668,889,775,698,464,559,775,1000,418,438,109,482,Run
428,796,436,875,837,450,569,475,537,598,893,429,473,240,518,Run
449,673,491,480,711,574,506,472,573,497,753,442,550,412,552,Run
441,595,521,681,651,600,395,435,573,441,653,451,544,486,533,Run
401,528,522,850,627,621,356,480,577,390,584,449,550,513,506,Run
361,469,530,963,462,569,338,551,568,337,546,457,555,505,515,Run
351,448,546,963,365,507,323,646,590,303,544,463,545,540,534,Run
352,445,561,856,326,548,134,812,648,314,548,458,525,532,516,Run
356,456,553,800,462,594,74,952,659,339,559,458,493,510,504,Run
341,475,539,838,488,594,236,999,663,381,606,456,478,496,508,Run
326,571,525,906,450,521,293,932,569,429,702,453,546,435,570,Run
355,760,452,934,312,538,393,777,717,504,885,449,525,202,583,Run
452,934,411,934,301,561,548,889,384,753,975,420,621,128,574,Run
441,985,366,898,340,563,423,673,506,887,1001,426,594,95,494,Run
484,940,363,831,303,558,309,637,580,836,888,469,557,199,497,Run
544,787,388,744,351,531,138,576,538,761,731,497,511,336,514,Run
592,667,422,494,434,513,46,349,490,718,635,496,500,447,541,Run
626,601,454,387,519,487,179,299,458,714,536,509,530,510,528,Run
640,550,477,450,495,518,168,382,553,698,405,548,493,492,494,Run
658,511,485,549,445,544,268,519,675,678,332,580,485,477,517,Run
659,511,485,621,451,547,165,488,595,685,310,574,494,512,536,Run
644,516,480,643,515,548,143,402,540,705,347,543,509,535,518,Run
625,529,480,599,584,532,104,303,567,708,384,527,519,519,500,Run
606,595,482,621,708,545,104,297,550,714,412,550,520,496,482,Run
614,714,473,842,807,611,139,294,526,767,514,547,525,414,551,Run
648,874,425,879,927,647,204,278,519,879,806,478,515,168,586,Run
591,960,398,827,991,619,347,357,505,944,950,414,470,121,524,Run
485,998,377,739,846,685,620,451,542,818,996,383,458,74,487,Run
463,861,414,872,719,693,594,503,529,641,913,398,473,195,488,Run
476,714,470,408,648,608,529,468,557,523,765,426,507,343,533,Run
462,638,498,732,725,582,411,442,553,458,682,439,539,432,542,Run
410,579,499,769,650,644,354,475,553,430,624,439,523,497,509,Run
359,511,498,935,524,575,329,525,556,386,573,442,544,511,491,Run
346,465,509,990,396,521,322,572,556,328,539,454,545,515,539,Run
349,434,536,842,359,516,178,738,613,305,536,456,538,547,539,Run
360,422,550,837,426,573,57,912,667,321,543,455,517,540,509,Run
357,440,538,758,509,604,159,984,670,354,557,467,499,504,504,Run
332,502,516,834,468,546,273,1006,633,390,577,477,520,482,532,Run
321,681,472,897,368,513,335,882,701,427,696,461,512,349,563,Run
401,875,427,929,281,531,179,802,488,525,910,414,601,123,586,Run
429,963,377,916,340,555,572,748,590,824,986,378,593,60,520,Run
456,1001,348,874,353,569,339,666,573,868,981,398,560,144,470,Run
526,890,384,826,344,553,247,625,551,805,848,449,548,273,494,Run
592,741,419,639,398,536,99,501,536,742,696,478,505,392,528,Run
640,651,437,421,492,509,40,302,510,707,607,491,511,474,521,Run
662,599,443,397,532,498,218,280,506,711,489,530,506,527,501,Run
685,554,463,477,486,528,170,516,624,692,366,579,499,484,524,Run
709,528,495,581,447,533,281,520,665,662,301,591,487,490,540,Run
683,537,509,647,466,519,129,453,554,680,325,562,489,513,524,Run
643,537,503,654,506,517,81,326,556,703,373,536,516,513,493,Run
614,575,488,602,644,502,84,255,553,708,398,544,528,500,482,Run
604,652,482,698,780,587,133,292,512,730,431,563,513,449,540,Run
644,806,453,907,905,672,169,269,520,800,631,519,536,248,582,Run
606,933,413,857,982,697,296,306,511,919,888,448,484,124,554,Run
447,991,350,784,953,666,487,394,491,916,978,398,473,114,469,Run
414,906,369,824,721,674,639,499,547,746,974,383,467,181,469,Run
449,739,437,788,817,496,521,469,530,587,831,406,489,334,531,Run
469,617,489,612,699,561,448,454,547,471,696,430,540,452,553,Run
444,543,508,721,673,606,372,461,548,401,618,435,532,506,513,Run
399,495,513,884,610,614,348,509,550,358,573,430,539,500,494,Run
368,434,529,977,415,574,340,547,577,316,554,446,537,505,530,Run
357,412,556,893,344,536,287,676,608,304,562,462,530,553,543,Run
353,434,569,842,361,576,136,849,676,332,552,465,520,532,516,Run
342,464,554,757,465,599,116,964,707,372,565,465,498,490,503,Run
310,536,534,827,467,583,261,1002,704,416,640,463,523,463,531,Run
311,685,493,890,428,516,314,848,645,464,802,466,515,273,577,Run
394,859,453,933,322,533,156,870,617,607,949,433,622,134,593,Run
463,967,399,922,320,555,570,733,588,858,998,424,610,107,494,Run
484,984,386,883,345,551,360,678,560,842,972,441,574,167,477,Run
533,871,409,836,326,537,255,612,571,778,823,482,521,288,501,Run
574,742,424,682,372,513,95,489,513,710,688,495,495,399,536,Run
610,651,443,431,467,482,52,321,445,699,609,490,523,496,535,Run
630,592,465,419,533,478,221,304,460,715,492,506,510,510,516,Run
645,551,479,475,510,520,167,524,654,702,375,546,491,482,505,Run
665,519,486,575,453,538,245,569,639,686,317,566,489,499,528,Run
660,519,480,635,476,537,159,475,534,695,324,547,501,520,523,Run
643,530,479,631,530,527,97,339,552,707,362,522,517,520,508,Run
626,567,485,583,619,498,86,294,561,706,386,532,525,506,489,Run
615,642,488,699,762,537,113,304,536,730,431,560,518,444,537,Run
639,786,464,894,864,629,153,273,527,814,647,511,524,226,608,Run
624,942,441,851,965,641,250,308,518,912,891,440,461,144,550,Run
517,996,412,775,973,653,455,380,498,892,978,394,457,78,489,Run
444,936,412,795,822,796,637,498,530,715,976,384,447,156,487,Run
446,765,459,748,878,546,552,484,538,555,839,410,482,304,520,Run
456,673,488,637,744,582,464,452,546,465,711,434,541,414,549,Run
432,602,502,695,666,622,366,456,547,412,637,439,531,484,514,Run
393,545,506,835,636,642,346,492,543,381,576,437,547,498,494,Run
359,472,516,959,477,567,339,524,552,336,530,449,557,512,533,Run
356,437,541,950,371,511,319,621,571,297,506,462,546,545,545,Run
349,432,560,834,315,539,134,847,651,308,504,461,524,540,513,Run
341,442,553,827,455,592,69,961,674,345,531,465,493,503,501,Run
344,451,526,777,485,614,220,1000,683,370,554,473,504,484,524,Run
328,554,500,858,453,507,262,928,666,404,622,464,497,378,578,Run
362,745,461,943,317,510,159,775,656,468,860,403,610,175,560,Run
406,930,397,935,291,542,540,801,546,735,970,371,587,65,490,Run
442,991,333,893,369,552,346,707,563,888,1004,368,562,104,476,Run
515,946,366,847,339,545,286,639,570,837,910,426,557,214,477,Run
579,800,408,724,358,531,135,574,553,773,744,479,512,346,527,Run
624,682,433,481,453,509,44,369,499,718,634,494,523,439,529,Run
651,633,441,412,535,485,147,294,448,705,509,517,519,520,516,Run
662,576,453,472,508,514,121,420,561,689,367,565,499,510,519,Run
687,532,482,563,451,535,267,494,680,672,307,582,479,493,536,Run
682,514,501,634,451,540,127,472,569,697,307,557,488,507,524,Run
654,520,501,660,532,535,72,375,522,719,363,535,518,517,501,Run
626,552,490,623,661,517,56,258,562,725,389,547,543,510,484,Run
614,622,483,740,842,575,95,290,536,747,436,562,502,469,512,Run
634,733,464,920,937,656,144,271,532,819,608,521,522,350,578,Run
634,917,434,846,994,644,258,280,524,929,879,475,489,135,547,Run
522,987,403,746,984,614,463,375,498,912,974,412,478,121,489,Run
447,934,403,617,684,759,652,485,549,738,978,399,465,159,479,Run
446,777,449,770,825,531,568,479,541,569,848,426,484,297,521,Run
453,649,497,533,642,643,483,441,561,477,717,445,541,420,556,Run
438,564,520,683,633,613,392,438,567,435,642,447,531,482,520,Run
395,503,520,849,613,641,371,478,559,401,592,440,536,502,496,Run
368,456,526,962,462,565,356,533,561,360,563,446,547,504,515,Run
361,434,544,951,369,487,344,623,578,321,553,464,537,536,541,Run
363,440,561,838,334,540,153,805,647,315,541,479,520,536,515,Run
358,452,556,812,471,600,65,947,668,341,560,482,501,504,496,Run
330,499,537,793,488,595,220,996,677,389,612,472,509,486,517,Run
318,611,510,857,447,510,275,915,582,428,703,471,502,361,584,Run
386,799,463,913,319,528,211,787,817,517,905,469,602,148,594,Run
469,948,435,933,312,548,671,760,677,817,985,437,612,101,526,Run
474,993,377,908,357,555,415,712,570,879,998,428,601,126,486,Run
514,898,382,859,335,558,291,627,583,822,861,471,562,243,492,Run
560,758,407,765,362,540,116,549,532,741,698,493,498,352,525,Run
593,644,436,507,444,524,36,335,472,693,602,492,494,475,551,Run
619,590,455,392,532,489,219,311,450,703,511,516,511,536,527,Run
641,533,473,449,511,514,161,457,570,698,400,556,490,493,491,Run
677,498,484,543,458,544,256,505,683,688,330,586,491,479,527,Run
685,510,485,621,465,536,146,485,570,688,314,580,497,522,535,Run
665,543,484,634,516,534,95,358,553,705,359,547,512,531,508,Run
642,581,488,590,590,517,67,257,565,700,380,538,529,502,502,Run
615,652,485,612,738,538,95,284,526,710,423,561,507,476,505,Run
623,756,462,834,851,607,139,289,520,766,598,528,543,306,598,Run
625,923,430,870,952,638,228,284,524,854,867,467,460,124,564,Run
504,989,391,826,999,638,417,364,499,902,969,422,464,92,493,Run
429,943,383,666,844,779,671,478,563,746,995,394,453,127,472,Run
446,771,438,777,797,562,574,482,545,587,880,404,483,266,497,Run
461,662,487,497,770,590,501,468,551,491,722,433,519,405,546,Run
442,580,505,706,711,587,404,475,554,433,628,449,522,486,531,Run
397,504,505,778,641,642,349,478,565,404,546,450,533,511,506,Run
359,451,516,940,532,581,339,516,577,359,510,451,553,508,519,Run
358,425,545,986,396,489,324,603,589,317,510,453,544,528,544,Run
351,432,566,852,328,526,175,805,645,325,513,453,522,535,518,Run
330,454,558,849,460,592,57,949,674,344,507,472,502,508,505,Run
298,542,536,751,503,635,232,997,707,370,552,482,513,478,515,Run
294,677,502,851,498,512,294,949,586,415,742,433,486,360,554,Run
383,816,444,944,355,508,248,789,536,540,929,385,626,147,586,Run
442,931,396,975,282,545,572,757,482,778,983,377,615,96,495,Run
434,984,365,939,332,549,320,686,534,823,965,404,579,123,473,Run
491,890,374,884,310,547,263,614,564,762,862,435,545,248,482,Run
548,775,400,791,332,531,110,559,518,717,735,460,495,387,535,Run
596,682,432,525,429,510,35,329,495,688,624,481,519,455,543,Run
627,627,452,398,531,478,204,292,453,683,507,516,519,530,508,Run
657,572,470,449,525,511,142,449,578,669,378,561,496,492,504,Run
686,543,489,538,453,541,252,493,679,646,343,575,479,479,533,Run
683,541,496,631,442,532,123,500,546,672,349,555,484,510,523,Run
663,539,488,669,500,518,69,365,525,695,369,532,516,528,501,Run
639,594,479,631,602,492,31,248,567,707,381,541,524,508,481,Run
620,654,478,648,776,533,74,277,531,742,465,539,507,453,535,Run
625,797,456,855,902,619,141,273,519,829,647,479,543,238,581,Run
589,947,419,855,980,651,264,279,510,917,889,466,481,113,552,Run
437,997,411,793,1007,630,457,379,488,856,977,420,459,86,482,Run
408,916,424,689,792,817,678,494,541,702,973,387,470,161,465,Run
427,766,454,846,840,480,562,500,523,570,839,395,521,313,519,Run
439,659,481,585,697,640,492,463,548,472,708,420,547,434,553,Run
429,590,501,684,639,619,366,435,551,399,616,427,520,511,515,Run
395,516,522,817,636,635,324,472,550,350,558,425,537,506,502,Run
368,447,546,954,493,587,313,535,564,318,531,446,550,513,538,Run
370,423,568,983,370,507,285,652,602,311,550,466,547,549,547,Run
361,435,568,848,288,542,100,865,682,334,567,466,519,532,514,Run
338,467,556,848,470,611,87,972,699,378,585,459,491,495,491,Run
311,521,533,787,476,641,235,1007,682,425,641,455,510,466,508,Run
316,618,494,879,459,517,322,893,546,475,778,456,532,327,582,Run
388,787,433,971,320,515,379,842,760,594,938,426,626,162,584,Run
431,929,379,954,280,545,623,725,672,792,994,394,604,117,489,Run
416,950,347,910,349,549,349,687,567,805,966,411,573,130,472,Run
486,867,369,840,300,553,275,608,601,764,824,456,542,261,495,Run
547,738,391,744,349,529,118,529,547,695,687,475,508,371,527,Run
590,644,418,469,441,511,40,330,462,664,603,473,515,502,539,Run
625,599,449,397,525,475,216,284,460,674,513,487,508,515,514,Run
663,563,485,447,505,512,136,452,578,679,395,532,498,488,514,Run
683,534,502,541,453,541,281,489,678,669,332,566,491,510,534,Run
669,524,500,620,448,542,116,476,554,694,328,551,502,526,528,Run
644,544,495,642,515,542,60,351,544,719,375,526,519,515,496,Run
626,583,502,592,619,521,51,255,560,724,402,545,522,482,494,Run
621,642,506,639,775,553,95,287,511,741,469,568,539,362,571,Run
637,847,462,866,879,628,139,255,505,827,716,504,452,190,561,Run
551,964,430,873,971,646,295,295,509,921,920,441,470,105,513,Run
475,1003,407,815,1006,715,481,362,499,821,987,386,469,113,475,Run
457,893,429,912,754,693,613,497,528,641,939,377,484,215,491,Run
457,740,470,530,873,626,529,482,541,510,778,407,506,362,520,Run
445,632,499,706,747,573,433,451,548,423,666,425,531,462,523,Run
408,557,506,730,675,609,355,454,555,371,597,421,545,523,511,Run
357,476,518,857,623,618,352,497,561,327,546,421,554,507,518,Run
348,418,548,966,481,554,358,577,578,304,515,439,550,530,550,Run
342,396,567,948,346,516,290,772,617,319,520,445,529,539,538,Run
326,424,560,863,303,563,94,939,707,344,540,452,499,513,500,Run
287,471,537,778,445,604,156,995,700,379,583,457,490,478,494,Run
266,646,512,814,454,600,259,1004,621,431,695,443,554,424,555,Run
324,801,457,922,442,498,429,915,740,507,903,434,587,196,567,Run
441,949,388,970,322,527,508,859,521,775,982,407,607,102,517,Run
447,970,340,939,316,561,348,693,538,839,992,416,602,100,477,Run
503,892,361,885,348,545,297,630,587,796,865,451,563,226,462,Run
561,765,391,807,306,537,150,574,545,741,714,480,521,352,516,Run
600,680,415,593,409,512,46,352,500,707,611,488,510,444,537,Run
626,635,436,416,508,469,140,303,441,698,527,506,512,532,525,Run
648,581,466,433,537,488,143,370,514,685,412,545,485,510,503,Run
670,536,494,501,470,529,227,550,719,664,347,565,483,474,540,Run
670,522,507,600,440,530,151,494,573,677,349,553,485,512,530,Run
647,521,506,622,488,514,86,378,517,699,376,530,510,524,507,Run
624,555,506,602,583,498,42,260,564,704,395,532,527,520,485,Run
602,624,509,595,759,521,90,277,522,706,434,547,505,482,498,Run
620,707,495,789,874,610,146,270,508,746,550,517,523,364,570,Run
652,888,456,856,969,659,234,261,507,820,793,490,516,125,562,Run
560,977,437,796,1003,648,374,342,496,904,947,426,510,110,491,Run
455,971,412,689,863,714,626,451,541,783,997,380,483,159,470,Run
440,822,432,863,799,693,586,494,532,627,920,391,478,284,508,Run
442,693,475,442,752,604,506,462,549,518,773,421,522,405,539,Run
424,601,507,716,724,591,410,443,554,451,677,434,530,481,522,Run
392,529,519,774,640,623,355,467,559,412,612,430,529,509,499,Run
365,463,529,930,542,592,347,525,565,360,554,429,548,505,517,Run
354,424,548,987,387,525,347,580,588,316,533,440,539,517,543,Run
346,412,562,841,313,541,184,744,628,304,530,443,527,529,526,Run
345,442,557,848,446,586,60,922,668,320,548,444,505,513,495,Run
331,463,534,764,532,638,161,987,668,356,575,452,490,489,503,Run
317,547,510,851,475,544,241,980,611,400,645,447,551,441,567,Run
340,731,458,908,374,511,368,751,680,456,836,432,561,187,571,Run
429,921,407,945,295,539,492,813,320,706,960,403,610,106,534,Run
437,987,334,933,332,546,365,711,469,893,1002,396,602,98,488,Run
493,936,348,891,329,555,334,621,596,836,925,453,564,222,473,Run
563,780,391,834,310,538,194,598,562,772,757,500,515,329,504,Run
606,664,423,653,386,520,63,389,502,727,648,510,503,439,540,Run
638,614,445,415,488,489,94,293,434,722,507,541,516,519,526,Run
665,574,472,419,521,494,174,313,499,710,374,577,503,496,503,Run
683,532,496,498,466,535,214,522,663,689,299,583,497,486,534,Run
674,527,505,615,447,541,167,509,603,692,304,559,491,528,531,Run
645,542,496,657,492,552,80,400,535,701,357,537,509,528,502,Run
616,587,478,634,566,542,36,267,556,712,394,551,530,505,484,Run
593,639,472,600,716,532,67,250,543,735,442,558,535,467,530,Run
615,718,458,800,848,599,119,275,511,790,574,517,525,277,576,Run
625,903,428,895,943,657,193,244,520,883,847,487,460,103,547,Run
524,982,386,856,995,642,373,326,517,912,964,432,463,84,482,Run
444,953,367,750,983,792,620,449,575,769,994,409,468,172,483,Run
446,783,412,890,801,549,573,496,570,602,890,419,489,310,525,Run
457,666,464,537,818,557,502,453,585,488,760,423,532,429,540,Run
443,601,492,694,728,592,396,443,573,427,673,425,538,495,523,Run
401,522,508,767,647,627,369,474,569,387,591,423,542,514,499,Run
375,457,529,935,529,608,361,519,569,342,539,438,551,511,537,Run
364,422,552,997,390,535,345,619,590,305,526,449,540,536,535,Run
353,421,561,875,287,550,143,845,674,306,523,448,509,522,504,Run
340,439,554,840,421,587,62,962,692,328,546,463,487,497,500,Run
308,476,538,761,487,645,228,1001,710,368,609,474,539,463,563,Run
298,623,502,875,498,544,292,970,710,426,790,438,550,291,590,Run
391,855,453,958,375,514,215,841,480,599,945,378,608,94,551,Run
400,965,377,971,279,564,483,805,517,879,997,357,591,66,511,Run
453,991,341,936,343,554,343,663,543,879,960,413,586,200,459,Run
528,862,380,888,315,527,237,602,565,826,808,464,531,328,508,Run
589,711,420,770,332,509,88,482,510,759,670,486,493,431,521,Run
633,623,453,494,438,487,33,306,430,737,538,516,508,494,523,Run
653,588,467,408,530,472,193,270,478,712,391,571,492,515,504,Run
686,541,485,472,518,518,150,522,626,677,304,592,491,482,540,Run
704,526,494,562,452,550,202,510,624,690,296,571,490,501,524,Run
674,536,490,626,471,543,110,438,509,708,333,538,514,512,506,Run
644,541,484,639,535,531,42,314,542,715,358,534,538,519,484,Run
618,593,474,584,667,499,60,258,561,732,395,558,539,508,475,Run
616,660,465,710,816,540,115,286,516,785,469,552,478,426,560,Run
636,816,441,913,920,627,170,242,525,889,729,484,551,192,559,Run
589,955,417,852,986,633,305,298,518,975,923,447,499,107,541,Run
465,1000,387,746,981,616,499,398,499,873,989,393,467,111,468,Run
423,858,422,579,774,756,649,504,554,676,953,401,477,233,475,Run
441,712,482,764,851,566,527,468,529,524,804,426,521,395,544,Run
437,605,523,421,581,678,452,449,551,440,690,435,548,480,545,Run
410,533,529,688,624,648,363,452,555,392,619,432,534,508,509,Run
364,461,536,857,607,657,355,502,555,351,558,438,544,500,513,Run
361,417,558,971,440,576,350,569,572,315,537,460,546,533,543,Run
363,415,577,933,341,516,241,736,623,310,544,473,533,543,524,Run
330,445,571,862,324,570,77,911,703,332,537,463,502,517,495,Run
299,480,555,797,491,618,155,986,717,375,587,446,493,491,503,Run
289,596,528,846,465,600,254,1005,655,418,679,445,508,398,583,Run
321,730,482,911,397,522,331,915,804,493,887,437,622,160,579,Run
408,922,441,960,302,530,476,853,479,753,978,405,632,96,525,Run
408,989,387,947,310,550,366,725,515,910,1007,397,605,102,466,Run
460,952,371,903,340,554,313,644,577,865,921,457,564,236,470,Run
522,803,384,859,308,546,155,607,536,778,741,495,506,357,520,Run
572,672,408,690,360,525,50,376,490,712,650,498,500,472,545,Run
611,608,436,410,485,491,148,306,418,712,533,510,526,525,523,Run
646,562,473,401,535,489,158,387,511,708,387,552,508,489,521,Run
675,525,501,468,485,537,228,530,681,691,307,576,492,489,529,Run
676,507,506,584,439,540,143,486,583,703,301,561,489,510,528,Run
650,519,491,653,460,540,110,436,513,718,354,529,515,515,503,Run
619,569,478,653,534,531,42,300,545,710,387,529,528,495,486,Run
602,647,484,585,670,508,71,270,538,729,445,544,510,478,500,Run
608,742,471,711,814,567,118,296,514,784,561,512,563,346,587,Run
602,900,415,914,913,636,172,251,523,891,823,473,478,133,559,Run
503,980,387,862,987,641,313,327,514,916,956,443,460,106,500,Run
434,962,386,765,958,650,540,409,535,773,993,409,465,123,474,Run
442,809,427,788,699,796,612,506,542,600,889,413,491,272,500,Run
455,691,468,643,769,508,533,480,561,504,748,427,525,390,548,Run
438,598,493,646,699,554,421,439,565,444,661,435,544,447,525,Run
402,546,501,717,671,627,344,456,564,402,600,431,540,496,506,Run
360,483,513,886,599,637,342,511,564,358,557,436,550,518,517,Run
353,437,541,977,447,560,347,588,584,314,547,453,552,537,549,Run
352,420,558,939,331,518,210,781,617,311,560,464,538,534,525,Run
337,440,554,853,341,555,68,934,696,335,586,473,501,509,496,Run
315,463,543,783,471,614,156,992,716,373,602,489,472,503,495,Run
303,516,536,823,452,588,244,998,667,421,641,484,530,474,563,Run
304,691,491,912,399,515,325,836,700,479,847,451,581,274,569,Run
396,899,453,960,283,532,305,811,493,674,965,393,618,90,527,Run
415,982,394,933,312,549,411,793,523,889,1004,385,584,77,473,Run
479,968,388,896,337,557,332,655,577,845,954,409,574,192,457,Run
551,844,411,848,306,556,202,611,561,796,806,452,544,324,515,Run
609,718,429,709,375,535,68,452,493,756,652,487,507,435,518,Run
643,646,443,459,466,515,59,285,425,746,479,537,494,510,524,Run
676,572,468,392,529,501,157,317,488,719,339,585,480,512,520,Run
713,528,498,471,479,536,153,568,660,704,281,590,492,485,545,Run
704,530,512,590,441,544,191,532,644,727,295,562,501,506,526,Run
661,558,509,650,469,525,70,397,546,732,369,543,524,504,503,Run
624,582,509,662,525,518,21,206,560,740,421,562,546,521,477,Run
602,664,501,618,722,503,87,226,527,773,479,559,512,485,521,Run
614,769,474,764,868,600,140,267,506,832,640,516,506,360,579,Run
609,932,441,910,967,664,197,238,524,895,856,482,501,117,574,Run
494,992,407,850,1004,688,351,358,511,885,966,432,473,129,478,Run
401,932,405,759,888,639,629,478,576,735,990,403,456,191,454,Run
414,761,441,802,627,721,589,499,542,583,870,412,494,326,513,Run
440,655,489,628,673,529,488,440,551,491,729,432,547,442,556,Run
435,590,511,634,661,593,404,451,566,436,643,445,539,492,524,Run
400,517,522,740,640,645,386,499,577,397,585,446,537,507,497,Run
369,460,535,920,532,627,377,562,596,361,558,453,545,511,524,Run
367,427,554,986,387,545,373,642,613,332,548,464,539,534,545,Run
356,446,564,873,297,533,145,792,670,331,540,466,512,529,513,Run
345,454,559,859,400,577,68,943,651,345,550,469,482,507,494,Run
328,458,545,741,482,629,204,996,666,377,584,471,504,488,516,Run
305,521,524,852,480,543,277,947,587,423,687,463,517,327,583,Run
335,787,468,918,380,514,287,804,816,510,903,429,623,132,591,Run
379,943,413,942,297,554,592,771,579,799,982,387,606,86,493,Run
413,994,344,925,351,553,384,685,523,891,996,409,587,126,467,Run
511,922,376,883,331,554,302,620,587,850,859,462,567,275,483,Run
573,766,408,831,316,539,137,571,542,767,708,483,505,390,537,Run
618,639,439,613,398,514,40,314,489,712,612,491,505,480,548,Run
645,590,458,400,508,472,171,274,436,707,498,521,516,523,518,Run
670,535,482,411,530,491,155,383,532,700,366,577,500,495,512,Run
692,506,504,490,474,532,244,508,672,676,313,599,487,491,541,Run
678,513,507,605,445,532,131,491,581,698,322,571,501,516,521,Run
649,523,500,658,474,531,85,414,523,712,362,540,524,512,492,Run
624,575,488,644,549,521,42,262,556,709,388,554,533,501,478,Run
604,663,477,577,702,514,80,262,518,728,441,570,507,451,537,Run
615,813,448,754,828,586,118,279,505,808,591,514,531,227,578,Run
593,951,424,911,940,647,201,255,509,917,869,457,464,99,572,Run
480,999,381,866,996,656,370,366,498,908,970,387,459,99,449,Run
427,920,388,767,882,688,661,504,562,755,974,379,472,184,449,Run
441,765,444,811,707,663,592,513,547,589,835,406,495,345,523,Run
447,637,495,598,793,530,507,447,555,497,714,427,529,427,546,Run
431,561,512,696,721,564,387,434,557,444,650,434,524,478,515,Run
390,502,514,726,674,638,359,485,558,423,601,434,537,514,493,Run
363,453,529,909,580,592,356,545,574,378,555,439,555,509,536,Run
358,431,553,983,427,531,365,637,608,325,544,443,543,532,545,Run
347,431,568,915,327,504,166,836,669,312,542,435,510,527,505,Run
333,456,559,847,360,563,59,959,703,325,551,443,480,507,492,Run
293,505,534,739,463,616,211,1000,697,362,569,460,523,474,562,Run
268,636,502,837,485,564,247,926,629,410,697,450,542,286,569,Run
325,860,462,928,394,510,150,763,599,547,915,411,624,101,530,Run
376,967,387,966,281,546,532,763,525,856,988,399,608,80,485,Run
436,995,372,932,335,559,350,691,539,856,978,432,575,186,445,Run
522,881,393,886,346,557,253,619,571,812,829,467,532,321,497,Run
579,725,414,818,324,547,95,514,529,758,673,484,484,424,529,Run
616,640,432,579,421,516,40,308,489,724,507,521,517,497,534,Run
651,572,453,427,509,473,216,262,467,709,382,563,500,541,522,Run
696,522,485,442,547,486,149,435,567,699,337,578,484,485,538,Run
718,515,512,518,470,531,252,527,693,699,340,568,492,467,533,Run
690,524,508,626,436,526,101,456,559,701,372,549,512,508,505,Run
650,580,495,666,484,523,60,344,522,701,395,545,530,523,485,Run
621,669,504,632,593,505,57,230,542,704,425,557,527,515,482,Run
602,739,505,621,763,533,102,279,495,741,478,551,494,434,567,Run
594,870,467,838,895,622,147,237,502,844,717,509,534,192,546,Run
545,970,429,866,980,664,268,282,501,929,922,471,509,92,543,Run
439,996,411,803,1007,664,456,385,492,831,990,422,469,138,440,Run
394,849,441,700,793,615,657,497,558,664,944,416,475,238,443,Run
424,709,478,808,800,577,568,479,563,571,826,418,507,380,539,Run
434,620,500,449,729,530,460,446,566,486,705,428,542,488,537,Run
424,553,502,743,715,602,377,448,563,428,625,435,541,514,504,Run
396,488,503,783,650,631,352,503,574,381,566,445,552,499,520,Run
380,451,528,932,532,601,357,577,600,330,535,464,553,514,550,Run
372,432,560,989,374,507,281,722,624,303,550,464,532,533,534,Run
363,438,570,857,271,537,88,890,699,319,569,458,491,521,498,Run
344,466,557,845,421,581,144,980,679,358,578,467,472,502,498,Run
310,525,533,755,479,631,251,1009,666,409,640,471,553,471,546,Run
305,677,472,885,489,525,342,819,527,475,835,463,534,229,546,Run
403,872,420,954,361,527,261,906,487,634,959,428,624,102,570,Run
412,956,355,961,286,569,581,703,597,879,999,417,584,90,444,Run
446,976,352,921,340,552,344,649,561,864,942,455,559,192,439,Run
517,841,384,862,301,545,250,602,576,796,783,485,522,329,492,Run
573,706,417,782,327,526,94,488,528,720,662,485,491,442,546,Run
615,635,437,516,432,510,35,299,453,697,564,495,528,516,532,Run
651,573,453,415,522,486,221,283,481,698,425,535,519,507,521,Run
683,530,471,453,516,526,144,531,639,665,322,575,490,474,530,Run
689,515,489,537,460,551,206,531,657,665,307,574,487,489,536,Run
666,511,496,626,454,542,109,456,534,688,332,540,509,513,507,Run
650,535,496,647,514,533,44,314,554,701,370,537,532,506,484,Run
631,606,495,592,632,497,50,267,544,715,400,568,517,493,478,Run
616,785,473,653,796,538,97,281,508,765,515,530,524,379,571,Run
590,917,435,873,903,612,164,235,509,859,780,448,477,140,541,Run
515,987,411,854,984,628,294,306,493,907,944,419,460,94,520,Run
420,987,401,776,1001,640,516,388,500,777,990,385,460,117,424,Run
400,824,438,608,731,745,650,503,538,617,876,397,488,250,468,Run
433,702,476,765,804,500,502,457,530,523,725,420,521,402,555,Run
441,632,495,530,693,613,439,450,561,460,649,430,536,463,528,Run
418,557,504,683,659,590,337,450,564,430,590,427,524,486,504,Run
380,495,512,821,633,609,344,501,568,400,540,431,546,513,509,Run
354,441,538,955,492,590,340,576,583,354,519,445,556,517,570,Run
357,408,562,990,371,508,217,756,632,321,524,449,523,533,527,Run
342,418,558,858,292,537,71,926,714,332,554,449,492,509,492,Run
316,435,533,824,458,597,159,991,705,370,591,451,491,485,502,Run
282,554,506,801,490,626,240,1000,641,408,682,453,514,416,573,Run
311,763,450,897,456,523,349,805,800,488,895,441,587,198,572,Run
375,936,390,964,327,523,481,895,513,729,980,416,586,87,483,Run
395,992,336,960,290,551,372,719,508,851,994,445,552,122,439,Run
487,926,368,920,337,553,335,635,585,817,893,478,538,264,477,Run
569,783,404,872,303,546,196,607,567,775,748,491,515,389,518,Run
616,697,424,746,343,520,64,412,508,748,609,503,516,437,524,Run
646,629,438,457,449,493,72,299,429,722,465,535,533,515,500,Run
667,570,451,397,539,478,189,316,499,693,361,559,504,488,525,Run
692,538,478,461,509,525,174,528,652,665,329,555,483,479,547,Run
684,538,493,568,439,548,174,525,618,668,345,526,475,506,522,Run
651,538,491,648,452,540,92,438,531,683,373,510,523,497,499,Run
620,583,487,661,527,539,38,276,558,690,393,541,550,524,484,Run
610,621,489,594,667,516,68,246,551,706,453,554,507,502,496,Run
598,736,467,688,825,567,124,283,510,768,584,492,514,436,593,Run
579,878,413,899,928,651,206,226,520,871,835,452,515,157,533,Run
448,975,363,842,991,658,342,324,503,891,959,441,467,86,495,Run
410,938,366,747,987,640,601,433,542,771,980,402,488,181,404,Run
439,812,414,598,655,771,604,496,551,617,865,404,513,282,489,Run
453,686,453,796,824,476,505,453,550,519,733,421,539,409,563,Run
443,606,478,577,661,668,390,430,562,448,649,426,527,482,523,Run
409,532,502,716,629,612,332,460,570,394,599,415,514,508,492,Run
364,464,530,845,624,640,318,520,581,348,561,423,543,510,537,Run
367,428,562,963,471,574,321,620,607,319,551,442,552,524,559,Run
373,426,570,970,366,518,148,829,690,321,553,456,512,524,510,Run
353,458,560,855,292,551,55,958,708,355,597,457,479,506,498,Run
331,472,544,817,440,612,214,1001,701,394,645,459,509,488,514,Run
301,614,501,822,484,623,268,948,579,447,757,465,510,344,570,Run
349,767,443,924,452,516,434,746,722,544,925,433,602,128,551,Run
422,901,399,977,296,528,461,895,331,742,989,410,587,87,473,Run
417,964,366,948,291,553,391,722,499,846,992,417,553,142,420,Run
478,925,384,895,350,551,351,623,586,827,877,448,543,303,442,Run
536,787,404,825,303,539,182,609,536,761,733,470,498,389,533,Run
577,697,426,678,372,514,59,386,493,711,632,478,513,471,556,Run
621,627,456,420,474,487,113,329,425,702,533,501,542,522,516,Run
651,576,479,404,536,487,164,340,506,699,402,545,500,501,512,Run
678,532,492,457,489,529,212,506,667,671,327,578,484,477,545,Run
675,511,499,572,441,531,177,523,600,681,311,567,499,515,532,Run
653,499,497,635,459,531,108,410,533,701,357,536,520,522,495,Run
633,538,491,628,544,525,47,295,550,706,386,540,532,515,480,Run
624,574,491,558,665,507,71,264,536,733,432,565,500,457,541,Run
635,764,469,676,799,556,124,279,513,815,579,515,554,227,558,Run
608,936,420,895,902,636,197,264,513,922,844,476,479,85,571,Run
494,993,381,878,983,636,368,342,501,897,962,410,484,74,434,Run
451,960,390,756,979,630,624,450,561,740,983,379,489,173,419,Run
446,785,445,732,697,820,575,510,535,585,857,405,499,312,517,Run
453,673,483,631,818,434,510,477,561,495,727,428,530,429,550,Run
431,577,502,617,654,572,384,434,557,448,658,430,515,488,512,Run
382,515,498,693,649,617,351,460,563,422,596,431,528,519,500,Run
349,450,517,839,623,621,327,533,569,379,550,442,558,505,548,Run
351,411,549,962,488,560,339,642,591,331,530,439,551,519,555,Run
349,417,562,955,370,519,150,847,663,322,540,423,513,526,499,Run
338,445,553,874,332,562,63,963,702,335,560,430,486,505,485,Run
320,473,542,804,481,615,213,1003,708,370,596,436,516,481,523,Run
293,619,489,839,476,590,276,950,614,405,681,443,509,401,561,Run
328,754,430,918,412,506,384,742,708,501,886,424,602,181,541,Run
390,931,402,969,296,527,369,825,361,775,977,398,603,83,476,Run
401,990,361,935,293,549,449,738,560,867,975,407,561,160,428,Run
466,926,368,890,336,553,332,628,577,824,873,440,533,295,479,Run
526,791,392,837,312,547,198,612,540,766,727,468,514,394,521,Run
569,703,417,707,374,522,66,409,503,725,590,496,519,454,536,Run
612,628,444,452,470,503,94,312,426,709,458,537,526,516,511,Run
646,568,465,399,529,488,171,325,491,681,356,566,514,497,514,Run
680,538,489,468,488,522,211,522,670,672,326,564,524,478,545,Run
693,538,515,577,447,539,164,528,602,684,331,541,473,508,516,Run
676,547,520,626,471,534,102,415,534,692,375,531,521,514,496,Run
649,583,515,626,527,530,45,270,560,695,410,545,539,535,482,Run
616,650,498,572,650,506,87,252,530,716,467,548,513,509,497,Run
602,733,475,684,808,559,141,284,504,787,576,507,523,405,580,Run
578,895,460,897,918,636,203,247,517,869,798,485,509,132,584,Run
365,960,463,856,988,648,370,349,502,909,950,462,457,106,465,Run
287,929,415,748,979,636,615,449,552,796,989,415,481,206,442,Run
368,712,429,674,703,825,557,494,534,630,866,417,502,323,531,Run
415,550,461,688,826,452,483,468,556,517,739,418,567,405,546,Run
445,474,499,563,690,588,374,434,561,454,665,410,565,496,499,Run
465,419,541,695,655,600,347,487,562,385,595,419,562,513,505,Run
428,391,541,820,642,618,374,561,577,314,570,426,561,509,545,Run
389,454,554,955,486,583,390,669,590,294,595,422,523,540,521,Run
371,553,541,972,357,524,169,862,661,312,634,424,478,530,485,Run
352,611,499,882,265,547,81,968,699,349,675,452,444,524,495,Run
340,619,477,766,388,578,199,1000,704,397,721,468,513,486,561,Run
323,656,498,838,490,582,280,936,641,485,794,482,513,296,480,Run
353,786,537,913,435,527,206,733,768,672,942,460,648,96,527,Run
355,869,485,913,329,560,670,801,715,903,995,463,592,99,418,Run
359,859,430,884,331,568,361,691,555,888,929,469,534,223,413,Run
424,783,447,877,347,541,280,617,575,826,776,487,504,360,474,Run
484,715,477,822,329,517,125,556,534,742,652,484,483,401,541,Run
551,637,507,609,430,502,46,355,472,693,578,478,532,479,515,Run
597,601,520,416,525,485,174,343,422,674,466,500,525,522,503,Run
630,567,514,435,536,508,141,399,535,649,371,528,495,482,529,Run
648,538,506,513,482,538,261,477,648,645,338,540,488,482,532,Run
667,525,508,603,452,545,131,479,574,664,334,537,519,512,505,Run
677,499,517,640,495,549,108,368,544,676,363,528,540,522,482,Run
676,546,525,612,582,538,96,271,560,680,375,530,533,525,481,Run
654,645,528,572,753,531,137,289,528,699,416,548,528,458,552,Run
646,809,506,768,870,596,170,277,521,768,590,516,537,248,541,Run
566,952,455,855,965,661,244,293,521,899,851,470,512,81,518,Run
452,996,428,805,1005,646,411,371,512,904,964,437,489,115,416,Run
418,914,432,708,894,627,575,459,542,729,979,412,505,219,466,Run
418,730,465,772,683,727,528,488,548,582,858,411,513,345,520,Run
433,616,493,569,827,524,453,465,558,482,727,415,533,441,511,Run
419,511,524,656,693,569,367,450,558,399,656,405,525,477,479,Run
391,435,552,733,666,633,336,491,545,324,581,413,537,497,516,Run
371,394,565,881,602,633,347,535,556,268,531,458,558,505,567,Run
352,423,577,974,435,569,311,707,599,276,546,476,547,543,532,Run
326,449,565,916,335,530,136,891,674,323,577,465,492,495,485,Run
270,464,534,816,312,562,86,979,741,384,619,459,476,487,514,Run
222,614,497,818,460,610,218,1001,695,433,732,465,494,460,563,Run
291,793,461,844,458,592,267,776,656,540,916,428,566,274,457,Run
340,935,401,944,387,513,361,862,348,820,986,389,635,88,578,Run
342,992,355,974,268,529,321,715,490,900,980,408,551,188,493,Run
456,952,376,939,325,550,330,633,573,860,866,451,518,318,481,Run
556,799,415,922,334,546,189,596,534,780,702,483,547,377,514,Run
616,700,449,813,318,540,66,465,485,722,588,505,535,412,560,Run
647,626,470,539,435,506,44,326,421,691,459,538,495,492,520,Run
669,566,484,617,545,517,163,297,470,669,360,565,495,516,512,Run
700,543,504,574,689,493,174,555,685,678,310,574,487,492,533,Run
680,516,508,730,835,569,175,533,585,701,301,559,501,505,499,Run
646,493,525,907,951,651,98,412,508,724,346,552,551,500,513,Run
632,539,564,837,999,663,43,276,568,737,391,563,568,556,480,Run
604,624,568,736,951,639,80,259,545,765,474,543,516,533,480,Run
506,681,520,733,647,827,138,259,517,833,625,494,477,435,560,Run
363,843,511,716,792,456,207,224,519,929,863,500,457,141,643,Run
186,938,489,590,667,574,357,323,519,911,969,476,451,136,494,Run
231,789,408,739,653,609,587,414,565,780,958,443,505,304,487,Run
360,704,403,910,595,585,572,487,564,621,841,445,550,351,575,Run
419,678,417,983,426,520,484,450,582,507,735,446,581,435,566,Run
455,616,436,896,329,498,402,435,581,424,677,439,545,540,487,Run
478,554,469,851,315,540,351,476,573,349,653,438,556,530,504,Run
487,523,500,732,444,588,340,534,588,304,663,447,571,507,557,Run
474,500,526,847,512,544,334,669,611,308,656,457,539,527,530,Run
454,495,542,924,397,529,169,829,657,330,641,472,482,520,490,Run
425,505,552,934,272,564,61,959,692,367,661,481,453,517,511,Run
411,500,551,896,313,560,220,1000,684,430,707,481,537,471,570,Run
386,516,541,858,319,553,311,949,563,505,783,475,520,305,498,Run
363,630,577,809,319,538,328,794,588,669,937,444,603,100,542,Run
322,793,541,589,411,517,686,756,569,904,993,439,558,139,446,Run
273,880,436,440,507,497,413,658,511,899,951,446,513,256,444,Run
375,896,402,459,522,519,319,611,578,855,836,469,510,378,433,Run
461,814,411,524,477,553,163,570,539,778,703,485,502,363,522,Run
518,714,439,614,465,544,74,385,487,736,604,490,542,438,560,Run
571,571,469,651,510,548,136,350,438,723,462,521,532,573,513,Run
624,487,481,623,576,529,171,356,513,699,320,561,492,543,507,Run
664,478,487,645,764,521,223,515,676,698,277,561,495,453,565,Run
670,512,489,841,859,601,146,497,598,709,297,541,514,502,511,Run
660,514,505,869,963,637,92,377,544,718,358,542,562,543,491,Run
665,500,528,797,1002,617,57,268,557,720,403,568,545,537,478,Run
675,546,543,657,840,586,100,281,534,752,466,579,440,473,490,Run
643,765,518,529,525,738,158,286,515,826,616,526,543,280,533,Run
572,935,456,582,800,429,247,273,521,944,864,487,528,90,581,Run
406,991,401,503,625,571,408,372,488,910,970,469,492,96,443,Run
401,963,415,710,640,645,624,465,549,765,998,422,512,237,395,Run
401,807,457,855,615,640,566,487,531,610,892,418,507,304,545,Run
417,689,483,967,460,547,467,467,537,509,758,436,532,396,557,Run
412,581,512,924,355,493,368,439,552,440,671,438,532,531,493,Run
362,484,548,855,305,552,341,467,558,388,616,424,530,503,503,Run
338,404,577,770,445,596,324,535,569,324,588,423,574,485,560,Run
339,393,596,850,477,573,317,673,601,280,590,436,553,514,538,Run
338,433,592,951,396,520,127,894,682,303,593,435,494,536,479,Run
313,433,563,981,278,541,79,978,714,354,607,441,475,502,506,Run
278,500,525,926,323,547,230,1006,692,414,665,456,488,464,552,Run
284,711,468,888,334,540,333,932,773,488,840,450,567,267,550,Run
342,905,421,791,323,538,402,750,432,779,962,420,612,95,515,Run
343,985,359,525,426,513,381,761,508,899,995,422,541,195,461,Run
436,982,374,428,518,481,333,645,546,876,892,454,511,301,481,Run
526,841,399,449,524,512,249,599,568,802,723,486,516,367,483,Run
576,720,426,529,455,537,101,504,519,723,606,491,552,405,537,Run
634,625,459,617,445,536,34,332,465,695,534,500,530,447,554,Run
672,567,484,638,515,530,212,290,472,678,434,531,518,492,541,Run
707,528,516,577,618,508,136,480,594,655,348,564,485,496,526,Run
712,514,537,623,791,547,263,492,672,661,308,580,482,505,520,Run
674,511,531,848,917,630,116,456,535,688,318,563,512,541,493,Run
647,544,523,852,987,658,59,317,548,707,361,555,550,541,493,Run
625,616,517,759,1010,652,79,248,552,720,407,571,523,519,487,Run
622,757,510,623,716,779,127,296,495,758,513,543,539,461,620,Run
608,931,490,634,865,432,175,251,510,878,722,494,521,179,586,Run
437,992,425,530,753,608,325,326,497,966,924,464,488,107,493,Run
386,999,405,682,658,588,544,419,525,839,988,399,516,260,426,Run
407,863,443,790,636,619,586,508,531,658,901,395,524,273,543,Run
425,681,492,938,519,579,528,476,557,529,735,416,507,339,565,Run
427,568,523,985,382,511,424,438,561,440,656,403,517,441,526,Run
395,493,534,858,293,547,373,473,562,388,606,392,524,554,491,Run
350,444,536,825,421,594,359,535,557,351,566,415,553,547,528,Run
352,415,553,752,495,618,359,594,575,328,561,437,570,524,556,Run
353,421,564,867,480,516,213,755,614,342,569,442,518,537,500,Run
351,441,558,928,345,514,67,924,669,374,582,446,475,503,511,Run
339,455,545,926,295,545,162,988,669,406,606,455,479,523,522,Run
312,572,517,884,364,543,278,991,618,436,648,472,539,479,536,Run
320,724,451,838,328,543,351,777,523,483,798,455,537,325,526,Run
424,898,427,762,351,528,284,791,476,628,948,385,594,105,554,Run
454,981,391,522,453,521,638,679,579,856,998,382,570,140,460,Run
480,970,369,412,545,495,374,693,529,820,924,419,529,259,451,Run
536,846,392,435,515,523,284,608,564,755,791,455,483,385,454,Run
566,741,416,526,457,545,144,537,545,701,677,474,537,385,564,Run
599,633,450,606,452,541,48,357,462,683,560,503,515,476,550,Run
625,578,473,636,500,538,211,323,443,694,429,545,511,556,505,Run
648,523,490,606,604,517,149,422,573,680,341,574,497,511,526,Run
664,499,495,621,776,546,282,474,658,683,319,574,503,456,556,Run
662,502,495,833,882,625,120,485,553,700,331,550,521,505,511,Run
655,525,497,847,973,659,69,345,550,714,375,545,555,570,471,Run
646,586,494,793,1006,659,63,252,555,731,395,567,531,541,497,Run
631,692,472,689,776,752,117,270,515,771,484,551,540,390,551,Run
624,895,399,797,761,574,165,248,522,881,738,500,479,133,596,Run
507,979,360,513,765,628,292,304,519,957,927,458,465,80,486,Run
423,985,369,698,688,586,492,373,521,824,992,398,488,211,446,Run
416,827,426,788,633,620,584,509,533,646,927,403,510,280,514,Run
440,717,467,941,531,572,527,491,555,533,766,424,511,358,566,Run
443,613,499,987,396,517,432,444,559,462,672,428,526,480,508,Run
412,536,524,847,313,534,367,448,559,419,605,426,528,532,502,Run
373,459,543,858,419,588,341,498,553,372,554,434,569,514,547,Run
348,415,562,745,454,594,341,583,559,321,538,450,576,499,568,Run
337,415,572,883,456,541,242,767,603,308,548,451,510,540,497,Run
323,442,561,963,345,523,78,937,711,325,558,454,456,525,485,Run
311,442,546,954,294,549,156,994,724,355,593,467,488,507,530,Run
289,542,505,903,342,554,260,1001,680,402,670,465,498,459,558,Run
318,753,436,856,319,549,369,778,737,475,872,443,558,226,573,Run
392,931,405,752,344,534,413,757,337,744,971,408,566,104,492,Run
398,992,338,481,447,512,373,740,498,879,1006,400,526,221,463,Run
473,949,355,420,529,483,337,632,560,852,926,438,505,318,477,Run
536,848,385,461,511,517,242,601,568,798,758,468,528,383,487,Run
586,713,420,552,461,540,94,490,534,748,627,482,574,425,539,Run
626,640,447,626,464,540,32,328,457,721,499,512,516,439,583,Run
650,580,459,633,529,537,219,297,470,706,371,555,499,498,522,Run
679,533,480,579,649,524,151,456,589,686,315,570,502,507,515,Run
689,520,500,667,834,566,282,489,653,696,312,554,489,490,560,Run
665,524,501,880,925,638,104,438,559,710,349,540,527,522,487,Run
650,550,496,839,990,638,48,299,548,715,384,556,569,557,477,Run
618,635,486,741,994,641,88,245,543,727,439,562,525,529,495,Run
613,791,469,601,678,775,145,282,506,788,585,508,498,409,587,Run
592,935,411,741,823,422,202,245,524,891,847,460,506,138,673,Run
481,992,367,489,723,584,341,317,506,894,963,439,469,138,465,Run
433,925,382,677,648,584,554,410,525,745,988,408,510,293,458,Run
435,771,435,805,618,623,564,496,530,586,872,411,520,340,527,Run
449,669,478,945,498,601,507,478,545,500,731,419,516,374,583,Run
438,585,508,965,378,517,433,451,560,427,652,413,506,469,527,Run
389,521,511,841,283,545,365,466,572,379,594,405,538,538,507,Run
350,457,523,833,449,590,358,538,579,334,557,425,580,521,570,Run
349,441,552,759,454,613,374,631,595,308,550,439,557,544,527,Run
338,431,558,912,461,521,188,852,651,320,569,435,485,538,477,Run
323,428,553,975,320,522,64,964,698,352,607,433,461,505,517,Run
296,479,529,952,289,551,216,1003,699,397,642,450,493,475,552,Run
304,667,476,899,354,536,272,915,631,446,786,450,574,291,514,Run
400,868,430,842,316,537,176,810,565,612,943,401,605,104,489,Run
440,970,362,632,379,527,531,782,544,867,995,379,550,160,448,Run
478,954,345,435,489,485,328,666,561,839,960,421,511,273,473,Run
547,826,389,438,536,492,272,606,560,786,789,472,490,380,455,Run
581,714,421,498,476,530,142,550,539,717,659,489,550,380,559,Run
619,620,450,595,436,538,48,345,500,697,561,504,553,449,555,Run
650,571,462,631,491,543,162,303,449,703,441,547,521,520,527,Run
673,528,474,592,593,533,124,375,513,684,328,588,486,520,541,Run
683,517,487,567,767,543,257,434,682,690,303,587,495,501,535,Run
670,528,489,793,902,616,124,475,559,711,321,558,532,490,513,Run
644,565,487,861,977,647,67,359,524,727,363,559,552,554,475,Run
626,625,481,793,1007,637,80,261,545,758,416,578,539,535,513,Run
621,743,463,675,833,799,120,292,507,824,585,533,552,348,571,Run
616,924,413,697,863,470,177,275,507,894,807,491,486,112,597,Run
455,990,350,543,761,590,310,303,512,932,951,467,461,119,470,Run
379,918,349,682,656,583,539,410,531,798,998,427,500,267,451,Run
422,797,408,791,625,618,584,509,522,636,918,425,516,310,522,Run
439,715,444,940,520,583,519,486,545,525,761,444,514,369,566,Run
428,586,484,983,390,512,446,452,565,456,661,450,520,454,535,Run
395,498,527,853,297,541,383,458,565,415,604,445,554,524,492,Run
372,451,553,829,425,570,375,540,555,374,559,449,573,502,553,Run
355,431,567,739,454,608,380,597,562,335,544,454,556,503,549,Run
345,437,564,845,464,517,215,775,599,325,544,448,490,561,472,Run
350,455,546,906,353,514,68,925,657,338,542,451,449,530,505,Run
354,459,532,899,303,550,149,990,660,366,564,461,479,512,532,Run
343,523,508,863,349,553,278,989,612,405,652,457,539,474,541,Run
352,680,448,825,329,548,355,775,571,467,812,431,567,269,547,Run
407,891,401,759,354,533,200,785,554,643,952,389,585,87,562,Run
404,975,341,539,451,520,606,683,571,838,1000,388,557,207,446,Run
447,952,343,431,523,498,355,673,550,819,924,419,507,324,470,Run
527,818,385,441,531,517,278,598,583,769,774,453,515,373,490,Run
571,734,407,518,477,544,117,527,517,713,642,469,566,402,529,Run
604,654,422,605,449,538,46,340,447,682,515,495,512,418,571,Run
629,594,432,640,498,521,220,309,447,657,401,528,513,490,519,Run
654,547,452,612,590,508,194,397,577,638,348,540,495,497,534,Run
676,523,477,608,773,534,273,501,649,662,338,535,478,506,501,Run
669,506,497,795,880,616,139,489,580,675,350,536,500,532,474,Run
658,513,506,844,974,654,100,341,559,684,393,545,563,543,495,Run
642,563,511,783,1006,657,105,240,551,690,460,540,552,525,510,Run
629,705,498,714,802,784,156,292,513,714,551,507,537,445,643,Run
596,913,421,775,740,568,180,285,518,800,731,476,532,215,544,Run
456,986,348,519,798,609,270,299,526,871,923,457,458,98,550,Run
418,960,353,686,698,582,408,369,525,798,990,417,531,284,442,Run
429,821,401,727,636,640,561,484,544,662,920,406,547,295,531,Run
442,696,440,902,584,599,532,510,562,554,777,416,508,317,554,Run
437,583,481,981,455,556,475,458,560,460,685,418,510,406,537,Run
406,510,509,918,391,510,366,455,548,396,640,395,493,497,484,Run
380,452,533,820,302,530,341,478,540,355,595,385,547,532,544,Run
369,428,556,812,405,593,336,544,552,319,553,411,571,541,528,Run
373,433,559,793,463,603,291,751,610,305,550,425,524,515,499,Run
368,449,542,925,424,499,103,932,721,332,592,417,477,489,499,Run
335,478,521,954,294,532,157,991,748,386,631,420,500,502,537,Run
294,635,480,906,317,562,251,1011,656,445,715,446,526,411,537,Run
372,800,431,883,360,544,276,847,825,563,905,409,636,139,588,Run
412,947,372,787,329,546,588,857,583,849,983,396,596,143,448,Run
412,974,332,543,424,518,379,650,554,838,951,429,525,263,482,Run
489,842,368,467,526,478,309,622,581,782,804,470,487,387,482,Run
545,744,404,489,537,505,145,563,532,705,680,493,501,409,501,Run
594,650,441,552,466,540,59,387,495,666,589,501,532,395,585,Run
633,596,468,618,460,540,116,337,429,659,470,530,531,497,536,Run
673,550,487,627,533,526,199,357,480,650,363,563,500,523,527,Run
693,537,505,576,674,507,178,486,634,652,335,564,487,509,516,Run
684,537,512,696,852,573,196,517,624,676,349,544,533,470,531,Run
660,550,508,895,954,659,81,430,553,700,379,541,554,539,475,Run
629,584,499,826,999,675,47,274,565,709,405,548,567,529,522,Run
601,685,473,784,1014,859,105,258,544,727,485,546,511,383,574,Run
603,887,409,737,819,499,147,299,515,815,719,511,450,124,602,Run
497,977,340,466,856,585,228,271,531,939,923,450,494,169,477,Run
394,977,326,668,707,591,393,333,535,839,990,396,524,309,467,Run
401,797,396,741,645,597,569,478,531,648,908,399,511,313,523,Run
441,659,460,913,558,591,538,508,548,515,745,429,483,334,571,Run
453,595,491,986,437,517,493,455,569,451,656,443,513,433,535,Run
433,508,510,883,387,494,392,448,564,406,574,446,538,536,493,Run
394,457,526,844,356,534,367,478,556,376,518,453,580,532,533,Run
377,428,545,784,455,608,356,524,558,337,499,460,558,507,551,Run
370,429,563,802,462,575,357,633,588,312,504,454,503,512,514,Run
356,444,568,886,415,496,144,863,681,330,508,454,467,512,498,Run
331,450,562,941,326,531,82,969,688,362,529,465,486,505,529,Run
294,566,536,925,348,564,233,1002,676,412,632,453,486,460,570,Run
321,758,473,880,370,565,308,918,672,473,856,420,618,224,551,Run
428,926,446,828,333,547,178,852,589,699,966,369,601,119,484,Run
394,990,374,625,397,524,610,732,614,886,1002,390,530,239,484,Run
465,960,371,438,512,481,349,685,561,847,934,417,469,333,500,Run
540,808,400,432,550,489,260,619,583,797,785,456,532,412,494,Run
581,707,426,496,481,539,95,477,514,747,657,478,553,408,525,Run
622,636,445,588,443,547,28,326,460,710,545,500,538,418,598,Run
650,585,451,635,488,541,236,296,467,692,424,544,508,491,518,Run
669,543,462,620,565,532,170,469,609,660,350,567,510,518,507,Run
669,527,476,609,687,530,256,532,670,654,341,557,487,511,521,Run
649,523,482,806,822,597,154,474,557,662,354,538,498,531,494,Run
634,532,487,890,926,664,118,353,546,667,380,536,564,574,497,Run
619,563,489,828,989,638,101,279,548,675,406,550,553,557,483,Run
599,654,486,715,872,615,134,298,519,692,441,551,460,504,497,Run
600,783,463,525,588,635,170,287,514,758,601,507,489,308,555,Run
604,923,439,755,786,584,246,268,523,855,874,448,584,99,728,Run
492,989,389,383,518,636,374,358,503,834,974,404,502,219,453,Run
416,898,389,644,628,625,597,458,542,706,963,386,498,372,486,Run
428,781,430,785,595,655,579,502,531,572,824,413,506,394,505,Run
449,670,476,942,473,581,508,477,550,491,694,436,523,404,586,Run
431,586,497,954,375,486,423,440,563,446,628,441,531,457,529,Run
385,508,505,830,292,540,366,446,569,412,588,433,553,523,516,Run
358,452,523,768,416,572,338,521,571,367,557,430,573,513,558,Run
347,407,543,764,479,604,345,624,584,333,546,426,541,547,527,Run
345,401,547,876,461,517,207,820,634,331,550,416,479,537,474,Run
335,420,537,955,343,529,65,954,684,340,550,429,480,513,522,Run
313,451,516,958,305,559,193,998,701,374,594,442,475,465,596,Run
316,674,481,927,346,548,206,998,724,423,792,417,577,244,531,Run
399,897,408,889,309,544,270,633,480,628,946,399,605,135,468,Run
388,982,304,670,354,531,406,842,523,886,996,400,548,181,480,Run
468,968,325,475,484,484,369,674,558,849,949,436,525,272,468,Run
548,823,384,451,538,490,292,616,593,788,773,494,510,346,441,Run
572,688,424,503,486,527,124,552,535,718,660,510,562,381,548,Run
610,596,459,600,439,530,41,361,477,706,547,529,533,476,579,Run
636,561,472,652,476,527,169,309,438,698,409,574,501,574,538,Run
657,515,480,635,577,507,116,396,531,682,312,601,477,528,530,Run
671,496,487,623,769,520,253,464,686,688,300,585,511,430,568,Run
655,508,492,824,908,608,118,449,551,713,335,550,533,506,501,Run
643,547,493,867,985,653,58,341,500,730,374,543,549,590,462,Run
631,611,479,812,1009,626,62,254,536,750,422,562,534,518,533,Run
636,720,443,654,841,716,101,279,521,823,579,533,545,265,616,Run
645,911,400,855,780,593,165,293,517,926,853,488,511,84,595,Run
533,984,354,472,692,591,285,303,517,915,966,423,481,152,450,Run
448,935,365,691,684,589,508,386,506,739,992,401,504,285,480,Run
434,756,433,776,628,640,596,508,512,571,866,424,507,329,538,Run
452,674,474,934,516,589,543,481,536,482,718,447,506,385,579,Run
439,610,496,987,396,517,450,431,553,420,636,447,496,489,489,Run
395,532,506,863,304,525,378,456,561,398,589,439,543,523,493,Run
364,454,531,843,411,580,360,517,562,358,542,445,575,504,559,Run
365,422,568,749,493,622,357,572,581,318,522,458,577,485,582,Run
357,416,575,845,464,546,282,722,625,309,512,458,506,535,468,Run
338,422,556,920,371,511,92,909,693,309,532,454,470,520,511,Run
308,448,539,946,298,540,137,983,663,336,579,466,513,509,536,Run
290,652,511,915,351,553,252,1001,632,389,674,453,494,432,495,Run
345,817,433,860,344,555,364,808,546,478,887,417,612,191,617,Run
426,953,380,787,341,534,343,783,498,757,978,377,593,118,510,Run
430,989,335,550,424,516,507,730,599,899,1006,404,557,244,474,Run
506,913,358,415,519,477,333,629,589,875,910,454,496,354,470,Run
566,768,388,441,527,498,236,605,583,809,759,479,536,413,476,Run
595,692,411,524,473,539,84,463,509,760,642,490,574,432,561,Run
622,625,432,614,462,539,45,331,427,733,501,522,483,446,593,Run
643,567,450,633,516,540,191,287,488,705,372,569,484,486,502,Run
676,528,474,595,595,535,163,500,617,688,329,577,503,489,550,Run
686,521,492,606,766,546,229,497,627,696,317,561,504,496,499,Run
659,523,496,843,880,615,85,426,533,695,360,535,547,545,495,Run
632,555,500,866,964,648,44,291,539,699,391,538,557,561,486,Run
605,630,503,800,1003,647,74,233,539,714,426,562,520,517,546,Run
622,736,477,640,809,731,141,287,496,751,559,525,500,344,452,Run
630,903,428,839,784,598,201,249,512,842,848,448,516,112,644,Run
509,983,390,435,704,583,343,317,506,868,967,399,486,211,424,Run
430,935,389,698,704,589,566,421,529,740,990,389,536,355,483,Run
442,779,430,788,624,629,584,494,542,603,866,405,514,370,528,Run
446,681,463,942,504,610,510,468,553,516,733,421,529,388,594,Run
429,559,490,980,384,519,422,442,564,438,660,416,509,487,479,Run
394,469,509,858,307,532,365,468,562,373,600,407,533,524,514,Run
373,408,531,845,412,581,354,527,567,323,554,424,578,528,549,Run
363,392,544,774,476,594,362,621,593,303,538,447,544,555,502,Run
358,423,537,885,449,547,185,843,656,315,551,454,473,521,470,Run
344,456,521,944,334,537,58,963,702,346,584,454,458,507,526,Run
315,531,510,929,288,556,207,1002,714,393,647,462,482,462,583,Run
312,692,465,888,348,554,257,914,603,448,805,462,599,246,542,Run
412,867,436,862,324,547,179,773,681,617,950,412,612,116,497,Run
415,967,382,736,339,534,625,773,572,864,998,409,564,209,466,Run
452,956,362,503,449,510,377,650,554,829,945,430,518,315,468,Run
527,837,393,436,535,492,299,604,579,790,807,461,494,387,461,Run
567,745,417,477,515,526,143,572,530,727,672,482,526,387,539,Run
608,649,440,556,458,545,55,377,488,696,554,501,535,456,539,Run
644,591,451,631,458,534,168,322,445,681,426,547,537,518,521,Run
673,539,469,643,509,530,195,365,499,649,327,584,495,501,548,Run
687,520,494,581,661,504,233,517,668,660,310,574,486,491,523,Run
685,531,504,668,837,572,185,510,620,693,331,551,520,481,491,Run
663,564,497,892,952,651,101,404,550,715,372,558,562,533,486,Run
639,622,484,861,998,677,44,291,550,737,413,579,590,498,596,Run
620,730,458,755,984,722,67,238,518,789,529,566,513,322,605,Run
622,904,396,911,693,696,90,284,507,906,790,502,458,104,605,Run
470,984,333,519,762,562,167,253,523,962,947,444,497,184,463,Run
384,929,337,702,697,587,367,340,527,818,996,400,546,292,487,Run
409,780,410,728,650,620,540,479,534,644,900,405,530,290,524,Run
430,671,464,891,590,616,532,514,556,539,741,422,503,337,578,Run
420,586,489,979,434,561,444,433,555,462,653,426,519,452,486,Run
394,517,516,907,348,535,356,446,570,404,595,410,518,518,495,Run
371,463,537,860,317,580,353,527,561,352,565,406,577,509,561,Run
363,449,552,788,481,622,367,611,588,311,555,427,578,498,541,Run
356,451,552,827,455,600,221,814,615,297,560,438,492,538,483,Run
353,460,540,941,395,519,70,953,708,325,603,431,443,542,506,Run
341,474,532,969,299,531,161,998,690,375,633,443,495,518,545,Run
334,534,517,921,311,552,261,1002,630,427,698,455,494,453,656,Run
362,665,464,870,332,546,341,768,689,502,875,433,581,233,573,Run
407,871,419,835,298,533,204,749,551,686,962,399,619,132,506,Run
384,972,352,633,375,514,501,764,610,882,1004,394,523,247,477,Run
450,975,358,441,494,486,360,682,555,863,962,426,473,317,469,Run
531,834,396,419,547,505,280,608,570,816,793,476,508,355,477,Run
577,729,427,499,485,547,134,571,533,748,638,502,574,390,530,Run
614,637,451,602,462,544,44,352,469,711,498,527,528,421,562,Run
644,585,462,637,496,532,181,300,443,689,386,555,520,480,548,Run
672,542,479,618,568,512,124,404,544,673,338,560,511,501,555,Run
674,525,496,609,764,506,265,462,662,686,327,547,504,506,520,Run
656,512,501,835,888,598,120,474,566,693,365,538,518,561,472,Run
647,531,509,871,972,666,58,345,536,705,409,543,571,574,494,Run
631,597,508,821,1005,662,76,222,556,719,457,545,511,532,509,Run
613,756,501,703,820,622,141,273,516,765,549,515,512,402,413,Run
608,923,445,739,591,786,197,255,521,853,764,471,509,137,646,Run
463,989,386,606,693,534,297,284,513,885,935,455,490,158,457,Run
380,968,390,635,657,582,483,374,493,785,993,400,489,318,435,Run
408,828,428,750,653,638,583,487,527,639,908,401,514,360,520,Run
429,709,460,904,548,634,494,469,539,530,761,425,528,381,605,Run
426,564,502,980,406,526,420,445,560,436,678,429,528,487,483,Run
409,473,530,859,328,508,350,454,565,361,643,409,548,537,491,Run
388,415,553,867,357,567,341,544,567,304,622,406,579,493,567,Run
379,392,568,750,417,591,369,634,590,269,606,436,539,528,493,Run
373,417,560,871,462,561,197,854,637,282,598,443,468,531,463,Run
360,445,541,948,367,540,62,966,700,326,630,444,457,505,518,Run
327,501,529,929,274,559,211,1002,716,379,678,455,499,461,571,Run
304,660,464,891,334,543,299,953,603,450,763,461,576,276,534,Run
368,804,404,864,323,533,304,670,702,596,931,421,596,112,509,Run
377,900,351,772,334,525,597,787,627,874,992,412,570,185,435,Run
395,965,333,524,446,517,393,633,557,883,969,431,533,271,465,Run
492,861,361,439,530,499,322,618,596,837,812,471,509,363,449,Run
554,735,395,463,527,527,190,583,564,751,675,485,538,384,501,Run
589,661,422,541,474,546,75,399,525,707,598,487,550,425,577,Run
626,615,449,609,454,542,90,338,444,687,486,515,538,528,532,Run
649,571,465,636,513,529,197,332,490,656,356,557,490,521,518,Run
658,527,485,592,639,505,203,498,644,661,301,567,464,496,526,Run
663,507,499,664,815,550,253,483,649,684,296,550,516,468,526,Run
658,519,502,879,927,644,121,442,551,700,341,539,574,532,479,Run
649,575,497,838,991,653,77,316,541,720,386,564,534,545,503,Run
622,632,495,747,991,636,111,271,529,754,452,572,554,439,536,Run
635,826,458,708,581,768,155,300,510,863,668,491,495,174,605,Run
536,958,382,919,789,470,199,272,516,959,903,436,484,86,526,Run
432,995,352,570,672,617,340,328,509,861,981,373,509,229,436,Run
437,887,395,675,646,584,537,431,523,689,929,378,531,338,485,Run
452,724,446,808,620,631,540,506,532,558,776,411,507,355,551,Run
454,635,479,946,496,607,502,488,566,479,690,419,497,431,538,Run
411,564,512,957,405,517,402,445,568,433,638,407,506,532,454,Run
353,493,530,830,333,541,355,456,564,387,586,401,553,515,540,Run
332,444,543,836,411,579,342,508,564,316,556,416,594,490,591,Run
338,434,557,757,468,619,331,633,594,264,550,427,521,541,475,Run
352,441,553,875,453,543,149,869,677,277,544,431,459,526,492,Run
333,438,543,961,357,510,71,970,718,321,573,448,490,495,534,Run
290,518,522,965,289,543,234,1004,699,378,647,460,488,441,542,Run
290,727,445,916,348,557,338,880,539,453,851,433,628,197,624,Run
412,916,381,871,330,552,286,858,740,731,964,377,590,100,519,Run
416,986,299,728,352,533,696,701,654,899,1000,385,550,216,481,Run
474,926,317,471,468,500,377,690,568,864,909,433,488,332,469,Run
557,780,373,430,540,479,273,596,594,798,747,464,526,406,471,Run
600,697,407,483,501,522,123,506,533,745,624,475,579,414,539,Run
633,643,432,576,453,560,40,333,458,720,494,512,526,420,608,Run
654,592,450,616,503,560,209,308,454,704,384,556,497,499,501,Run
668,541,470,604,564,552,139,427,578,668,305,572,510,499,525,Run
662,530,484,589,693,532,270,453,674,680,309,552,504,499,534,Run
646,527,492,782,844,579,144,481,552,689,348,530,533,556,482,Run
625,533,496,898,945,658,96,366,534,696,391,537,562,573,488,Run
607,564,495,849,995,611,75,287,540,702,430,557,487,538,491,Run
607,640,484,711,889,591,126,296,516,738,540,530,512,411,445,Run
634,818,446,536,537,745,174,292,514,829,788,448,533,136,637,Run
581,954,411,708,766,496,287,275,512,854,945,434,491,92,500,Run
474,971,378,500,581,678,455,373,476,769,990,400,502,267,416,Run
460,842,413,704,596,639,645,494,537,644,915,408,523,364,453,Run
478,713,464,814,598,636,552,481,523,541,776,423,534,366,576,Run
477,647,488,953,467,585,519,465,559,483,672,435,510,439,556,Run
441,575,495,940,388,504,404,439,559,443,610,427,519,543,497,Run
376,503,495,823,309,558,365,471,570,407,575,410,546,515,536,Run
335,435,517,781,440,591,359,541,586,355,546,420,557,510,540,Run
336,406,548,762,494,608,353,624,606,319,531,437,518,531,501,Run
353,406,553,846,450,542,169,825,664,321,542,447,478,519,480,Run
345,426,542,904,346,525,69,956,688,353,582,452,504,514,537,Run
311,514,514,911,305,543,237,1000,685,402,634,466,507,447,524,Run
315,733,466,876,356,551,313,892,576,437,796,481,643,179,634,Run
408,910,440,848,355,545,266,895,493,583,948,466,593,141,465,Run
436,983,379,750,356,532,635,746,547,825,997,452,537,222,465,Run
488,948,376,502,445,514,366,690,528,794,953,470,533,320,470,Run
549,812,413,431,533,480,296,610,557,752,801,496,509,354,467,Run
580,715,440,462,525,511,161,570,522,694,672,496,563,384,558,Run
618,632,470,537,470,540,73,375,496,675,587,489,522,461,569,Run
642,590,487,616,470,529,143,353,441,690,487,506,496,538,529,Run
651,559,497,647,517,523,231,328,483,694,379,533,477,521,516,Run
660,542,503,610,590,504,193,490,600,693,345,539,491,497,533,Run
660,526,508,643,765,530,267,519,631,705,336,523,542,483,527,Run
656,532,515,832,879,607,150,447,527,712,374,502,563,557,486,Run
642,554,518,837,972,633,76,331,522,710,407,506,529,546,509,Run
624,637,525,752,1005,627,87,272,547,724,483,526,548,324,576,Run
666,838,526,606,749,820,147,309,527,797,781,520,525,106,640,Run
599,962,589,799,863,415,207,287,525,844,942,517,490,155,457,Run
472,975,563,502,680,608,356,328,517,764,994,471,532,299,457,Run
430,867,516,676,627,602,579,433,537,616,947,464,519,327,498,Run
440,778,510,794,607,621,547,505,517,520,796,468,504,334,559,Run
452,666,520,940,499,582,516,483,566,448,683,467,506,395,566,Run
433,586,519,958,391,527,426,433,573,402,609,448,513,507,499,Run
394,513,497,814,340,551,361,477,566,382,563,430,557,536,525,Run
366,451,468,807,421,591,336,541,573,360,528,434,580,518,551,Run
360,436,468,732,512,614,319,588,589,342,510,441,530,544,514,Run
358,443,492,821,461,551,142,799,648,344,514,441,485,538,488,Run
348,447,513,899,370,508,61,946,668,363,546,458,484,488,521,Run
330,465,517,936,308,524,213,996,642,391,574,485,525,459,548,Run
315,640,500,902,346,545,297,946,553,411,683,507,544,277,533,Run
373,870,528,861,361,552,314,799,760,468,904,518,564,92,574,Run
414,971,505,804,348,540,525,781,527,737,988,510,545,203,441,Run
474,963,414,580,406,522,369,679,505,756,960,464,521,293,486,Run
547,804,404,438,521,483,337,611,587,713,831,479,501,356,483,Run
586,680,436,442,544,494,227,586,554,679,695,488,549,390,522,Run
629,604,478,506,480,542,77,408,517,668,637,476,534,396,580,Run
664,581,500,595,462,542,65,332,467,691,510,486,507,477,526,Run
677,556,504,638,506,535,247,329,474,699,365,517,504,508,516,Run
679,531,503,610,566,525,175,462,580,684,328,527,494,495,547,Run
663,531,499,606,711,523,282,482,662,700,337,509,508,518,504,Run
643,531,498,794,842,594,161,465,545,718,372,483,549,564,491,Run
622,549,495,872,950,635,100,342,535,721,397,500,566,564,495,Run
607,610,488,811,997,640,93,267,547,721,426,539,557,489,613,Run
637,785,468,669,833,750,143,301,517,777,686,525,486,212,581,Run
627,943,444,879,768,636,183,286,522,828,909,489,491,93,557,Run
507,993,394,452,729,600,296,305,524,821,983,458,527,273,445,Run
465,907,397,703,706,575,505,399,516,681,979,453,546,357,481,Run
469,771,435,750,615,635,581,507,525,552,855,461,523,344,479,Run
482,663,474,899,571,599,511,481,549,481,711,471,480,340,565,Run
463,610,494,980,441,532,438,440,570,437,624,469,506,419,537,Run
404,549,500,892,381,501,348,466,560,413,574,460,505,481,543,Run
349,482,515,799,324,543,339,526,557,373,557,442,539,507,550,Run
346,439,543,773,445,584,344,558,569,325,547,427,579,511,564,Run
359,422,552,770,487,601,199,741,619,314,540,418,525,515,503,Run
360,425,549,857,441,502,73,927,686,336,537,435,468,587,497,Run
328,454,526,941,302,518,171,992,709,369,560,452,471,539,532,Run
316,613,480,928,291,551,274,962,632,409,678,453,504,447,615,Run
389,795,429,883,377,556,180,879,744,460,885,447,604,195,532,Run
448,948,367,821,355,554,475,876,613,691,977,452,528,179,404,Run
471,994,335,617,388,545,358,734,555,797,997,444,503,279,481,Run
519,916,360,452,503,514,335,637,584,742,885,472,474,343,481,Run
572,754,411,432,551,504,231,595,587,696,746,484,564,372,522,Run
623,661,451,485,493,536,98,499,525,679,651,481,549,390,583,Run
652,613,469,560,456,549,46,355,468,689,541,505,504,488,552,Run
667,565,480,603,486,538,228,323,453,702,423,542,477,528,532,Run
682,527,496,590,555,522,162,408,540,690,355,566,497,524,530,Run
684,513,504,571,700,509,275,449,648,691,359,556,513,528,515,Run
662,525,500,739,840,573,148,451,583,699,376,526,554,519,521,Run
640,561,501,880,941,637,102,357,533,701,399,515,552,555,511,Run
616,626,498,813,994,624,99,275,540,700,412,545,521,470,545,Run
623,777,465,706,987,793,139,296,523,742,545,542,467,188,549,Run
609,941,420,846,678,484,188,325,516,820,822,483,475,94,472,Run
509,995,366,472,850,544,306,325,531,897,954,426,530,206,430,Run
461,934,365,680,700,566,507,410,523,741,996,392,525,294,459,Run
459,780,413,710,656,613,577,519,531,590,888,406,521,327,526,Run
480,660,466,864,604,621,526,492,543,491,722,424,508,380,555,Run
458,601,489,977,451,565,440,448,546,419,635,420,495,496,487,Run
391,520,503,924,391,515,367,462,545,379,577,408,535,549,523,Run
343,444,529,823,325,548,367,510,535,344,535,415,545,505,564,Run
333,417,559,817,429,583,370,588,556,312,517,434,537,505,534,Run
331,417,564,770,462,610,236,803,591,314,530,444,486,503,478,Run
338,441,546,881,444,528,73,950,696,350,555,452,492,517,512,Run
317,462,514,941,335,516,179,998,698,401,604,449,474,459,587,Run
303,678,470,913,314,552,242,960,674,444,767,436,588,216,545,Run
398,897,417,878,381,551,136,758,694,582,938,421,608,135,435,Run
442,980,336,822,358,547,580,800,587,831,995,402,543,212,447,Run
480,938,335,601,377,536,362,672,555,799,946,427,507,308,484,Run
537,837,374,454,509,505,320,617,575,736,794,462,493,362,453,Run
578,708,416,450,555,501,228,591,556,673,683,469,536,377,523,Run
610,632,444,503,498,541,94,508,500,657,591,474,534,412,579,Run
624,587,456,563,454,558,66,367,458,669,477,506,512,485,539,Run
629,526,474,608,485,553,236,352,463,677,367,552,503,516,528,Run
653,488,496,602,552,543,147,455,556,685,335,566,495,505,509,Run
662,485,506,580,657,523,279,489,662,707,346,541,520,494,541,Run
641,516,497,735,811,581,160,455,568,713,385,516,537,568,484,Run
612,580,479,896,927,649,114,362,526,709,417,528,550,561,500,Run
586,652,470,835,991,626,91,279,546,733,498,542,558,487,569,Run
624,775,434,697,954,767,134,299,539,785,674,503,466,264,430,Run
607,936,380,885,718,608,184,315,526,856,896,462,446,83,629,Run
499,982,351,536,740,542,283,315,533,844,981,452,550,278,452,Run
477,921,365,674,703,550,491,385,526,717,970,448,552,388,493,Run
484,794,410,727,653,604,568,504,518,587,844,453,520,373,530,Run
480,690,459,884,596,596,520,495,543,511,730,455,505,373,576,Run
441,588,496,976,464,538,455,452,569,466,667,442,517,450,502,Run
378,516,517,914,414,503,365,449,565,426,616,423,561,508,504,Run
339,462,539,824,336,546,340,516,565,368,589,421,571,508,537,Run
341,417,563,779,434,591,345,562,573,321,575,430,527,489,569,Run
354,407,561,762,486,601,245,730,611,321,568,436,488,577,471,Run
358,439,540,857,450,529,87,923,685,348,584,447,458,574,503,Run
341,476,520,922,326,523,150,990,666,381,609,460,479,494,575,Run
320,632,474,912,305,549,285,1008,603,417,676,464,560,321,458,Run
361,781,422,870,375,565,334,861,741,470,854,441,636,129,621,Run
419,940,364,853,364,555,476,782,476,711,965,424,577,190,403,Run
417,985,328,704,364,542,370,768,510,814,1000,423,520,266,462,Run
480,940,349,496,480,515,354,675,548,787,926,445,495,323,459,Run
548,811,382,427,565,497,286,602,573,749,780,473,535,323,511,Run
583,685,412,463,518,532,144,560,544,703,653,488,541,360,598,Run
628,617,436,552,449,549,81,382,498,684,542,504,523,489,563,Run
657,574,458,631,442,535,162,337,456,684,440,536,483,561,518,Run
676,534,479,648,516,515,178,357,511,676,359,570,480,526,521,Run
684,514,495,608,657,497,230,518,662,687,354,572,519,463,559,Run
674,515,503,700,843,560,189,489,611,697,369,545,540,512,495,Run
643,556,494,896,950,660,96,385,534,701,401,521,540,590,482,Run
612,610,490,831,996,655,48,279,541,693,415,541,562,508,533,Run
615,741,466,753,966,647,113,255,536,722,519,549,499,220,621,Run
602,903,410,847,646,676,175,304,518,813,745,474,488,78,506,Run
500,983,356,590,849,608,259,306,529,879,932,426,502,147,460,Run
442,991,342,700,732,573,436,375,527,757,993,383,502,248,445,Run
431,837,394,684,656,605,593,503,547,627,914,379,521,317,478,Run
454,688,452,774,626,637,545,503,554,528,756,410,511,358,544,Run
452,613,486,937,524,575,478,448,560,462,652,427,514,436,548,Run
408,562,504,980,413,512,378,459,560,420,596,421,521,544,508,Run
366,484,523,840,339,512,378,506,557,378,561,413,547,527,555,Run
350,421,546,851,367,563,384,563,585,336,540,423,569,510,547,Run
348,417,556,724,417,605,328,748,612,306,530,442,513,510,514,Run
343,437,555,842,451,569,125,930,690,306,537,454,454,527,497,Run
334,445,544,953,382,501,136,991,691,340,554,462,512,523,530,Run
299,508,514,953,297,543,254,1011,644,397,631,443,502,431,569,Run
319,755,439,911,354,562,361,799,556,461,851,407,603,156,627,Run
380,931,365,867,351,549,226,779,495,700,966,368,566,117,452,Run
414,982,302,738,335,546,581,766,522,863,1004,360,547,270,435,Run
492,941,328,494,477,521,322,660,549,827,915,418,491,356,491,Run
565,787,382,438,548,488,286,591,586,771,744,477,549,415,501,Run
600,660,430,468,512,519,137,540,540,724,625,498,545,387,541,Run
635,606,466,545,454,555,46,351,488,715,503,524,515,419,619,Run
649,572,487,587,481,559,154,315,455,700,381,566,487,502,487,Run
659,543,501,587,561,545,135,363,531,667,321,578,503,513,502,Run
657,533,506,548,697,527,286,480,653,689,329,554,514,496,546,Run
642,533,503,696,837,573,147,459,583,700,367,533,514,542,485,Run
635,540,498,883,928,640,101,363,533,705,397,541,560,568,508,Run
625,574,489,824,990,629,82,279,545,725,427,564,579,507,569,Run
637,679,471,754,954,632,137,279,526,783,543,532,500,379,527,Run
652,901,421,800,650,747,181,286,526,890,827,482,468,144,637,Run
521,982,366,591,829,599,273,299,525,919,958,423,499,170,509,Run
448,975,353,651,728,585,459,375,516,751,994,395,548,330,456,Run
446,831,409,687,660,606,589,492,531,623,913,420,508,319,509,Run
469,701,469,780,631,641,524,492,530,516,746,445,523,356,592,Run
457,602,504,939,510,585,465,457,550,452,665,441,545,419,562,Run
401,510,523,975,399,505,373,466,555,412,606,425,547,497,515,Run
341,447,544,832,327,512,370,498,550,364,552,420,550,512,556,Run
329,426,566,835,428,580,370,557,564,305,529,433,529,508,528,Run
326,429,575,753,481,615,292,729,602,287,538,439,488,590,474,Run
324,450,561,871,461,524,96,923,688,309,562,448,453,586,506,Run
312,474,535,954,333,515,140,988,708,362,610,449,492,493,582,Run
305,659,478,943,286,544,255,1003,657,433,730,443,591,267,519,Run
377,850,406,890,347,550,348,923,739,535,919,448,633,113,491,Run
417,962,339,844,331,544,345,855,492,815,988,409,569,210,446,Run
424,986,315,704,345,535,479,760,610,851,997,417,519,303,483,Run
502,904,353,465,463,510,333,643,571,820,850,466,510,368,451,Run
561,762,391,435,548,485,237,591,583,744,682,487,556,372,553,Run
598,659,423,477,513,521,91,486,536,691,601,481,543,422,618,Run
632,607,444,555,442,548,40,338,470,693,526,491,497,542,525,Run
655,560,464,604,470,544,211,301,472,694,421,532,488,519,520,Run
674,513,488,610,545,536,143,480,587,687,356,562,505,483,559,Run
679,510,501,574,673,516,279,494,675,699,344,563,521,501,516,Run
670,524,504,716,808,569,119,431,543,702,364,542,553,573,477,Run
647,563,499,907,911,650,70,317,535,697,392,538,531,573,493,Run
612,635,491,837,986,646,89,246,550,707,437,558,537,433,534,Run
621,752,467,749,933,634,154,289,506,749,579,524,503,148,578,Run
586,927,394,758,709,797,195,261,521,822,834,473,485,71,494,Run
475,980,337,700,844,541,320,312,517,832,959,433,509,175,434,Run
440,926,338,585,735,588,522,398,505,708,991,406,527,267,474,Run
462,776,399,689,657,597,593,496,541,582,875,418,523,336,562,Run
478,636,453,814,619,614,512,486,555,504,742,430,506,424,545,Run
457,560,487,950,510,578,419,451,559,446,681,423,507,533,476,Run
396,512,508,952,406,503,357,458,567,400,635,408,533,536,507,Run
370,460,528,844,330,547,347,507,564,352,580,416,560,489,570,Run
372,436,543,833,439,596,347,601,582,314,553,441,551,494,518,Run
376,434,545,768,479,610,197,821,632,302,545,445,490,515,474,Run
362,451,535,891,437,511,68,954,715,320,562,445,490,518,516,Run
325,463,519,962,328,511,189,999,695,364,581,455,460,445,648,Run
302,644,479,944,295,542,262,986,593,397,671,449,560,196,577,Run
395,859,429,894,367,554,372,715,797,491,899,390,628,113,473,Run
398,968,325,856,347,551,513,810,512,820,982,371,541,281,419,Run
430,988,300,670,360,540,372,677,517,841,968,386,453,358,473,Run
514,858,363,487,477,500,325,625,576,794,841,444,521,393,496,Run
583,708,424,446,549,486,205,599,562,747,693,487,550,398,537,Run
627,626,454,502,493,530,69,423,526,710,559,517,556,398,606,Run
648,575,462,582,448,548,50,311,454,689,429,551,503,470,547,Run
666,531,475,617,481,540,198,294,490,663,339,569,483,499,486,Run
676,517,495,608,555,520,191,479,617,663,325,561,494,512,504,Run
672,529,507,592,716,516,226,498,654,678,349,535,489,532,491,Run
657,532,509,800,852,601,127,459,546,690,393,529,558,574,482,Run
647,556,503,883,954,661,83,337,534,709,415,550,559,518,561,Run
635,647,487,830,998,666,90,269,539,737,459,561,513,396,595,Run
658,859,429,693,918,811,124,302,505,865,674,518,516,177,595,Run
537,967,359,818,765,497,168,283,505,968,907,448,488,139,499,Run
429,997,328,444,818,557,339,329,515,890,985,390,521,313,449,Run
402,910,369,687,723,577,554,449,522,694,926,398,531,310,515,Run
414,738,442,723,655,602,551,511,522,554,771,436,506,324,577,Run
424,620,496,877,575,622,503,465,543,464,690,436,508,407,530,Run
409,546,519,975,434,564,366,438,548,411,648,412,501,505,496,Run
374,480,537,903,373,514,353,460,559,374,613,406,567,527,552,Run
364,431,556,837,323,534,347,533,566,348,584,423,571,520,536,Run
371,428,566,798,440,613,353,628,591,322,570,440,531,535,498,Run
377,448,561,810,459,589,150,857,659,315,561,438,465,520,498,Run
370,464,547,916,416,490,66,966,713,337,573,436,469,539,523,Run
330,474,533,946,308,529,166,999,692,377,616,444,553,490,551,Run
299,648,484,914,328,564,250,981,621,428,697,455,507,348,492,Run
388,855,398,870,352,562,392,756,460,501,879,421,601,112,673,Run
461,954,368,806,298,553,286,720,685,732,974,385,597,157,476,Run
490,996,339,676,383,514,617,607,677,894,995,417,560,266,466,Run
548,898,370,461,478,489,363,645,574,850,888,467,508,369,442,Run
584,739,397,434,531,481,266,610,589,787,758,498,496,387,551,Run
603,636,423,489,494,524,105,501,541,736,626,501,491,445,598,Run
618,578,452,591,454,544,32,325,456,715,511,521,503,550,513,Run
634,535,474,632,491,535,201,270,469,710,394,549,504,515,535,Run
652,507,489,629,560,535,157,472,607,685,323,558,499,480,552,Run
667,512,498,602,727,522,246,527,644,688,321,538,519,517,498,Run
661,520,499,790,841,579,109,415,563,695,371,523,559,577,476,Run
650,540,503,892,936,663,73,290,561,690,413,535,524,564,498,Run
632,575,509,828,996,656,112,255,541,697,448,544,527,429,569,Run
652,727,476,713,895,662,171,291,500,740,505,526,527,156,619,Run
656,923,419,625,618,843,212,252,514,847,763,499,498,87,521,Run
550,982,347,677,794,462,334,310,505,932,935,437,518,217,418,Run
435,963,330,501,675,577,531,394,497,804,992,383,501,291,474,Run
428,786,408,692,649,601,578,496,537,636,902,396,482,330,580,Run
446,668,469,844,627,613,503,501,547,516,750,437,482,404,561,Run
433,590,494,965,482,546,412,498,551,447,660,446,507,512,487,Run
398,518,513,965,390,473,378,479,571,404,603,433,567,529,531,Run
380,456,535,832,333,527,356,505,576,356,566,430,600,503,556,Run
386,425,556,781,453,586,358,553,574,306,551,438,547,517,508,Run
386,437,557,781,516,598,253,711,603,302,542,437,488,528,491,Run
364,444,545,852,462,493,112,890,643,332,558,439,477,506,520,Run
320,503,524,932,337,511,128,977,709,377,602,439,526,476,527,Run
305,651,477,966,303,548,243,1007,677,411,680,442,507,349,491,Run
412,806,417,920,355,556,384,828,510,475,876,420,553,113,643,Run
492,934,412,845,329,553,316,816,457,712,976,382,544,180,491,Run
494,988,357,728,373,528,646,628,597,881,1007,400,511,352,489,Run
521,917,357,464,472,500,374,637,557,840,920,465,488,423,467,Run
575,782,396,422,530,478,254,619,581,784,752,500,547,434,501,Run
621,664,435,455,502,517,88,447,535,743,644,504,504,384,590,Run
632,590,462,548,446,544,40,322,452,737,516,535,493,456,580,Run
647,533,470,611,466,544,230,316,468,741,392,581,503,503,499,Run
677,503,480,628,539,539,167,399,593,709,308,603,530,510,539,Run
673,515,482,581,638,530,279,530,664,718,295,591,516,517,500,Run
654,522,486,651,796,577,113,470,565,729,335,560,546,567,501,Run
644,542,492,861,882,642,59,354,549,723,388,555,546,556,494,Run
630,609,488,848,974,651,59,263,551,740,446,559,527,473,581,Run
658,755,460,741,994,660,107,267,519,796,574,508,512,247,515,Run
670,911,440,661,786,802,176,236,517,914,853,451,488,89,552,Run
561,985,395,667,891,510,312,295,509,898,965,357,500,270,426,Run
453,966,388,566,704,618,518,378,518,712,975,350,503,353,492,Run
439,770,444,684,662,601,610,501,548,570,819,391,502,338,568,Run
460,646,499,822,635,615,522,489,540,487,695,418,529,388,596,Run
445,587,522,956,501,545,453,461,566,437,618,426,538,525,447,Run
399,515,522,969,391,499,375,455,567,413,561,425,573,538,527,Run
378,459,530,853,299,550,365,501,561,372,546,429,586,497,586,Run
375,437,550,800,436,579,355,578,561,328,546,437,532,538,501,Run
361,440,555,789,460,601,296,701,587,319,534,437,447,529,487,Run
351,452,545,879,442,508,97,895,668,325,524,449,446,522,534,Run
332,485,520,936,338,517,107,978,667,344,557,454,501,477,554,Run
333,593,478,936,315,552,225,1007,639,389,642,449,562,288,530,Run
408,794,425,901,359,562,319,807,552,443,848,430,608,93,582,Run
469,928,411,846,310,554,278,772,497,728,966,396,566,192,433,Run
490,992,352,724,367,528,649,709,525,886,1005,389,504,307,466,Run
526,912,371,476,469,509,360,671,561,859,930,455,486,397,464,Run
574,768,413,413,534,487,254,595,589,805,753,497,551,391,575,Run
612,653,441,464,494,524,95,462,548,751,625,501,555,450,556,Run
633,586,462,566,442,547,42,306,471,733,511,531,496,540,511,Run
639,541,473,629,461,544,207,281,470,724,370,585,473,506,546,Run
654,501,484,647,550,533,146,468,607,686,281,605,493,460,556,Run
663,498,492,599,690,519,252,492,671,694,277,578,529,510,504,Run
652,512,494,738,825,580,121,431,548,709,332,550,562,582,480,Run
643,538,496,919,925,665,70,325,540,714,374,560,493,561,509,Run
632,615,491,860,990,645,74,266,538,747,438,575,536,401,544,Run
652,774,462,748,945,631,125,301,503,816,603,514,538,136,615,Run
647,919,450,620,629,771,183,266,513,925,870,461,497,73,509,Run
534,987,401,844,810,556,329,333,499,887,972,417,490,203,447,Run
443,933,395,508,649,655,559,424,509,727,993,393,518,325,469,Run
447,754,447,689,634,628,585,503,519,582,866,405,515,380,563,Run
470,655,489,822,608,636,519,476,528,495,723,426,506,430,569,Run
446,602,507,953,493,571,417,436,545,439,634,435,519,539,467,Run
392,530,516,959,373,478,388,476,564,418,578,434,579,525,511,Run
365,477,525,851,284,548,392,530,571,374,526,444,556,470,605,Run
359,439,545,807,449,598,403,591,594,324,515,456,512,484,532,Run
357,430,555,788,480,619,338,736,623,304,534,453,454,542,466,Run
349,439,546,894,451,511,109,921,678,312,549,455,471,535,513,Run
338,439,533,956,333,518,127,988,669,344,560,466,511,477,592,Run
326,574,499,944,302,549,251,1001,658,387,653,452,566,262,547,Run
364,772,439,898,370,539,338,789,574,458,887,396,602,105,613,Run
410,939,386,837,312,533,218,803,452,759,976,374,554,202,426,Run
439,993,325,707,348,521,496,687,581,850,995,390,504,314,457,Run
514,909,370,467,455,499,346,660,550,815,897,436,489,358,472,Run
574,748,420,414,529,479,262,604,573,767,725,476,560,402,531,Run
610,628,454,456,491,516,112,509,526,722,594,495,568,425,550,Run
635,574,472,559,448,536,37,322,456,706,482,521,532,468,599,Run
649,533,482,620,472,536,209,295,454,690,354,564,482,486,567,Run
678,505,491,624,536,532,138,426,583,663,316,573,477,514,460,Run
678,515,490,571,660,513,279,500,669,685,316,549,493,516,499,Run
667,528,487,670,810,561,111,453,565,697,360,533,530,553,509,Run
655,582,493,890,910,638,62,327,524,709,387,555,540,554,511,Run
632,690,485,843,986,647,66,260,538,751,475,565,539,444,579,Run
642,821,441,757,986,638,126,294,509,855,684,483,549,227,554,Run
615,937,412,782,645,805,179,264,508,929,907,449,463,117,476,Run
484,994,368,747,834,520,318,306,500,830,985,389,497,300,436,Run
422,884,384,643,693,583,542,391,516,674,950,385,496,359,510,Run
449,751,440,704,644,619,567,492,506,560,794,410,536,338,564,Run
451,656,480,833,622,628,510,479,532,491,688,430,514,390,594,Run
430,578,502,960,481,556,400,442,549,444,624,429,530,507,490,Run
395,519,522,956,384,488,357,453,568,407,578,419,559,521,543,Run
360,454,544,849,306,548,349,522,569,341,549,430,572,513,560,Run
339,427,567,821,434,602,360,595,579,289,530,452,515,547,488,Run
325,436,574,793,473,622,246,784,604,278,530,446,450,526,494,Run
317,448,564,907,434,518,79,944,690,315,585,436,495,518,547,Run
299,487,540,970,328,516,156,997,680,378,654,436,490,463,478,Run
301,674,470,958,302,547,257,997,609,441,828,432,647,196,670,Run
369,855,416,903,351,550,366,691,725,642,958,373,602,124,472,Run
402,968,359,848,321,537,398,871,407,877,999,373,545,205,475,Run
453,995,345,679,362,525,379,711,528,858,971,409,523,319,462,Run
529,873,375,431,490,499,350,599,604,821,819,455,528,391,471,Run
569,716,404,408,557,490,211,595,566,752,687,471,544,394,613,Run
607,627,433,466,501,536,71,417,508,721,586,485,514,514,556,Run
632,586,452,565,434,551,71,321,450,717,461,528,486,555,498,Run
652,545,471,615,462,541,167,291,505,700,344,575,486,484,543,Run
677,502,496,609,563,527,191,524,687,685,315,577,514,443,548,Run
675,495,510,559,740,519,187,509,626,691,331,553,533,544,487,Run
672,509,515,743,855,594,100,380,551,696,376,548,557,596,468,Run
657,566,514,889,953,675,56,280,548,703,416,565,479,517,530,Run
641,696,503,839,998,660,94,243,519,722,485,548,547,348,556,Run
635,840,462,734,919,627,147,265,496,787,652,483,531,112,610,Run
571,961,411,632,530,754,220,230,510,872,886,448,504,114,475,Run
471,1001,361,745,759,463,373,333,487,832,976,383,505,257,442,Run
430,894,389,553,635,620,603,443,541,683,964,373,516,339,473,Run
444,737,443,715,628,629,559,491,531,553,810,401,488,384,577,Run
454,625,479,861,606,634,490,459,544,470,690,425,528,448,531,Run
417,540,502,968,450,551,406,443,556,413,634,422,554,502,498,Run
369,473,513,925,355,491,355,462,563,366,590,418,572,502,547,Run
347,426,540,852,293,533,351,546,577,314,558,435,531,479,596,Run
342,411,560,779,402,588,362,672,606,293,553,438,475,561,457,Run
336,426,555,840,471,583,161,875,681,312,568,438,449,545,517,Run
315,453,536,957,416,515,68,972,709,358,584,447,474,494,570,Run
305,606,497,983,269,545,212,1004,716,408,649,456,567,298,473,Run
384,781,426,936,325,549,292,909,678,475,866,410,639,99,575,Run
435,923,386,889,346,543,166,881,569,738,969,362,558,194,460,Run
443,987,311,803,316,547,528,737,559,855,990,379,490,305,486,Run
499,918,335,531,414,529,361,660,547,805,876,433,490,371,473,Run
560,765,390,427,526,483,263,597,590,742,735,465,553,399,513,Run
601,654,433,449,533,513,96,527,516,704,614,484,549,393,571,Run
624,607,457,522,463,553,33,306,474,700,504,518,515,456,587,Run
644,557,477,587,444,556,205,274,457,683,380,564,502,491,549,Run
678,532,493,614,512,542,131,427,579,657,341,580,514,522,491,Run
678,532,501,576,631,521,278,485,666,670,336,561,511,529,498,Run
657,532,501,635,793,556,113,446,585,685,368,538,533,576,494,Run
644,537,505,862,876,628,84,328,550,690,395,542,540,580,490,Run
633,589,505,840,971,657,84,259,546,700,427,556,544,518,554,Run
624,708,477,786,1003,655,136,280,513,750,518,533,475,339,487,Run
643,857,440,710,754,651,182,256,516,843,805,485,568,109,644,Run
585,968,395,786,738,686,283,301,516,898,951,457,513,226,408,Run
450,990,341,446,766,556,465,406,495,770,997,411,503,365,464,Run
409,834,378,710,699,560,633,517,570,612,920,423,490,354,516,Run
434,699,453,738,641,628,537,506,541,500,754,448,483,387,584,Run
422,612,489,898,591,611,485,461,543,431,648,455,501,469,517,Run
380,517,504,982,416,544,385,439,545,398,580,441,573,522,545,Run
364,445,523,911,288,525,369,480,550,375,535,425,585,511,552,Run
364,397,552,840,346,580,366,550,576,350,520,427,542,525,505,Run
350,394,566,771,485,613,353,681,635,336,516,422,477,532,487,Run
326,427,554,883,432,569,149,882,698,339,524,430,475,536,524,Run
292,493,534,959,363,513,97,975,717,359,550,449,488,472,540,Run
284,681,507,967,277,535,220,1007,708,404,641,448,593,248,594,Run
410,854,453,924,341,544,317,854,560,483,879,430,645,106,525,Run
484,952,429,871,329,543,268,871,490,792,975,400,571,191,473,Run
486,999,380,783,331,527,592,750,502,846,990,432,487,306,462,Run
522,934,392,520,426,512,340,687,532,802,854,486,479,397,485,Run
571,787,427,391,530,476,242,618,571,741,718,492,548,395,580,Run
614,677,463,441,504,508,88,486,514,711,629,491,556,481,545,Run
634,614,487,529,450,545,26,324,443,722,521,514,509,563,501,Run
644,572,498,608,455,547,201,288,463,714,387,562,488,506,530,Run
667,530,510,633,524,537,155,461,618,686,331,584,503,429,560,Run
666,511,508,587,600,516,237,532,650,684,318,573,522,517,495,Run
648,518,496,633,749,541,119,458,539,692,340,543,553,575,475,Run
632,528,493,851,847,615,93,340,534,700,369,535,530,540,524,Run
617,578,490,863,951,642,90,277,546,703,397,551,576,367,574,Run
659,732,451,799,998,657,131,295,521,757,505,549,513,119,645,Run
672,900,414,723,856,843,182,270,516,882,802,501,497,170,459,Run
540,981,358,869,831,599,299,315,504,958,948,438,523,284,424,Run
450,934,362,500,766,607,515,396,498,798,995,386,535,351,489,Run
452,758,425,705,710,592,611,500,516,627,891,415,497,343,551,Run
465,660,474,781,645,631,553,490,520,510,731,449,476,371,622,Run
444,601,499,939,526,573,495,445,543,453,651,453,509,489,463,Run
383,523,516,974,413,499,375,443,553,420,604,440,545,517,504,Run
352,456,532,840,333,527,368,479,552,371,574,439,589,500,571,Run
350,427,556,840,434,584,348,539,569,325,564,447,530,496,527,Run
347,435,566,766,517,624,341,626,599,304,541,448,483,576,463,Run
345,451,553,846,451,543,146,836,672,311,534,457,456,529,511,Run
321,477,530,897,361,507,68,959,707,347,573,467,516,493,563,Run
302,635,496,920,294,529,224,999,685,386,661,467,584,337,451,Run
359,772,444,889,345,544,283,906,581,446,866,443,619,109,690,Run
467,938,412,840,348,558,224,753,853,670,970,414,578,225,439,Run
460,988,354,797,346,546,634,800,676,862,999,425,502,341,471,Run
506,925,368,617,391,529,380,663,559,826,914,460,481,377,479,Run
559,790,403,436,504,498,303,608,602,778,773,485,565,396,513,Run
599,679,432,436,541,491,158,554,548,732,651,487,549,396,541,Run
624,616,449,502,484,530,54,374,478,710,529,505,505,445,579,Run
643,575,460,597,449,540,171,354,427,696,384,551,494,490,555,Run
671,534,480,646,479,527,173,383,518,655,315,573,477,509,526,Run
680,522,496,644,546,521,235,509,665,676,327,548,512,535,493,Run
652,520,500,602,655,504,182,518,583,689,371,522,532,565,502,Run
622,539,497,754,779,571,131,424,534,699,415,525,555,580,493,Run
603,592,492,908,916,661,92,287,555,716,427,558,569,520,561,Run
615,677,479,844,988,635,122,278,541,762,551,552,521,284,533,Run
657,854,441,741,876,663,185,304,511,842,839,490,492,92,680,Run
564,967,393,828,638,801,235,297,508,852,963,432,488,285,410,Run
437,957,369,589,623,623,393,358,506,743,997,381,536,401,466,Run
441,805,414,597,665,561,577,435,524,616,890,407,552,334,543,Run
471,692,463,726,616,634,571,501,517,521,737,434,521,340,642,Run
469,624,487,882,582,606,533,477,551,477,652,439,517,484,471,Run
439,571,498,969,442,544,437,437,551,441,601,429,523,570,484,Run
395,496,513,874,404,507,358,468,551,409,562,419,568,527,553,Run
367,445,531,810,370,544,338,492,558,371,538,423,549,499,544,Run
361,435,549,806,483,595,326,529,570,343,533,429,496,536,501,Run
369,431,546,777,509,612,256,653,611,346,516,437,461,521,499,Run
368,445,526,826,462,528,88,856,686,368,513,454,502,499,544,Run
341,472,510,890,352,527,105,967,668,394,553,466,502,432,494,Run
321,619,489,912,312,551,256,1003,624,420,727,463,631,199,653,Run
407,834,429,886,364,558,334,797,560,485,923,432,588,121,542,Run
471,960,377,837,355,567,216,830,543,760,988,409,529,250,461,Run
479,1001,334,792,372,548,569,657,617,834,985,430,515,320,461,Run
532,902,367,556,435,531,367,677,557,782,861,463,484,335,443,Run
567,759,403,410,543,494,305,605,565,730,727,474,543,350,544,Run
587,643,438,421,541,513,154,543,541,695,634,475,547,439,579,Run
607,587,461,502,472,545,77,373,476,695,557,494,513,587,510,Run
619,544,478,612,441,539,217,360,442,700,433,545,480,560,495,Run
638,505,487,673,479,528,197,402,507,684,339,579,484,480,557,Run
660,489,498,666,554,516,226,521,648,690,334,573,526,449,557,Run
661,489,508,634,692,517,244,513,590,696,364,537,559,564,483,Run
648,499,513,788,824,604,140,402,539,704,404,523,539,582,487,Run
628,548,505,883,947,681,69,294,541,702,409,545,551,423,532,Run
627,689,480,834,997,662,109,264,534,730,488,555,499,144,654,Run
670,895,439,702,859,728,160,296,525,829,800,504,513,104,532,Run
585,980,390,829,661,722,218,298,529,931,949,424,522,263,425,Run
468,975,365,572,661,535,365,345,524,799,998,385,539,350,464,Run
448,790,419,648,657,551,582,449,538,637,917,402,514,353,544,Run
482,664,471,724,638,614,548,508,527,532,762,431,495,374,595,Run
481,626,487,869,579,617,520,472,551,468,651,450,513,463,526,Run
440,561,490,963,454,545,413,439,548,429,589,450,540,525,475,Run
382,485,502,873,393,498,361,478,545,393,562,446,563,507,540,Run
357,444,530,797,347,547,340,531,551,347,555,454,559,480,583,Run
365,435,550,781,480,610,333,593,569,321,538,461,485,544,469,Run
369,438,546,756,495,605,171,780,630,331,531,468,459,576,491,Run
352,453,532,834,432,521,61,934,702,359,568,475,477,529,538,Run
322,508,521,896,329,524,189,995,683,397,624,470,526,441,711,Run
332,691,468,896,323,548,291,947,630,436,765,459,541,168,661,Run
454,877,432,867,375,556,271,804,831,528,936,395,568,146,523,Run
462,974,371,845,365,555,485,781,572,804,993,375,509,311,453,Run
485,983,348,743,350,546,370,684,539,822,974,392,469,350,477,Run
541,859,382,513,444,518,336,615,580,787,852,429,541,372,521,Run
570,741,413,440,546,485,241,585,559,743,719,457,547,407,532,Run
605,638,444,458,525,519,109,495,514,717,613,472,526,450,541,Run
626,585,466,531,465,547,68,350,452,717,504,505,521,493,563,Run
643,535,486,611,473,534,248,334,481,704,385,559,489,506,543,Run
664,508,504,643,507,535,185,468,569,666,330,578,483,504,516,Run
661,505,508,607,584,515,307,462,633,686,343,560,502,527,502,Run
644,508,504,649,753,532,179,458,555,698,373,527,554,586,496,Run
630,526,501,846,846,621,119,366,527,698,394,520,516,559,502,Run
608,594,492,834,959,653,96,310,532,708,428,552,550,436,618,Run
646,738,454,768,999,631,133,299,525,762,606,522,569,150,649,Run
658,923,429,600,745,725,190,327,523,851,873,439,513,155,471,Run
550,988,383,815,733,569,267,336,521,866,975,389,515,405,412,Run
451,918,391,438,572,611,446,379,507,710,996,378,495,373,474,Run
461,739,443,695,697,591,614,497,537,574,882,400,511,309,601,Run
474,666,480,747,622,619,547,497,531,497,730,431,524,381,585,Run
458,608,497,890,539,609,521,477,557,451,642,450,524,504,485,Run
409,535,504,954,426,550,424,443,556,415,589,447,552,547,529,Run
364,462,522,834,383,526,386,484,538,375,561,442,573,530,559,Run
355,427,548,791,369,557,365,532,542,334,542,450,534,540,518,Run
352,424,557,755,460,591,356,607,568,326,523,462,469,527,475,Run
349,439,549,764,473,583,171,821,637,340,507,477,465,520,521,Run
332,462,533,834,414,518,77,953,681,365,513,489,498,474,581,Run
314,567,506,902,339,521,236,1001,678,408,592,469,544,318,500,Run
350,750,450,888,323,544,289,899,586,440,790,416,623,109,544,Run
455,932,419,848,371,550,222,757,748,608,946,389,578,196,433,Run
493,992,368,820,360,547,623,825,655,854,997,375,523,258,485,Run
540,922,380,687,366,541,368,666,552,788,941,412,511,318,463,Run
586,816,410,488,484,512,323,616,583,733,781,458,517,351,490,Run
610,697,434,460,548,494,215,588,549,678,664,478,566,382,581,Run
629,631,449,482,512,528,88,429,515,674,575,489,535,522,543,Run
635,593,457,561,467,546,113,348,451,686,476,521,486,575,517,Run
640,548,472,621,476,547,259,338,489,690,374,565,469,519,531,Run
650,514,490,643,536,541,208,479,592,686,346,583,508,446,557,Run
643,512,493,621,650,523,310,489,648,698,364,561,544,524,499,Run
628,521,488,725,800,573,190,463,552,702,397,530,551,571,484,Run
608,532,486,895,907,649,118,360,512,690,414,524,551,489,521,Run
607,618,483,811,982,630,118,278,526,692,445,547,518,230,597,Run
652,844,444,708,944,608,168,313,521,770,720,528,488,74,588,Run
591,962,408,759,606,702,204,323,528,855,925,436,516,201,442,Run
508,994,363,748,831,532,323,323,534,814,990,385,543,312,467,Run
478,883,389,618,713,591,497,416,535,684,981,382,531,353,506,Run
498,722,452,672,649,591,561,521,544,571,841,407,501,349,541,Run
497,647,486,764,628,607,542,499,564,482,697,439,488,407,550,Run
457,590,492,921,515,585,478,461,569,428,614,454,506,497,494,Run
396,509,499,968,413,529,395,474,554,406,553,451,554,506,550,Run
360,443,519,821,365,521,376,503,537,369,525,445,585,488,572,Run
355,425,545,788,365,551,355,538,554,327,518,444,537,495,538,Run
358,425,555,725,447,584,258,702,604,318,528,436,465,579,485,Run
353,440,547,760,444,585,125,905,676,332,538,450,472,554,521,Run
321,485,524,863,405,504,157,982,704,369,566,467,485,489,557,Run
326,669,474,921,330,513,286,998,638,425,681,442,601,260,453,Run
433,859,430,879,343,548,396,811,688,518,901,389,603,107,571,Run
481,968,383,844,396,552,381,808,339,811,981,358,526,281,419,Run
503,965,353,797,360,549,402,737,538,825,967,391,485,357,484,Run
545,890,379,583,412,535,342,643,540,777,855,437,535,346,499,Run
581,751,415,455,526,495,268,600,548,716,718,465,557,372,529,Run
612,650,449,455,553,498,143,537,526,683,620,476,537,413,562,Run
635,604,470,510,485,535,64,358,486,687,531,497,516,467,582,Run
645,558,476,583,455,536,202,338,453,681,407,550,502,502,532,Run
654,527,481,628,504,519,198,386,528,648,333,584,477,519,496,Run
655,516,488,623,564,511,262,497,626,666,342,567,489,521,517,Run
643,509,491,653,735,515,249,503,589,696,370,524,545,575,487,Run
626,527,490,811,846,604,144,415,525,704,396,509,540,580,494,Run
605,580,482,844,960,642,91,327,525,702,407,551,547,485,598,Run
625,710,462,782,1000,619,124,286,532,750,564,547,495,214,580,Run
653,907,439,678,812,555,178,329,520,843,856,447,532,101,583,Run
554,985,387,699,711,778,246,313,529,872,967,379,517,339,415,Run
477,963,376,436,765,569,399,361,520,732,990,360,496,365,484,Run
472,800,428,653,687,569,578,470,544,596,869,395,546,342,575,Run
491,697,478,703,636,636,538,499,538,507,711,432,532,391,556,Run
475,622,498,841,594,625,515,477,563,449,632,446,517,463,519,Run
426,531,507,962,463,554,418,441,562,422,586,444,555,527,535,Run
377,462,523,904,388,490,375,470,562,386,554,436,575,523,551,Run
360,437,546,783,349,529,361,525,572,348,531,450,527,531,519,Run
357,437,555,764,405,572,352,609,588,330,520,466,463,518,488,Run
350,440,555,728,481,595,173,827,651,330,537,469,471,530,523,Run
315,476,542,823,451,538,70,958,697,359,573,467,491,474,528,Run
318,639,489,908,373,515,239,1000,681,404,646,455,615,224,600,Run
404,802,417,924,322,541,311,882,570,457,855,432,617,109,489,Run
508,949,378,875,372,557,265,858,494,716,968,389,568,192,456,Run
511,983,335,849,361,552,588,713,533,872,1001,383,523,299,488,Run
537,892,354,695,355,546,342,668,542,814,911,443,497,370,456,Run
575,750,401,489,475,509,280,588,577,748,752,481,554,382,518,Run
595,647,436,466,555,486,157,543,536,695,643,486,538,414,590,Run
620,599,457,482,521,531,67,358,503,693,542,498,505,539,535,Run
631,556,470,553,456,556,186,337,453,690,419,545,483,539,526,Run
641,513,483,612,481,552,226,329,482,664,330,584,495,486,550,Run
648,495,494,619,556,534,218,492,613,666,317,575,532,478,530,Run
643,498,498,595,677,512,271,492,638,680,347,544,556,576,477,Run
631,516,493,749,813,562,158,435,530,688,385,533,525,572,488,Run
610,553,486,891,924,645,105,347,520,683,406,545,538,450,537,Run
616,651,476,813,989,613,126,272,543,705,470,552,519,194,610,Run
666,843,448,705,919,595,179,324,516,798,737,493,498,68,572,Run
610,962,426,637,602,822,238,303,524,896,928,409,525,214,432,Run
537,990,385,765,812,441,385,351,515,825,992,370,552,330,460,Run
503,864,399,558,737,559,560,459,532,673,935,389,515,333,532,Run
519,717,456,670,646,591,546,516,536,552,785,428,486,338,593,Run
510,638,495,762,624,604,535,491,557,480,683,450,492,417,507,Run
464,598,502,913,525,597,435,443,557,444,628,450,526,501,487,Run
394,533,506,975,435,533,382,462,563,420,585,437,558,510,559,Run
361,477,517,853,387,507,354,525,556,384,552,434,578,511,543,Run
358,442,539,781,321,539,340,579,577,331,528,446,505,535,501,Run
364,444,555,748,434,575,212,779,629,314,526,447,464,574,500,Run
355,449,556,758,457,599,112,941,705,324,547,455,480,513,544,Run
314,522,521,866,411,521,199,993,698,363,597,456,571,406,589,Run
324,686,450,929,332,516,293,960,604,410,729,441,622,132,642,Run
425,888,409,887,356,548,298,818,824,510,922,411,573,189,418,Run
471,968,365,856,417,555,595,815,621,809,989,391,514,324,436,Run
505,978,332,779,375,550,331,655,523,833,977,414,485,346,496,Run
551,850,368,559,425,524,317,614,561,776,851,457,551,355,514,Run
593,703,420,447,526,485,237,586,558,719,719,479,548,390,550,Run
623,616,450,454,548,484,129,515,523,686,615,487,536,442,564,Run
641,574,464,517,477,516,63,373,467,681,514,511,522,485,582,Run
654,542,472,587,455,522,219,330,443,667,404,557,490,489,550,Run
661,522,482,625,500,509,191,409,525,651,341,582,487,503,512,Run
654,513,492,597,567,503,282,476,655,668,354,564,499,525,487,Run
632,510,497,625,722,516,216,483,558,690,383,522,540,587,492,Run
616,530,496,796,841,595,163,402,504,698,404,509,549,556,515,Run
600,615,488,840,950,646,130,327,527,698,429,547,512,437,590,Run
640,799,438,774,997,618,158,312,537,759,592,548,470,159,600,Run
612,930,389,746,945,789,201,355,514,862,856,459,522,168,442,Run
518,991,353,862,782,590,282,345,520,906,965,424,544,345,427,Run
475,912,377,514,795,558,441,379,520,731,994,404,523,336,525,Run
491,740,433,696,707,574,572,487,522,595,889,410,528,323,588,Run
501,671,474,733,641,602,522,510,523,497,731,431,499,410,536,Run
469,593,488,880,573,601,505,473,551,417,635,434,507,515,489,Run
413,515,507,964,443,552,411,453,550,375,572,427,546,541,532,Run
374,469,530,859,406,526,388,490,537,342,536,438,569,508,554,Run
356,435,559,782,352,554,379,521,541,318,515,465,542,521,521,Run
353,430,569,791,463,604,362,609,573,331,518,481,472,521,479,Run
345,447,557,728,477,613,182,823,639,351,539,478,460,531,509,Run
324,474,532,817,436,528,93,952,708,395,599,460,499,475,552,Run
305,594,499,896,356,508,247,1000,690,448,692,432,575,268,560,Run
371,748,447,891,315,539,336,898,598,505,881,418,620,97,550,Run
432,906,407,848,382,557,347,812,611,724,976,361,570,196,474,Run
426,979,354,822,380,552,691,728,536,822,980,371,515,303,492,Run
488,973,368,730,364,551,363,653,537,788,882,417,507,357,445,Run
544,837,390,497,462,532,336,604,586,735,745,451,549,338,521,Run
575,712,410,449,555,489,221,584,541,688,654,461,570,384,604,Run
599,630,437,464,529,514,101,445,509,676,580,466,527,553,524,Run
610,591,456,531,476,547,85,357,466,684,495,490,487,572,492,Run
615,550,476,586,474,547,249,339,493,667,408,531,466,492,543,Run
622,513,492,608,528,538,222,447,581,665,371,546,496,460,540,Run
626,496,502,586,589,525,326,489,627,667,371,531,544,562,479,Run
620,488,506,663,729,536,201,442,569,668,386,513,563,581,465,Run
611,520,505,850,821,607,165,352,525,666,407,519,497,501,524,Run
604,566,503,829,947,635,146,332,513,675,440,535,553,281,580,Run
634,682,484,756,991,603,184,315,529,726,605,497,518,92,628,Run
636,904,423,636,777,662,217,332,536,836,865,444,503,148,459,Run
518,982,383,751,689,808,275,346,527,845,968,396,542,291,427,Run
482,933,387,423,665,559,448,383,521,706,968,385,546,298,518,Run
488,767,431,626,679,555,555,479,514,585,840,413,517,329,566,Run
495,661,469,715,618,642,530,497,535,512,712,438,493,444,504,Run
467,576,488,830,591,599,505,467,549,461,642,441,510,531,493,Run
431,509,496,936,494,548,394,450,544,417,604,434,545,532,531,Run
396,447,510,862,405,497,369,472,551,363,573,433,559,510,527,Run
385,424,528,771,357,536,363,519,561,317,552,447,522,517,500,Run
382,429,533,771,449,583,351,621,580,306,531,467,483,524,485,Run
384,452,518,718,502,585,167,850,637,325,528,483,485,509,525,Run
362,512,498,795,447,547,87,966,692,359,556,483,460,451,640,Run
340,614,473,859,368,531,252,1002,679,401,636,470,583,221,551,Run
375,734,424,884,331,544,319,871,585,451,855,429,571,122,493,Run
436,898,397,857,378,560,160,667,572,692,966,375,540,242,466,Run
451,945,358,877,396,558,546,732,653,853,1001,365,507,308,464,Run
502,887,361,745,372,557,374,638,565,814,932,402,505,322,472,Run
546,775,388,550,467,528,329,600,589,766,778,438,556,370,526,Run
584,677,424,470,548,502,253,583,566,712,658,458,554,434,524,Run
612,633,443,470,524,524,115,489,524,680,548,479,529,477,533,Run
633,587,460,538,464,540,73,355,457,668,438,519,509,500,557,Run
654,534,474,609,461,533,251,351,485,649,343,559,477,495,516,Run
670,513,486,640,509,520,228,423,536,655,328,560,492,506,475,Run
664,517,495,597,607,500,293,466,616,670,360,531,529,548,483,Run
642,538,497,631,795,543,203,453,584,681,406,515,545,545,508,Run
611,577,494,804,920,626,135,391,528,683,438,531,546,492,581,Run
601,655,481,813,988,637,134,322,528,706,544,522,495,243,515,Run
632,853,436,709,1000,631,188,313,539,785,747,441,515,78,628,Run
566,966,394,582,612,815,215,335,531,840,931,424,540,282,424,Run
457,963,369,668,791,416,288,344,532,768,989,401,541,360,443,Run
467,822,399,508,692,625,459,392,539,652,934,402,525,298,517,Run
481,696,446,658,612,600,535,505,534,551,805,419,500,334,562,Run
479,624,472,742,606,606,508,518,563,487,708,436,520,412,526,Run
455,545,489,866,538,606,478,468,588,439,647,433,522,529,497,Run
424,485,502,960,452,543,380,466,578,391,612,421,558,542,529,Run
402,444,522,858,409,505,372,534,555,347,583,427,560,529,523,Run
386,435,534,769,353,544,383,565,567,325,573,437,513,513,496,Run
382,448,531,763,430,580,278,727,595,325,580,439,467,516,496,Run
369,467,526,721,492,584,137,923,660,357,587,445,442,506,565,Run
343,491,513,808,425,539,173,988,683,403,603,454,535,331,554,Run
332,622,475,889,356,530,304,991,636,440,688,462,657,130,503,Run
407,791,440,877,324,554,238,901,781,536,895,427,612,194,402,Run
428,936,373,856,378,563,445,733,487,825,980,392,525,245,485,Run
443,976,347,838,380,564,386,733,510,843,977,413,492,312,466,Run
499,882,374,648,386,554,366,630,547,779,832,458,504,338,487,Run
550,751,404,497,504,519,300,593,561,701,681,480,558,376,562,Run
583,665,429,470,542,512,176,565,534,652,620,481,554,487,533,Run
619,604,449,490,506,535,109,406,506,655,552,495,487,574,510,Run
643,564,464,558,470,543,161,368,468,651,442,536,488,520,521,Run
660,524,481,602,489,533,256,360,510,658,353,572,506,430,565,Run
665,500,500,600,539,515,226,466,590,671,336,573,533,507,503,Run
649,494,508,576,649,496,304,476,628,692,370,540,556,584,475,Run
633,515,507,715,823,555,168,413,548,703,400,518,486,520,516,Run
613,555,505,869,922,642,131,347,505,706,438,530,560,309,528,Run
616,732,503,788,988,631,161,299,518,734,611,517,562,101,596,Run
648,924,481,666,933,603,204,332,526,750,877,465,530,114,484,Run
542,990,427,564,558,759,256,343,520,794,973,414,485,261,428,Run
449,946,401,679,772,499,409,350,514,665,993,407,489,345,475,Run
445,782,446,569,606,615,578,463,540,550,891,418,514,373,524,Run
460,662,483,686,603,627,522,508,528,489,734,427,499,396,568,Run
466,568,498,801,610,610,501,511,556,456,634,435,502,473,522,Run
439,521,497,943,491,581,442,466,567,444,572,441,530,516,520,Run
399,466,516,923,416,507,353,473,550,419,532,441,599,503,607,Run
378,432,545,781,389,515,310,514,544,380,485,450,548,515,504,Run
378,437,563,747,413,548,280,627,547,349,460,461,486,570,479,Run
357,445,566,729,467,569,186,843,617,345,465,471,453,530,505,Run
325,463,548,773,442,536,129,961,692,360,514,474,491,484,525,Run
306,584,497,871,390,501,263,996,685,391,561,466,570,341,462,Run
376,720,435,928,328,520,342,958,584,411,759,428,611,110,640,Run
478,910,409,886,360,548,350,903,790,559,935,401,567,205,440,Run
483,979,343,871,386,564,613,836,591,805,992,371,514,326,478,Run
515,943,331,795,370,558,367,652,532,758,948,414,480,355,468,Run
552,846,356,557,432,536,334,605,578,715,775,469,543,373,503,Run
584,719,403,459,534,495,263,579,568,676,656,487,561,373,551,Run
616,632,445,463,528,506,121,491,525,672,574,496,543,435,570,Run
627,587,470,527,471,535,50,348,473,672,489,520,509,486,564,Run
634,546,483,578,472,545,229,301,476,654,386,551,496,503,522,Run
634,526,493,596,529,540,209,419,559,641,348,559,493,519,486,Run
627,523,499,565,617,526,330,470,645,658,369,536,511,551,490,Run
622,514,503,627,785,550,187,449,573,682,407,518,554,591,486,Run
614,523,504,792,873,615,134,376,525,688,415,528,522,535,513,Run
611,590,493,792,964,634,140,322,520,692,440,552,503,387,549,Run
653,744,455,743,983,610,191,320,521,739,617,525,540,135,700,Run
645,927,422,663,743,624,222,326,525,793,882,473,516,215,420,Run
540,991,382,779,693,711,301,332,515,834,975,419,518,383,433,Run
473,901,394,498,781,540,478,381,508,699,992,407,509,339,522,Run
476,764,434,675,674,546,578,507,508,577,870,425,545,348,588,Run
483,658,477,713,635,624,520,495,524,496,721,447,507,416,518,Run
464,601,497,821,608,622,501,471,559,446,633,458,502,518,487,Run
415,549,508,955,485,559,404,459,561,415,576,450,540,535,540,Run
369,475,525,906,407,498,385,489,559,385,548,439,576,518,552,Run
365,435,544,783,374,545,356,531,564,357,531,443,538,522,516,Run
367,438,552,760,431,562,329,618,595,336,519,448,464,526,485,Run
362,453,547,724,488,579,177,807,647,342,507,463,492,530,535,Run
351,453,531,794,429,546,95,951,696,361,521,476,482,449,516,Run
321,551,493,879,372,510,247,999,685,401,623,457,643,180,667,Run
375,770,444,920,323,526,312,910,580,446,857,422,600,152,448,Run
427,939,374,878,369,550,260,804,525,710,969,402,535,251,445,Run
444,995,313,870,387,564,586,756,497,852,994,395,510,333,481,Run
502,941,349,762,363,555,348,657,533,785,890,445,502,337,476,Run
565,793,403,520,438,530,312,590,569,731,730,481,555,345,540,Run
591,656,444,443,554,485,203,588,536,672,626,487,558,421,568,Run
618,597,473,455,526,514,89,443,509,668,527,500,510,554,520,Run
627,559,489,524,469,544,79,356,458,664,423,532,468,552,522,Run
632,516,497,593,473,538,245,344,488,647,352,558,476,474,553,Run
642,497,500,628,515,533,224,452,568,655,344,552,530,459,529,Run
640,495,497,595,582,516,307,482,623,677,372,529,554,565,480,Run
632,510,492,635,742,529,183,452,543,699,396,525,559,553,502,Run
605,572,479,814,836,603,134,375,513,706,401,551,552,362,581,Run
620,721,450,823,950,634,128,307,538,748,557,544,470,117,679,Run
649,916,414,780,990,625,186,325,542,836,855,477,496,164,479,Run
529,987,374,780,810,808,226,348,525,914,969,417,525,335,441,Run
441,962,372,664,844,533,353,337,529,770,1002,393,545,374,504,Run
451,779,420,579,773,572,535,417,521,616,893,405,520,351,583,Run
485,668,475,684,667,581,541,504,507,521,727,431,500,405,554,Run
485,612,503,798,610,607,524,503,541,457,628,447,516,491,478,Run
438,537,513,937,514,573,455,452,553,429,561,449,538,506,512,Run
377,474,523,919,420,520,381,472,553,392,520,441,550,499,544,Run
361,438,539,778,380,535,366,503,553,366,507,444,550,488,554,Run
365,438,552,765,420,565,363,514,553,347,513,449,504,528,490,Run
374,450,552,734,504,601,305,570,575,362,516,451,474,564,495,Run
380,474,539,743,483,583,112,746,649,388,529,456,487,528,535,Run
381,501,514,777,426,521,81,908,675,421,585,458,477,456,609,Run
369,588,485,813,351,521,259,983,645,454,673,452,570,229,525,Run
383,776,443,817,326,539,314,832,602,491,870,445,577,110,602,Run
445,940,361,786,375,550,216,888,875,725,970,382,505,326,446,Run
425,987,328,767,402,556,645,734,651,819,976,380,491,391,439,Run
494,933,357,732,414,558,379,707,538,745,878,420,512,323,487,Run
544,779,389,562,456,543,333,596,594,702,731,451,544,344,547,Run
574,671,418,484,542,511,240,583,562,670,645,455,541,415,550,Run
596,612,437,468,554,518,130,468,514,661,568,461,518,472,552,Run
611,563,450,514,499,538,138,379,476,667,491,481,494,535,500,Run
624,526,465,595,450,542,290,419,499,656,400,520,480,524,516,Run
632,506,477,657,470,531,282,434,546,654,351,537,499,498,548,Run
633,496,487,684,511,520,278,522,598,670,365,528,531,523,522,Run
621,506,490,711,566,510,324,535,591,677,393,504,549,582,495,Run
605,526,490,842,723,569,247,437,552,684,436,496,576,508,537,Run
593,585,484,926,871,675,195,345,545,684,465,508,516,214,583,Run
649,802,463,800,972,614,205,319,534,732,596,525,448,97,595,Run
617,929,429,683,964,727,225,342,539,796,854,516,489,284,441,Run
490,988,392,861,719,759,251,377,544,841,960,464,568,340,446,Run
450,898,406,566,711,556,368,397,541,719,980,443,582,293,514,Run
490,746,447,636,684,540,495,447,528,612,878,452,539,288,585,Run
514,646,484,673,645,579,511,505,532,542,776,463,478,409,531,Run
508,605,494,757,610,582,507,512,551,490,698,471,484,535,485,Run
460,543,501,893,524,566,455,467,549,451,608,479,514,568,483,Run
416,500,512,876,446,543,371,463,552,425,542,483,540,510,535,Run
370,455,525,766,457,524,324,487,549,395,524,480,548,484,550,Run
351,434,533,705,428,544,293,506,548,368,545,469,499,529,513,Run
369,446,535,708,456,545,207,539,561,365,559,460,485,539,502,Run
385,472,535,678,487,565,105,715,630,380,559,467,530,472,528,Run
385,519,529,692,478,547,113,900,651,404,563,488,487,297,546,Run
369,668,530,736,410,518,286,981,619,431,623,527,611,96,692,Run
397,777,526,792,369,516,349,962,670,452,847,585,564,246,462,Run
415,921,502,801,365,532,192,834,581,637,964,600,531,307,433,Run
445,987,465,811,419,563,687,535,580,828,950,545,496,272,499,Run
491,935,450,779,460,583,408,662,556,747,816,515,478,246,517,Run
528,825,451,630,458,566,355,583,582,688,721,510,515,316,506,Run
550,725,461,545,512,537,283,580,543,638,659,502,540,418,523,Run
571,660,472,500,549,524,206,520,526,616,636,487,542,504,540,Run
595,604,486,519,512,532,221,444,516,615,619,481,480,588,510,Run
612,564,500,580,470,533,271,436,514,627,530,494,461,549,484,Run
621,534,503,639,486,525,335,459,521,645,432,508,479,455,551,Run
627,504,507,665,526,508,293,475,544,653,381,517,533,471,561,Run
637,492,516,682,549,501,320,521,583,648,393,516,554,542,503,Run
639,504,514,819,696,541,343,498,559,654,433,513,558,502,510,Run
624,517,513,906,837,668,239,417,527,652,459,510,571,271,565,Run
636,620,510,776,961,591,217,357,534,660,503,517,458,102,600,Run
671,879,480,673,916,600,244,355,541,695,716,546,514,220,504,Run
548,974,451,745,603,867,236,399,552,778,882,570,591,319,481,Run
464,978,425,650,633,582,319,395,566,792,956,505,587,322,498,Run
472,851,440,557,668,577,420,425,546,662,929,477,537,284,573,Run
490,719,468,660,633,577,484,466,530,577,804,484,485,386,536,Run
492,653,479,707,598,582,481,514,530,511,706,489,478,493,490,Run
469,600,487,806,533,587,470,492,547,457,649,490,519,571,458,Run
432,538,496,835,473,546,420,470,552,422,578,483,546,550,475,Run
392,470,505,754,457,523,372,482,548,393,522,474,536,487,545,Run
375,430,510,676,462,539,349,490,548,381,506,466,523,478,562,Run
385,423,515,669,448,557,303,517,544,381,506,465,483,536,499,Run
406,440,514,670,486,557,212,607,573,389,519,468,505,523,513,Run
418,470,513,639,509,556,155,780,635,409,532,473,499,443,516,Run
420,514,503,664,477,549,250,937,610,442,583,482,580,163,696,Run
422,655,504,704,404,534,326,937,606,442,719,520,557,176,542,Run
429,866,505,726,377,527,383,780,792,556,918,527,527,372,456,Run
407,936,444,753,404,533,623,533,531,812,987,514,503,350,490,Run
458,959,414,829,458,568,413,674,552,800,952,510,488,199,493,Run
491,881,413,725,467,580,406,567,574,739,834,517,514,224,513,Run
525,800,427,634,501,554,378,574,558,678,720,507,547,363,493,Run
554,740,448,578,528,544,330,576,548,642,657,483,519,471,479,Run
575,685,463,527,545,544,283,549,541,629,614,466,509,502,505,Run
585,626,471,546,518,537,283,504,532,618,567,463,493,502,497,Run
597,567,478,594,501,532,294,470,519,614,533,471,491,502,511,Run
609,525,483,637,467,519,332,485,504,616,481,481,510,495,531,Run
616,510,484,675,489,489,373,495,510,625,436,486,506,493,548,Run
616,496,487,744,532,483,355,480,511,618,425,484,519,500,510,Run
614,499,488,832,640,524,357,514,536,620,447,481,552,440,486,Run
612,528,492,864,825,590,337,486,535,618,465,487,586,163,592,Run
642,645,507,750,956,577,273,444,537,612,496,496,492,108,564,Run
592,882,492,625,921,645,268,389,548,647,619,513,492,260,505,Run
479,957,492,743,603,833,244,388,559,701,817,542,570,398,465,Run
441,968,475,651,643,564,261,418,582,789,808,536,592,400,469,Run
463,878,476,522,638,573,357,412,553,730,877,502,558,352,506,Run
483,746,483,660,628,552,413,452,527,655,824,483,498,386,499,Run
499,671,490,667,583,573,440,481,537,573,730,491,488,451,484,Run
497,626,496,680,558,582,442,485,550,528,695,499,500,475,492,Run
484,588,496,698,533,578,416,475,558,496,676,497,516,470,515,Run
470,558,498,695,513,552,378,492,564,474,626,487,550,455,516,Run
457,530,503,679,499,538,352,514,559,457,583,482,526,445,518,Run
442,511,508,668,494,532,295,545,545,445,571,477,497,452,511,Run
428,499,510,648,488,526,234,613,563,439,568,472,496,455,487,Run
419,499,511,643,506,502,173,773,581,437,573,474,542,442,497,Run
410,508,507,639,482,515,283,896,549,452,612,479,534,319,609,Run
418,510,499,659,457,546,344,865,549,471,639,492,519,109,635,Run
427,548,492,684,450,564,414,671,808,496,720,502,498,282,485,Run
406,697,468,740,431,588,335,588,517,618,804,505,470,419,468,Run
394,638,451,854,422,600,611,594,596,736,843,506,482,366,468,Run
345,598,455,817,492,572,386,576,532,738,821,503,501,282,493,Run
296,597,446,722,552,581,382,544,551,718,766,498,519,342,485,Run
268,638,449,647,497,587,367,549,542,688,709,490,521,421,488,Run
256,641,466,587,466,547,360,534,545,654,664,485,510,462,477,Run
244,643,481,560,479,505,352,529,543,631,629,480,515,463,473,Run
242,638,497,558,482,495,370,516,549,616,604,479,506,430,494,Run
256,672,527,573,487,495,380,523,542,599,578,480,509,402,524,Run
310,728,527,599,474,504,385,527,536,588,559,480,522,415,523,Run
372,697,530,629,468,508,393,527,532,587,545,480,506,443,499,Run
421,675,537,658,510,502,401,530,529,582,537,480,503,435,461,Run
443,662,536,696,544,508,401,527,527,577,540,477,563,367,449,Run
451,650,530,774,602,535,395,514,530,581,551,476,568,342,457,Run
446,640,531,858,724,588,363,508,541,586,572,477,505,376,466,Run
432,630,537,774,853,558,336,503,544,582,589,484,538,327,520,Run
406,634,540,711,853,535,316,489,542,572,601,492,568,221,565,Run
368,654,539,675,763,556,280,434,560,564,616,502,512,271,532,Run
316,666,540,630,358,654,232,398,553,555,659,509,505,337,487,Run
282,656,542,741,641,622,192,456,550,553,713,508,554,347,496,Run
259,631,540,726,532,510,230,483,553,552,720,495,572,387,486,Run
248,616,529,537,551,544,295,510,560,547,722,479,526,432,482,Run
257,601,517,674,539,549,376,526,544,538,699,466,487,469,500,Run
280,585,511,683,532,555,425,451,528,520,662,461,490,469,501,Run
306,575,511,655,513,553,478,466,511,501,628,465,511,420,500,Run
319,570,511,653,478,545,484,479,522,488,620,474,520,370,508,Run
318,558,510,634,488,552,477,500,524,482,614,476,501,376,500,Run
325,538,510,626,493,556,475,505,526,485,604,474,485,393,476,Run
342,527,502,633,478,548,473,510,522,491,607,473,490,372,476,Run
354,524,496,634,469,540,458,506,521,499,618,477,516,355,479,Run
378,521,497,640,479,543,413,517,524,512,647,482,539,376,447,Run
396,521,500,645,498,542,357,550,541,525,660,482,530,401,428,Run
408,519,499,652,499,541,261,620,565,533,657,479,483,383,453,Run
417,517,492,655,490,547,157,739,597,539,657,479,473,351,468,Run
423,515,486,664,489,557,195,808,631,542,666,478,532,325,508,Run
429,514,481,677,496,564,263,883,574,540,680,475,517,345,532,Run
434,514,480,696,499,550,280,645,567,542,669,473,537,371,541,Run
437,514,479,717,496,546,414,251,564,542,665,478,559,371,522,Run
433,516,475,782,462,565,329,595,559,541,666,492,537,342,494,Run
419,521,466,811,379,579,252,626,474,544,665,501,477,366,462,Run
388,526,452,789,407,570,375,507,529,545,672,508,460,340,478,Run
356,524,448,746,483,556,377,501,555,548,679,521,494,366,485,Run
324,516,462,666,516,547,361,504,531,551,678,524,535,408,493,Run
299,518,477,592,574,540,375,491,534,550,662,513,538,443,482,Run
279,527,483,556,516,521,378,500,544,545,634,502,523,426,473,Run
271,544,482,540,467,500,382,504,543,536,622,493,517,386,492,Run
272,567,482,539,474,494,387,497,538,529,618,487,526,385,500,Run
289,595,486,544,513,502,382,494,543,524,613,484,539,407,499,Run
318,618,481,552,524,516,383,493,549,522,608,484,537,416,491,Run
350,619,474,563,512,528,384,492,544,525,606,484,522,396,482,Run
375,609,475,577,499,534,384,498,540,529,607,485,504,366,485,Run
388,603,478,593,495,537,380,502,540,530,608,486,502,357,496,Run
392,602,482,624,507,531,379,502,539,531,607,485,527,381,475,Run
401,602,487,679,507,552,379,501,540,530,596,482,571,366,464,Run
401,606,491,776,573,573,379,497,541,540,640,469,557,330,458,Run
398,615,492,839,679,600,364,497,546,549,663,455,504,337,461,Run
391,622,493,807,805,614,352,500,549,550,621,450,477,366,493,Run
382,617,487,739,815,587,343,499,551,564,611,439,521,373,527,Run
370,608,477,730,542,601,321,495,543,575,567,429,546,366,541,Run
365,603,474,641,224,478,309,449,549,593,515,427,521,377,521,Run
364,605,474,673,517,468,281,427,524,606,508,436,504,385,491,Run
354,607,480,727,552,474,276,445,533,621,524,444,545,366,488,Run
332,606,486,642,495,567,290,452,547,636,566,447,560,345,512,Run
305,596,491,658,516,577,306,515,562,653,589,442,528,367,508,Run
284,574,495,649,508,554,359,542,549,664,586,441,503,411,487,Run
278,549,494,648,502,520,417,561,545,663,574,444,504,430,473,Run
284,530,493,654,476,531,442,468,537,654,563,449,515,404,485,Run
307,518,491,642,493,555,484,461,511,648,558,455,517,378,498,Run
333,519,493,643,489,557,475,476,513,643,561,461,506,389,486,Run
355,527,491,639,482,539,471,486,514,638,567,464,497,406,471,Run
370,535,490,645,491,540,461,489,512,636,575,462,505,397,470,Run
387,540,490,640,501,549,447,488,519,634,579,458,514,379,483,Run
401,540,492,642,491,548,429,493,524,630,581,455,518,376,489,Run
416,537,493,644,490,543,403,493,524,630,577,452,522,381,491,Run
431,532,494,647,495,544,373,485,521,628,573,450,525,388,486,Run
449,527,494,649,500,550,312,497,531,622,568,450,500,377,474,Run
462,527,493,649,511,553,227,567,565,622,562,453,493,345,462,Run
463,531,487,649,509,549,168,674,588,635,564,451,522,331,463,Run
456,535,481,653,505,542,241,798,614,652,566,451,531,337,491,Run
441,535,477,669,507,551,308,810,604,667,569,453,519,329,508,Run
419,537,476,679,503,554,315,550,597,684,576,449,533,342,556,Run
393,539,474,693,504,553,337,397,563,680,583,446,526,398,530,Run
331,451,389,572,430,467,319,415,449,526,451,380,447,326,372,Run
377,513,442,618,464,506,363,470,511,599,513,430,509,371,426,Run
390,534,462,634,475,520,378,489,532,623,534,447,530,386,443,Run
392,543,467,641,478,526,382,494,538,630,540,452,536,392,448,Run
394,543,470,643,480,528,382,497,538,633,543,454,539,394,448,Run
394,543,467,643,480,528,382,497,538,633,543,454,539,394,448,Run
394,543,467,643,480,528,382,497,538,633,543,454,539,394,448,Run
394,543,467,643,480,528,382,497,538,633,543,454,539,394,448,Run
394,543,467,643,480,528,382,497,538,633,543,454,539,394,448,Run
397,547,470,643,481,526,383,499,540,631,546,456,538,392,446,Run
397,547,472,643,481,526,383,499,540,632,546,455,538,392,446,Run
397,546,472,643,481,526,383,499,540,633,546,455,538,392,446,Run
396,546,471,643,481,526,383,499,540,635,546,454,538,392,447,Run
395,546,467,643,481,526,383,499,540,637,545,453,538,392,447,Run
395,548,467,643,481,526,383,499,540,637,545,452,538,392,447,Run
395,548,467,643,481,526,383,499,540,638,545,452,538,390,449,Run
394,550,467,643,481,526,383,499,540,638,545,452,538,391,448,Run
394,552,467,643,481,526,383,499,540,638,545,452,538,391,448,Run
393,550,466,643,481,526,383,499,540,638,545,452,537,391,447,Run
393,549,464,643,481,526,383,499,540,638,545,452,537,392,445,Run
393,548,463,643,481,526,384,499,540,638,545,452,536,392,445,Run
396,548,464,643,481,526,384,499,540,637,545,452,536,392,446,Run
397,550,462,643,481,526,384,499,540,637,545,452,536,392,446,Run
397,547,461,643,481,526,384,499,540,637,545,453,537,392,446,Run
397,545,466,643,480,526,384,499,540,637,545,453,537,392,446,Run
397,549,470,643,480,526,384,499,540,637,545,453,538,392,444,Run
397,547,469,643,481,526,384,499,540,637,544,453,538,392,444,Run
395,547,468,643,481,526,384,499,540,637,544,453,538,393,444,Run
395,546,470,643,481,526,384,499,540,637,544,454,538,393,444,Run
395,544,470,643,481,526,384,499,540,637,544,454,538,394,444,Run
395,542,468,643,481,526,384,499,540,637,544,454,538,394,444,Run
395,541,467,643,481,526,384,499,540,637,544,454,538,394,444,Run
395,541,467,643,481,526,384,499,540,635,544,455,538,394,444,Run
396,542,467,643,481,526,384,499,540,635,544,455,538,394,444,Run
396,544,465,643,481,526,384,499,540,634,544,455,538,394,444,Run
396,545,464,643,481,526,384,499,540,633,544,455,538,391,444,Run
396,544,463,643,481,526,384,499,540,633,544,455,538,390,444,Run
397,544,465,643,481,526,384,498,540,633,544,455,538,390,445,Run
397,545,465,643,481,526,384,498,540,633,544,455,538,390,447,Run
398,545,465,643,481,526,384,498,540,636,544,455,538,391,447,Run
398,545,466,643,481,526,384,498,540,639,544,455,538,392,447,Run
398,545,466,643,481,526,384,498,540,642,544,455,537,395,447,Run
400,545,467,644,481,526,384,498,540,642,544,455,537,395,449,Run
401,544,468,644,481,526,384,498,540,641,546,455,538,397,443,Run
401,545,468,644,481,526,384,498,540,639,547,455,539,396,440,Run
401,546,468,644,481,526,384,498,540,636,547,455,539,395,437,Run
401,548,467,644,481,526,384,499,540,635,544,454,538,396,435,Run
401,548,467,644,481,526,384,499,539,634,542,454,537,399,436,Run
401,548,467,644,481,526,384,499,539,634,542,453,537,400,437,Run
401,550,466,644,481,526,384,499,539,632,543,452,536,396,437,Run
400,551,464,644,480,526,384,499,539,631,545,451,534,394,441,Run
399,550,462,644,480,526,384,499,539,631,547,451,534,395,439,Run
398,550,461,644,480,526,384,499,539,630,547,451,534,395,439,Run
395,549,461,644,480,526,384,498,539,630,547,451,534,395,442,Run
394,548,461,644,480,526,384,498,539,630,547,451,535,396,443,Run
394,547,462,644,480,526,384,498,539,632,545,451,536,395,442,Run
393,547,462,644,480,526,384,497,539,634,545,450,536,394,443,Run
391,547,462,644,480,526,384,497,539,635,545,450,536,394,441,Run
390,547,462,644,480,526,384,497,539,635,545,451,535,394,440,Run
390,548,463,644,480,526,384,497,540,635,545,452,535,394,439,Run
391,549,463,644,480,526,384,497,540,634,548,452,535,395,440,Run
394,549,463,644,480,526,384,497,539,631,549,452,535,395,443,Run
396,548,463,644,480,526,384,497,539,631,547,453,535,395,439,Run
396,546,464,644,480,526,384,497,539,631,546,453,535,394,441,Run
396,545,465,644,480,526,384,497,539,632,546,453,535,394,441,Run
396,544,466,643,480,526,384,497,539,634,546,453,535,395,440,Run
396,544,467,643,480,526,384,497,539,634,546,452,535,395,441,Run
396,544,467,643,480,526,384,497,539,634,546,452,534,395,439,Run
396,545,467,643,480,526,384,497,539,634,546,452,534,395,439,Run
398,545,467,643,480,526,384,497,539,635,545,452,535,395,440,Run
398,545,467,643,480,526,384,497,539,636,543,452,534,396,440,Run
398,544,467,643,480,526,384,496,539,636,543,451,536,396,441,Run
398,543,467,643,480,526,384,497,539,636,543,451,536,396,441,Run
398,542,467,643,480,526,384,497,539,636,543,451,536,396,440,Run
398,542,467,643,480,526,384,497,540,636,543,451,536,396,441,Run
398,542,467,643,480,526,384,497,540,636,543,451,536,396,441,Run
398,542,467,643,480,526,384,496,540,636,543,451,536,395,441,Run
398,542,466,643,480,527,384,496,540,636,543,451,536,395,441,Run
398,542,466,643,480,527,384,496,540,636,543,451,536,395,441,Run
398,542,466,643,480,527,384,497,540,636,543,451,536,395,441,Run
398,542,466,643,480,527,384,497,540,636,543,452,536,394,442,Run
397,542,466,643,480,527,384,497,540,636,543,453,536,394,442,Run
397,542,466,643,480,527,384,497,540,636,543,453,536,395,442,Run
397,542,466,643,480,527,384,497,540,636,543,453,536,395,442,Run
397,543,466,643,480,527,384,497,540,635,544,453,536,395,442,Run
397,544,467,643,480,526,384,497,540,635,544,453,537,393,440,Run
397,544,467,643,480,526,384,497,540,635,544,453,534,389,443,Run
397,545,467,643,480,526,384,497,540,635,544,453,535,396,442,Run
397,545,467,643,480,526,384,497,540,635,544,453,536,396,442,Run
397,547,467,643,480,526,384,497,540,635,544,453,536,396,442,Run
397,547,465,643,480,526,384,497,540,635,544,453,536,395,442,Run
397,547,465,643,480,526,384,497,540,635,544,453,536,395,442,Run
396,547,465,643,480,526,384,497,540,635,545,453,536,395,442,Run
396,547,465,643,480,526,384,497,540,635,546,454,536,394,442,Run
396,547,465,643,480,526,384,497,540,635,546,454,536,394,442,Run
396,547,464,643,480,526,384,497,540,635,546,454,536,394,442,Run
396,546,464,643,480,526,384,497,540,635,545,454,536,394,442,Run
396,546,464,643,480,526,384,496,540,635,545,454,536,393,443,Run
396,546,464,643,480,526,384,497,540,635,545,454,536,394,443,Run
396,546,464,643,479,528,384,495,540,634,545,454,536,394,443,Run
396,546,465,641,478,526,384,495,539,634,545,454,535,394,442,Run
396,546,465,642,478,527,384,495,540,634,548,454,535,394,441,Run
393,545,466,643,478,527,386,495,540,632,553,454,535,393,441,Run
391,545,466,643,477,529,386,493,541,629,555,454,535,392,442,Run
391,544,466,644,478,528,384,497,542,624,563,457,535,392,442,Run
394,544,467,644,480,528,384,505,541,623,578,457,535,395,442,Run
395,544,468,644,483,525,382,508,538,623,580,458,535,396,442,Run
395,544,469,644,484,524,381,513,535,627,588,453,536,398,442,Run
395,544,470,646,485,526,381,514,537,633,601,451,539,399,442,Run
395,543,472,648,479,528,386,500,538,632,599,447,542,408,441,Run
402,545,478,656,476,535,386,502,532,631,614,448,547,421,443,Run
413,556,480,659,515,550,383,499,535,635,612,450,548,423,450,Run
420,562,479,667,561,550,381,503,537,648,620,447,543,410,448,Run
415,564,475,662,541,552,380,508,534,662,643,439,541,390,441,Run
410,575,463,655,541,534,382,496,539,674,634,437,544,379,436,Run
412,596,455,642,550,521,385,487,545,672,613,444,548,378,437,Run
418,592,456,624,556,516,381,498,544,659,590,450,548,386,441,Run
420,581,465,607,546,511,383,496,543,644,563,458,549,396,446,Run
420,566,464,581,513,503,385,491,541,627,543,464,552,403,451,Run
425,557,462,557,480,493,385,496,536,617,535,475,553,402,456,Run
431,577,459,554,453,483,385,491,535,610,527,482,551,401,458,Run
433,596,455,656,594,585,389,481,537,605,502,479,546,404,455,Run
430,597,457,834,426,540,382,472,554,612,484,476,536,390,464,Run
418,633,459,667,485,522,345,406,593,630,480,488,519,399,444,Run
401,665,439,647,520,530,280,440,601,649,463,496,538,401,472,Run
404,687,436,658,525,549,301,449,596,687,484,493,555,391,464,Run
390,728,450,658,525,552,336,446,602,723,531,484,539,363,452,Run
367,735,454,647,525,537,361,427,606,749,590,454,515,362,435,Run
383,730,456,647,517,539,382,454,587,757,637,428,501,371,447,Run
403,698,463,641,501,543,395,472,568,729,645,426,503,399,464,Run
425,641,473,636,492,537,396,483,557,700,648,417,511,418,474,Run
444,596,485,639,492,547,409,500,551,665,661,402,511,427,485,Run
462,556,498,639,491,554,416,523,546,632,662,396,512,421,485,Run
481,520,508,651,509,544,429,541,545,598,650,397,511,395,475,Run
493,500,518,666,504,533,449,561,543,579,641,396,514,373,466,Run
496,496,525,678,496,520,468,572,540,562,629,395,523,355,457,Run
496,499,528,693,503,516,487,598,543,552,630,390,534,347,451,Run
486,504,531,706,503,527,504,657,545,554,632,390,540,350,444,Run
459,509,532,712,496,521,509,700,532,561,630,391,540,350,449,Run
421,517,533,714,468,506,517,706,520,570,626,392,538,352,450,Run
365,529,539,711,387,503,568,722,670,581,633,395,538,366,445,Run
290,548,534,711,322,542,578,635,433,599,671,388,521,392,465,Run
181,526,549,869,518,632,517,490,583,628,728,383,506,390,536,Run
91,476,582,954,478,643,437,607,545,702,858,376,514,400,554,Run
28,519,600,939,431,602,374,582,537,843,968,369,544,395,537,Run
8,569,596,841,394,553,408,575,563,959,1003,398,557,294,549,Run
1,686,601,753,400,524,384,580,582,999,999,440,564,268,549,Run
5,837,546,630,422,530,373,594,586,1003,902,500,601,233,547,Run
118,933,495,520,453,536,323,587,609,943,763,582,618,243,524,Run
277,934,425,495,481,545,218,545,621,869,631,642,610,272,533,Run
451,904,341,505,530,545,149,477,576,810,538,645,570,334,514,Run
578,808,322,490,600,565,181,376,560,742,459,638,546,378,505,Run
570,760,281,475,692,597,289,362,596,674,368,645,525,427,474,Run
551,736,280,506,777,622,404,492,698,660,268,630,492,475,494,Run
537,690,305,552,826,629,402,447,602,704,258,601,465,487,529,Run
498,710,326,573,833,615,328,457,531,754,337,578,467,509,515,Run
429,738,366,568,798,570,226,410,542,822,444,557,497,521,491,Run
338,744,401,783,932,481,193,406,578,909,491,533,524,515,494,Run
186,870,393,460,488,564,76,458,597,984,601,491,555,460,538,Run
60,972,417,652,622,548,169,449,578,1009,860,433,585,342,465,Run
25,980,490,677,601,568,304,419,560,1016,969,382,535,231,447,Run
8,913,545,709,573,585,439,413,540,839,1004,326,479,148,477,Run
23,748,566,846,552,568,533,430,533,632,875,324,462,231,434,Run
120,600,585,963,404,579,537,447,547,455,716,323,481,305,506,Run
145,502,588,848,272,462,533,512,545,327,620,318,527,383,504,Run
211,326,603,691,406,557,522,588,533,294,602,305,535,394,469,Run
279,206,635,708,427,585,531,721,559,320,627,290,530,433,488,Run
276,105,617,696,361,566,510,827,579,369,624,296,557,498,533,Run
238,158,536,669,387,512,469,916,601,448,634,300,569,517,518,Run
226,292,528,684,356,506,446,963,570,519,687,293,549,502,484,Run
187,425,558,746,340,520,494,917,802,623,779,295,548,476,492,Run
76,581,523,865,323,537,663,629,647,735,925,273,523,310,512,Run
30,786,497,791,364,545,513,565,669,907,990,243,505,255,494,Run
9,945,468,719,407,569,374,702,566,983,997,351,597,242,512,Run
159,997,393,647,453,579,264,606,618,961,824,479,634,284,450,Run
384,890,435,600,490,571,135,565,618,876,712,534,634,318,436,Run
538,701,453,598,485,576,95,464,533,865,630,556,577,347,465,Run
599,616,454,621,483,573,181,304,507,835,460,619,535,389,499,Run
635,567,440,663,551,597,307,514,651,737,246,664,526,455,500,Run
649,553,431,671,669,629,345,490,649,691,200,615,514,496,522,Run
662,540,439,691,819,643,359,489,551,700,257,584,479,503,528,Run
670,532,444,716,926,652,279,462,531,719,336,612,467,506,519,Run
649,560,441,659,926,610,213,380,553,778,419,583,475,506,512,Run
626,640,433,588,864,544,224,347,587,819,464,550,495,503,506,Run
548,803,397,637,795,751,188,382,592,928,657,455,509,496,489,Run
462,932,379,644,776,455,91,392,597,991,895,346,542,424,498,Run
298,992,382,553,638,577,221,399,578,994,974,324,564,208,463,Run
142,1013,416,708,683,586,395,464,559,913,997,329,543,98,485,Run
150,925,495,740,581,600,522,471,543,716,861,372,491,129,369,Run
184,766,536,899,534,584,492,460,548,565,735,371,487,206,386,Run
234,635,552,920,374,460,413,489,567,489,684,349,516,299,478,Run
267,521,579,732,156,458,376,551,575,425,594,346,560,380,497,Run
310,400,593,744,560,597,339,655,572,388,515,359,551,442,482,Run
330,352,576,714,387,564,335,740,593,354,508,356,531,492,520,Run
334,346,563,687,310,513,290,838,666,346,513,361,551,527,529,Run
355,361,554,663,265,509,227,958,694,351,550,370,547,530,503,Run
358,386,540,663,291,522,355,978,675,380,613,367,543,524,499,Run
350,413,534,675,323,522,434,903,618,438,696,342,521,506,511,Run
338,482,516,657,342,537,454,698,558,500,842,325,502,491,495,Run
304,625,458,764,363,554,420,784,686,581,959,274,537,429,462,Run
219,824,406,763,422,565,629,691,599,710,1001,250,537,199,416,Run
179,954,356,696,486,575,529,632,553,861,1011,304,601,188,473,Run
306,986,376,671,520,564,353,632,610,861,886,413,602,265,341,Run
454,856,407,666,525,553,187,632,607,818,763,491,620,287,354,Run
517,742,439,688,505,561,84,494,499,799,688,526,606,345,398,Run
571,625,477,706,559,544,157,316,441,775,589,566,553,392,442,Run
583,556,492,724,640,529,300,381,506,727,484,597,498,439,496,Run
592,524,500,717,788,556,300,432,597,693,389,619,465,479,521,Run
611,502,508,800,943,596,346,435,499,681,365,616,465,501,525,Run
629,501,507,712,961,628,290,434,499,675,371,578,474,515,525,Run
638,504,502,617,911,596,257,364,531,675,378,553,484,521,514,Run
632,535,496,576,737,596,274,337,563,688,436,536,494,515,492,Run
614,596,486,770,859,743,285,372,577,725,524,490,487,464,493,Run
578,765,460,630,751,493,195,397,572,830,754,358,591,276,446,Run
472,937,392,519,621,560,293,413,586,956,918,234,588,195,503,Run
282,995,382,719,646,596,409,499,567,901,984,221,538,144,452,Run
228,934,432,735,563,608,450,499,572,735,926,265,497,183,380,Run
297,759,465,887,524,572,454,500,577,569,831,317,500,246,389,Run
324,662,481,881,405,453,402,514,569,461,703,367,507,306,451,Run
365,564,507,754,236,460,341,560,568,422,611,395,539,379,479,Run
380,483,534,711,532,606,297,627,575,404,545,418,554,436,497,Run
389,412,563,714,462,594,253,738,625,368,502,432,546,493,525,Run
391,371,579,687,382,543,220,916,668,330,507,430,534,544,526,Run
389,364,576,695,335,529,353,947,701,324,545,413,527,558,515,Run
389,388,559,703,321,543,442,934,647,354,595,402,519,535,512,Run
394,418,551,700,330,529,464,858,583,406,671,375,511,507,506,Run
397,459,538,703,358,534,464,578,583,471,830,344,537,490,486,Run
378,557,495,808,391,546,314,738,673,552,959,286,559,393,466,Run
270,770,423,748,443,539,663,600,643,679,999,281,536,214,403,Run
178,910,382,668,511,545,439,640,587,800,995,307,603,176,459,Run
256,984,367,621,523,545,351,626,634,815,901,369,596,205,339,Run
404,878,395,632,553,539,250,572,642,802,767,441,589,232,362,Run
479,736,423,647,541,557,111,543,593,767,635,492,568,302,410,Run
528,641,459,662,558,543,142,456,470,734,575,517,546,353,448,Run
544,571,477,698,602,535,221,264,452,701,528,530,511,399,478,Run
551,548,484,704,708,566,316,492,557,678,456,547,505,448,503,Run
565,532,497,761,863,604,351,441,567,664,403,565,509,505,520,Run
588,516,513,750,910,632,382,423,501,652,401,558,484,523,531,Run
609,509,516,648,878,601,329,401,511,641,401,531,477,530,523,Run
619,514,512,595,825,572,313,384,510,633,413,510,486,520,505,Run
614,539,500,589,754,542,346,379,531,612,391,480,517,517,515,Run
601,564,493,573,605,508,356,390,556,667,495,460,545,424,525,Run
578,614,484,742,548,718,333,392,568,688,667,437,498,491,475,Run
558,760,454,623,685,448,252,429,596,672,733,403,596,307,404,Run
508,934,393,545,548,585,334,473,595,815,834,361,562,190,499,Run
350,992,371,742,654,632,409,514,604,888,962,328,539,146,457,Run
275,926,414,739,524,632,419,517,600,724,970,326,534,196,356,Run
310,813,439,895,472,602,439,528,585,578,872,352,540,254,362,Run
302,714,462,882,392,473,413,524,591,487,733,354,540,324,441,Run
309,592,502,705,241,451,359,548,594,435,645,355,540,396,478,Run
312,475,535,692,495,600,311,601,598,398,550,383,554,440,488,Run
333,365,573,690,495,593,298,721,660,350,505,394,517,477,520,Run
352,299,595,690,410,548,307,877,704,325,552,398,503,528,532,Run
363,317,578,677,301,553,376,909,757,330,589,407,524,544,516,Run
363,354,565,681,301,562,458,906,711,360,647,412,529,528,503,Run
358,405,564,696,357,553,484,830,615,413,717,403,510,507,506,Run
353,475,550,694,373,548,501,645,503,475,816,390,509,488,467,Run
300,625,490,829,385,555,488,754,604,531,946,326,558,341,432,Run
133,856,441,771,429,543,761,572,622,642,998,312,553,201,425,Run
88,962,406,710,471,541,439,662,608,775,953,363,604,170,465,Run
221,997,399,623,486,539,329,656,655,752,824,419,621,220,342,Run
382,891,410,635,510,536,213,550,608,743,737,460,612,241,375,Run
494,752,453,665,510,558,99,547,495,728,606,489,566,310,426,Run
550,639,479,685,516,555,188,387,453,687,515,515,542,372,463,Run
558,584,488,737,558,548,316,348,448,657,471,529,504,420,481,Run
571,542,498,773,686,564,316,538,613,652,456,526,487,473,512,Run
589,520,505,844,873,566,355,472,519,673,466,518,483,519,526,Run
617,509,507,784,912,557,392,469,477,676,458,515,478,537,526,Run
630,498,505,659,912,541,307,403,495,660,433,503,485,524,510,Run
625,509,504,617,890,522,287,389,507,657,448,495,499,506,501,Run
605,558,489,573,689,655,322,360,551,659,505,480,515,497,484,Run
571,625,468,805,823,393,317,374,591,689,618,400,501,444,471,Run
537,768,438,494,625,484,158,376,620,754,755,350,610,248,426,Run
400,938,357,652,644,521,274,436,639,814,807,307,577,183,507,Run
185,995,354,696,603,571,385,494,628,858,927,285,529,174,434,Run
229,871,416,731,568,592,443,513,632,737,927,305,522,214,350,Run
267,768,429,859,504,613,481,508,618,591,814,352,513,267,375,Run
305,671,459,928,418,530,403,508,600,496,723,372,516,339,451,Run
325,587,491,790,310,476,388,548,611,454,673,392,544,376,490,Run
337,503,509,645,402,603,321,580,603,414,585,421,559,420,484,Run
353,440,537,693,560,621,291,684,644,348,515,426,518,457,493,Run
361,369,573,718,376,577,285,889,682,277,515,420,503,501,529,Run
377,335,583,730,344,559,344,938,723,268,535,414,517,560,528,Run
372,354,564,743,318,555,430,945,669,294,605,407,532,543,515,Run
353,384,560,745,344,549,475,838,573,347,734,370,535,518,510,Run
350,418,561,785,379,538,484,649,602,415,911,343,550,488,495,Run
326,493,540,844,399,537,419,717,401,536,984,307,539,340,421,Run
159,728,477,740,437,530,573,548,589,675,1009,313,587,185,446,Run
77,922,407,641,481,524,386,672,595,788,1015,360,593,153,413,Run
211,988,394,611,491,509,353,612,622,816,961,424,590,198,342,Run
389,911,420,642,521,515,228,594,606,811,809,493,589,235,372,Run
491,805,452,667,516,523,85,554,539,774,662,535,577,308,419,Run
579,704,480,712,532,515,113,443,475,737,568,557,550,367,457,Run
596,623,496,745,622,504,271,247,432,693,484,572,512,410,481,Run
616,573,509,765,752,551,324,527,601,671,445,574,504,469,509,Run
639,539,516,818,923,556,329,474,531,690,440,566,484,505,534,Run
647,515,517,781,958,564,352,487,483,682,438,554,468,518,535,Run
636,507,510,652,904,577,264,403,494,663,438,536,475,509,510,Run
625,524,490,615,869,562,294,354,521,660,455,521,491,506,495,Run
604,572,465,580,698,664,310,380,562,667,490,498,518,502,484,Run
564,639,438,792,673,582,272,387,604,708,597,425,506,476,475,Run
514,823,397,620,666,475,160,384,629,771,775,341,618,238,454,Run
368,957,329,617,619,565,293,438,663,821,894,265,563,174,524,Run
201,995,335,701,605,592,390,491,633,812,965,242,513,185,414,Run
214,878,401,748,554,599,466,500,616,675,892,283,506,230,349,Run
259,747,432,876,456,634,466,481,605,542,787,330,510,287,386,Run
296,633,464,876,398,497,420,506,611,455,725,346,524,344,480,Run
312,537,493,751,271,477,386,567,600,418,649,377,551,393,489,Run
325,464,521,660,499,634,340,607,597,394,547,398,563,419,470,Run
344,362,565,693,487,618,311,670,628,361,528,395,520,457,514,Run
356,305,586,693,372,564,247,867,707,314,536,394,527,507,541,Run
358,308,573,697,350,579,304,920,774,309,552,399,536,532,519,Run
363,363,561,712,339,559,425,939,711,319,622,395,527,528,509,Run
347,392,569,712,374,561,474,839,654,356,748,362,500,520,507,Run
321,438,567,775,400,556,429,658,517,401,917,344,526,487,509,Run
251,599,534,852,404,562,285,655,406,511,987,279,565,227,429,Run
104,740,473,731,451,556,523,592,606,668,1011,287,620,182,487,Run
34,921,459,652,495,538,387,639,593,765,1008,312,637,182,380,Run
160,987,415,627,511,511,293,583,603,772,997,348,618,203,351,Run
328,911,420,666,537,491,274,616,571,819,830,431,599,263,396,Run
471,754,469,691,540,469,116,571,547,777,682,486,587,321,422,Run
555,644,481,698,565,458,136,459,486,735,630,522,563,370,453,Run
571,614,479,713,633,459,269,244,434,720,543,557,523,401,466,Run
596,577,482,706,748,461,344,526,540,696,458,586,509,444,505,Run
632,545,480,770,906,511,352,419,513,698,437,595,487,506,535,Run
655,535,473,770,971,569,387,437,468,693,432,588,464,527,536,Run
646,530,468,667,951,598,312,370,465,676,439,571,458,523,520,Run
630,570,455,607,851,583,315,343,484,672,465,548,477,509,503,Run
612,620,436,569,698,558,318,392,524,669,488,526,504,501,490,Run
564,678,410,616,518,776,304,354,581,696,542,478,512,501,467,Run
516,782,399,776,608,479,229,404,595,778,734,345,525,444,472,Run
420,938,344,542,583,578,194,466,634,799,850,261,619,218,451,Run
242,995,330,668,612,587,351,516,663,784,951,223,556,164,481,Run
171,938,382,705,587,611,426,545,684,687,945,242,519,182,369,Run
182,829,429,779,517,616,486,535,667,567,863,288,485,214,358,Run
210,735,457,931,468,564,488,545,638,485,750,328,495,286,408,Run
258,616,494,849,325,470,468,560,638,439,656,339,526,376,470,Run
264,512,531,678,276,531,428,597,630,416,583,345,550,426,479,Run
301,398,570,685,534,635,406,699,647,382,537,375,523,440,490,Run
353,293,606,695,380,588,397,821,682,332,482,415,509,484,530,Run
366,265,607,724,354,537,374,912,739,297,479,429,526,530,529,Run
361,297,586,730,317,537,402,936,720,302,558,418,536,530,508,Run
353,368,576,749,355,528,467,821,587,324,690,383,525,525,507,Run
337,443,568,811,425,520,500,608,489,386,888,350,548,515,493,Run
251,645,497,861,451,520,318,794,394,465,967,292,547,354,432,Run
87,895,422,760,485,513,612,588,565,620,1002,290,560,224,485,Run
144,978,383,638,491,513,388,673,587,791,971,355,606,160,430,Run
305,990,384,564,518,505,365,636,617,786,874,420,608,198,371,Run
459,855,423,579,535,522,220,572,612,770,799,477,584,247,397,Run
566,708,474,610,539,525,85,569,536,737,664,517,561,306,435,Run
605,609,498,641,548,507,104,430,478,694,564,543,541,365,463,Run
617,575,502,666,638,503,255,280,431,662,501,555,513,424,477,Run
631,550,506,648,766,535,322,523,597,651,449,566,497,472,516,Run
651,536,513,666,905,570,324,438,542,649,421,568,493,495,524,Run
653,530,505,692,956,595,370,442,479,641,423,548,474,525,513,Run
634,516,494,657,921,595,255,407,487,649,425,536,462,526,511,Run
622,522,490,580,793,577,279,361,524,664,436,536,469,517,495,Run
594,587,460,651,822,757,267,384,566,684,477,509,486,497,487,Run
543,765,398,748,723,535,186,419,566,758,594,431,533,418,477,Run
452,934,361,513,593,580,228,456,591,904,778,357,573,209,486,Run
368,985,358,656,653,590,388,506,594,960,938,288,527,142,484,Run
287,990,371,729,562,627,472,514,596,846,961,286,509,164,388,Run
303,882,419,796,528,630,505,507,592,671,852,324,488,235,388,Run
312,737,467,945,437,533,477,514,592,532,720,355,494,296,441,Run
341,606,515,821,301,443,452,526,614,460,626,368,514,405,484,Run
356,507,552,644,297,523,424,595,621,427,578,392,526,438,484,Run
361,431,584,672,535,630,416,671,642,399,537,423,518,455,501,Run
384,341,622,697,361,582,426,777,678,368,519,434,519,491,530,Run
396,306,627,683,316,516,426,863,705,349,524,421,536,524,530,Run
383,341,596,663,340,504,397,923,664,350,580,391,539,531,504,Run
372,395,573,670,346,504,427,863,589,360,660,360,534,511,499,Run
353,437,569,716,400,519,475,749,476,402,777,340,515,491,497,Run
323,514,537,785,412,523,501,544,589,459,925,326,554,474,512,Run
221,757,463,854,466,531,531,827,439,583,988,291,545,260,435,Run
125,934,410,750,471,536,639,448,654,739,1009,322,574,199,480,Run
221,992,384,663,504,563,405,695,599,883,913,408,595,179,404,Run
394,938,397,613,546,556,308,635,633,819,793,463,596,203,356,Run
512,799,425,605,550,566,126,533,619,794,711,498,570,264,396,Run
553,699,448,622,523,565,89,497,517,759,584,524,554,339,463,Run
585,605,475,640,560,556,198,261,461,719,499,542,524,401,485,Run
599,549,480,648,660,588,279,503,577,673,425,564,508,449,507,Run
613,536,486,663,797,602,330,518,605,657,399,564,497,492,518,Run
639,523,498,717,932,620,370,480,515,661,410,548,479,497,524,Run
639,507,497,690,943,620,295,445,509,666,406,537,464,516,514,Run
632,496,492,598,882,592,260,384,518,671,425,524,466,513,507,Run
615,525,482,564,758,527,282,365,555,684,481,501,492,508,492,Run
584,610,458,568,708,772,285,380,577,719,552,460,508,492,470,Run
539,762,426,690,632,481,210,411,584,801,786,347,547,369,463,Run
486,930,364,449,578,550,174,423,610,852,901,279,580,201,482,Run
381,990,358,692,651,589,345,459,598,857,969,286,540,117,491,Run
299,925,410,769,561,624,447,508,580,748,920,325,504,180,373,Run
324,827,442,866,481,615,499,501,567,584,821,358,509,246,384,Run
325,731,464,943,412,502,471,494,559,475,710,381,516,321,461,Run
337,599,505,769,253,421,418,516,563,436,620,404,530,409,482,Run
344,494,531,675,481,603,382,565,578,418,548,426,558,443,480,Run
358,419,557,689,481,615,363,668,606,392,513,433,532,463,510,Run
374,367,577,656,336,537,357,766,670,358,518,433,513,508,521,Run
379,371,574,628,303,520,308,920,718,340,544,432,526,537,514,Run
389,398,553,628,285,517,352,947,726,358,592,424,541,530,503,Run
397,418,547,668,374,509,437,899,675,386,638,406,530,521,508,Run
393,450,548,698,414,519,464,787,583,412,747,377,516,507,499,Run
373,500,525,793,407,536,460,736,683,463,918,348,524,446,486,Run
317,664,491,847,425,551,493,848,430,564,986,306,546,232,437,Run
239,848,427,772,472,548,502,638,591,671,1008,296,622,195,468,Run
210,965,369,703,511,564,362,635,627,806,1005,342,604,171,369,Run
350,962,389,667,566,544,302,601,635,834,869,428,602,198,356,Run
463,798,397,649,563,541,213,625,595,791,706,498,575,283,384,Run
525,687,430,644,538,529,73,524,531,731,616,533,567,361,448,Run
563,588,474,649,578,515,144,311,463,716,551,571,528,415,484,Run
582,534,494,638,710,547,216,472,520,705,446,612,496,458,507,Run
594,517,510,659,837,594,329,480,597,690,370,630,482,489,520,Run
626,508,527,716,940,657,386,451,520,693,384,601,471,503,535,Run
643,508,523,662,942,671,268,431,492,695,408,571,475,522,518,Run
629,532,513,587,926,622,268,375,490,690,456,554,486,520,496,Run
620,596,496,569,799,570,285,353,530,707,489,525,507,568,448,Run
586,684,477,683,708,663,280,365,576,764,556,436,505,458,474,Run
575,795,456,665,686,490,157,395,596,829,856,341,540,307,483,Run
558,944,409,486,615,570,196,422,605,756,937,284,545,187,517,Run
461,996,397,711,645,592,351,471,593,759,989,307,523,101,477,Run
323,930,448,786,554,619,441,480,575,642,913,350,479,181,379,Run
321,764,486,932,485,565,462,472,570,523,773,380,486,245,397,Run
338,648,514,879,370,433,413,491,570,447,669,400,509,341,480,Run
356,561,533,670,175,479,373,529,581,405,598,418,530,423,494,Run
379,471,552,697,537,611,336,632,581,397,549,432,545,463,487,Run
393,418,567,677,370,575,344,719,616,372,540,439,544,512,520,Run
396,394,576,690,324,516,347,852,700,347,511,444,557,530,533,Run
390,405,558,683,301,524,323,958,756,353,500,439,549,507,507,Run
381,447,534,690,301,516,386,996,713,376,547,423,537,522,493,Run
381,473,538,690,341,506,467,909,661,391,598,407,512,524,492,Run
378,478,533,703,346,521,487,733,559,407,735,365,493,513,468,Run
353,570,501,782,369,527,476,461,638,429,913,330,555,464,501,Run
361,776,443,787,432,547,453,713,396,484,986,283,563,207,414,Run
346,939,443,683,503,567,581,441,646,600,1009,314,613,142,462,Run
301,995,429,676,543,575,343,683,618,705,936,371,607,171,346,Run
398,966,427,659,586,568,271,599,650,701,820,426,614,191,364,Run
480,816,436,671,569,593,150,574,630,701,707,476,575,289,393,Run
522,666,456,701,592,578,131,480,483,688,588,515,531,387,435,Run
556,561,462,718,694,603,195,228,427,671,503,543,500,444,476,Run
568,525,462,710,873,663,289,539,578,667,446,563,482,456,513,Run
601,532,486,716,974,674,324,425,559,663,414,573,484,492,537,Run
644,511,513,667,966,649,305,439,509,665,418,562,486,526,543,Run
655,496,521,596,880,582,204,417,517,667,443,543,491,519,522,Run
648,519,513,592,761,505,242,334,522,665,475,544,504,515,487,Run
632,588,494,539,602,455,269,363,554,676,521,533,519,504,468,Run
600,703,464,610,728,612,212,397,570,725,613,474,482,463,489,Run
584,835,453,575,655,477,237,400,579,776,837,384,559,228,478,Run
548,959,423,469,544,604,315,396,574,820,961,317,539,180,494,Run
405,1001,400,747,635,621,448,449,574,776,986,306,522,180,418,Run
307,928,429,857,506,609,467,456,572,637,922,332,513,240,371,Run
322,751,471,967,432,471,472,473,579,533,833,352,506,276,434,Run
340,634,500,824,277,373,447,473,597,433,721,368,518,368,476,Run
370,544,519,663,427,586,410,555,601,385,650,379,533,435,478,Run
360,460,550,737,506,600,403,712,612,342,584,400,548,473,544,Run
360,400,583,763,383,522,411,864,693,300,551,419,548,519,546,Run
375,365,596,783,349,529,395,969,753,290,584,414,546,536,505,Run
356,406,562,786,275,539,374,1004,718,300,658,408,547,515,486,Run
332,436,547,806,317,529,451,892,613,348,747,388,544,502,478,Run
323,493,536,885,344,522,535,767,792,426,907,334,569,456,481,Run
261,664,485,816,398,552,584,750,571,535,983,285,581,193,554,Run
191,842,425,699,461,560,567,538,679,700,1009,306,553,143,508,Run
232,963,386,578,481,573,384,673,615,811,892,402,549,177,423,Run
405,934,416,547,486,585,224,579,664,755,738,474,578,246,400,Run
529,781,449,580,471,597,76,528,584,729,648,530,564,318,426,Run
592,669,475,607,476,603,85,414,489,694,533,579,540,387,456,Run
611,589,489,620,574,617,245,399,476,646,433,596,506,445,486,Run
616,548,494,616,664,636,280,489,638,618,416,588,493,490,521,Run
624,516,497,672,784,662,350,489,607,625,458,568,479,501,534,Run
629,514,497,780,942,656,257,487,545,637,480,553,483,504,534,Run
634,502,495,730,972,575,248,423,532,639,492,538,498,506,498,Run
643,543,480,639,864,505,249,339,523,640,518,514,506,501,484,Run
618,630,450,577,693,447,260,365,552,663,569,472,524,509,488,Run
599,684,438,536,544,753,249,369,570,688,671,425,500,509,484,Run
607,752,443,598,636,500,233,383,574,671,773,373,541,347,452,Run
560,923,368,387,533,592,187,417,590,711,835,303,575,200,496,Run
386,988,364,711,623,645,358,453,586,760,958,289,564,146,490,Run
231,961,432,690,544,606,483,503,583,627,866,333,541,185,357,Run
253,850,451,844,525,601,494,502,569,524,774,369,534,252,370,Run
250,741,489,947,460,509,423,479,567,469,721,381,534,347,442,Run
280,616,529,839,322,441,344,502,600,427,657,407,552,391,478,Run
298,518,555,673,371,573,271,606,600,406,559,419,553,418,471,Run
316,454,573,738,600,626,283,719,623,394,528,411,504,460,497,Run
345,390,601,719,418,554,278,818,715,353,538,400,519,502,517,Run
360,360,609,736,378,532,266,935,745,329,542,391,551,540,527,Run
362,360,601,763,316,557,340,980,752,324,591,376,540,540,522,Run
364,390,595,748,320,543,451,944,693,338,687,359,516,517,510,Run
354,458,581,748,367,535,477,836,594,367,803,350,495,482,488,Run
321,526,545,839,403,529,489,584,637,401,927,357,546,432,460,Run
244,739,486,824,425,534,528,832,446,492,992,321,604,190,459,Run
141,928,398,691,458,519,569,548,653,643,1012,338,641,155,463,Run
215,990,377,588,488,535,380,685,600,790,991,385,642,181,364,Run
336,925,395,577,469,536,269,612,626,745,897,450,613,228,362,Run
459,778,426,649,507,539,120,597,559,734,756,514,579,306,420,Run
535,666,462,681,514,541,80,492,484,707,633,550,547,388,452,Run
570,591,485,717,585,529,189,285,413,688,557,565,518,428,472,Run
586,554,496,702,701,515,277,514,537,691,476,583,504,471,513,Run
615,526,506,704,789,542,320,496,576,681,420,592,488,502,525,Run
644,526,506,791,938,556,348,474,505,684,429,572,480,522,530,Run
648,524,495,748,981,532,284,441,501,696,449,544,475,525,520,Run
642,517,485,629,903,528,227,390,509,696,467,531,485,512,508,Run
634,552,481,578,743,505,241,348,534,696,485,513,508,502,492,Run
597,608,455,420,554,739,249,382,573,718,529,469,508,499,469,Run
562,714,430,811,731,380,225,381,586,734,664,403,527,407,448,Run
514,910,380,379,665,534,193,395,601,801,801,307,599,199,502,Run
391,975,344,667,587,591,326,433,624,901,940,235,564,123,473,Run
223,1000,371,688,572,614,493,512,643,781,947,244,514,182,341,Run
231,872,429,757,527,614,520,508,634,653,857,293,522,195,362,Run
250,723,459,928,452,563,496,495,637,551,780,333,517,297,444,Run
295,577,503,880,335,449,462,518,648,460,696,360,527,376,498,Run
327,465,539,695,302,500,404,551,653,405,597,384,560,426,477,Run
353,395,570,693,532,635,375,617,670,361,538,385,522,447,498,Run
392,321,596,708,394,584,375,723,693,323,546,383,514,499,531,Run
398,328,587,701,317,541,342,835,714,320,554,387,531,526,523,Run
401,384,568,676,289,545,334,898,740,347,578,376,537,529,503,Run
393,419,570,669,342,518,421,865,709,390,599,319,524,524,513,Run
373,440,575,698,403,524,466,802,605,452,639,252,490,516,502,Run
359,482,559,749,412,519,495,621,508,514,770,217,505,505,467,Run
269,690,502,852,427,533,371,754,496,649,938,169,501,334,484,Run
92,912,439,769,475,521,631,564,593,819,994,246,620,168,475,Run
159,986,435,697,501,533,400,718,581,835,1007,310,679,133,423,Run
329,922,450,656,548,519,312,613,631,857,980,401,633,149,409,Run
475,808,467,674,553,535,229,583,606,860,820,494,566,236,424,Run
554,716,484,688,553,534,110,568,546,800,701,534,530,339,439,Run
582,642,489,702,560,502,127,420,476,788,630,559,520,396,459,Run
596,593,478,710,655,499,277,355,431,775,488,603,521,452,499,Run
601,550,465,689,766,521,308,542,589,732,351,633,506,480,517,Run
606,528,463,731,915,553,351,527,534,717,351,602,502,490,523,Run
599,510,473,729,984,568,311,474,499,728,402,556,483,523,510,Run
604,499,483,634,956,565,242,424,494,735,427,528,474,525,500,Run
611,517,486,583,850,543,242,379,537,744,427,512,489,505,493,Run
581,564,471,486,550,719,248,348,578,766,481,486,507,485,477,Run
526,686,430,802,785,466,229,387,604,829,623,420,507,455,463,Run
445,905,370,350,677,558,141,383,615,939,739,388,599,263,512,Run
294,981,360,644,587,614,278,405,622,994,905,328,581,144,507,Run
208,932,402,687,591,610,427,478,634,879,939,329,523,190,408,Run
251,810,430,766,520,626,517,479,638,714,831,345,535,236,449,Run
299,664,477,931,430,570,510,468,637,575,802,324,532,309,480,Run
347,511,540,831,359,462,456,491,647,486,710,336,552,355,496,Run
388,417,579,673,266,530,418,545,650,421,589,328,564,410,487,Run
402,382,593,695,501,642,359,619,671,400,549,325,558,440,536,Run
418,372,597,703,361,583,314,741,716,374,536,337,544,518,528,Run
421,389,595,676,346,534,295,893,780,361,582,318,521,545,505,Run
424,426,582,692,313,546,318,965,789,354,642,321,489,553,506,Run
401,426,580,705,332,540,420,944,705,400,699,304,472,534,517,Run
375,437,576,719,388,522,469,829,597,483,838,288,469,511,501,Run
352,528,533,751,421,506,492,661,467,563,917,308,518,503,471,Run
290,707,474,830,453,520,673,744,606,682,983,266,528,385,441,Run
184,846,443,717,470,512,718,653,553,891,1001,301,601,146,500,Run
137,960,416,645,504,530,480,648,591,894,884,351,664,123,414,Run
300,991,403,611,528,527,348,661,629,851,853,396,622,165,374,Run
405,855,421,637,575,537,229,564,624,827,707,466,560,237,410,Run
492,737,455,654,564,530,115,594,542,768,608,490,522,323,425,Run
544,638,469,678,611,502,119,439,481,737,603,500,514,361,454,Run
561,572,483,687,701,521,239,234,427,728,567,511,499,414,489,Run
582,531,494,670,842,564,304,549,588,726,495,530,502,475,530,Run
617,509,500,700,958,590,331,474,516,728,434,554,520,512,527,Run
631,526,483,698,942,592,381,439,465,722,399,556,494,532,514,Run
630,513,478,618,855,585,274,394,491,701,412,543,474,533,501,Run
626,522,483,580,732,554,285,379,491,676,439,527,481,523,492,Run
600,574,467,690,788,703,310,374,532,662,464,506,490,508,489,Run
566,655,436,677,692,500,282,395,556,693,539,463,535,462,478,Run
510,853,397,539,618,581,205,411,572,796,702,359,575,204,469,Run
410,966,378,690,614,593,318,471,600,901,907,252,538,159,470,Run
284,1001,369,706,573,604,415,492,624,832,972,232,514,200,380,Run
280,904,410,780,569,590,456,491,622,688,913,264,497,245,366,Run
294,750,456,937,437,523,470,503,600,544,793,313,484,311,415,Run
322,640,487,863,347,445,440,506,587,450,673,371,509,397,464,Run
364,533,525,661,294,515,401,507,595,402,582,405,543,426,477,Run
382,442,569,671,553,611,376,597,602,365,510,427,534,442,503,Run
398,351,609,722,430,587,380,691,624,324,497,442,509,499,536,Run
400,325,622,720,373,545,382,814,679,305,532,445,529,533,531,Run
375,362,606,741,321,564,377,919,728,316,592,429,547,533,518,Run
358,392,602,756,335,542,431,919,728,327,699,392,532,519,509,Run
339,416,606,780,390,532,518,814,634,385,842,339,527,498,492,Run
295,493,566,891,414,528,597,820,773,476,960,287,478,411,446,Run
160,705,490,842,410,523,619,826,515,627,1001,269,593,192,462,Run
52,907,419,716,452,504,448,632,601,800,1015,289,640,126,450,Run
162,984,380,581,488,517,348,657,605,847,985,341,647,178,368,Run
336,923,386,585,489,523,272,571,638,858,839,427,618,220,377,Run
444,819,409,634,522,530,220,614,605,820,666,490,576,296,421,Run
536,703,447,669,539,526,78,530,513,742,577,522,545,359,467,Run
575,614,469,696,560,515,134,355,445,696,508,548,515,405,494,Run
596,571,478,714,632,522,269,399,501,681,439,571,515,464,510,Run
625,541,482,736,741,559,295,532,627,678,405,575,504,509,517,Run
657,534,485,790,909,581,426,488,551,692,413,562,483,531,523,Run
666,525,480,786,972,577,321,463,477,702,433,544,469,526,513,Run
667,525,472,652,926,568,289,371,491,700,455,532,470,499,510,Run
657,568,471,607,863,544,261,377,519,692,469,521,497,487,502,Run
601,636,445,553,598,682,274,369,549,703,519,487,504,489,482,Run
529,779,409,835,817,575,253,369,579,732,644,413,534,443,486,Run
411,937,367,433,722,557,145,402,602,802,762,346,610,203,497,Run
267,987,349,638,601,568,267,449,626,869,898,281,559,125,484,Run
141,982,383,697,591,582,399,490,634,823,974,260,498,160,369,Run
157,863,435,726,584,593,481,488,649,696,907,278,490,194,373,Run
196,721,472,872,522,604,485,497,629,581,784,306,499,283,422,Run
269,586,504,937,398,482,431,502,630,496,657,328,524,364,499,Run
317,473,543,800,260,448,397,529,648,452,562,322,544,423,501,Run
347,390,574,696,477,627,366,608,676,414,562,341,529,441,492,Run
393,309,587,680,470,644,349,683,730,368,504,374,520,458,514,Run
402,309,571,690,380,573,332,796,769,338,491,384,529,510,534,Run
401,368,548,719,368,543,284,942,769,355,528,377,539,544,517,Run
395,407,541,749,335,550,371,937,743,381,604,360,531,540,513,Run
384,430,549,740,338,530,451,879,675,421,682,333,508,523,511,Run
360,489,521,753,384,532,462,779,581,473,778,309,490,510,485,Run
321,602,469,847,416,524,451,446,705,516,900,303,504,451,478,Run
239,848,424,809,435,527,422,700,436,625,983,279,547,186,404,Run
183,953,394,679,484,532,614,499,645,774,998,320,626,152,456,Run
277,992,406,545,507,541,386,658,628,779,898,368,592,177,340,Run
395,875,421,549,524,528,285,584,658,765,824,420,566,206,362,Run
472,754,444,592,524,556,195,568,632,770,687,468,543,307,419,Run
517,674,462,607,515,561,107,500,502,747,596,493,514,376,454,Run
534,596,474,653,567,563,210,275,428,740,559,510,478,418,475,Run
538,551,483,667,659,591,284,489,594,738,501,525,515,447,515,Run
557,515,497,694,779,629,349,482,599,722,458,542,531,509,519,Run
572,504,504,766,899,653,347,493,525,704,431,546,512,538,533,Run
587,495,504,746,882,617,280,450,530,678,422,538,487,538,511,Run
599,497,502,650,859,591,247,389,533,652,435,528,478,514,497,Run
614,516,499,610,796,563,283,350,544,624,451,516,490,503,501,Run
628,540,489,595,693,513,303,361,555,609,464,508,516,511,501,Run
622,571,489,642,332,638,301,379,558,613,500,489,495,504,498,Run
620,717,480,777,575,477,314,403,564,654,642,403,577,328,432,Run
524,922,370,389,629,558,294,434,589,828,843,311,541,190,435,Run
340,981,347,678,587,623,423,467,599,927,948,291,529,157,417,Run
203,945,405,690,581,611,478,469,597,778,986,281,510,181,314,Run
264,838,429,776,557,605,468,505,586,634,938,294,504,240,342,Run
279,740,460,936,479,518,425,502,590,537,804,342,522,354,429,Run
305,594,504,844,352,418,376,493,613,462,670,371,538,415,475,Run
320,509,530,684,231,524,323,562,616,404,587,389,553,424,483,Run
332,431,567,715,611,648,311,671,627,346,539,390,508,468,516,Run
341,330,604,703,418,579,319,745,691,291,555,389,507,521,532,Run
347,325,607,728,408,552,321,858,783,286,566,388,532,542,518,Run
350,359,595,759,365,568,337,959,769,322,597,379,532,531,513,Run
342,387,602,750,334,554,435,919,699,355,639,349,514,512,504,Run
323,450,600,757,356,531,492,742,609,403,729,303,523,475,500,Run
231,647,529,842,393,544,425,826,623,493,906,219,517,240,429,Run
166,838,493,764,419,541,741,548,719,643,982,218,577,203,481,Run
174,960,455,670,485,529,415,654,596,755,1002,303,616,196,367,Run
298,988,460,595,500,528,332,614,619,715,954,372,614,222,356,Run
468,860,485,628,486,542,260,561,627,746,839,446,573,289,369,Run
535,738,499,655,512,560,203,623,574,765,682,508,554,341,400,Run
565,671,506,676,524,557,116,548,514,725,592,549,537,369,426,Run
577,623,511,698,579,557,125,365,474,698,555,562,508,411,482,Run
582,586,511,702,669,561,319,423,538,697,532,563,502,479,533,Run
597,558,511,739,819,569,288,522,619,707,495,563,487,521,529,Run
608,541,512,811,955,573,343,484,515,727,483,553,476,527,516,Run
605,534,509,723,945,536,315,443,510,735,486,525,478,517,509,Run
604,551,489,631,893,544,229,399,518,722,483,500,496,507,508,Run
601,584,475,596,774,511,223,367,543,689,485,485,527,507,500,Run
586,632,458,682,636,714,257,341,569,666,522,469,504,494,469,Run
557,737,442,758,555,458,217,382,576,684,620,427,606,290,472,Run
487,917,408,422,621,573,217,397,619,792,822,329,581,189,494,Run
325,988,404,695,565,626,376,442,607,864,955,250,528,186,403,Run
204,955,427,673,574,615,482,478,610,751,959,258,545,202,355,Run
255,851,446,764,531,626,492,502,602,632,894,299,532,274,382,Run
268,711,475,924,484,551,467,493,609,532,822,329,523,338,457,Run
317,562,525,855,393,450,419,502,619,453,729,354,536,396,474,Run
353,439,566,738,315,514,371,549,630,394,638,367,543,407,504,Run
371,354,601,712,587,653,353,615,641,347,581,373,513,449,508,Run
404,285,624,712,449,582,328,690,673,298,562,381,521,498,509,Run
401,302,616,734,427,560,285,825,721,283,577,397,541,559,505,Run
390,333,618,740,351,574,290,893,750,289,617,404,533,559,515,Run
370,368,633,738,331,563,414,871,713,315,685,392,512,533,509,Run
318,416,620,712,357,545,479,802,644,373,767,374,490,494,505,Run
247,514,571,748,411,529,501,663,547,447,880,360,540,464,475,Run
129,714,543,837,446,554,436,777,473,547,976,288,589,191,491,Run
40,882,496,718,454,534,775,578,618,751,1007,277,645,143,479,Run
55,965,447,620,499,539,441,676,595,864,1010,299,656,191,354,Run
210,978,401,603,498,523,296,597,634,883,945,368,638,187,388,Run
363,826,419,663,521,510,274,575,583,867,767,451,588,304,414,Run
469,686,447,714,551,493,107,553,535,809,651,502,572,365,442,Run
538,617,452,730,593,476,149,444,490,780,554,543,539,408,486,Run
575,595,419,730,682,476,287,277,416,749,469,570,501,454,507,Run
610,585,428,700,793,511,296,528,596,728,400,592,476,467,522,Run
649,547,456,744,931,564,335,488,585,723,393,575,465,492,522,Run
653,559,455,729,990,570,388,428,514,738,411,547,466,517,517,Run
649,621,440,621,950,582,272,448,500,742,429,534,476,517,513,Run
618,683,428,567,839,570,230,396,534,738,436,519,500,517,494,Run
551,719,401,474,669,770,234,352,568,756,495,479,506,513,474,Run
492,763,383,720,666,399,199,380,597,773,639,430,574,442,511,Run
368,889,324,410,634,540,153,388,623,837,687,414,595,179,524,Run
201,927,337,669,617,567,298,399,624,941,846,371,520,105,452,Run
168,820,389,682,578,589,443,459,615,922,922,365,469,145,402,Run
228,767,426,722,564,584,530,465,612,832,857,350,475,243,396,Run
276,684,476,891,523,568,523,450,617,714,812,331,511,338,446,Run
341,599,519,937,396,494,477,480,627,579,710,358,550,405,474,Run
384,528,559,792,269,461,445,534,635,472,621,355,551,402,468,Run
392,458,588,626,443,634,431,618,637,397,640,329,517,414,509,Run
430,378,619,696,471,623,429,753,673,343,656,330,519,486,527,Run
434,351,623,739,377,554,415,849,708,332,659,313,517,519,516,Run
421,387,594,760,380,532,378,943,737,364,691,313,514,539,500,Run
380,414,570,784,353,529,374,969,668,405,723,329,504,534,489,Run
317,421,558,824,413,518,476,760,586,467,774,324,524,526,486,Run
218,493,513,874,441,516,420,737,525,632,915,282,496,398,496,Run
79,710,415,747,447,503,720,594,604,863,987,284,536,154,504,Run
36,910,357,640,486,522,400,644,611,969,978,350,583,193,448,Run
147,965,348,557,477,518,339,621,623,995,893,424,608,220,404,Run
326,879,378,567,508,529,258,555,632,955,779,494,589,255,419,Run
440,793,408,571,519,549,146,565,590,896,665,547,565,325,431,Run
525,728,430,583,530,540,95,482,513,830,567,572,541,368,473,Run
556,676,452,607,561,545,166,323,460,753,491,584,517,418,488,Run
594,613,468,637,653,566,330,512,595,700,399,605,503,459,528,Run
628,576,474,672,789,591,340,506,613,656,309,617,495,510,526,Run
648,555,465,719,934,609,357,497,548,638,286,607,470,541,512,Run
652,553,456,690,937,584,294,469,509,635,322,563,462,524,510,Run
656,567,446,596,861,574,265,390,528,635,340,545,479,501,507,Run
636,593,426,573,668,670,268,366,554,661,389,536,501,501,488,Run
596,656,410,807,867,511,271,356,565,760,510,470,530,478,490,Run
536,803,379,438,747,567,170,364,586,924,672,407,636,298,506,Run
415,948,337,584,624,567,264,392,582,932,788,360,557,184,456,Run
288,992,344,695,589,582,372,421,570,950,942,324,503,150,416,Run
218,972,367,697,586,581,475,468,567,831,917,327,492,209,360,Run
208,877,412,784,586,589,500,463,553,705,801,365,477,291,376,Run
247,711,465,937,480,539,466,468,557,605,729,361,505,350,446,Run
281,587,504,855,359,453,403,473,577,527,691,361,549,392,477,Run
286,495,530,694,273,503,353,519,599,441,597,377,538,422,486,Run
325,390,577,697,590,623,328,575,613,375,550,386,501,464,515,Run
350,298,612,697,439,589,287,649,677,305,548,371,511,512,531,Run
354,253,619,710,399,545,269,779,768,249,537,345,547,542,527,Run
341,279,594,753,374,558,233,940,790,233,537,347,549,539,510,Run
305,337,581,768,339,550,375,971,770,331,678,291,508,506,511,Run
229,391,570,735,376,537,453,926,670,494,884,275,465,467,498,Run
183,464,516,794,401,530,469,692,528,652,976,290,482,433,461,Run
105,622,457,847,426,552,485,751,636,883,1006,293,515,198,439,Run
33,830,409,728,455,542,763,565,677,960,896,378,637,161,446,Run
26,949,386,617,514,552,420,621,623,964,848,386,678,217,352,Run
156,979,389,570,485,552,344,625,666,960,761,436,618,232,356,Run
289,854,416,621,496,564,213,525,655,931,649,475,546,292,408,Run
426,738,457,655,546,572,99,525,554,861,562,511,532,359,451,Run
504,688,469,683,539,561,164,380,466,795,516,533,518,411,482,Run
561,638,460,715,652,582,311,399,457,736,456,573,514,478,501,Run
604,574,454,701,812,642,304,499,655,680,325,629,504,493,517,Run
638,531,464,728,956,670,375,494,566,647,252,636,486,516,533,Run
668,504,477,709,990,630,301,461,514,673,297,574,466,544,512,Run
671,542,465,591,902,590,172,413,527,671,325,551,472,524,499,Run
657,602,453,566,755,553,198,315,569,659,346,535,498,506,486,Run
616,678,445,681,821,496,240,306,585,702,458,497,502,460,509,Run
521,819,423,527,624,516,195,364,588,851,678,394,627,300,518,Run
382,949,398,527,583,549,208,383,604,965,877,330,579,173,479,Run
169,987,402,700,624,572,374,406,590,944,975,297,514,127,432,Run
112,922,416,714,580,584,511,467,580,802,937,300,486,193,391,Run
106,803,438,850,556,580,525,446,568,647,847,314,485,260,408,Run
157,687,457,950,454,501,488,448,562,557,727,348,502,325,457,Run
226,591,471,818,316,425,431,463,578,487,602,341,537,401,475,Run
265,524,493,675,425,591,391,518,602,448,607,360,547,437,489,Run
298,411,546,705,557,628,360,600,612,374,542,414,520,470,522,Run
333,271,598,682,414,570,337,670,664,313,500,436,506,517,531,Run
344,238,590,693,375,554,322,770,747,287,555,425,522,540,523,Run
340,256,569,720,323,554,278,927,792,286,622,431,531,534,514,Run
329,287,561,736,373,546,380,932,761,332,667,429,514,516,508,Run
299,351,554,756,400,538,456,855,659,413,824,406,511,498,488,Run
257,450,506,872,425,546,452,531,671,521,955,394,519,434,481,Run
142,655,447,863,425,547,486,780,459,742,997,366,555,202,384,Run
44,847,427,726,474,531,564,484,631,928,1003,390,638,121,467,Run
53,951,416,591,481,524,351,653,618,928,952,399,630,187,368,Run
234,987,394,600,511,514,327,601,652,939,889,430,594,216,366,Run
392,857,440,641,538,532,236,512,639,914,701,485,572,290,416,Run
501,730,477,667,555,514,87,517,541,844,549,510,550,371,458,Run
564,658,485,704,609,506,155,400,474,770,474,523,526,397,486,Run
587,599,491,704,715,557,287,245,454,714,414,550,529,445,511,Run
607,560,495,711,870,595,284,508,629,675,360,571,524,508,527,Run
633,539,497,751,970,625,320,443,571,665,332,565,484,551,515,Run
647,536,485,692,986,623,388,422,495,662,332,542,448,496,528,Run
647,539,471,598,910,594,258,408,482,678,351,531,465,486,498,Run
639,539,474,574,765,542,269,373,504,689,441,534,494,509,482,Run
606,570,466,664,650,679,271,379,556,705,496,529,508,470,497,Run
565,675,432,652,597,537,241,372,572,756,567,476,599,341,416,Run
478,895,367,460,606,569,203,379,597,925,770,405,559,212,473,Run
306,979,345,707,597,601,337,454,587,973,938,355,533,136,448,Run
194,979,373,691,572,612,450,493,606,871,973,352,514,204,354,Run
232,839,421,773,549,607,478,508,600,705,918,358,497,257,373,Run
264,700,460,934,475,554,481,532,604,576,797,383,486,322,445,Run
311,580,493,873,353,452,442,528,598,501,665,392,521,392,491,Run
323,511,513,690,288,497,402,557,617,442,595,396,551,418,491,Run
334,416,551,670,528,621,379,629,636,386,552,405,524,444,507,Run
344,319,586,702,437,599,379,716,678,337,578,405,520,507,529,Run
350,294,587,690,357,546,368,817,739,308,638,391,528,548,517,Run
367,340,571,684,327,536,357,891,783,326,674,383,528,536,504,Run
370,384,573,693,369,528,408,887,748,346,664,414,512,520,509,Run
352,416,582,710,392,526,456,810,671,390,683,408,492,500,495,Run
332,494,574,733,415,538,480,694,550,472,834,356,534,498,481,Run
273,663,520,815,437,544,450,427,655,612,958,303,521,315,422,Run
203,891,505,820,458,544,520,718,519,848,1000,272,583,189,461,Run
209,978,457,714,506,546,622,524,650,964,1012,301,603,127,433,Run
343,1003,445,621,522,554,364,663,597,1001,942,362,604,171,349,Run
441,920,459,602,547,543,307,603,644,964,809,448,580,225,373,Run
518,775,471,607,547,566,172,543,641,870,662,512,538,311,432,Run
550,652,480,609,549,563,98,506,497,799,578,541,504,391,479,Run
571,569,486,639,613,564,184,289,389,754,522,566,490,427,486,Run
586,518,496,639,700,592,295,525,564,720,424,610,508,463,507,Run
603,511,505,659,844,616,340,488,600,701,347,637,507,503,526,Run
618,526,502,703,949,624,353,443,499,699,345,600,487,531,530,Run
620,528,494,672,907,597,296,446,485,692,372,574,479,531,514,Run
618,533,498,596,828,564,241,398,498,664,394,571,492,520,498,Run
610,590,484,579,709,540,269,350,513,676,432,545,510,509,478,Run
573,668,460,683,792,486,289,382,541,706,513,483,515,461,494,Run
527,807,433,506,698,497,247,390,571,814,684,402,571,228,452,Run
444,951,406,585,636,551,221,366,608,936,844,304,521,169,494,Run
344,992,400,675,611,572,359,447,594,943,961,248,507,173,395,Run
276,939,415,703,579,585,455,478,603,810,950,264,491,232,357,Run
301,813,449,855,534,580,457,483,586,665,874,304,480,299,417,Run
316,665,486,962,427,514,451,472,580,530,742,353,506,360,480,Run
359,526,523,827,344,438,397,475,596,439,607,390,544,414,490,Run
375,421,562,663,413,587,357,521,608,384,560,401,545,437,487,Run
382,347,587,692,540,615,317,603,621,334,560,403,509,472,514,Run
389,310,601,697,395,572,301,710,678,284,560,405,518,507,532,Run
376,363,584,715,372,560,274,902,754,305,603,375,539,545,511,Run
363,416,574,759,331,553,326,966,781,358,714,331,535,533,514,Run
347,431,582,764,384,544,440,945,687,422,785,320,517,506,500,Run
307,527,543,803,412,535,500,756,606,479,860,313,538,429,487,Run
230,722,472,897,433,544,444,811,648,591,967,267,604,187,456,Run
125,921,407,784,431,516,747,685,593,755,1002,269,597,146,485,Run
155,988,385,652,481,517,459,589,617,914,977,345,595,196,379,Run
310,925,399,564,478,514,358,639,614,858,899,419,596,237,377,Run
465,789,429,621,498,521,207,524,629,848,768,498,570,295,434,Run
546,675,466,663,521,536,106,532,566,790,609,551,539,364,464,Run
566,606,484,686,556,526,147,452,455,722,503,580,506,401,483,Run
564,565,491,711,617,525,266,291,419,674,447,580,498,437,500,Run
566,537,496,730,719,569,303,532,608,659,417,570,499,486,519,Run
581,524,511,801,903,594,330,471,605,667,417,559,486,532,526,Run
596,515,511,780,973,592,371,452,509,680,427,544,480,547,518,Run
607,505,497,646,933,583,305,455,501,684,431,532,482,526,501,Run
613,519,478,592,877,557,248,402,504,678,452,517,500,510,498,Run
607,542,469,571,753,529,278,366,522,678,489,499,520,498,479,Run
578,582,450,689,567,640,297,383,556,688,559,444,493,462,482,Run
540,750,415,759,529,513,251,363,574,752,705,364,567,207,440,Run
440,932,343,421,623,578,221,362,602,878,830,306,536,130,514,Run
255,990,362,695,579,602,354,425,599,874,925,274,510,158,413,Run
249,883,417,690,570,604,470,489,613,744,890,282,510,198,341,Run
281,831,434,760,555,588,464,497,595,618,827,309,506,271,386,Run
293,724,467,932,475,534,451,483,598,521,725,329,520,340,460,Run
333,577,506,861,408,452,367,482,610,462,661,346,539,387,490,Run
341,487,535,720,248,503,326,545,620,392,578,370,555,422,484,Run
355,390,568,686,553,649,280,638,627,346,511,384,523,460,504,Run
385,310,587,702,427,584,283,735,687,311,529,380,511,511,540,Run
391,310,575,715,408,554,262,891,780,318,564,371,522,553,519,Run
389,352,551,746,345,566,317,929,790,362,607,369,528,547,517,Run
387,390,553,724,345,554,425,908,724,393,664,377,520,537,511,Run
374,435,555,706,374,547,470,807,641,437,733,353,522,524,478,Run
352,504,537,769,418,531,456,542,618,489,861,316,505,409,430,Run
252,722,497,776,462,538,367,794,409,605,969,269,566,207,470,Run
134,889,462,699,487,531,675,636,593,761,1002,271,605,165,441,Run
134,977,459,605,514,529,388,647,596,798,960,295,593,189,362,Run
260,947,441,608,514,516,320,583,640,800,893,355,583,230,371,Run
376,852,414,647,531,533,233,575,610,800,737,439,563,302,412,Run
478,741,412,669,546,537,96,571,509,741,616,500,540,361,445,Run
522,646,435,685,563,512,155,439,435,711,576,528,524,399,470,Run
546,595,471,706,649,518,273,303,384,712,534,540,523,444,503,Run
572,547,498,700,757,560,341,541,597,703,475,555,518,491,541,Run
600,512,512,731,912,597,336,511,597,691,433,566,491,526,538,Run
616,510,503,712,959,614,368,443,509,693,423,555,473,540,520,Run
620,504,490,610,891,594,305,468,506,689,440,535,478,520,504,Run
620,529,483,585,796,572,264,432,509,664,467,521,498,509,484,Run
595,592,469,619,642,814,273,375,523,646,482,501,500,480,480,Run
559,687,449,724,618,460,271,380,548,671,557,448,617,249,487,Run
454,886,390,460,652,572,168,377,580,759,703,341,572,223,461,Run
280,978,365,657,603,572,262,371,610,855,891,258,542,190,432,Run
197,940,399,674,581,594,380,452,618,773,927,231,518,234,350,Run
230,826,427,716,559,583,462,476,622,670,858,251,512,274,368,Run
258,719,454,846,493,611,479,491,598,585,783,285,503,344,432,Run
297,615,479,921,447,515,457,481,600,492,711,310,523,381,489,Run
332,506,517,800,340,471,386,474,603,403,641,333,552,408,501,Run
348,405,561,646,398,575,340,532,616,343,573,354,521,438,488,Run
372,297,599,678,545,638,331,609,641,300,546,369,493,476,517,Run
382,261,601,707,435,590,294,728,710,292,573,371,507,536,525,Run
370,311,583,758,416,569,253,902,784,311,609,364,532,549,521,Run
354,351,586,782,358,571,345,932,797,346,682,359,529,536,515,Run
326,409,590,767,381,563,465,885,713,395,783,348,514,519,480,Run
286,528,551,806,428,542,520,728,593,463,895,349,542,455,454,Run
199,755,499,870,468,560,465,767,622,585,979,293,581,186,484,Run
105,885,456,716,463,525,755,720,607,756,1007,302,612,126,473,Run
162,976,432,593,505,522,489,598,608,849,958,340,620,192,357,Run
272,958,421,527,485,515,321,633,608,836,917,382,610,211,376,Run
394,832,428,590,492,522,257,522,620,843,765,457,581,284,426,Run
479,728,449,640,534,527,166,568,561,773,603,500,548,344,454,Run
527,644,464,652,566,506,121,517,474,725,541,530,516,373,482,Run
546,592,471,666,628,497,225,347,394,711,487,548,501,409,498,Run
569,554,475,658,727,518,361,466,481,680,423,556,505,474,512,Run
586,534,476,704,883,562,340,520,591,674,402,552,495,504,532,Run
598,530,479,724,977,582,356,442,516,682,428,535,474,542,521,Run
602,528,477,666,947,579,335,480,483,676,449,518,473,539,509,Run
596,529,476,589,843,568,264,453,493,662,460,510,491,527,492,Run
584,565,470,562,678,544,264,392,521,650,482,494,508,510,472,Run
546,636,440,681,675,648,266,365,559,659,538,447,498,474,486,Run
498,715,423,633,502,511,237,367,563,699,664,358,602,266,497,Run
440,814,391,540,576,572,235,372,587,767,764,276,559,193,497,Run
313,939,367,646,625,568,388,419,594,807,792,227,518,180,440,Run
230,921,389,675,576,592,478,448,614,755,780,228,515,223,369,Run
262,830,419,749,546,588,478,473,605,663,766,276,515,273,389,Run
296,735,446,916,497,547,497,493,606,570,734,318,513,336,439,Run
336,630,483,839,434,462,436,480,601,508,694,341,538,379,477,Run
355,566,505,708,329,477,397,478,604,458,643,381,562,414,500,Run
372,478,533,662,575,626,358,566,615,375,554,412,528,450,514,Run
389,347,596,690,532,617,335,645,642,310,514,431,493,498,528,Run
404,248,621,709,466,553,315,777,729,262,559,432,502,540,523,Run
382,266,581,744,388,570,302,891,773,265,629,422,529,549,517,Run
365,328,578,790,365,579,387,895,746,293,748,438,529,534,505,Run
343,365,607,834,400,577,465,825,643,355,852,441,555,525,479,Run
268,515,557,938,466,568,491,676,648,451,954,355,573,335,480,Run
115,745,496,848,446,554,475,839,305,603,996,287,587,202,538,Run
35,909,453,702,466,523,681,562,566,820,1015,245,591,160,471,Run
127,984,433,527,471,517,371,659,552,911,905,306,600,186,381,Run
309,907,428,529,441,528,312,591,613,842,816,372,595,236,405,Run
448,788,453,601,483,526,248,565,602,811,716,451,573,311,444,Run
520,701,476,649,538,512,86,549,518,752,602,507,528,360,469,Run
560,635,493,695,580,496,163,449,411,708,537,533,500,379,500,Run
572,593,500,686,686,493,279,284,373,677,503,542,506,443,520,Run
589,563,500,701,813,531,310,488,613,646,489,539,504,508,523,Run
609,555,490,760,946,555,341,472,590,639,473,535,476,539,528,Run
621,551,487,743,971,562,390,459,476,649,449,526,467,550,519,Run
624,543,483,626,908,578,305,459,487,647,435,517,478,529,507,Run
621,555,473,587,807,556,243,445,494,650,444,511,503,499,496,Run
598,590,462,558,504,731,255,376,530,648,465,485,508,488,480,Run
559,669,452,771,797,480,260,360,563,653,510,446,586,374,482,Run
488,854,417,466,662,552,188,383,580,712,641,370,585,199,436,Run
358,966,385,621,595,568,250,395,611,867,858,259,554,149,458,Run
214,998,401,669,595,588,406,459,626,845,951,236,542,210,343,Run
191,913,429,698,571,596,495,473,618,717,906,247,520,246,369,Run
198,784,453,853,508,580,507,483,598,611,868,284,496,329,447,Run
251,634,477,916,421,480,475,480,601,493,775,351,506,373,498,Run
313,505,521,785,339,444,425,480,611,382,665,399,549,401,500,Run
330,377,570,654,480,586,381,533,620,330,608,410,508,436,489,Run
355,290,592,685,556,624,370,632,633,312,580,411,498,473,512,Run
378,277,588,718,411,559,330,721,679,289,552,418,517,518,518,Run
378,335,574,737,397,538,290,869,752,297,538,414,544,542,515,Run
372,383,582,737,356,563,324,918,778,331,580,401,544,534,518,Run
354,415,588,740,358,550,437,869,722,398,678,359,532,518,497,Run
327,492,553,785,402,533,465,723,618,494,855,311,495,449,463,Run
235,694,529,862,460,558,301,707,605,639,967,254,571,193,461,Run
106,838,492,768,469,551,658,613,640,802,1004,250,620,140,474,Run
106,963,433,660,517,559,386,662,592,900,982,312,618,197,372,Run
240,959,414,584,508,553,326,591,614,904,876,403,585,217,364,Run
390,821,425,604,506,546,290,544,629,865,719,491,557,295,415,Run
492,709,444,621,521,549,182,554,576,762,602,538,543,338,462,Run
547,630,465,630,538,533,115,494,506,724,547,567,516,378,477,Run
571,591,474,666,592,526,201,330,400,685,472,581,508,431,488,Run
590,569,470,669,691,546,352,447,533,651,430,574,510,489,512,Run
609,554,466,696,827,574,306,546,628,651,428,570,497,524,524,Run
621,543,460,749,954,592,364,465,529,656,418,562,476,540,525,Run
621,528,455,688,930,566,338,475,497,646,416,545,473,523,517,Run
619,530,452,597,861,556,268,449,503,643,443,532,489,514,501,Run
594,563,444,581,709,599,268,380,530,637,464,524,505,498,475,Run
556,623,428,774,807,640,280,355,556,640,492,506,538,431,484,Run
486,795,403,536,587,551,210,361,566,717,605,434,607,195,527,Run
321,948,358,589,615,566,200,376,601,903,802,351,543,135,492,Run
121,997,375,687,598,584,352,437,603,930,949,300,512,169,375,Run
131,923,427,691,567,597,451,503,612,791,958,297,528,210,371,Run
153,822,447,774,543,593,506,493,608,652,870,321,500,296,408,Run
226,677,478,921,456,552,484,497,604,537,748,346,522,341,480,Run
296,546,526,842,355,459,426,506,606,448,632,370,557,397,500,Run
318,420,586,698,299,514,402,529,621,401,544,392,539,419,493,Run
355,305,621,671,576,628,357,589,636,366,538,395,507,465,500,Run
381,276,608,685,444,578,353,652,692,336,576,383,511,514,523,Run
384,313,592,709,423,548,316,765,748,348,591,388,531,555,517,Run
396,362,583,709,366,565,301,853,778,378,606,398,532,547,517,Run
393,391,583,713,366,555,386,846,778,399,680,389,513,535,515,Run
381,425,578,689,372,538,460,799,704,432,758,380,482,502,490,Run
375,488,543,713,433,541,477,697,600,486,830,388,540,465,502,Run
322,625,488,839,462,567,559,656,687,576,950,322,548,207,413,Run
138,805,447,749,470,545,565,645,414,766,998,292,609,154,500,Run
56,911,412,665,506,553,448,620,609,929,992,343,619,187,369,Run
185,984,397,573,530,547,340,639,626,937,921,398,612,180,353,Run
350,886,400,597,534,545,270,508,641,914,790,469,578,273,400,Run
478,754,433,625,538,548,180,548,574,833,628,517,550,353,449,Run
546,643,456,636,549,528,97,521,489,758,543,538,512,402,487,Run
559,582,458,668,602,518,210,382,407,708,481,556,488,430,499,Run
575,546,460,669,709,555,323,398,472,668,401,571,504,479,516,Run
588,508,465,702,847,589,316,566,629,665,357,574,501,514,519,Run
604,500,464,740,957,607,404,470,522,680,352,564,473,523,531,Run
609,504,448,657,913,601,356,483,475,692,357,545,461,524,518,Run
609,514,445,592,845,574,259,446,477,696,393,540,483,514,498,Run
587,548,438,569,727,529,269,394,515,697,450,528,524,499,479,Run
560,610,414,444,587,745,286,359,543,706,503,489,529,496,465,Run
505,769,396,623,563,436,269,372,577,772,652,409,626,322,442,Run
379,933,356,481,610,554,196,374,598,918,848,359,560,159,506,Run
206,993,356,651,617,579,275,395,621,949,935,313,495,148,428,Run
198,933,406,679,579,594,410,470,627,820,985,299,483,200,354,Run
214,813,432,756,555,574,466,477,621,640,904,321,495,275,384,Run
258,717,458,921,477,530,483,478,615,529,758,349,513,344,475,Run
318,595,487,870,399,456,451,466,615,466,655,360,547,383,492,Run
329,499,521,722,319,485,417,481,632,397,574,368,561,416,483,Run
343,376,565,672,508,644,362,554,636,355,492,379,514,459,490,Run
366,254,592,708,511,609,356,685,678,325,485,373,503,496,530,Run
363,244,574,754,429,552,356,816,735,328,524,351,525,537,522,Run
350,303,551,784,395,544,344,907,757,358,588,337,535,542,513,Run
342,341,556,780,355,555,381,903,728,393,701,333,538,542,500,Run
319,407,552,806,377,543,461,812,612,458,846,326,524,505,461,Run
252,582,514,866,436,536,350,760,559,573,961,288,559,217,545,Run
89,802,457,786,453,511,740,691,631,741,1000,287,591,185,509,Run
71,949,402,660,486,510,424,645,574,927,1005,328,607,180,436,Run
216,966,396,556,496,510,344,618,600,927,920,398,598,198,411,Run
342,855,413,559,487,518,297,558,611,887,787,486,574,267,438,Run
462,748,444,589,514,529,247,586,584,798,653,542,545,325,442,Run
534,678,462,619,524,525,88,546,533,729,587,566,513,361,464,Run
564,622,475,648,551,525,161,409,470,682,536,571,500,405,500,Run
579,573,485,662,632,522,285,300,458,647,485,569,502,475,517,Run
602,549,483,681,762,543,293,554,648,637,453,568,501,527,517,Run
623,554,477,726,916,572,343,498,582,651,436,569,480,554,514,Run
619,551,474,739,967,578,366,466,492,655,423,557,475,541,517,Run
613,561,472,638,901,568,273,458,498,651,432,539,485,520,506,Run
605,605,455,577,796,552,248,389,522,643,441,528,504,503,481,Run
586,664,445,597,643,730,262,366,545,638,470,503,507,468,494,Run
554,731,436,850,776,420,234,378,562,660,543,452,599,267,461,Run
501,852,406,570,713,563,204,408,582,755,678,370,560,181,496,Run
390,966,375,646,607,563,321,424,575,912,863,287,540,168,435,Run
244,1004,391,673,588,583,455,464,585,852,942,259,525,216,356,Run
207,923,432,704,561,593,506,480,584,702,939,277,499,251,389,Run
223,773,464,820,512,598,493,488,590,560,886,306,498,324,432,Run
279,623,490,940,436,490,459,484,600,473,774,356,537,381,475,Run
293,504,519,793,335,431,408,490,617,416,654,403,549,422,498,Run
305,402,550,677,464,569,374,560,624,379,563,429,520,451,513,Run
349,287,587,697,567,616,377,636,649,344,531,428,514,484,515,Run
349,247,597,716,430,555,360,735,709,328,546,418,529,534,515,Run
349,298,590,731,413,525,319,880,757,313,588,432,538,537,510,Run
349,364,596,761,356,557,348,924,761,339,719,413,529,527,503,Run
345,419,592,787,326,547,435,872,709,419,842,381,546,507,507,Run
321,522,560,861,380,531,458,689,698,491,866,387,507,403,455,Run
194,753,532,882,417,543,341,750,463,546,947,343,578,192,507,Run
91,925,497,754,447,552,708,593,608,583,997,320,587,148,480,Run
203,987,451,620,499,552,376,657,578,675,988,350,578,212,366,Run
341,928,433,558,482,550,329,581,608,752,850,407,575,239,371,Run
465,791,438,577,495,573,283,565,615,696,766,461,597,316,413,Run
507,701,443,610,526,576,137,550,569,668,707,501,556,365,452,Run
538,615,439,636,565,547,118,467,460,667,604,537,511,385,484,Run
554,604,444,661,643,536,222,305,400,654,534,559,496,432,507,Run
577,583,475,662,765,557,301,498,572,644,495,568,484,494,527,Run
608,539,512,709,910,581,331,473,586,660,488,557,465,540,524,Run
635,533,522,728,977,570,363,448,504,664,475,559,466,540,522,Run
644,547,507,650,918,562,307,445,496,656,442,564,478,525,516,Run
652,588,477,594,800,538,237,436,499,658,429,537,504,511,494,Run
640,622,478,556,553,706,246,393,532,639,452,515,509,480,479,Run
597,691,482,777,690,374,259,362,561,638,515,478,596,349,439,Run
527,885,439,469,631,564,211,365,579,718,664,369,577,199,487,Run
408,977,420,660,616,552,269,387,590,825,898,256,540,168,453,Run
261,1002,443,660,586,579,420,447,600,823,972,220,529,197,371,Run
221,903,461,689,571,594,492,466,598,713,920,259,514,257,385,Run
237,749,478,797,546,588,480,473,581,612,864,306,492,321,434,Run
277,626,493,934,457,540,461,483,587,514,782,356,518,366,467,Run
307,506,522,851,373,477,403,483,595,451,674,394,549,402,496,Run
326,392,561,670,289,507,353,529,606,423,585,417,522,423,512,Run
356,303,575,694,600,625,312,581,631,406,559,437,508,471,521,Run
368,308,560,697,490,595,274,684,710,355,606,437,530,526,528,Run
382,365,532,705,419,556,238,860,784,307,603,438,541,568,513,Run
388,402,541,752,395,569,323,899,809,312,598,435,526,553,511,Run
360,431,551,770,356,564,444,860,743,347,650,421,518,534,485,Run
328,513,533,762,371,549,468,747,626,387,717,416,535,461,468,Run
251,770,484,853,407,555,462,814,641,404,880,374,581,218,531,Run
188,905,470,782,435,530,559,803,481,472,976,352,578,160,501,Run
216,983,444,654,474,535,510,581,611,576,1002,368,578,164,423,Run
341,983,423,563,481,536,319,641,588,668,961,385,589,218,416,Run
454,857,436,587,470,535,304,563,608,714,837,441,588,299,449,Run
548,737,456,624,491,549,217,564,578,716,722,504,554,374,448,Run
580,637,473,656,506,549,92,531,500,674,631,558,521,396,481,Run
592,597,478,680,557,537,198,414,415,645,543,571,488,430,501,Run
586,587,476,695,643,541,331,392,422,643,500,572,486,476,523,Run
588,549,481,714,770,570,318,531,637,666,480,572,477,530,529,Run
621,533,474,777,930,582,354,493,572,685,455,554,467,558,515,Run
646,547,468,738,953,532,358,464,480,703,445,533,474,537,510,Run
662,528,474,630,907,528,282,442,483,698,457,511,491,510,509,Run
654,531,474,585,805,499,225,416,517,681,469,481,519,491,489,Run
634,556,470,468,655,759,242,354,572,684,550,420,502,460,468,Run
599,624,480,747,542,397,204,325,605,701,694,373,603,206,524,Run
579,863,407,562,618,541,151,321,626,768,766,315,560,173,541,Run
419,969,344,647,632,541,271,382,601,822,935,250,534,180,420,Run
236,973,418,668,572,596,447,464,594,659,951,282,547,195,374,Run
291,757,451,736,545,589,497,464,599,530,822,332,521,264,428,Run
326,662,474,883,477,557,486,479,604,460,739,350,498,312,466,Run
335,567,497,909,385,507,441,480,614,390,659,365,541,368,487,Run
370,461,535,759,328,521,385,516,631,354,597,396,550,424,483,Run
361,378,566,683,499,640,329,579,650,302,549,437,526,459,516,Run
367,348,570,709,494,608,298,667,695,261,544,433,528,521,522,Run
387,364,551,702,373,542,245,836,753,286,569,414,544,556,513,Run
414,383,540,687,290,534,261,921,796,341,651,385,530,552,512,Run
419,394,540,675,307,524,374,913,778,410,777,350,501,539,512,Run
392,443,534,689,379,534,455,844,677,505,887,346,530,510,503,Run
314,646,459,811,436,547,460,590,649,565,955,341,570,245,484,Run
161,883,410,823,448,537,390,747,456,696,1001,315,594,207,442,Run
163,932,406,744,491,546,698,578,615,846,1003,382,604,165,454,Run
255,985,408,657,513,538,358,651,600,863,887,440,588,207,390,Run
374,932,398,642,542,535,326,554,618,813,851,493,574,262,447,Run
486,789,433,650,550,543,250,554,590,773,737,549,562,325,458,Run
564,670,445,657,541,520,94,534,499,731,612,580,533,384,476,Run
585,601,449,669,568,508,160,418,403,693,531,589,492,422,504,Run
598,558,454,692,667,513,303,334,406,670,473,586,486,479,523,Run
598,530,452,715,819,529,328,500,589,687,435,596,496,521,514,Run
611,560,454,738,952,540,367,479,540,710,369,622,490,532,518,Run
623,575,455,668,952,523,347,466,485,731,277,639,486,543,515,Run
632,577,448,594,883,512,240,448,485,758,309,621,500,535,496,Run
618,624,432,563,753,531,208,424,520,762,410,580,503,524,471,Run
585,673,418,691,818,492,206,358,566,798,505,515,568,429,494,Run
546,808,385,446,578,497,172,342,578,930,687,451,591,189,541,Run
475,934,342,611,641,550,198,334,590,991,899,389,530,149,470,Run
376,992,356,651,603,580,327,405,583,940,981,348,502,154,416,Run
326,907,379,674,568,593,480,443,624,816,931,344,508,231,392,Run
348,795,405,753,568,585,521,465,621,688,840,318,505,315,432,Run
331,642,471,889,498,537,497,468,606,564,696,319,507,374,464,Run
351,499,517,909,402,487,444,460,613,505,561,316,538,418,462,Run
371,458,545,731,324,517,398,503,623,450,515,306,541,431,495,Run
362,419,576,680,507,675,359,576,633,405,524,295,531,494,526,Run
360,358,613,742,437,592,323,695,671,352,542,318,543,539,523,Run
355,334,618,759,440,562,277,866,740,317,604,300,537,543,518,Run
332,362,595,796,345,563,256,968,788,342,682,289,520,523,517,Run
313,386,588,806,386,562,391,960,743,412,724,282,529,519,506,Run
281,438,564,875,424,560,453,795,624,561,899,226,484,427,441,Run
173,593,484,852,451,541,318,748,526,837,982,211,597,175,510,Run
57,843,375,708,458,519,706,688,566,947,1004,252,615,147,461,Run
54,962,347,546,475,516,435,617,581,1000,996,330,620,179,393,Run
178,986,328,502,467,521,330,562,590,1018,899,433,591,215,407,Run
348,919,342,548,508,533,312,546,598,979,777,523,564,279,435,Run
461,816,378,597,528,535,213,554,562,891,677,583,542,335,450,Run
542,693,407,633,539,512,71,496,503,799,591,599,517,375,475,Run
573,653,408,651,586,506,159,369,423,736,533,597,515,429,496,Run
620,626,442,655,684,506,327,341,482,698,475,602,515,496,522,Run
648,570,466,691,805,532,284,538,626,678,384,631,483,538,514,Run
665,562,475,745,921,558,375,463,525,675,308,634,465,543,522,Run
654,557,469,726,936,571,354,485,475,692,308,586,470,526,516,Run
639,565,459,633,874,571,277,426,489,689,369,551,491,506,507,Run
609,594,452,606,763,562,258,385,505,672,416,540,516,506,489,Run
564,642,431,696,689,733,279,366,532,681,454,517,535,456,507,Run
495,751,404,672,534,457,260,347,553,727,536,445,607,300,437,Run
360,919,352,578,662,571,244,360,590,909,720,383,540,176,473,Run
169,987,330,662,582,574,339,393,594,981,904,309,507,176,391,Run
113,966,358,670,567,587,473,449,631,920,972,278,494,211,350,Run
137,850,394,715,561,578,496,466,626,795,931,289,480,277,379,Run
210,728,433,851,525,582,483,495,631,647,814,330,479,348,449,Run
269,598,476,912,394,493,477,481,645,544,685,348,520,416,478,Run
306,497,507,744,275,476,422,512,661,471,646,365,523,424,505,Run
348,381,559,669,462,612,379,584,690,396,597,417,509,459,524,Run
370,278,612,704,465,614,366,714,713,328,554,415,521,505,530,Run
384,210,632,728,403,560,349,827,749,307,617,381,530,538,514,Run
374,268,588,763,379,523,313,899,765,291,644,375,526,539,505,Run
356,324,573,773,370,527,359,904,697,340,671,352,519,529,486,Run
329,363,601,797,390,525,429,807,568,407,769,322,552,511,500,Run
267,492,553,872,430,528,447,573,574,506,920,268,538,280,485,Run
124,763,436,806,450,530,289,781,445,698,990,231,553,188,495,Run
62,935,354,692,462,549,658,599,551,900,1012,260,559,151,420,Run
189,991,361,557,483,553,353,636,592,935,987,317,559,199,383,Run
359,905,383,544,489,568,341,558,621,913,892,411,559,247,404,Run
472,789,416,559,526,586,253,532,627,862,716,511,551,320,441,Run
526,677,444,570,528,573,83,506,537,791,607,555,527,386,454,Run
558,604,463,606,568,568,130,376,435,746,565,574,519,426,487,Run
576,570,468,625,698,592,313,279,462,741,526,601,533,470,532,Run
603,543,471,667,814,603,325,511,646,719,440,619,507,525,527,Run
624,540,474,741,928,604,343,485,573,687,403,617,469,548,503,Run
630,522,471,715,909,575,346,448,506,658,375,585,458,529,504,Run
639,522,469,615,814,560,288,448,491,646,387,558,480,523,499,Run
624,561,455,599,703,561,288,411,511,639,461,541,496,513,484,Run
594,597,447,772,833,502,303,367,546,637,510,511,551,426,497,Run
536,730,411,441,684,537,277,371,540,652,578,446,594,222,447,Run
403,921,345,641,632,547,222,364,563,805,729,363,536,148,493,Run
212,988,339,678,580,597,314,419,554,948,923,258,519,210,408,Run
211,911,380,693,551,602,401,474,565,853,940,216,538,249,376,Run
234,826,408,784,523,600,475,498,567,753,914,264,504,304,402,Run
257,733,443,888,485,536,449,503,558,600,843,308,512,373,455,Run
287,615,482,838,382,481,412,481,555,498,759,351,539,433,474,Run
286,513,520,702,310,496,378,503,570,428,657,391,524,436,489,Run
320,389,588,685,527,635,345,542,586,387,576,410,490,469,502,Run
367,265,634,685,517,615,326,603,624,365,558,418,493,506,526,Run
364,228,620,685,434,566,306,710,686,350,569,428,529,541,519,Run
351,273,594,730,403,568,275,863,741,333,603,433,546,532,513,Run
334,338,596,756,358,561,361,897,789,331,676,424,536,518,493,Run
306,388,616,746,385,554,459,879,713,357,777,414,552,482,511,Run
261,479,589,858,426,554,452,740,718,424,902,387,564,215,498,Run
109,751,512,837,434,527,531,754,380,537,982,334,610,168,519,Run
34,932,470,717,470,519,742,572,600,697,1008,285,611,181,425,Run
79,984,416,595,487,524,327,627,584,907,1014,299,609,215,389,Run
236,993,367,587,495,522,340,558,605,920,875,389,607,270,404,Run
391,829,420,612,525,527,294,558,594,867,696,478,581,346,429,Run
483,648,460,641,533,523,149,552,535,784,602,532,539,376,463,Run
518,605,455,658,552,511,136,460,471,741,551,573,506,397,491,Run
548,592,432,677,611,521,261,327,407,698,466,594,497,456,519,Run
582,560,440,699,720,546,295,500,553,664,411,605,487,526,523,Run
616,528,461,766,880,561,316,504,614,664,418,599,475,545,526,Run
634,515,468,772,939,555,372,466,515,664,425,579,472,532,516,Run
631,554,451,657,883,546,332,452,495,662,432,555,475,513,506,Run
628,595,451,602,824,546,264,423,493,660,452,535,505,508,491,Run
610,640,452,584,597,651,264,377,520,658,469,509,515,495,469,Run
564,745,431,802,831,462,278,372,547,656,519,474,621,325,457,Run
499,880,398,420,690,540,217,366,561,737,731,379,587,190,487,Run
357,974,373,644,642,546,196,363,618,878,903,286,547,141,447,Run
163,1002,376,668,597,576,344,431,616,849,950,251,527,190,360,Run
115,940,403,690,568,589,465,462,626,711,978,253,507,236,394,Run
117,832,438,777,538,604,503,495,597,582,896,299,491,324,449,Run
164,658,490,924,441,563,465,472,603,492,724,351,526,371,484,Run
195,545,519,832,356,489,444,472,610,429,601,365,553,405,483,Run
216,418,557,675,271,516,392,505,621,398,557,363,514,426,495,Run
286,277,604,680,538,638,346,569,644,371,535,370,507,467,521,Run
335,202,608,695,491,593,317,648,692,330,513,412,533,520,532,Run
341,252,580,720,415,556,263,809,766,322,543,432,538,555,521,Run
350,346,567,755,381,558,255,921,797,361,603,429,524,554,504,Run
340,407,549,765,347,564,387,916,746,396,720,412,507,533,483,Run
310,476,532,756,371,551,442,819,671,460,855,393,511,484,484,Run
257,668,495,871,419,540,437,599,616,545,965,358,555,211,533,Run
105,860,427,825,434,531,308,648,411,670,1002,348,608,185,497,Run
132,967,395,706,465,537,646,557,609,783,1009,382,628,155,407,Run
277,940,403,567,505,539,313,623,586,811,955,420,612,185,373,Run
388,846,417,560,507,537,340,553,606,825,822,481,588,250,404,Run
472,779,432,595,532,544,276,556,596,783,675,516,558,332,437,Run
527,678,451,608,540,537,115,518,537,739,607,531,529,367,476,Run
549,617,465,637,566,528,131,417,475,709,549,540,509,402,495,Run
559,571,470,637,663,550,281,288,410,683,460,548,520,458,516,Run
570,538,469,654,781,580,328,520,598,664,398,547,507,509,531,Run
591,528,456,708,924,618,358,475,582,659,398,537,472,536,533,Run
609,522,451,722,976,607,344,439,521,666,412,514,465,540,516,Run
614,512,451,649,892,585,280,447,500,661,432,504,480,525,496,Run
614,534,448,581,758,542,240,411,508,654,449,515,490,506,473,Run
603,582,442,576,654,775,258,376,524,668,480,511,514,452,494,Run
558,700,425,698,568,433,248,375,550,748,602,454,592,208,446,Run
453,901,386,550,620,563,206,363,574,896,781,432,564,177,487,Run
327,971,363,663,577,585,292,393,580,952,943,409,537,200,392,Run
161,974,404,684,561,601,418,447,589,811,994,358,515,223,351,Run
186,811,474,732,545,597,535,465,592,671,968,355,508,281,404,Run
244,677,499,872,484,578,499,489,563,556,739,392,521,361,472,Run
317,590,504,894,397,468,472,479,578,468,539,348,555,421,490,Run
349,507,539,756,283,449,442,501,588,431,666,367,539,443,481,Run
352,420,579,658,495,600,394,551,598,393,644,428,509,454,509,Run
369,331,601,682,532,619,358,606,631,346,535,450,507,519,526,Run
381,329,594,693,431,557,299,719,706,324,557,423,527,549,521,Run
395,378,570,697,374,533,240,870,758,331,612,404,536,539,513,Run
410,395,559,706,361,547,327,896,778,358,656,402,513,521,505,Run
409,416,558,708,358,540,439,865,734,413,743,386,520,498,503,Run
391,485,529,744,371,527,416,767,582,481,897,386,466,372,446,Run
345,624,486,832,400,554,311,701,649,583,980,369,581,177,499,Run
237,823,444,793,435,559,540,733,427,698,1007,366,627,168,407,Run
170,956,410,694,496,569,533,633,589,819,988,408,622,190,359,Run
321,959,416,619,521,566,329,593,617,807,872,463,600,243,366,Run
429,804,432,617,521,568,333,561,613,786,751,524,574,308,421,Run
496,690,457,622,527,568,246,574,585,732,620,562,536,348,453,Run
527,621,470,635,531,559,86,524,515,696,549,574,501,398,475,Run
549,567,485,662,577,550,148,358,423,683,478,579,506,460,503,Run
563,526,500,678,668,550,282,395,462,662,395,581,504,510,525,Run
583,502,510,718,824,580,303,526,626,649,375,573,485,536,525,Run
600,505,506,760,955,593,365,485,559,661,403,558,451,648,465,Run
600,505,500,687,955,580,336,438,497,682,420,533,505,450,564,Run
598,502,503,593,881,567,254,441,493,696,434,518,502,527,429,Run
583,536,495,567,623,645,245,403,519,717,543,493,502,469,487,Run
561,607,473,770,762,439,257,357,555,729,635,457,581,225,468,Run
510,820,393,442,656,560,184,346,566,867,758,452,531,120,511,Run
367,955,361,671,619,550,158,356,607,971,907,399,500,120,447,Run
214,958,395,671,590,570,343,421,587,925,978,351,513,209,374,Run
253,857,404,702,553,586,455,465,591,780,907,369,508,267,400,Run
292,740,436,817,525,587,484,489,586,626,793,376,516,341,461,Run
354,593,490,940,431,511,448,474,592,533,745,377,542,394,471,Run
411,483,530,817,330,445,404,492,598,459,683,381,556,425,472,Run
422,450,547,676,437,575,364,518,606,418,588,380,527,458,492,Run
436,410,567,685,575,635,330,568,618,374,563,378,512,502,517,Run
451,380,582,676,450,590,311,656,676,349,543,378,517,534,516,Run
459,389,571,689,415,569,267,841,742,349,541,376,529,525,506,Run
448,438,543,707,367,573,271,938,800,356,575,376,523,522,502,Run
428,443,542,696,358,548,403,964,758,393,610,369,504,517,482,Run
405,464,533,698,386,540,447,885,696,434,707,352,540,507,487,Run
359,565,493,788,412,531,437,641,614,497,887,303,563,240,464,Run
255,695,436,846,425,537,308,713,567,693,978,261,593,208,517,Run
186,830,397,768,450,527,758,632,603,902,998,310,631,169,412,Run
174,958,397,653,506,542,344,643,585,938,940,365,610,198,385,Run
302,892,411,626,525,527,351,571,612,938,889,443,574,265,402,Run
406,743,438,641,538,534,294,557,610,882,729,534,548,345,427,Run
481,644,468,648,535,539,137,540,554,806,610,580,512,384,457,Run
528,580,485,655,555,526,116,437,491,756,544,592,493,411,474,Run
550,559,489,682,611,539,245,304,406,693,486,593,505,462,496,Run
574,538,493,693,717,562,302,479,547,640,423,597,512,503,523,Run
598,515,502,751,897,594,323,482,579,628,386,591,491,531,534,Run
610,515,496,761,970,603,352,453,536,631,386,565,478,529,524,Run
610,518,482,643,931,585,329,430,506,634,414,538,487,517,508,Run
610,529,472,599,850,560,270,437,498,631,442,524,505,510,484,Run
595,551,469,574,607,643,266,401,513,628,457,515,504,470,493,Run
565,627,452,805,784,532,286,371,542,639,503,491,598,322,421,Run
525,799,401,495,691,537,241,367,560,739,672,401,561,219,459,Run
393,949,348,623,641,544,214,373,590,914,866,337,542,158,440,Run
236,998,366,672,606,579,343,418,586,895,955,333,545,203,347,Run
236,902,394,687,564,600,437,464,596,764,915,330,527,243,356,Run
242,822,417,761,542,607,501,514,592,620,867,315,495,327,420,Run
253,684,462,908,450,573,465,493,593,503,776,333,525,378,483,Run
303,553,505,882,367,496,421,503,580,429,643,364,551,407,492,Run
330,459,548,717,223,490,365,547,581,386,550,374,505,442,484,Run
357,356,585,667,498,617,329,609,612,354,539,369,492,485,522,Run
372,299,591,680,472,615,297,690,682,326,560,370,512,541,535,Run
375,321,582,683,389,563,245,854,761,319,571,367,531,547,521,Run
385,354,579,717,385,549,283,940,777,377,624,343,521,536,511,Run
369,369,583,738,368,551,409,904,732,418,725,340,519,521,492,Run
341,408,587,751,381,539,445,797,638,481,818,338,494,447,433,Run
305,550,544,864,423,545,541,736,755,580,942,306,608,181,516,Run
146,796,468,826,454,537,357,643,425,719,995,305,633,137,465,Run
73,944,420,711,492,549,612,565,593,881,1000,337,624,191,386,Run
161,991,391,601,519,558,314,631,572,868,919,392,610,228,382,Run
295,925,380,605,510,557,328,569,588,845,765,477,577,289,433,Run
441,784,408,607,517,575,229,565,572,783,606,528,545,338,454,Run
517,659,435,611,524,569,82,522,504,721,543,551,524,379,475,Run
547,600,439,635,558,552,125,409,415,672,515,564,509,430,498,Run
557,577,421,630,663,550,291,281,410,636,454,571,497,473,523,Run
577,569,442,657,804,556,319,526,625,623,424,566,486,505,520,Run
600,515,489,709,941,569,340,493,554,630,441,541,472,541,512,Run
605,499,492,721,986,539,321,464,498,634,465,513,476,539,510,Run
600,518,472,625,891,512,245,432,495,645,475,504,503,520,490,Run
597,539,463,565,722,498,238,358,525,654,477,496,501,505,459,Run
571,616,435,601,663,630,233,366,574,676,514,460,526,396,501,Run
514,772,406,730,476,417,198,395,581,732,651,395,600,243,464,Run
367,939,357,541,574,542,186,401,593,844,761,311,553,146,510,Run
204,995,364,655,601,576,335,423,590,900,915,270,525,178,372,Run
199,915,405,679,568,606,467,481,612,759,925,285,532,212,372,Run
230,798,435,742,547,592,569,469,628,622,886,318,507,299,436,Run
287,667,478,887,488,581,525,471,614,534,805,357,522,357,474,Run
352,555,518,905,382,471,480,482,616,460,714,390,560,398,480,Run
369,505,544,746,289,459,440,496,611,392,634,410,534,421,494,Run
368,437,583,648,492,642,410,560,609,340,581,425,519,471,515,Run
376,362,624,704,502,633,401,662,649,278,583,425,526,512,527,Run
391,350,629,752,392,549,372,778,708,268,598,405,533,555,514,Run
387,382,604,770,324,549,338,897,767,302,617,410,535,544,519,Run
384,414,591,745,327,543,337,944,781,341,636,405,524,528,504,Run
383,441,580,742,379,540,420,878,698,417,742,359,545,508,508,Run
368,471,550,762,421,520,491,704,549,471,875,347,478,365,427,Run
319,587,504,754,451,529,465,708,605,595,972,306,568,175,485,Run
212,792,443,671,459,537,587,687,492,733,1006,298,588,173,419,Run
134,945,399,569,500,544,488,589,581,829,999,322,586,215,352,Run
257,991,391,558,510,535,336,595,581,831,947,378,588,237,368,Run
349,903,407,582,533,550,321,565,601,827,810,457,570,314,392,Run
449,786,428,601,537,564,230,577,574,763,668,523,539,371,435,Run
517,695,447,614,547,537,83,547,485,706,587,551,507,409,480,Run
544,627,459,629,627,524,149,369,407,675,533,560,512,460,513,Run
569,572,469,632,705,531,309,369,483,655,486,568,505,506,541,Run
602,539,475,681,828,539,327,556,623,646,450,573,485,540,531,Run
624,535,471,742,921,539,345,478,556,670,446,562,478,546,516,Run
642,513,475,700,867,511,353,480,484,670,435,549,485,530,505,Run
651,518,475,615,786,503,294,445,506,647,428,539,501,517,482,Run
644,572,458,578,616,536,267,412,508,639,439,524,495,475,497,Run
619,637,447,681,759,496,277,369,542,649,493,493,569,270,465,Run
562,807,418,543,673,476,234,380,555,707,640,421,575,169,486,Run
432,950,385,600,581,555,197,399,602,838,866,327,564,195,439,Run
288,990,377,653,594,593,301,411,595,850,970,266,552,234,337,Run
197,963,412,679,559,603,430,442,613,725,948,276,531,250,360,Run
192,825,451,767,535,608,479,476,602,615,876,298,497,315,425,Run
206,673,479,914,464,544,456,467,597,527,792,324,509,367,476,Run
267,549,505,847,385,469,433,467,596,451,700,361,535,405,480,Run
302,451,550,711,281,495,383,484,604,389,610,376,500,432,494,Run
316,368,599,685,542,634,352,565,619,353,587,380,502,466,516,Run
353,287,625,700,525,610,329,634,651,306,562,388,537,516,530,Run
365,303,605,717,430,553,266,789,710,284,542,386,550,550,518,Run
363,360,584,745,376,568,226,934,758,304,594,377,539,535,516,Run
353,405,590,749,347,572,358,941,754,347,689,362,539,524,508,Run
332,444,575,758,364,552,446,870,679,410,793,351,476,425,452,Run
294,550,551,836,410,561,402,848,760,495,935,294,577,185,495,Run
166,767,500,792,419,553,333,723,503,640,990,277,636,156,451,Run
79,936,434,672,462,552,658,587,594,835,1001,292,642,212,375,Run
216,992,397,581,493,552,374,574,616,844,944,331,612,272,389,Run
353,863,407,579,472,552,338,553,623,841,821,406,571,316,440,Run
477,724,433,613,496,547,266,556,599,813,687,464,537,344,448,Run
538,654,445,657,501,548,127,540,525,754,589,509,515,395,459,Run
573,608,445,682,546,535,127,425,458,723,549,540,505,441,490,Run
597,573,454,693,651,511,277,339,404,701,477,570,499,490,519,Run
612,538,469,687,780,523,318,504,541,676,424,584,489,528,521,Run
621,525,471,748,930,549,328,473,552,676,413,580,465,535,523,Run
607,538,468,741,981,545,335,443,486,672,413,561,464,520,516,Run
600,581,465,622,930,549,259,442,486,666,439,534,483,510,490,Run
586,638,454,565,664,671,222,415,509,651,465,518,494,483,492,Run
558,719,449,755,888,445,242,368,544,666,535,468,613,267,463,Run
507,810,442,455,719,506,198,363,553,724,683,382,592,195,465,Run
409,938,408,636,613,549,203,362,591,828,812,283,552,164,436,Run
262,995,404,669,600,596,357,411,578,874,906,223,535,215,341,Run
166,912,432,688,566,603,469,468,603,764,922,217,514,260,382,Run
189,790,454,764,545,589,520,473,604,633,873,261,503,329,426,Run
264,668,473,912,465,557,464,494,596,529,774,314,522,377,480,Run
336,575,498,849,382,477,443,498,605,453,690,356,564,424,513,Run
356,495,533,692,293,502,384,534,602,405,603,395,539,457,513,Run
364,407,577,675,559,616,338,582,610,354,536,428,518,501,514,Run
366,336,616,690,508,605,303,668,655,304,536,442,522,553,530,Run
364,319,627,715,445,549,253,806,697,287,566,460,533,549,519,Run
371,364,609,735,382,578,275,874,757,309,610,457,522,531,500,Run
384,398,604,735,374,591,392,849,744,346,681,452,503,505,493,Run
379,404,606,715,378,573,449,826,686,397,781,445,518,453,514,Run
343,458,576,777,420,557,453,683,563,481,876,420,522,220,459,Run
270,637,557,809,450,579,316,776,728,579,968,349,641,153,504,Run
138,836,544,731,472,564,706,691,557,714,1003,297,631,220,394,Run
65,961,529,593,493,550,455,610,582,910,1003,315,614,216,367,Run
218,994,476,567,487,545,331,562,609,888,860,381,596,281,395,Run
361,839,461,595,500,547,315,544,602,829,724,457,569,332,420,Run
480,668,470,632,519,538,219,562,565,773,606,512,542,353,461,Run
555,576,473,650,523,521,123,505,503,736,522,557,516,389,483,Run
574,557,466,676,593,496,191,393,433,696,452,580,515,443,514,Run
589,549,459,667,694,502,307,366,450,662,425,582,513,507,528,Run
611,538,459,695,827,538,295,556,607,662,425,577,478,528,523,Run
635,538,462,756,956,559,335,502,575,681,414,566,457,531,525,Run
632,562,449,711,965,540,375,444,497,681,391,550,470,520,513,Run
618,608,438,610,869,566,273,430,482,681,411,536,496,506,489,Run
584,684,441,598,714,728,219,423,496,686,454,519,525,458,508,Run
541,751,445,738,536,452,199,354,541,714,519,473,589,244,451,Run
461,890,411,551,604,562,151,348,559,873,705,377,558,183,490,Run
340,978,396,652,607,575,174,350,600,974,911,290,545,186,406,Run
159,990,440,673,576,588,353,426,588,868,983,264,530,227,370,Run
127,844,478,712,570,588,481,461,598,714,921,278,496,295,410,Run
213,726,498,837,522,575,509,468,578,568,813,299,485,349,485,Run
279,638,517,950,423,553,483,467,574,462,669,348,539,400,496,Run
336,521,565,840,325,509,445,488,585,395,552,394,551,401,491,Run
355,387,621,657,332,591,404,543,600,350,521,407,521,442,493,Run
367,282,643,672,540,638,380,609,630,312,565,407,515,483,533,Run
367,274,617,721,434,583,333,744,704,295,607,396,530,547,513,Run
376,323,595,753,404,557,274,918,761,323,634,363,529,556,510,Run
369,351,588,791,354,550,310,982,791,361,739,350,514,542,496,Run
329,400,581,811,374,550,417,918,698,431,871,357,534,505,471,Run
263,542,518,895,410,537,476,769,578,511,946,338,609,217,569,Run
115,797,451,872,413,512,352,656,576,672,996,317,619,190,518,Run
54,943,387,718,436,503,725,639,563,892,1013,342,623,185,422,Run
183,992,361,571,464,513,399,608,596,934,908,397,613,217,413,Run
311,900,369,552,476,507,345,574,605,932,819,464,585,293,458,Run
439,748,409,593,493,523,272,550,608,865,655,517,549,334,492,Run
532,647,450,623,505,526,124,513,542,788,527,560,513,391,497,Run
591,594,460,653,561,510,93,431,473,731,428,600,501,436,499,Run
609,565,456,660,644,514,241,331,388,659,358,600,491,475,510,Run
627,538,468,703,792,558,307,497,587,648,371,569,478,504,527,Run
633,528,469,755,945,581,335,476,587,686,387,550,461,543,516,Run
623,538,454,748,996,599,316,455,505,696,395,551,466,542,510,Run
609,577,437,630,933,591,217,458,496,708,442,537,495,528,478,Run
579,655,426,567,769,570,184,386,516,719,487,503,513,478,500,Run
527,758,419,670,805,504,204,366,551,791,591,429,615,239,469,Run
451,903,367,499,686,483,155,344,562,935,810,359,576,171,523,Run
317,982,338,611,588,542,187,336,592,914,866,316,497,133,409,Run
181,966,374,676,616,577,368,392,566,854,936,316,481,194,373,Run
181,800,433,703,567,597,523,439,587,708,922,312,494,277,425,Run
265,724,451,833,512,605,534,450,575,569,814,333,507,360,494,Run
319,624,476,942,433,507,491,457,572,490,675,361,541,421,499,Run
351,498,516,845,320,454,457,480,581,432,592,379,552,448,486,Run
362,385,552,659,356,577,397,512,578,395,547,383,533,463,506,Run
365,312,568,687,525,609,357,586,590,350,539,393,520,498,531,Run
365,288,565,717,414,581,318,691,653,326,550,392,525,546,522,Run
369,344,546,752,386,547,228,864,720,358,596,379,528,546,516,Run
371,380,545,763,351,558,239,958,779,370,665,385,514,534,507,Run
369,404,552,749,356,555,386,932,737,417,756,362,533,522,490,Run
349,505,518,751,375,539,442,830,653,500,848,369,528,434,434,Run
300,692,476,823,405,552,436,593,632,592,932,336,582,181,532,Run
200,843,434,724,451,556,470,740,368,778,992,313,610,165,457,Run
149,953,385,627,486,559,690,541,594,943,942,388,597,213,364,Run
277,980,389,544,507,544,335,597,615,884,830,438,594,233,383,Run
394,851,399,571,510,544,337,532,635,868,777,498,571,331,415,Run
496,736,426,621,514,554,238,556,592,801,642,538,540,360,450,Run
559,643,449,640,536,537,97,539,506,727,552,556,501,406,476,Run
575,605,460,668,627,524,156,383,445,674,518,559,490,452,513,Run
601,567,468,665,777,554,304,301,484,633,447,579,496,506,534,Run
637,543,469,703,927,600,304,515,607,613,370,603,477,538,523,Run
666,532,473,734,989,620,316,481,548,627,355,587,467,542,515,Run
669,528,473,662,982,570,300,433,495,652,368,549,487,528,492,Run
653,557,470,587,752,626,213,440,474,663,402,526,500,485,494,Run
622,628,458,784,869,417,206,396,521,668,456,507,590,260,494,Run
561,809,432,472,739,523,178,352,545,751,545,440,547,203,485,Run
414,951,387,627,631,539,162,356,581,922,732,355,524,171,445,Run
212,998,383,663,596,576,300,394,552,955,925,306,518,237,386,Run
186,881,422,694,561,600,470,451,562,844,956,315,510,290,410,Run
231,739,463,800,526,612,527,465,559,655,873,343,498,347,461,Run
266,638,492,945,450,533,497,473,555,511,747,375,510,392,483,Run
321,514,529,847,345,463,478,481,569,448,640,420,539,426,495,Run
369,399,570,684,330,526,421,503,572,391,573,447,527,460,509,Run
395,304,607,681,514,636,399,577,588,364,552,448,520,504,524,Run
395,275,611,699,459,594,369,660,649,331,567,444,522,553,513,Run
395,317,598,730,416,559,328,799,740,308,615,421,521,555,499,Run
378,362,596,760,367,553,289,943,763,331,675,370,508,537,487,Run
330,395,601,777,351,554,374,950,749,374,743,362,530,496,512,Run
273,455,582,820,397,539,456,830,634,423,829,334,567,264,519,Run
146,645,552,926,433,550,442,835,648,569,957,259,613,205,520,Run
47,835,496,790,426,534,545,725,467,749,1001,287,629,179,428,Run
84,959,436,654,486,537,541,571,608,923,939,376,597,205,405,Run
262,971,415,527,496,531,317,632,576,889,842,435,572,264,444,Run
398,874,432,549,489,536,324,561,622,866,723,508,555,316,457,Run
497,729,462,596,511,543,189,527,599,795,584,550,528,368,473,Run
548,658,472,619,529,528,79,499,493,715,503,575,508,408,500,Run
576,628,462,650,610,541,170,371,432,657,435,597,504,470,522,Run
614,595,458,650,721,552,314,380,523,632,367,610,487,514,526,Run
650,556,469,692,873,584,296,529,660,645,375,592,462,539,528,Run
662,541,467,723,973,616,346,484,577,677,375,579,458,546,510,Run
652,541,460,665,966,627,319,453,512,699,383,586,476,521,503,Run
628,583,461,571,859,627,221,415,512,726,454,566,506,492,471,Run
590,713,455,540,626,578,216,351,538,761,494,514,537,445,501,Run
515,904,438,692,696,443,232,356,558,864,579,505,595,216,478,Run
388,983,435,362,607,537,173,368,558,969,757,469,527,125,517,Run
261,1006,464,677,614,564,211,358,581,999,932,391,456,128,381,Run
137,943,512,680,587,590,377,431,557,888,972,348,459,206,379,Run
137,819,528,731,560,604,519,472,567,745,852,348,457,323,476,Run
194,712,527,901,496,549,508,469,554,607,694,348,507,371,481,Run
239,575,558,920,395,433,458,463,547,505,611,353,549,391,513,Run
278,402,611,785,225,410,413,480,556,435,596,363,570,437,511,Run
335,298,628,704,559,592,363,532,563,387,578,376,559,478,519,Run
372,284,601,693,464,566,334,596,590,330,593,383,534,502,508,Run
384,350,555,661,411,537,292,680,661,305,618,361,510,519,514,Run
398,419,518,669,369,549,229,863,751,300,651,379,498,521,519,Run
392,471,496,703,335,544,254,969,784,362,710,341,511,517,510,Run
369,486,484,730,382,548,403,967,736,449,856,320,539,501,504,Run
333,506,464,824,408,547,400,835,632,526,954,309,548,295,486,Run
249,593,458,906,434,568,368,791,763,746,1002,279,608,132,491,Run
88,715,441,822,462,565,505,726,512,931,1016,309,629,201,433,Run
80,898,435,693,482,563,502,625,600,962,977,360,615,211,428,Run
213,921,422,570,485,560,318,581,612,976,881,446,574,267,436,Run
361,805,436,570,475,550,312,547,620,924,704,533,551,329,441,Run
507,732,456,593,486,556,175,532,572,847,583,579,526,388,480,Run
576,677,465,605,521,554,70,452,508,791,524,604,510,417,516,Run
605,624,464,617,588,557,191,264,448,733,422,629,484,460,512,Run
629,586,463,631,687,569,296,422,554,670,312,646,470,468,523,Run
662,563,455,735,861,618,336,450,604,673,301,606,469,510,525,Run
656,567,427,806,965,649,349,422,518,704,327,559,477,541,514,Run
650,609,405,685,979,612,266,425,493,710,386,564,509,541,497,Run
623,647,393,603,875,600,249,395,512,716,463,547,516,522,493,Run
568,702,382,649,809,820,266,335,551,731,518,469,583,429,499,Run
492,820,369,685,512,435,268,360,563,833,750,373,577,186,448,Run
337,953,322,460,564,551,190,375,570,912,883,333,502,120,486,Run
146,976,356,678,611,563,253,418,575,936,935,296,475,182,353,Run
150,882,415,686,572,580,386,455,578,862,915,281,481,224,372,Run
162,833,447,718,560,589,471,474,575,733,811,320,486,307,406,Run
206,717,488,854,515,580,447,504,561,629,690,345,548,356,453,Run
281,589,533,930,403,499,415,507,579,549,604,361,585,403,498,Run
326,494,574,794,294,443,369,534,592,502,529,360,552,443,503,Run
345,409,586,699,485,584,326,597,605,420,556,374,510,500,523,Run
368,344,594,697,549,606,278,696,659,330,531,384,510,561,531,Run
368,320,597,732,407,550,252,869,738,312,548,345,519,557,518,Run
361,336,582,775,401,541,267,971,782,339,615,290,506,533,511,Run
353,358,572,788,352,552,384,960,781,376,705,286,483,511,477,Run
350,402,571,763,345,548,438,877,683,435,805,300,539,504,440,Run
316,536,522,765,372,532,485,712,531,513,891,305,535,312,501,Run
236,732,484,852,407,546,559,528,697,680,980,286,610,190,532,Run
124,850,457,721,442,532,559,747,407,895,1001,356,639,184,442,Run
135,950,430,609,497,536,740,505,628,902,898,415,603,202,413,Run
316,972,417,538,505,526,317,628,596,875,870,466,585,275,432,Run
437,820,443,578,501,531,351,528,637,858,723,540,572,333,461,Run
535,705,466,620,522,536,210,516,605,820,595,579,543,394,482,Run
581,637,470,630,555,527,109,478,513,762,525,592,514,428,498,Run
581,597,471,651,631,526,203,367,439,714,457,607,493,462,508,Run
589,562,473,655,725,563,318,441,481,653,394,621,474,481,531,Run
597,540,472,703,894,599,325,524,593,637,381,610,453,521,528,Run
585,560,456,726,978,607,354,461,541,636,400,573,450,533,508,Run
563,599,434,651,927,579,309,426,504,631,440,540,471,511,486,Run
547,660,423,580,780,527,235,399,504,630,459,517,477,483,501,Run
535,673,438,653,839,628,248,348,508,672,516,463,567,287,504,Run
547,673,449,555,608,501,266,350,526,748,649,373,588,243,445,Run
537,809,393,536,590,553,208,318,569,789,776,324,569,181,479,Run
464,947,364,668,601,605,264,351,589,829,871,268,540,225,394,Run
337,912,415,687,572,605,378,451,591,743,860,277,514,275,407,Run
291,776,450,768,540,583,478,489,591,633,805,305,489,362,436,Run
339,686,469,916,478,531,456,484,584,539,761,343,494,406,473,Run
353,634,483,859,383,457,429,476,580,470,697,402,549,419,488,Run
370,535,519,695,272,469,366,499,584,419,677,356,539,443,510,Run
386,422,571,656,531,625,335,535,600,359,682,411,512,495,538,Run
384,363,587,674,502,600,295,600,625,310,591,488,510,550,519,Run
398,361,587,679,391,555,261,759,674,288,498,512,526,556,506,Run
397,370,589,705,346,518,247,923,730,316,545,490,514,525,509,Run
383,384,593,731,383,530,361,931,786,350,660,459,533,494,516,Run
368,425,583,760,358,545,459,902,712,401,726,439,499,392,422,Run
328,574,542,844,392,565,445,700,668,457,890,415,583,180,500,Run
211,767,511,824,416,548,399,827,499,550,978,359,642,178,472,Run
130,926,479,732,464,539,682,598,601,663,1006,370,633,209,394,Run
230,990,450,635,492,547,358,649,588,751,956,407,599,231,382,Run
380,916,451,620,514,537,348,565,618,740,840,453,571,301,441,Run
475,803,467,629,540,538,286,558,615,744,703,518,551,345,463,Run
554,687,481,661,544,524,173,540,564,706,554,557,523,384,478,Run
587,613,483,681,544,500,122,467,508,674,476,571,510,430,505,Run
601,561,480,699,617,512,199,343,436,670,426,572,507,482,529,Run
611,527,480,693,744,533,286,481,533,663,409,555,483,526,519,Run
623,519,478,712,913,567,305,544,607,663,431,533,457,537,520,Run
626,525,469,718,978,558,357,462,524,673,428,524,460,529,511,Run
616,525,462,627,927,542,313,422,482,679,434,530,482,506,486,Run
593,564,455,566,808,528,229,438,502,687,484,523,495,446,486,Run
565,676,431,665,822,621,217,402,531,714,582,475,596,208,510,Run
503,867,394,572,594,510,223,343,549,805,769,397,586,200,532,Run
401,970,372,578,608,543,168,359,573,869,811,367,551,143,491,Run
330,985,383,661,604,576,217,375,586,865,939,348,543,185,392,Run
281,879,416,686,568,595,400,454,581,765,936,343,519,245,397,Run
297,770,454,757,532,599,510,461,582,634,853,362,490,302,450,Run
341,666,485,907,472,567,497,474,566,545,750,371,522,370,477,Run
382,555,517,868,402,461,447,474,576,482,683,356,561,436,507,Run
385,463,541,752,314,509,410,503,594,429,610,346,542,469,500,Run
393,384,565,688,546,661,349,554,610,385,618,392,518,485,526,Run
395,343,578,682,498,596,330,605,645,323,540,430,522,537,522,Run
397,339,577,715,443,555,286,715,718,304,498,445,529,553,516,Run
393,364,569,743,355,562,227,854,753,296,559,450,524,542,516,Run
372,397,570,765,362,557,333,852,814,334,687,438,510,520,507,Run
351,445,569,763,391,547,439,867,753,391,819,455,549,515,485,Run
318,535,535,785,432,542,456,788,629,448,899,478,506,343,394,Run
253,671,495,822,453,558,502,684,706,523,980,430,622,149,545,Run
121,829,469,707,441,532,555,793,377,651,1008,426,652,159,443,Run
125,942,439,575,468,538,694,572,596,843,1000,456,623,163,388,Run
257,977,399,531,475,525,357,618,586,813,895,462,584,241,428,Run
381,849,415,592,506,525,346,555,617,761,836,489,562,310,441,Run
471,719,432,640,528,528,276,573,586,758,675,533,533,358,462,Run
517,659,437,669,540,511,126,538,529,724,532,553,500,399,486,Run
540,604,440,692,583,501,142,471,461,687,512,549,495,444,507,Run
557,509,467,694,665,513,260,345,435,672,486,537,504,503,510,Run
582,446,493,715,817,552,346,527,566,672,453,529,484,529,518,Run
601,482,492,757,953,587,329,526,601,673,450,519,473,540,510,Run
601,536,467,715,979,574,352,467,527,677,443,513,481,525,509,Run
586,592,427,612,886,561,319,422,507,670,429,510,503,513,481,Run
580,686,394,577,736,517,263,412,506,660,460,498,508,482,488,Run
545,762,380,597,717,621,261,366,526,672,566,433,584,287,476,Run
501,795,365,685,574,457,255,345,540,719,781,335,570,222,461,Run
404,895,313,547,595,540,197,337,552,715,856,312,537,154,474,Run
218,958,309,657,605,584,251,364,573,708,801,281,526,204,380,Run
121,860,352,679,584,597,373,429,591,693,856,279,530,260,383,Run
145,801,392,727,563,594,491,469,618,601,853,302,513,344,452,Run
164,692,460,868,489,597,473,477,607,517,743,349,527,389,507,Run
227,576,524,884,411,496,457,489,612,456,643,386,553,420,489,Run
292,510,570,778,335,479,405,495,611,418,593,405,534,442,480,Run
320,444,613,654,435,601,363,534,605,385,543,408,494,473,503,Run
345,351,661,664,538,622,330,596,624,342,499,391,505,517,533,Run
375,289,684,723,426,570,306,694,675,297,489,368,523,555,523,Run
388,279,665,778,408,543,244,881,735,325,472,340,521,549,501,Run
368,306,619,782,339,560,311,934,776,365,562,297,540,508,512,Run
367,360,603,776,364,558,423,898,698,421,773,258,516,311,462,Run
317,490,561,861,410,564,537,856,779,500,940,206,618,202,515,Run
115,765,420,839,441,551,399,695,430,639,992,254,651,172,459,Run
46,909,335,705,479,537,530,652,550,770,977,320,629,208,400,Run
118,984,344,586,499,524,365,644,573,758,912,364,596,237,421,Run
285,897,349,558,481,518,344,577,594,766,832,443,573,296,447,Run
436,769,394,592,491,527,289,577,584,743,674,509,554,349,469,Run
526,655,448,641,511,527,158,566,527,695,604,540,526,389,485,Run
563,600,474,667,524,517,95,470,462,683,581,546,506,435,516,Run
579,586,479,697,605,525,234,342,410,683,526,547,497,489,530,Run
608,561,490,701,716,542,318,510,574,658,481,550,488,522,526,Run
642,538,503,731,875,570,357,510,608,652,499,540,477,548,512,Run
648,542,496,764,975,576,363,462,549,670,518,529,484,529,504,Run
632,572,463,672,942,546,309,435,514,667,493,525,503,515,480,Run
607,596,436,604,881,534,262,440,510,656,485,511,498,481,476,Run
576,629,432,643,707,818,236,390,518,651,510,486,609,268,539,Run
540,728,415,783,594,437,241,369,524,629,535,455,593,224,544,Run
453,917,354,479,616,558,156,364,551,702,617,385,523,167,476,Run
312,986,386,643,591,582,184,379,578,873,875,311,514,191,398,Run
236,908,428,662,577,594,347,441,556,838,957,262,518,252,417,Run
290,815,454,696,555,612,471,468,582,719,965,277,516,316,455,Run
306,686,499,773,511,679,479,513,571,586,871,308,532,373,482,Run
343,563,532,930,454,556,444,491,587,498,775,344,568,385,483,Run
371,475,545,829,353,481,427,506,603,444,661,375,540,421,501,Run
379,415,553,684,346,535,373,514,612,396,592,395,523,473,521,Run
400,344,568,656,551,633,352,565,626,348,567,409,531,536,528,Run
389,330,566,684,424,588,337,642,680,318,546,426,540,569,521,Run
373,376,552,716,434,558,268,803,756,301,558,425,531,553,507,Run
363,397,552,767,359,566,258,895,801,317,649,395,489,515,488,Run
339,425,520,774,369,560,389,921,772,354,718,374,515,474,514,Run
337,521,509,781,398,560,460,852,663,405,828,343,571,326,477,Run
288,744,515,901,434,546,460,714,647,503,959,282,642,153,539,Run
128,920,454,795,447,533,507,764,361,640,1002,333,657,123,439,Run
168,988,459,653,513,518,619,575,550,746,1016,376,627,148,395,Run
317,931,461,520,507,503,375,643,574,765,977,430,597,239,397,Run
447,828,464,549,503,498,340,555,598,812,868,500,576,329,430,Run
527,723,477,594,547,522,290,563,589,804,716,548,549,369,478,Run
551,636,483,630,565,508,143,543,538,748,624,564,520,411,503,Run
558,579,481,659,591,487,93,451,481,728,525,588,508,462,516,Run
577,547,479,643,647,505,256,290,415,698,400,604,492,502,527,Run
603,527,488,652,757,532,302,543,592,678,383,590,467,532,522,Run
617,520,492,686,883,581,368,531,601,693,417,576,465,544,511,Run
617,516,489,700,963,604,363,436,502,715,412,587,481,532,493,Run
622,526,481,642,922,597,303,414,478,762,394,595,509,503,479,Run
613,553,468,592,823,578,260,390,482,793,439,582,535,461,513,Run
587,658,437,658,831,602,248,375,511,796,484,587,587,321,494,Run
520,871,378,571,570,484,229,395,545,920,582,566,528,188,508,Run
409,959,338,566,624,538,142,354,594,988,864,403,506,132,459,Run
314,1000,340,651,620,564,205,389,603,985,967,354,496,183,389,Run
277,946,388,680,583,592,357,417,594,892,945,297,492,254,416,Run
256,790,446,738,558,614,473,449,602,696,811,276,506,330,479,Run
281,638,506,905,475,586,478,444,585,528,587,299,528,392,485,Run
337,540,559,912,349,484,458,451,601,453,526,307,541,415,471,Run
337,503,586,762,215,484,434,486,604,402,530,312,521,438,500,Run
350,425,629,688,516,660,400,524,615,365,532,317,520,483,533,Run
382,351,647,705,401,615,366,587,629,362,534,332,533,533,524,Run
397,367,613,691,358,565,330,713,694,379,576,329,534,551,513,Run
404,412,586,717,334,559,250,885,762,406,622,320,507,546,498,Run
386,432,571,743,348,551,257,975,816,457,670,310,486,528,476,Run
358,448,531,750,386,543,410,948,726,535,780,289,576,478,487,Run
329,526,477,764,405,526,463,811,601,626,918,287,606,192,486,Run
321,784,415,850,434,540,567,653,772,839,988,258,600,128,533,Run
148,928,362,717,464,533,615,763,394,961,986,351,602,182,352,Run
178,992,380,610,522,546,598,558,638,975,909,434,602,196,413,Run
386,905,402,593,550,519,334,630,592,905,873,489,578,323,410,Run
469,761,445,637,571,538,321,552,627,846,731,564,539,379,438,Run
548,670,480,664,571,551,149,539,584,772,579,609,501,411,453,Run
565,631,490,696,589,542,90,500,472,706,475,635,481,437,476,Run
565,585,499,703,690,572,178,334,410,655,398,651,495,475,522,Run
585,555,503,686,835,586,320,487,538,624,352,640,493,525,523,Run
611,553,495,694,957,607,303,484,592,620,347,610,489,533,509,Run
611,562,479,667,973,604,332,464,538,636,366,577,496,519,491,Run
610,571,465,605,916,598,309,416,508,665,386,566,517,521,477,Run
602,599,446,579,824,573,270,429,491,695,446,560,506,525,439,Run
577,632,425,592,549,628,275,379,532,730,500,522,555,422,514,Run
544,699,416,820,745,508,273,355,562,822,611,479,570,182,582,Run
478,874,365,410,636,556,201,386,565,954,725,463,512,79,514,Run
322,974,356,651,627,537,166,407,602,1000,904,404,480,136,409,Run
163,999,398,677,601,581,312,436,594,911,975,338,493,205,407,Run
148,921,440,703,579,613,414,486,607,749,876,334,513,312,450,Run
191,782,484,859,522,636,500,482,599,579,717,333,534,381,490,Run
262,621,534,957,400,518,463,492,582,466,595,340,551,431,482,Run
299,516,573,840,254,447,437,504,577,410,552,340,531,454,490,Run
318,398,606,695,471,615,401,545,577,376,547,336,523,469,528,Run
355,305,626,679,468,642,375,605,607,365,561,347,528,506,529,Run
379,281,608,672,330,581,360,706,678,393,611,332,526,540,515,Run
376,336,567,679,333,538,307,841,743,427,681,321,507,547,515,Run
376,384,560,711,326,543,279,920,826,444,700,330,483,543,498,Run
355,415,554,752,350,527,398,907,791,495,750,316,510,509,485,Run
350,443,521,775,364,516,445,830,679,569,858,307,616,273,489,Run
305,574,463,869,416,529,539,761,756,748,966,277,616,194,516,Run
137,792,419,793,447,518,513,731,384,927,993,311,599,168,425,Run
83,944,399,676,501,534,496,614,600,958,947,352,601,218,389,Run
241,973,386,637,522,541,337,644,597,973,879,421,592,273,437,Run
384,855,404,631,546,572,314,571,603,912,732,511,545,350,453,Run
514,733,446,644,546,594,178,568,572,820,622,547,514,388,475,Run
574,648,471,654,575,567,57,515,473,763,578,573,492,442,506,Run
604,602,477,666,684,561,126,306,397,732,501,603,494,488,536,Run
652,565,480,636,852,582,288,429,575,720,419,624,486,505,526,Run
677,555,484,653,967,598,275,499,626,716,389,630,467,529,510,Run
652,570,475,660,994,582,314,463,513,704,370,619,470,522,499,Run
624,616,452,600,919,561,183,440,485,697,347,608,478,505,481,Run
585,693,434,514,752,748,160,366,516,703,334,596,543,422,505,Run
528,775,410,705,618,375,169,341,560,741,334,611,601,183,478,Run
417,914,378,419,587,576,128,358,563,915,409,565,583,156,484,Run
254,987,352,673,626,558,181,359,574,986,802,450,504,183,396,Run
130,961,392,682,587,588,364,408,562,1010,952,311,486,255,400,Run
148,836,435,723,565,600,550,456,588,877,971,276,480,346,461,Run
239,714,466,896,478,606,541,454,573,691,740,338,514,388,500,Run
293,589,505,923,341,511,497,460,579,558,559,318,562,434,492,Run
314,441,552,764,307,499,473,478,596,446,609,303,549,445,510,Run
350,338,593,669,483,623,423,504,606,390,603,314,523,487,511,Run
386,277,611,698,435,610,397,568,642,406,666,297,514,511,524,Run
388,296,602,676,369,560,336,630,667,424,707,307,516,535,511,Run
376,364,584,678,337,575,251,768,731,412,692,321,518,539,514,Run
371,409,581,702,346,565,215,913,776,430,695,322,508,531,501,Run
361,442,585,707,388,548,365,913,757,477,695,338,491,479,493,Run
339,517,558,738,420,542,446,878,693,545,771,318,535,228,528,Run
235,665,548,845,432,569,486,843,776,732,931,271,635,160,496,Run
79,801,494,821,444,557,632,625,375,919,972,287,648,172,412,Run
111,949,443,712,498,568,567,642,566,958,967,312,632,220,399,Run
195,944,425,657,514,532,312,614,598,1000,883,394,588,288,442,Run
332,842,419,652,547,518,346,570,600,957,726,477,554,349,467,Run
461,760,421,662,559,521,256,584,579,864,636,521,512,369,472,Run
535,679,427,677,559,506,103,517,556,815,563,575,494,413,491,Run
570,620,440,693,609,503,98,416,489,750,467,610,502,451,534,Run
599,573,458,657,707,521,251,419,448,689,405,629,489,500,534,Run
624,557,473,670,894,536,273,518,611,671,368,639,466,538,511,Run
632,560,468,700,980,590,295,427,546,703,376,624,462,526,500,Run
618,570,457,672,1004,605,266,405,497,707,408,595,480,491,493,Run
610,603,456,593,924,590,227,392,487,700,445,576,502,456,510,Run
581,656,445,627,838,778,198,368,492,713,475,549,587,273,501,Run
522,765,418,708,622,515,228,343,529,789,582,482,570,236,474,Run
418,912,396,501,608,571,187,351,539,927,794,407,529,183,467,Run
297,975,395,672,622,589,192,366,570,934,945,308,516,226,354,Run
144,912,442,688,589,599,333,415,553,840,955,278,505,259,377,Run
197,774,477,750,556,599,476,453,562,688,864,287,495,328,436,Run
265,695,489,904,486,576,485,468,560,570,746,317,523,384,477,Run
328,592,509,917,374,472,442,468,566,493,652,345,544,435,488,Run
364,496,535,772,253,480,403,498,572,442,605,353,544,461,520,Run
391,426,558,723,547,640,344,535,584,387,571,375,524,515,524,Run
413,342,582,716,458,610,299,591,615,324,534,406,525,556,528,Run
411,323,578,704,413,571,244,668,697,317,558,405,532,558,521,Run
411,352,569,756,361,578,162,876,783,345,628,384,522,528,510,Run
401,352,571,764,340,570,270,945,844,373,684,380,511,498,497,Run
383,401,574,743,361,552,442,948,783,429,725,369,517,434,479,Run
368,482,551,770,383,537,459,865,681,488,811,354,577,196,472,Run
299,664,504,797,418,550,377,825,779,611,946,301,644,158,477,Run
141,832,468,706,446,535,648,709,522,772,996,288,614,218,364,Run
126,959,439,575,509,532,489,623,591,907,985,330,584,218,373,Run
287,950,412,575,504,520,304,573,620,907,879,404,574,316,412,Run
405,777,420,615,531,528,338,547,620,853,737,472,555,346,448,Run
491,641,444,663,533,535,255,566,598,776,608,521,520,387,465,Run
539,577,459,694,562,515,100,531,522,725,525,560,493,437,493,Run
568,546,470,719,615,515,131,415,448,695,465,577,491,490,522,Run
588,533,489,725,740,550,294,295,437,675,413,587,479,526,520,Run
615,529,507,745,908,595,299,538,603,670,379,592,467,548,518,Run
616,551,503,751,985,630,320,492,563,677,354,596,471,537,510,Run
592,569,494,646,961,610,336,399,492,684,364,592,496,517,495,Run
576,597,488,581,822,534,222,426,479,688,420,575,492,486,483,Run
545,675,467,550,520,696,191,403,513,710,477,530,604,310,475,Run
514,769,449,728,654,378,204,349,555,765,580,472,572,181,513,Run
454,897,408,392,596,553,168,365,549,923,792,407,554,139,465,Run
328,980,385,671,602,565,219,355,560,956,943,355,536,187,387,Run
178,944,415,680,578,594,398,420,557,829,995,311,516,268,404,Run
197,807,437,733,551,594,509,462,557,655,946,301,490,325,465,Run
278,690,454,888,485,574,515,485,551,528,782,331,507,382,474,Run
335,584,487,901,398,486,472,485,561,470,634,337,557,421,498,Run
373,444,542,795,300,491,432,505,573,442,564,317,548,456,509,Run
371,302,592,675,488,645,392,543,588,406,556,349,528,500,519,Run
376,194,599,697,491,618,335,597,634,351,530,399,517,551,517,Run
359,212,579,697,425,584,281,674,721,334,579,409,507,560,507,Run
353,253,604,755,372,569,200,873,804,354,648,404,493,538,505,Run
312,343,621,748,337,563,318,898,861,389,712,414,524,523,516,Run
233,546,568,736,363,551,447,873,761,453,744,414,517,336,426,Run
168,756,528,815,378,537,447,742,581,536,899,349,631,196,522,Run
82,853,515,811,417,533,313,779,538,674,980,346,653,160,453,Run
165,960,459,709,456,533,666,654,569,801,985,388,611,207,384,Run
252,940,431,598,512,539,391,627,583,812,946,410,566,231,405,Run
352,817,430,579,514,535,324,548,620,834,872,458,533,329,445,Run
431,724,428,612,506,541,296,548,611,819,719,515,520,376,459,Run
490,657,427,653,524,541,162,550,557,766,628,539,500,409,477,Run
523,596,427,682,542,532,106,489,480,732,584,563,501,457,507,Run
552,541,435,704,611,546,197,342,407,711,463,606,509,519,520,Run
584,517,442,717,764,569,309,463,551,694,349,631,485,544,531,Run
625,524,449,726,917,607,304,531,624,696,336,613,465,529,527,Run
632,524,453,724,976,613,370,482,528,696,380,581,477,504,508,Run
618,531,454,621,917,602,267,447,485,696,424,561,493,489,483,Run
600,579,456,576,767,598,212,412,490,694,459,536,527,434,494,Run
562,668,437,661,855,524,210,375,522,724,535,467,587,205,443,Run
510,793,415,520,658,488,235,352,538,858,735,387,541,158,506,Run
397,944,386,576,602,536,182,364,561,926,916,320,512,191,373,Run
240,991,396,669,587,583,218,369,588,845,980,293,515,216,347,Run
189,873,449,692,568,592,393,432,592,712,913,305,497,286,400,Run
242,740,480,772,546,594,518,462,585,585,796,337,500,352,463,Run
325,639,499,920,461,558,493,475,566,526,696,363,547,401,485,Run
382,550,526,866,376,471,462,468,575,480,622,378,560,450,491,Run
398,444,566,718,309,537,412,495,579,442,564,386,534,474,514,Run
409,355,588,687,543,656,362,542,599,391,540,395,514,514,525,Run
409,317,598,694,443,592,306,575,626,342,542,401,512,558,517,Run
404,336,597,720,424,567,248,695,703,304,540,403,512,554,514,Run
391,374,586,762,335,575,192,905,794,317,603,383,504,532,509,Run
380,402,580,771,346,558,332,935,819,355,686,369,546,496,509,Run
362,463,560,769,378,547,458,918,749,416,769,363,546,294,430,Run
301,621,508,863,423,546,440,705,628,514,922,316,617,191,528,Run
141,812,464,794,434,520,377,759,451,689,987,310,638,169,442,Run
98,942,429,653,466,523,624,620,555,882,1000,356,604,188,375,Run
250,960,403,559,488,515,341,627,589,888,937,395,585,252,420,Run
377,818,412,566,496,514,332,563,603,888,837,465,559,307,450,Run
451,733,433,613,524,528,301,549,609,827,679,524,532,355,469,Run
520,648,451,653,533,528,193,546,570,763,576,567,514,397,499,Run
556,596,461,687,557,514,85,489,486,726,483,610,506,452,515,Run
573,558,470,696,635,519,184,397,417,678,403,614,495,496,512,Run
588,539,474,704,746,557,318,391,496,659,396,598,465,535,518,Run
608,542,470,745,916,595,299,523,618,661,413,582,459,550,516,Run
613,542,467,753,986,595,348,466,546,671,408,569,475,529,510,Run
613,526,470,638,929,579,348,443,492,673,430,555,500,514,481,Run
606,548,466,589,816,541,250,435,490,668,464,542,512,463,493,Run
581,633,444,548,670,805,231,387,513,685,522,504,610,275,504,Run
501,831,395,745,527,459,257,366,530,770,646,437,565,177,503,Run
344,960,359,486,605,574,197,360,553,923,799,368,521,147,457,Run
229,985,374,659,600,563,223,373,576,901,947,317,526,198,386,Run
216,868,415,669,576,586,370,430,587,769,917,303,505,269,404,Run
252,775,444,704,564,589,488,457,599,631,837,315,500,353,442,Run
304,672,473,814,528,598,486,484,577,528,725,326,539,390,484,Run
362,562,508,932,436,545,460,477,576,460,634,333,573,422,505,Run
372,461,549,828,348,506,415,487,577,403,558,342,540,450,491,Run
370,370,582,646,308,588,366,521,586,368,514,356,505,490,521,Run
386,284,598,678,561,637,317,566,605,333,526,373,512,537,542,Run
386,296,587,704,428,576,263,641,662,351,588,354,524,570,524,Run
379,348,578,730,408,567,199,857,743,375,670,343,516,549,513,Run
360,388,584,762,352,574,276,915,806,403,766,357,528,537,503,Run
335,444,574,765,382,566,424,911,758,441,815,387,499,459,474,Run
291,576,531,814,402,551,465,809,658,503,904,382,616,187,574,Run
163,724,501,841,429,547,428,776,617,661,982,356,636,157,479,Run
52,846,456,731,455,525,718,719,587,877,1009,377,629,204,414,Run
115,963,422,577,495,519,451,614,587,942,993,398,616,213,416,Run
232,869,413,557,491,504,327,561,597,942,917,455,586,295,427,Run
364,756,429,596,518,507,318,559,587,904,747,523,553,334,459,Run
452,674,444,642,530,517,244,586,550,822,620,550,520,351,483,Run
490,634,453,666,529,509,115,528,499,750,544,558,513,407,512,Run
530,599,457,698,585,506,161,448,453,692,471,566,515,480,529,Run
566,567,458,694,700,526,326,308,432,655,420,563,488,540,524,Run
606,548,471,723,835,548,322,519,598,660,414,552,460,562,514,Run
630,540,474,770,962,565,324,502,574,678,408,540,463,532,511,Run
630,540,464,706,962,565,378,432,487,685,402,526,481,510,498,Run
622,554,458,613,879,552,307,445,479,683,423,520,495,492,492,Run
603,581,457,584,604,728,255,445,479,669,449,508,575,396,512,Run
547,666,430,835,774,457,253,375,516,687,528,473,608,163,509,Run
403,839,341,467,682,552,236,388,529,796,660,397,545,145,478,Run
235,935,333,648,617,552,170,368,579,939,845,335,534,178,399,Run
123,872,384,671,573,595,288,418,571,903,957,305,529,248,370,Run
154,781,420,690,549,605,431,464,599,772,913,309,505,340,408,Run
218,708,445,758,533,622,498,476,585,628,839,317,530,389,461,Run
285,632,465,892,460,577,472,497,569,527,726,341,574,415,511,Run
339,540,508,839,387,495,448,478,589,461,622,360,547,434,508,Run
369,440,561,707,324,530,416,499,606,408,575,378,499,468,509,Run
392,345,602,647,489,640,376,539,628,351,543,391,491,521,523,Run
421,302,611,662,505,630,346,591,669,308,566,390,513,556,523,Run
423,323,584,705,442,583,296,719,729,306,632,375,526,549,520,Run
417,337,572,739,382,580,248,868,787,327,706,366,514,529,508,Run
401,345,586,756,356,575,375,885,803,373,771,365,535,502,523,Run
379,398,580,760,392,558,466,840,735,423,852,375,535,310,437,Run
292,544,506,859,435,541,466,729,645,549,958,320,633,132,537,Run
104,744,451,839,457,525,282,720,503,748,1001,307,622,180,426,Run
53,871,432,719,474,514,614,657,575,906,1012,320,594,183,378,Run
148,938,419,581,504,499,393,616,584,960,992,342,566,228,385,Run
276,846,396,572,496,500,351,574,595,988,883,433,561,321,413,Run
386,767,417,618,530,506,319,562,597,903,702,523,525,349,462,Run
481,672,465,649,553,496,245,578,574,808,622,561,516,366,501,Run
538,615,485,673,559,474,92,525,502,761,559,580,533,437,510,Run
568,593,479,669,639,493,139,451,416,729,456,606,519,508,519,Run
596,577,476,656,768,538,304,327,405,687,379,614,470,521,522,Run
605,582,475,672,928,576,319,512,609,689,387,594,456,525,527,Run
586,604,460,696,992,603,340,483,590,700,406,563,481,521,508,Run
573,611,448,656,981,576,337,430,506,696,406,551,503,509,467,Run
557,645,440,571,813,541,231,456,496,689,452,532,541,438,490,Run
535,679,435,678,832,607,190,406,515,727,523,475,584,189,471,Run
488,743,414,551,701,492,169,359,541,817,626,436,550,173,497,Run
403,897,381,603,618,549,110,365,577,903,756,384,534,209,386,Run
204,980,376,653,597,595,234,377,558,921,927,323,527,213,351,Run
97,846,457,675,565,611,420,442,561,782,965,288,516,308,393,Run
214,707,485,758,536,604,541,442,567,639,870,315,508,381,484,Run
288,652,483,908,464,582,514,450,550,535,727,357,532,415,517,Run
351,549,507,883,383,490,478,461,560,460,643,366,527,422,512,Run
377,433,540,728,258,502,442,491,575,393,596,374,508,465,504,Run
396,334,578,664,540,654,415,526,592,343,557,394,510,499,518,Run
409,275,592,684,477,613,395,596,622,295,569,410,525,542,523,Run
398,297,578,726,432,589,348,663,679,287,611,370,530,549,521,Run
392,347,575,765,342,579,256,833,766,289,638,369,511,517,508,Run
377,399,590,785,351,574,276,909,842,331,675,369,548,487,524,Run
334,484,571,805,409,564,418,898,792,452,830,328,521,343,425,Run
260,694,496,904,423,554,466,769,610,628,957,279,609,120,513,Run
176,835,468,805,436,528,309,716,573,882,999,263,660,158,405,Run
200,893,409,660,462,525,676,670,607,975,985,365,630,194,355,Run
266,929,382,515,458,524,373,624,604,1003,887,446,583,274,413,Run
376,855,391,554,499,517,338,545,616,955,793,499,550,315,449,Run
491,754,406,612,540,528,280,534,613,886,667,546,525,349,461,Run
549,680,426,640,542,517,152,545,552,813,553,577,505,405,483,Run
575,615,446,672,574,508,88,473,460,744,477,587,503,467,521,Run
599,568,468,679,680,523,199,335,374,700,427,592,494,519,528,Run
632,539,472,697,816,548,333,416,567,684,353,610,475,549,523,Run
651,535,461,746,947,583,302,493,604,684,290,632,469,536,520,Run
651,535,455,738,990,591,343,437,508,681,259,608,483,525,498,Run
620,553,442,641,904,583,267,457,490,695,305,586,508,506,467,Run
579,625,411,591,744,567,221,414,507,692,382,577,540,428,496,Run
524,743,401,694,756,648,221,362,541,717,447,527,610,194,543,Run
423,905,357,672,562,478,218,367,556,871,620,419,537,142,488,Run
272,974,317,545,580,551,174,382,577,972,862,323,492,157,379,Run
128,961,365,670,595,605,270,399,588,969,970,273,505,216,384,Run
154,799,428,686,561,613,453,465,605,810,955,263,486,327,439,Run
228,683,461,769,530,602,549,469,611,634,863,296,521,357,489,Run
323,585,493,926,438,578,518,475,603,505,687,339,559,400,517,Run
367,480,542,882,357,489,498,483,624,406,577,354,548,442,500,Run
363,400,568,684,306,534,459,509,640,364,540,362,525,470,515,Run
386,318,593,659,496,644,419,572,658,341,553,366,521,512,533,Run
395,282,592,725,448,607,392,669,691,349,605,357,516,545,522,Run
389,331,566,753,400,556,323,794,724,394,677,322,502,550,517,Run
383,393,553,769,343,563,280,887,786,417,740,320,491,545,501,Run
364,424,556,766,361,558,371,891,772,442,762,330,493,498,463,Run
339,483,526,782,376,535,456,794,672,507,849,321,606,202,504,Run
271,645,475,870,421,551,533,703,783,685,965,279,613,164,470,Run
100,846,406,760,442,533,464,736,368,902,1005,304,617,204,385,Run
90,962,367,633,485,533,576,562,564,963,935,378,593,209,381,Run
214,929,365,540,500,528,356,620,574,973,858,457,564,282,417,Run
367,805,390,568,487,532,339,565,602,904,707,527,528,357,456,Run
493,707,429,612,507,542,248,548,602,813,597,553,495,393,481,Run
546,636,455,616,527,537,98,507,530,738,547,566,504,433,506,Run
568,589,468,650,606,541,122,415,430,686,482,585,519,496,527,Run
597,563,475,644,734,570,293,282,416,664,403,613,499,520,533,Run
629,545,489,664,895,618,335,497,633,668,355,633,472,530,538,Run
636,545,475,698,979,628,342,473,578,680,343,615,477,532,508,Run
615,571,452,684,966,608,313,444,508,686,371,578,496,509,477,Run
605,614,444,593,858,565,196,455,474,691,427,566,522,471,489,Run
565,677,435,650,817,643,193,386,509,716,490,538,550,273,439,Run
523,775,424,671,700,474,187,366,543,784,568,469,543,157,503,Run
451,933,389,559,613,552,111,364,560,938,803,377,528,170,399,Run
325,993,381,666,617,579,210,366,562,961,948,308,510,195,341,Run
169,943,435,684,569,609,394,440,557,855,985,273,504,283,394,Run
176,800,478,759,532,636,537,451,566,696,907,292,506,358,486,Run
253,677,492,923,450,590,505,458,560,562,739,349,535,408,516,Run
325,577,505,897,339,461,467,465,570,456,627,380,526,439,495,Run
347,458,552,720,274,467,425,518,587,411,628,399,512,478,510,Run
369,340,600,680,509,631,402,570,604,368,612,417,527,509,525,Run
373,290,610,691,405,602,377,626,629,331,602,423,536,548,522,Run
382,311,598,683,368,542,346,717,700,345,626,395,529,536,528,Run
389,341,585,694,346,542,290,848,767,356,658,367,508,509,513,Run
373,382,589,725,380,542,288,923,788,390,676,344,507,489,481,Run
351,456,575,743,373,542,409,883,767,461,710,327,507,458,446,Run
302,559,514,756,377,534,449,800,654,538,837,303,580,211,505,Run
162,745,492,858,429,570,447,550,671,700,962,295,647,121,520,Run
93,904,442,766,459,554,459,772,407,879,1002,322,632,192,335,Run
169,973,407,637,517,569,740,548,613,896,980,396,608,191,387,Run
327,931,399,577,538,548,315,627,613,876,875,472,566,312,444,Run
455,806,422,603,556,549,335,551,622,816,721,534,530,354,492,Run
520,693,441,626,563,559,234,534,613,737,584,573,503,408,493,Run
560,612,463,645,561,530,79,501,522,704,501,602,501,458,499,Run
590,550,476,670,641,551,126,376,429,671,413,625,499,483,515,Run
610,524,479,663,762,573,295,307,518,640,352,626,486,508,529,Run
638,528,477,668,906,577,302,515,661,658,342,612,477,546,521,Run
643,532,467,683,975,584,349,462,559,687,354,594,488,538,512,Run
623,530,471,641,936,562,302,416,480,705,415,580,511,517,479,Run
605,557,476,578,830,545,236,413,461,713,476,559,510,470,476,Run
575,667,459,556,554,637,236,372,501,759,536,505,567,276,510,Run
520,810,445,775,716,429,248,332,537,878,688,437,543,168,542,Run
398,951,416,421,606,561,215,373,538,975,859,418,504,106,445,Run
274,998,413,657,615,571,184,389,562,994,968,400,482,152,382,Run
199,956,429,674,597,591,308,440,545,837,976,364,454,257,419,Run
197,808,465,719,575,601,438,488,556,667,884,367,471,340,470,Run
260,665,498,893,514,584,490,497,558,556,743,368,527,383,498,Run
329,580,514,944,374,472,449,504,558,494,664,367,553,429,501,Run
378,505,540,775,199,432,416,501,573,443,596,363,547,472,509,Run
399,416,577,678,536,618,368,532,585,408,556,374,540,503,528,Run
427,340,590,696,441,603,338,591,624,370,553,386,541,527,528,Run
441,331,580,661,348,566,313,660,684,361,558,397,537,548,505,Run
444,372,553,651,298,555,288,782,758,370,574,408,528,537,518,Run
430,404,541,674,336,546,263,882,791,379,598,428,506,510,508,Run
413,404,554,701,411,545,367,879,777,400,625,442,515,483,512,Run
374,420,558,724,422,554,446,829,694,456,687,441,514,315,430,Run
307,524,531,847,424,560,446,632,630,550,856,388,608,158,562,Run
132,723,503,847,447,558,347,795,667,736,966,354,592,177,453,Run
43,913,485,744,501,549,659,673,537,895,1001,372,599,142,392,Run
153,982,448,660,541,537,475,610,572,981,1016,393,500,367,485,Run
275,914,431,644,592,529,348,570,597,981,933,484,519,387,489,Run
407,788,451,636,610,560,343,555,600,885,758,558,506,394,483,Run
478,676,467,633,612,554,287,560,612,754,647,591,511,416,487,Run
516,622,469,651,612,557,148,535,578,679,591,614,528,469,529,Run
539,582,476,647,647,577,48,435,498,644,524,637,508,506,520,Run
566,550,487,627,775,590,202,231,439,632,466,650,482,545,496,Run
593,544,488,665,885,598,246,545,633,642,427,646,484,536,504,Run
620,546,473,686,913,590,329,455,602,654,388,637,503,512,495,Run
633,536,467,659,860,556,329,400,488,660,366,615,514,493,485,Run
645,537,469,626,772,509,266,408,477,661,377,591,520,508,520,Run
627,580,454,593,680,492,264,386,481,671,423,573,583,328,511,Run
602,641,442,555,568,691,281,372,518,696,500,541,561,106,570,Run
580,720,452,805,706,419,287,379,543,752,647,479,445,145,428,Run
523,876,415,462,651,471,270,393,544,912,868,441,423,254,403,Run
354,973,379,614,614,562,256,425,565,955,970,379,482,332,408,Run
128,960,442,679,614,579,351,425,559,820,977,361,523,318,500,Run
132,799,482,723,568,596,440,494,591,668,865,362,558,392,495,Run
200,679,503,886,483,605,438,519,584,513,732,355,545,470,515,Run
283,590,535,940,391,484,397,518,601,404,623,359,541,491,549,Run
345,482,582,789,221,443,361,509,602,354,577,357,538,513,534,Run
389,388,615,667,464,603,311,540,596,337,575,361,511,547,502,Run
418,324,630,705,495,621,299,641,625,337,581,361,497,541,506,Run
411,330,606,724,395,570,318,763,681,359,598,362,482,522,492,Run
391,382,568,734,353,557,324,919,772,381,640,361,519,491,510,Run
364,415,555,751,365,562,349,985,857,409,713,343,605,296,522,Run
320,454,533,787,377,554,442,992,813,471,811,332,657,123,489,Run
256,584,474,919,400,549,517,797,628,578,932,287,622,185,378,Run
102,711,430,875,408,529,380,811,531,755,992,271,576,200,403,Run
63,902,400,745,466,509,772,592,572,929,990,357,568,240,424,Run
224,944,378,610,489,502,350,632,589,901,916,432,547,296,435,Run
386,790,411,581,479,499,353,576,603,855,813,512,517,342,468,Run
486,685,450,603,502,498,272,561,586,786,658,578,504,411,514,Run
555,634,467,635,515,496,113,514,532,728,547,611,508,475,557,Run
576,607,478,660,561,482,108,417,472,675,478,622,497,540,535,Run
594,563,493,662,632,494,237,323,426,621,424,628,488,564,499,Run
625,543,494,668,767,544,308,508,606,605,402,617,491,529,486,Run
638,550,480,720,927,590,333,479,597,636,409,589,510,501,490,Run
628,550,480,745,988,584,320,417,523,664,441,557,526,504,478,Run
613,579,475,645,947,564,249,446,500,678,483,527,495,501,511,Run
582,663,453,580,788,561,197,380,501,700,520,487,573,386,442,Run
546,742,440,659,805,502,210,335,517,728,612,423,561,132,513,Run
501,888,410,451,652,493,207,352,528,777,704,379,483,136,426,Run
353,978,355,649,623,534,148,359,565,798,786,320,481,229,324,Run
166,995,378,666,596,566,255,377,551,787,912,281,476,314,378,Run
110,818,442,699,564,593,460,482,555,701,862,286,500,366,495,Run
199,689,457,824,530,609,528,480,558,590,738,316,542,439,504,Run
309,605,469,956,423,550,482,463,550,481,644,323,532,443,513,Run
354,495,516,860,331,473,423,476,558,435,588,319,515,463,532,Run
381,391,552,692,387,616,364,511,582,400,560,314,541,495,525,Run
381,332,561,696,508,629,339,564,608,346,577,346,544,546,485,Run
374,322,562,694,417,600,309,638,674,311,503,370,512,538,498,Run
380,346,558,725,339,587,249,784,750,350,546,337,476,519,487,Run
373,377,550,760,330,566,219,935,834,387,637,326,508,461,505,Run
346,430,528,771,365,551,368,932,834,444,683,337,620,218,425,Run
321,516,497,775,382,547,451,887,758,501,792,354,663,79,521,Run
281,665,451,856,425,550,469,720,598,564,929,346,629,195,381,Run
203,739,442,814,444,535,332,797,552,701,992,340,579,237,372,Run
190,890,428,676,461,522,707,720,537,834,1001,398,568,337,479,Run
284,957,417,564,496,520,451,633,583,825,886,442,550,372,486,Run
405,833,439,560,529,539,319,562,607,798,808,482,507,411,472,Run
500,735,447,599,556,556,303,549,612,738,676,537,480,451,504,Run
553,670,453,616,571,545,157,557,559,686,557,562,484,483,518,Run
576,623,459,621,607,539,69,485,477,662,526,570,486,503,528,Run
594,569,460,594,685,532,173,323,411,653,478,580,476,531,510,Run
621,535,457,600,778,549,317,446,577,642,390,604,500,523,496,Run
638,523,442,660,878,609,329,505,606,632,310,622,519,495,499,Run
640,517,435,708,959,628,331,438,524,662,289,611,596,432,522,Run
632,533,424,665,902,596,264,415,495,690,283,616,518,182,470,Run
606,577,407,616,712,578,239,402,500,755,329,596,447,103,537,Run
554,691,388,783,863,617,242,350,525,906,501,514,451,178,410,Run
462,860,351,529,745,557,226,362,530,984,756,450,485,236,370,Run
268,967,321,573,627,563,189,360,550,1010,926,384,492,337,401,Run
123,889,393,670,603,578,269,382,560,915,979,336,521,383,503,Run
249,755,438,694,584,586,413,458,565,766,870,353,561,431,503,Run
298,736,448,775,562,597,500,454,575,652,712,358,542,468,493,Run
353,637,486,932,450,565,470,468,573,572,627,353,521,505,530,Run
405,522,532,843,371,488,440,467,580,508,578,340,523,531,524,Run
411,442,557,722,425,583,408,495,589,449,525,336,521,536,498,Run
389,359,587,678,526,631,360,528,601,402,525,330,514,514,498,Run
383,301,602,728,456,573,338,584,639,378,576,318,509,487,516,Run
369,333,579,766,393,585,296,711,708,357,680,299,514,408,514,Run
362,365,575,774,338,588,237,914,771,353,761,298,591,172,521,Run
350,401,580,789,372,587,331,946,794,392,767,330,653,105,535,Run
295,531,536,835,419,567,457,918,674,470,840,319,640,187,389,Run
144,780,493,889,428,553,611,842,811,658,963,267,605,221,403,Run
96,934,443,741,427,532,649,850,451,882,1003,299,574,315,454,Run
213,974,413,580,451,507,565,599,594,974,982,374,540,349,496,Run
309,848,428,516,463,500,345,587,605,999,878,461,502,390,494,Run
431,729,442,575,501,511,342,563,599,939,747,530,496,442,506,Run
505,682,442,634,522,520,248,576,580,860,633,577,484,498,515,Run
531,637,452,680,549,526,109,511,522,779,528,614,474,541,518,Run
551,591,465,694,590,514,123,426,452,683,433,631,487,557,525,Run
579,556,470,679,685,494,271,304,432,636,386,632,493,533,506,Run
598,545,473,696,814,532,339,518,590,653,381,630,508,501,486,Run
608,537,479,728,940,567,325,474,570,693,401,614,509,473,461,Run
607,524,473,726,960,576,332,440,502,714,409,593,499,414,509,Run
610,526,464,630,878,570,292,457,492,708,416,575,580,165,524,Run
601,543,454,568,739,532,247,423,482,713,444,552,559,118,509,Run
570,607,431,538,525,715,254,386,512,737,509,496,502,181,402,Run
519,777,415,750,632,367,262,367,555,816,637,441,501,251,348,Run
390,921,359,413,594,547,232,373,555,952,745,400,471,308,402,Run
165,987,395,664,590,567,244,372,592,982,915,377,496,370,457,Run
172,902,455,675,579,590,370,431,607,826,966,322,560,428,519,Run
204,790,473,723,545,590,496,483,619,677,896,322,557,468,530,Run
268,662,505,878,496,584,492,493,606,573,750,317,526,503,535,Run
329,557,531,899,409,475,460,487,621,489,683,269,508,541,526,Run
354,486,533,760,289,509,432,502,623,400,610,345,517,551,505,Run
375,440,550,658,526,652,390,549,613,311,521,388,527,536,506,Run
386,344,591,706,477,603,358,637,611,311,607,354,510,509,507,Run
394,246,607,775,450,577,325,755,635,319,629,360,544,487,517,Run
389,348,588,810,361,599,296,832,727,350,615,364,523,324,396,Run
381,425,570,806,354,583,313,885,744,393,661,329,642,118,558,Run
362,414,573,796,382,574,433,839,701,448,762,296,599,210,417,Run
330,447,594,860,414,564,513,748,621,555,926,220,574,177,348,Run
197,677,579,744,407,530,284,649,440,748,989,197,570,242,356,Run
64,889,574,622,448,528,644,613,538,926,1011,224,568,343,387,Run
178,980,495,521,468,503,398,594,593,987,978,324,538,382,472,Run
345,936,450,589,496,476,329,542,602,969,806,447,508,389,495,Run
483,816,458,651,536,482,289,555,596,850,689,539,521,438,508,Run
593,686,456,696,559,482,183,564,538,750,586,605,522,512,525,Run
606,649,448,709,577,503,76,488,491,693,484,637,502,541,524,Run
605,619,448,686,664,534,170,362,412,642,435,654,482,526,518,Run
609,565,453,686,812,596,339,378,491,613,419,637,479,508,499,Run
616,530,454,699,950,611,328,496,610,588,451,589,498,486,492,Run
602,521,454,712,990,585,320,432,517,576,475,558,507,486,471,Run
585,532,449,642,910,544,366,426,458,601,469,542,559,464,498,Run
578,545,441,580,765,488,328,396,464,641,467,510,570,234,557,Run
571,582,434,557,537,667,288,398,496,700,532,472,486,121,527,Run
530,718,407,721,718,344,272,394,543,786,589,445,471,183,434,Run
443,905,384,408,639,557,205,376,538,868,601,400,493,224,416,Run
323,973,389,644,614,559,192,399,564,913,861,311,489,309,453,Run
193,990,422,651,586,590,284,435,577,859,882,293,522,375,470,Run
166,880,466,673,561,605,400,485,611,817,915,277,560,399,498,Run
207,726,512,755,558,623,437,528,611,676,948,288,547,431,494,Run
296,582,571,920,448,575,433,521,631,535,816,350,507,467,497,Run
343,489,612,868,373,498,416,512,628,434,733,377,510,503,525,Run
364,423,658,707,307,575,375,549,635,286,733,397,524,533,520,Run
376,342,696,651,505,650,360,624,667,183,626,429,532,538,513,Run
386,288,709,692,370,605,373,736,708,202,605,392,544,537,517,Run
359,294,675,706,335,578,370,846,765,230,644,348,522,484,490,Run
290,200,682,748,339,565,351,933,775,230,740,311,588,211,525,Run
202,79,710,819,406,560,432,928,750,287,922,249,606,98,464,Run
69,72,831,892,453,541,486,858,640,440,988,245,576,172,390,Run
28,389,765,936,434,528,507,788,735,716,1008,297,569,220,375,Run
9,814,547,794,443,501,501,636,419,922,1015,343,561,315,410,Run
1,787,509,640,452,510,457,532,580,988,1018,450,532,350,450,Run
45,713,447,562,468,530,326,597,590,1010,886,572,511,380,469,Run
219,733,409,572,509,550,341,561,600,931,678,642,516,432,500,Run
385,740,392,611,528,549,264,563,595,817,506,656,509,506,538,Run
476,736,369,653,542,528,106,537,521,746,437,628,481,540,523,Run
527,742,364,667,616,516,52,385,472,697,393,569,469,518,521,Run
557,738,355,700,739,537,223,309,469,726,384,539,475,496,513,Run
560,742,335,743,902,582,283,548,641,791,375,507,497,486,488,Run
567,727,344,786,981,612,313,499,584,803,384,495,516,464,500,Run
553,723,320,705,996,600,264,416,543,827,378,514,610,348,444,Run
526,715,321,624,897,564,185,408,535,878,452,452,541,193,514,Run
455,715,334,591,586,668,174,328,519,897,638,398,468,117,473,Run
340,797,325,762,838,480,190,339,538,919,673,401,480,228,343,Run
127,929,319,462,710,552,201,350,549,987,829,400,492,285,372,Run
40,788,411,616,616,553,219,350,548,922,958,345,497,370,455,Run
12,719,466,677,604,577,347,342,518,771,996,314,532,421,510,Run
18,743,465,727,567,594,491,388,535,661,867,312,554,447,490,Run
36,647,490,874,492,609,489,423,549,532,682,338,527,457,466,Run
109,509,523,941,368,525,446,420,568,405,544,326,496,487,508,Run
201,337,605,766,240,549,398,464,600,335,603,306,490,543,514,Run
262,120,699,697,436,667,398,527,644,299,624,315,511,559,497,Run
281,37,698,786,386,611,366,625,687,304,689,306,517,543,491,Run
228,109,652,836,355,594,295,759,760,345,783,303,527,541,485,Run
175,226,646,867,283,587,199,931,847,395,783,350,519,431,485,Run
69,432,606,838,317,562,271,992,836,468,771,389,578,146,572,Run
22,689,615,881,312,523,440,891,688,581,810,395,620,110,470,Run
6,832,632,762,332,494,382,920,683,749,900,415,598,200,394,Run
33,963,541,628,382,486,642,715,540,932,859,538,568,229,438,Run
206,934,516,556,434,494,489,595,601,909,767,583,544,313,448,Run
313,852,473,582,464,506,312,605,599,903,740,589,529,322,458,Run
456,799,412,642,489,531,283,572,601,825,617,564,508,363,464,Run
519,705,385,687,514,525,110,543,533,706,555,519,516,417,483,Run
538,627,386,717,629,512,106,429,455,601,575,482,521,484,514,Run
587,647,418,751,786,561,250,270,415,552,620,464,491,524,532,Run
654,712,448,811,945,609,317,451,561,567,654,475,483,543,507,Run
684,764,460,805,997,603,275,463,538,626,683,511,482,514,501,Run
694,812,492,634,951,576,226,451,515,640,670,535,503,511,472,Run
647,901,484,553,813,526,143,391,505,528,728,613,498,495,466,Run
549,963,546,702,758,572,119,386,553,556,694,653,575,374,529,Run
373,931,671,562,577,473,112,374,563,490,553,651,580,168,523,Run
160,981,727,629,600,556,143,377,553,451,528,618,505,106,523,Run
136,860,713,668,623,576,306,363,559,430,470,567,470,234,343,Run
261,755,683,710,563,603,525,449,554,412,519,517,485,254,380,Run
241,628,618,887,497,579,549,461,564,424,550,501,491,368,434,Run
267,509,548,951,378,446,484,447,602,447,508,500,536,417,513,Run
311,420,495,771,346,528,477,487,653,449,507,487,572,452,507,Run
322,331,472,714,500,657,441,508,672,463,483,480,533,465,496,Run
304,341,457,734,461,620,419,560,678,495,437,473,500,482,523,Run
283,408,450,734,373,575,378,674,689,527,412,475,501,525,532,Run
275,435,468,734,346,563,310,824,710,526,369,495,522,551,516,Run
250,448,488,757,380,553,291,945,737,497,310,517,523,538,502,Run
253,496,522,763,375,539,369,921,731,432,323,513,519,521,496,Run
261,574,553,786,397,541,437,809,641,385,394,551,512,421,471,Run
172,674,645,852,424,553,467,673,650,348,482,692,602,147,531,Run
169,873,736,746,430,535,414,787,416,351,604,837,623,144,517,Run
143,932,771,594,473,537,757,542,656,423,797,901,585,229,335,Run
270,958,720,546,484,533,371,624,637,497,947,820,582,202,378,Run
421,845,659,606,519,554,340,566,622,514,968,808,580,333,390,Run
567,697,626,652,547,565,236,547,611,615,746,850,564,360,442,Run
656,688,572,662,571,552,83,493,523,745,295,821,522,377,459,Run
682,693,555,650,631,558,163,372,435,766,223,667,514,427,476,Run
692,634,564,619,730,588,304,465,538,747,524,581,516,498,525,Run
644,634,509,650,866,621,341,512,599,697,331,576,486,527,537,Run
615,763,453,689,967,632,304,481,549,705,345,569,467,525,528,Run
625,721,475,659,980,594,255,424,494,723,400,570,469,516,507,Run
591,726,462,586,875,540,219,388,481,748,449,536,498,505,489,Run
548,832,449,535,681,713,219,360,499,807,561,516,519,498,480,Run
468,913,509,736,502,453,230,360,538,927,606,549,570,435,500,Run
350,984,528,466,597,585,176,371,537,992,797,553,610,214,531,Run
169,994,561,667,659,548,174,364,570,880,949,496,510,126,470,Run
152,878,589,684,588,585,296,377,560,762,828,484,497,186,378,Run
215,739,584,761,566,589,438,451,567,716,746,425,511,235,358,Run
261,580,560,928,486,556,497,465,569,621,728,396,489,323,424,Run
313,502,541,907,338,506,443,457,574,503,601,382,497,365,491,Run
339,417,525,739,314,551,396,492,593,445,573,365,533,398,495,Run
367,332,525,688,520,626,359,513,608,384,610,365,536,436,501,Run
352,288,534,707,442,600,319,586,646,357,604,373,520,478,486,Run
307,318,508,726,337,582,293,693,710,340,624,357,527,495,528,Run
286,384,497,737,334,569,275,885,784,354,720,331,530,524,524,Run
277,392,519,791,380,554,293,967,853,429,761,333,513,537,503,Run
255,441,537,831,383,546,429,946,792,528,849,311,501,541,503,Run
174,592,542,922,416,547,488,809,631,692,965,289,540,549,503,Run
56,765,548,887,432,528,466,843,613,907,1004,357,532,402,435,Run
50,938,573,718,458,501,697,681,557,945,984,455,570,137,568,Run
163,964,568,566,491,486,409,616,602,964,958,523,617,111,500,Run
297,949,552,554,512,504,343,571,608,935,771,580,597,195,411,Run
443,874,548,615,535,529,322,568,608,853,587,599,557,238,407,Run
526,766,553,648,571,544,184,558,583,796,507,591,543,317,432,Run
570,694,545,653,628,561,59,492,501,728,442,576,514,358,463,Run
607,644,525,640,744,576,139,274,417,681,383,562,497,385,474,Run
639,635,500,656,906,590,306,461,549,677,356,562,515,462,491,Run
651,620,493,682,983,608,319,461,578,713,365,552,526,537,516,Run
653,635,463,678,996,592,314,402,509,733,395,523,507,553,529,Run
637,680,434,626,888,576,282,430,492,717,431,506,484,538,528,Run
613,644,433,585,724,537,268,384,475,709,477,498,485,515,516,Run
587,692,428,529,584,487,283,391,501,742,535,459,502,499,503,Run
543,832,438,656,706,477,295,368,527,816,639,428,553,446,514,Run
450,942,429,360,624,482,278,392,520,908,755,423,556,248,414,Run
303,996,452,618,580,568,255,403,540,946,905,400,543,151,474,Run
179,939,499,670,589,602,338,448,558,836,983,365,537,208,423,Run
202,864,511,698,562,611,433,496,592,675,951,350,517,265,342,Run
225,739,532,848,498,626,471,517,580,563,807,342,501,318,394,Run
283,572,557,937,429,518,436,529,586,458,625,353,499,368,450,Run
306,384,598,820,293,485,404,525,587,399,550,341,519,387,502,Run
331,264,616,681,454,607,379,556,601,363,596,348,522,404,511,Run
337,233,629,711,517,619,375,611,641,339,635,369,494,430,504,Run
309,250,637,736,426,580,392,704,706,368,717,358,490,477,511,Run
249,281,637,777,327,598,370,816,766,399,742,387,517,514,519,Run
215,399,624,796,333,577,379,859,858,430,683,371,536,543,507,Run
203,535,601,810,386,563,431,883,813,478,772,336,533,536,504,Run
130,657,558,893,421,543,527,781,656,544,915,274,549,518,511,Run
41,876,454,857,418,524,619,767,596,660,988,261,513,357,469,Run
103,973,426,708,427,502,706,755,551,769,961,302,598,127,571,Run
230,907,426,534,452,514,431,605,611,760,861,374,626,189,466,Run
387,827,407,536,460,509,347,586,615,726,762,437,601,208,409,Run
474,749,415,603,510,516,288,560,612,728,634,508,579,260,442,Run
542,681,442,643,536,518,126,544,556,696,524,554,559,333,457,Run
617,613,450,675,539,511,80,445,462,688,455,603,534,368,475,Run
654,589,444,672,651,526,224,287,393,725,364,665,508,403,487,Run
671,579,447,655,783,565,332,494,590,832,303,689,504,445,501,Run
634,567,441,692,932,619,329,478,581,891,329,624,502,503,518,Run
587,603,404,717,991,612,303,419,509,928,422,560,481,544,530,Run
548,679,384,646,945,517,234,442,493,938,532,500,465,541,527,Run
502,735,385,546,737,671,216,389,480,928,621,424,472,527,500,Run
456,807,391,746,710,339,237,379,500,989,817,415,488,506,486,Run
410,910,408,412,630,549,224,372,510,1005,955,392,555,449,489,Run
385,908,449,672,667,549,169,365,537,899,999,376,568,248,528,Run
352,862,484,667,602,586,263,386,518,754,933,388,520,88,545,Run
341,771,510,709,580,593,427,479,522,621,810,392,472,136,465,Run
340,699,522,852,546,573,479,495,536,529,696,393,467,238,417,Run
369,574,542,963,435,530,440,488,550,465,613,394,465,334,449,Run
382,441,562,815,320,507,414,489,556,426,593,395,499,372,496,Run
378,335,583,746,515,650,352,520,571,380,584,406,537,394,500,Run
367,305,600,704,475,630,321,552,601,352,560,425,536,435,506,Run
322,321,590,699,374,590,291,618,660,362,575,420,531,489,517,Run
299,332,592,672,283,540,254,774,720,408,640,401,537,512,527,Run
276,402,591,695,313,548,245,936,808,461,701,386,531,541,508,Run
223,526,548,746,345,550,384,959,819,528,805,362,519,548,506,Run
132,696,503,825,357,548,464,909,724,634,947,341,507,541,492,Run
51,850,467,848,382,541,461,724,749,779,997,352,521,508,492,Run
102,966,434,757,424,541,647,604,528,889,1011,388,583,302,422,Run
219,942,422,667,506,550,526,613,602,852,928,447,619,99,573,Run
379,848,429,632,544,538,331,581,598,797,815,505,614,181,422,Run
463,748,449,636,530,539,322,569,598,749,673,555,604,217,405,Run
512,668,469,677,555,554,223,564,583,710,551,579,581,299,438,Run
546,613,478,704,559,542,80,511,515,685,478,590,550,379,461,Run
566,564,492,734,613,539,157,404,442,657,422,588,509,403,483,Run
593,539,502,747,729,543,255,411,474,656,383,573,494,437,504,Run
619,530,503,747,895,561,298,481,617,682,403,545,497,485,542,Run
632,523,495,720,970,568,355,469,567,706,425,532,470,519,545,Run
633,524,493,619,941,561,307,459,492,713,436,530,464,539,525,Run
622,555,486,569,874,527,230,434,492,721,470,511,476,529,496,Run
585,615,454,529,612,612,207,378,501,748,545,467,490,505,491,Run
549,709,449,741,824,518,241,351,526,799,721,430,558,379,468,Run
458,903,407,448,657,545,251,341,536,912,844,385,530,150,445,Run
271,983,412,653,629,533,212,357,543,941,960,380,502,125,504,Run
152,921,459,682,611,575,305,390,549,788,977,367,476,238,356,Run
217,810,464,702,570,585,429,458,561,669,908,369,485,297,379,Run
267,703,476,829,519,607,512,489,568,572,773,384,490,360,440,Run
344,563,509,936,432,529,459,484,567,509,659,390,514,399,510,Run
383,481,536,816,349,468,412,475,570,453,612,376,539,444,536,Run
401,408,560,702,494,622,349,507,593,402,608,401,537,482,522,Run
407,350,574,692,522,624,296,542,628,353,554,432,524,512,522,Run
413,337,578,705,446,604,261,581,680,321,535,437,521,530,513,Run
414,363,575,734,367,577,211,702,741,314,592,423,530,536,503,Run
399,380,582,762,374,570,186,862,811,326,647,432,527,523,511,Run
387,408,587,777,386,556,349,892,828,372,696,423,533,510,513,Run
363,481,566,775,384,549,451,900,766,416,830,412,497,432,434,Run
310,619,539,856,424,550,466,770,632,512,958,361,587,160,565,Run
124,754,477,794,426,530,491,775,632,657,999,362,643,138,494,Run
74,931,453,660,460,533,751,643,596,840,1014,368,619,177,396,Run
228,945,426,537,506,508,430,661,592,895,997,406,589,233,421,Run
340,849,425,546,528,506,374,570,607,915,849,485,576,324,456,Run
411,737,449,606,546,503,328,555,603,834,666,541,536,359,475,Run
476,630,480,664,569,496,238,549,593,749,578,575,503,394,479,Run
531,580,492,696,585,493,88,490,529,712,494,611,498,437,496,Run
555,561,496,699,633,513,174,403,452,664,396,623,496,480,533,Run
585,540,510,673,721,562,307,361,470,644,365,612,478,527,537,Run
614,537,518,679,866,620,307,538,631,651,394,589,469,539,523,Run
629,546,512,676,930,637,364,496,590,654,406,577,481,531,497,Run
627,549,505,641,914,620,371,423,516,657,431,566,496,511,473,Run
624,582,495,588,826,571,300,426,480,664,468,549,539,440,474,Run
596,661,469,582,573,646,271,429,472,685,521,525,556,192,537,Run
539,769,443,766,774,464,281,395,492,758,644,487,535,78,537,Run
451,920,425,438,675,555,284,393,526,910,812,431,478,157,464,Run
353,980,406,658,626,539,181,373,570,959,939,409,485,244,434,Run
213,971,412,661,596,574,202,385,569,847,950,395,483,335,443,Run
235,876,430,685,574,588,334,431,572,694,901,375,504,370,481,Run
253,763,456,755,555,610,430,470,582,592,821,359,546,415,507,Run
293,624,499,909,454,579,449,485,567,505,688,367,556,450,509,Run
309,518,528,871,380,504,432,475,568,437,568,349,539,492,508,Run
318,436,559,752,320,520,403,507,580,401,589,350,535,514,534,Run
367,310,601,668,492,644,359,541,593,367,589,372,528,543,518,Run
391,248,602,689,426,605,340,597,637,328,545,392,519,547,504,Run
364,304,583,701,397,576,342,701,706,345,564,374,501,531,507,Run
354,359,585,747,349,577,301,883,786,348,715,364,501,518,505,Run
335,414,572,784,354,562,317,959,822,397,836,387,486,422,468,Run
289,539,546,843,394,549,439,921,769,475,933,384,588,148,500,Run
158,757,514,885,435,532,470,940,831,627,991,372,625,96,505,Run
129,923,472,771,455,502,598,639,551,831,1010,417,593,209,351,Run
223,961,447,633,473,498,401,610,587,918,971,455,585,200,385,Run
331,833,448,563,487,495,332,567,609,879,913,485,554,326,407,Run
437,753,456,589,502,502,329,562,600,856,777,542,526,356,453,Run
497,705,462,631,532,518,263,567,582,807,624,577,489,382,477,Run
550,646,465,655,538,522,156,536,537,743,534,589,501,430,500,Run
582,600,468,682,574,526,115,457,490,699,456,597,515,494,535,Run
606,568,469,677,679,547,251,342,402,679,373,604,493,543,536,Run
630,551,474,688,836,577,305,493,601,691,336,587,478,537,529,Run
636,551,466,710,958,607,327,519,604,730,363,558,481,522,509,Run
622,556,461,688,977,607,359,447,512,745,397,542,498,502,495,Run
595,578,445,595,880,590,268,449,487,738,436,516,508,482,478,Run
563,651,427,518,706,777,218,418,490,763,482,483,556,421,475,Run
513,770,416,804,659,509,227,372,522,869,636,427,545,238,431,Run
417,923,390,458,645,581,201,365,535,967,773,411,519,133,485,Run
294,984,413,655,587,571,164,352,562,960,920,400,495,221,370,Run
225,881,455,673,582,588,289,400,564,853,953,353,516,257,348,Run
266,810,463,696,554,597,441,474,586,721,859,353,505,338,384,Run
301,703,491,792,536,603,511,476,592,614,722,355,506,375,462,Run
362,559,537,934,436,549,492,472,596,543,646,349,547,402,509,Run
401,461,567,838,354,510,461,472,594,472,600,368,552,426,511,Run
406,404,581,675,326,574,410,504,611,415,578,359,509,472,507,Run
416,365,595,631,487,664,383,536,630,375,598,354,491,511,521,Run
426,363,601,688,441,623,356,595,659,316,605,360,513,537,525,Run
419,388,591,724,400,584,329,715,718,324,642,339,531,543,515,Run
401,412,579,735,364,580,292,875,767,355,679,351,531,529,509,Run
383,441,566,748,372,567,342,952,791,365,714,371,502,475,493,Run
338,511,542,810,406,539,455,912,744,455,878,316,555,230,513,Run
172,663,504,903,457,529,491,798,779,672,975,309,635,125,535,Run
69,813,466,802,458,506,550,770,407,855,1004,302,632,207,449,Run
90,953,428,663,492,512,609,576,608,969,1016,331,619,234,434,Run
222,948,395,595,500,495,323,607,602,1003,937,413,594,261,453,Run
385,832,428,613,509,506,346,558,602,986,752,499,555,308,463,Run
493,716,456,644,541,511,287,561,590,883,611,547,528,362,475,Run
551,680,468,655,549,508,155,521,549,824,535,592,511,401,483,Run
584,651,472,675,589,517,92,456,482,766,408,620,501,449,490,Run
618,602,479,662,677,547,227,341,390,705,311,620,493,493,528,Run
646,573,482,684,849,601,304,506,590,686,322,586,469,561,531,Run
646,560,476,720,964,639,330,509,606,694,364,552,462,549,526,Run
626,560,472,689,998,623,343,446,523,696,373,547,467,499,512,Run
606,596,464,599,891,580,283,446,501,705,433,527,485,474,501,Run
564,660,450,572,650,647,238,428,498,731,517,481,570,368,495,Run
525,711,455,756,803,477,238,365,511,796,656,423,597,172,447,Run
438,851,413,473,658,512,238,365,530,894,769,409,547,166,489,Run
261,964,391,653,589,539,165,349,559,908,818,399,501,222,394,Run
136,877,466,676,605,578,234,352,554,868,944,347,499,292,360,Run
199,766,465,692,555,603,378,419,553,734,928,337,510,352,415,Run
256,721,466,801,512,610,501,446,571,617,765,364,531,389,495,Run
306,605,501,920,466,520,478,473,564,532,646,351,563,420,518,Run
355,475,536,842,370,482,448,470,571,479,612,357,552,416,510,Run
384,388,561,679,416,595,400,490,579,426,565,371,498,451,490,Run
403,324,577,669,517,643,347,527,595,375,575,374,475,507,501,Run
408,310,586,716,454,589,315,584,626,339,611,375,507,537,520,Run
410,341,583,757,428,585,256,691,712,337,663,368,527,542,515,Run
410,364,583,775,345,583,206,901,778,363,738,374,531,528,510,Run
392,401,588,769,365,580,341,923,802,409,790,388,540,496,522,Run
363,482,560,774,407,569,472,877,746,469,879,395,509,318,436,Run
266,678,527,877,437,553,479,654,660,618,976,344,639,110,570,Run
86,840,469,774,438,522,424,721,534,853,1007,347,627,189,405,Run
120,961,449,620,469,519,790,537,634,943,983,401,600,202,374,Run
231,933,423,517,484,497,355,611,624,947,952,441,586,285,366,Run
365,781,430,578,505,491,369,583,596,913,797,507,569,321,429,Run
456,660,453,639,537,509,314,548,592,838,632,551,546,334,466,Run
516,601,462,683,534,502,245,559,580,782,538,563,527,390,469,Run
545,579,465,717,570,501,100,502,520,756,486,566,523,453,498,Run
569,558,462,714,652,513,166,441,447,722,417,564,519,512,530,Run
592,549,462,705,792,545,325,317,460,691,356,565,487,536,537,Run
620,547,464,738,934,566,338,494,577,683,343,551,466,524,534,Run
620,551,456,729,990,550,333,446,570,695,354,538,466,508,514,Run
610,577,436,636,924,534,336,415,509,691,375,536,495,496,497,Run
579,641,420,576,792,507,286,454,483,695,433,522,507,492,473,Run
538,709,423,623,660,796,248,423,498,713,488,509,578,419,471,Run
456,848,380,781,500,459,263,386,531,837,593,481,573,165,538,Run
341,952,358,488,604,566,235,375,548,961,754,485,522,145,484,Run
180,983,393,651,609,555,235,367,580,992,920,452,498,214,378,Run
155,862,428,668,591,584,352,421,565,903,986,369,483,265,371,Run
196,766,451,693,557,594,484,453,586,762,967,336,487,352,442,Run
276,629,488,763,550,592,492,490,583,641,815,336,520,398,499,Run
369,515,519,894,473,560,458,490,592,549,687,312,568,409,502,Run
376,464,529,837,389,508,431,498,600,466,610,314,544,431,516,Run
366,374,552,704,341,554,387,527,611,394,581,318,494,477,516,Run
391,233,591,626,493,654,349,583,630,338,627,324,483,506,515,Run
376,195,587,685,483,605,309,644,684,293,670,339,507,534,503,Run
346,276,582,740,447,581,255,812,739,331,718,345,527,546,508,Run
294,388,585,770,375,587,276,892,801,385,757,379,534,540,513,Run
229,497,563,759,367,577,427,857,795,481,789,369,511,505,502,Run
205,632,541,784,413,569,471,812,687,608,915,323,560,261,512,Run
118,784,515,854,457,558,515,714,744,844,987,300,614,129,538,Run
108,936,466,745,455,518,528,655,543,964,953,382,589,199,414,Run
215,972,443,602,466,520,639,566,613,979,881,420,563,156,418,Run
302,892,441,509,464,524,360,602,607,968,825,460,557,264,408,Run
367,837,440,552,477,529,347,552,610,908,705,512,534,338,428,Run
449,772,441,595,507,533,263,560,584,822,613,532,513,346,448,Run
512,697,447,620,524,531,139,541,517,766,563,529,523,385,489,Run
556,627,448,645,555,523,179,468,463,725,517,530,537,478,522,Run
604,587,445,656,649,526,270,337,420,688,459,545,514,556,518,Run
647,574,458,684,767,549,372,490,570,681,388,574,477,559,527,Run
661,559,458,744,924,575,343,497,601,669,334,586,466,529,525,Run
647,572,446,740,958,552,369,478,518,664,327,567,474,506,512,Run
625,611,446,624,902,539,325,434,478,669,341,547,499,503,485,Run
584,659,446,624,846,632,272,444,471,667,416,525,512,486,494,Run
511,772,424,737,492,429,257,408,507,704,523,497,577,403,474,Run
411,909,419,515,593,545,215,374,533,859,616,427,560,194,510,Run
240,966,438,649,604,577,150,362,576,967,841,368,500,114,494,Run
129,909,462,670,570,583,250,413,574,918,962,306,483,223,354,Run
172,821,478,690,564,591,387,459,593,791,953,295,485,226,355,Run
224,708,492,753,546,596,458,468,595,642,834,328,483,342,391,Run
302,574,519,889,468,551,465,472,580,543,693,346,506,397,464,Run
340,453,554,835,402,499,460,481,589,484,621,368,555,404,527,Run
364,338,571,716,366,524,421,499,599,439,576,383,541,422,512,Run
383,285,569,649,478,638,402,548,623,366,585,389,496,455,499,Run
385,274,567,666,528,629,386,615,668,302,623,379,489,499,509,Run
378,304,573,701,443,586,368,724,731,323,663,346,513,532,528,Run
353,353,573,748,404,566,335,864,762,368,741,345,529,547,518,Run
326,413,577,780,367,571,363,904,783,418,788,360,528,543,501,Run
259,539,559,819,383,550,461,844,712,507,846,326,526,507,495,Run
116,687,536,909,433,558,542,819,776,669,961,303,518,258,475,Run
56,851,496,811,455,524,538,674,489,882,1000,323,590,104,565,Run
139,955,445,670,479,515,591,577,598,967,940,370,615,195,424,Run
284,864,433,551,499,512,336,589,607,984,855,428,604,219,420,Run
401,762,444,542,468,514,348,545,621,920,710,480,581,259,460,Run
484,687,455,587,500,511,279,543,594,835,595,518,563,322,460,Run
542,645,459,630,532,505,162,545,544,767,512,545,528,354,478,Run
586,598,464,648,572,505,150,476,480,710,413,583,504,397,482,Run
614,569,468,635,650,523,235,366,425,646,314,613,510,460,507,Run
661,556,473,644,754,558,338,439,567,651,289,624,499,538,535,Run
656,559,468,686,888,600,338,496,619,700,293,612,470,578,528,Run
631,577,467,698,969,610,359,462,553,716,330,605,463,538,521,Run
604,614,467,629,945,586,298,439,503,732,412,598,479,501,501,Run
557,709,448,701,912,764,232,436,490,781,491,564,498,474,492,Run
456,903,414,671,656,544,213,389,512,929,648,493,571,371,514,Run
313,983,414,481,595,565,168,366,534,990,884,423,596,204,426,Run
158,983,427,659,615,582,154,364,555,952,978,340,538,148,518,Run
163,860,458,692,578,599,302,422,530,804,922,307,485,198,380,Run
220,740,471,731,558,602,443,463,542,670,828,296,488,256,341,Run
282,635,490,859,503,563,482,472,543,520,682,286,503,330,386,Run
338,477,538,907,416,485,471,477,538,435,585,288,522,383,471,Run
350,319,575,780,299,483,446,513,529,383,550,315,561,417,522,Run
368,244,566,711,509,615,410,549,538,361,557,342,547,427,507,Run
362,272,552,685,476,598,381,606,572,354,625,363,500,450,495,Run
347,305,557,691,389,560,365,674,635,382,693,374,479,501,518,Run
332,345,558,739,339,545,306,817,726,412,741,400,503,543,531,Run
305,435,545,743,322,539,291,949,796,451,784,419,525,548,513,Run
268,545,515,731,349,539,394,944,779,522,857,432,522,528,497,Run
172,683,483,791,376,533,476,824,671,639,962,414,543,495,517,Run
78,821,452,773,430,525,427,816,630,802,1001,424,478,315,449,Run
163,952,424,685,469,519,612,694,501,903,951,463,592,148,548,Run
235,910,423,607,505,525,471,611,605,845,846,478,608,132,463,Run
351,791,435,607,513,519,339,586,610,807,747,491,584,204,375,Run
460,718,446,636,527,529,316,549,620,756,622,508,579,246,377,Run
535,662,456,664,541,533,181,559,564,706,525,527,581,326,397,Run
572,612,465,685,588,531,87,509,472,679,450,546,556,331,446,Run
598,566,469,693,734,565,184,389,404,652,381,552,529,350,463,Run
620,543,471,693,908,596,319,447,557,657,365,538,518,416,488,Run
635,531,476,696,985,615,342,464,613,691,385,526,505,496,519,Run
614,554,469,625,964,600,323,449,530,702,406,528,484,546,523,Run
589,619,451,561,795,558,219,468,503,714,454,516,476,535,519,Run
544,722,448,658,879,621,192,424,497,770,564,471,478,514,511,Run
466,846,436,658,626,489,211,400,512,890,733,428,498,496,497,Run
349,947,419,559,590,548,184,378,532,939,854,378,509,496,475,Run
226,973,435,660,614,586,213,355,532,878,964,356,521,446,519,Run
214,810,489,702,574,599,366,410,505,724,948,343,592,343,433,Run
304,704,490,792,530,593,492,432,516,577,814,366,544,120,509,Run
368,639,488,931,470,515,487,479,515,489,672,396,502,194,422,Run
417,520,515,814,390,446,477,484,529,433,600,420,510,229,335,Run
423,419,538,696,416,506,455,489,539,366,567,432,498,296,370,Run
414,360,551,673,515,624,408,526,558,329,561,436,486,362,445,Run
405,315,563,677,487,607,393,563,583,310,593,437,529,379,499,Run
396,321,564,708,441,571,364,637,646,310,632,434,540,404,503,Run
377,346,565,760,381,550,302,777,715,319,664,444,509,433,497,Run
353,388,559,783,375,546,313,901,772,366,750,439,497,477,515,Run
299,543,515,793,362,553,423,906,772,431,885,446,506,527,529,Run
209,721,496,864,384,559,478,853,747,555,975,433,520,563,511,Run
125,865,474,802,415,518,350,687,349,751,1005,440,523,551,498,Run
194,970,439,671,462,516,580,587,589,931,979,489,535,528,498,Run
348,915,439,583,502,519,328,622,598,922,874,506,524,436,453,Run
464,778,449,590,497,510,342,551,621,866,763,534,565,163,555,Run
527,676,462,622,520,513,307,541,613,763,638,553,605,154,481,Run
566,609,474,657,527,518,190,538,581,706,580,559,592,197,407,Run
595,537,481,688,548,509,75,482,498,686,532,580,565,227,405,Run
615,509,467,701,646,529,183,383,400,675,409,610,560,288,429,Run
643,533,462,688,791,574,331,385,519,670,322,617,546,340,444,Run
652,520,483,696,938,609,345,491,606,673,324,594,521,370,462,Run
628,518,503,677,992,596,331,471,547,693,342,574,509,426,494,Run
600,572,482,593,903,545,284,447,498,726,390,572,516,495,531,Run
566,708,442,519,815,795,224,451,474,778,489,546,502,551,521,Run
518,867,447,670,649,458,211,410,513,888,669,483,485,548,521,Run
415,970,420,476,583,549,178,367,533,978,883,422,490,524,509,Run
264,993,415,664,625,570,148,341,564,935,975,367,505,500,485,Run
240,834,455,679,578,586,289,391,529,792,978,338,520,450,499,Run
310,705,471,738,554,597,448,458,539,642,856,355,539,264,465,Run
353,637,485,898,478,570,488,463,555,523,690,380,509,146,531,Run
411,534,512,889,402,495,473,463,564,454,598,376,494,140,484,Run
433,436,544,772,405,511,443,500,564,418,578,382,505,202,401,Run
433,365,556,683,479,607,380,528,576,380,544,405,509,282,400,Run
434,344,557,661,494,614,344,568,604,349,553,415,496,340,466,Run
436,376,548,686,469,576,312,608,650,363,608,400,509,383,499,Run
425,400,544,725,424,568,266,738,711,377,679,393,540,423,504,Run
396,415,551,751,381,568,243,887,780,394,748,392,526,459,504,Run
369,457,540,735,368,566,401,885,795,445,801,385,525,483,522,Run
329,565,512,728,389,570,471,854,723,482,868,406,527,517,525,Run
258,719,502,811,413,566,462,731,606,607,969,361,523,553,506,Run
143,834,458,758,431,526,494,774,515,820,1003,375,516,556,495,Run
161,942,447,652,462,527,740,670,474,938,969,429,502,528,499,Run
271,900,436,541,499,536,448,618,580,924,918,446,505,497,488,Run
378,786,438,566,485,523,360,576,608,911,808,489,525,263,472,Run
451,704,451,622,508,533,331,546,610,836,644,520,599,91,567,Run
490,629,464,673,524,540,230,559,581,763,545,536,630,176,437,Run
531,583,466,704,545,536,110,521,504,711,477,550,577,214,398,Run
563,553,469,727,636,547,194,425,427,665,412,556,561,274,425,Run
593,524,479,748,771,579,345,372,472,648,386,553,542,337,435,Run
618,516,481,793,935,581,333,531,614,660,399,538,526,359,460,Run
628,529,469,734,974,580,359,478,555,666,407,528,501,378,479,Run
619,543,468,624,912,547,357,443,492,665,420,527,514,449,502,Run
599,582,471,584,753,523,273,446,474,660,454,522,525,525,533,Run
566,674,455,603,783,652,251,451,479,678,510,496,494,567,520,Run
528,814,440,662,645,495,249,401,516,763,641,445,474,555,511,Run
424,954,422,578,595,555,225,369,539,880,761,407,482,527,491,Run
285,987,431,649,617,575,193,362,567,899,906,371,500,503,479,Run
241,869,450,670,589,587,309,420,560,804,936,334,548,426,497,Run
305,760,463,710,580,587,435,455,569,691,874,335,554,172,483,Run
347,660,478,836,521,582,483,482,568,606,766,338,515,132,481,Run
391,573,494,903,431,547,475,482,564,539,674,344,485,168,420,Run
402,484,511,771,409,527,451,489,567,483,603,356,503,224,374,Run
378,404,527,656,466,569,395,501,570,425,550,375,481,309,384,Run
370,325,549,658,492,602,357,539,572,379,555,395,493,367,430,Run
378,310,554,685,506,587,329,575,601,343,622,390,545,396,492,Run
383,343,562,716,452,563,273,694,673,356,693,363,554,426,498,Run
375,355,569,747,403,564,264,851,730,379,771,373,513,473,487,Run
348,408,562,761,385,573,375,887,774,425,804,391,489,515,518,Run
292,553,558,832,426,596,472,807,701,517,899,360,498,540,532,Run
124,728,527,837,439,582,412,831,687,662,980,352,524,546,512,Run
60,915,476,750,467,548,704,644,626,870,1006,367,534,521,499,Run
159,951,452,643,473,522,449,632,601,926,975,414,533,498,488,Run
263,844,439,567,449,509,319,579,603,900,866,460,523,450,488,Run
394,743,436,581,474,499,333,564,591,858,725,505,531,265,435,Run
491,663,442,626,513,497,298,575,575,802,600,539,591,97,580,Run
550,613,448,668,513,502,211,555,543,748,495,571,555,225,404,Run
579,581,452,692,523,494,134,481,515,697,410,579,544,222,345,Run
605,556,449,707,588,488,197,413,431,677,374,572,579,259,373,Run
620,550,451,710,722,514,321,409,533,690,368,559,577,328,407,Run
622,551,455,749,887,561,331,525,603,716,390,542,543,328,449,Run
604,564,448,764,976,569,372,462,524,728,414,525,517,360,485,Run
584,630,433,649,945,667,325,469,492,724,440,515,520,445,519,Run
541,723,430,840,953,599,252,452,479,745,502,498,512,528,527,Run
452,826,409,482,661,594,205,411,493,849,612,461,478,550,517,Run
345,915,400,641,658,548,158,377,533,962,787,425,459,533,520,Run
241,908,423,661,586,579,129,325,586,937,943,380,469,516,515,Run
226,799,453,679,565,589,252,385,577,822,937,355,505,499,507,Run
296,734,462,712,557,599,393,444,594,699,848,362,529,502,483,Run
345,649,478,808,498,601,456,465,577,603,740,354,544,464,483,Run
391,535,510,871,429,544,458,463,577,529,676,344,569,249,466,Run
399,441,536,775,426,536,447,482,591,482,620,355,525,112,503,Run
391,383,546,689,418,593,413,502,601,441,567,375,489,197,407,Run
388,338,542,651,455,635,386,538,630,371,578,377,508,231,351,Run
390,340,547,666,474,621,360,591,666,325,671,356,490,329,411,Run
385,356,555,718,446,585,308,696,714,335,724,358,497,365,478,Run
375,364,564,766,404,579,239,891,762,372,757,369,543,406,482,Run
353,419,553,773,360,577,356,906,789,423,804,390,541,425,491,Run
323,514,547,832,397,578,464,863,734,511,857,383,512,459,519,Run
167,672,529,862,431,571,499,820,782,663,964,364,504,495,542,Run
58,838,516,762,462,534,534,721,350,876,1002,379,511,531,516,Run
135,949,481,619,488,509,590,594,563,961,991,423,520,548,507,Run
256,857,457,553,482,491,317,585,597,971,922,468,528,541,507,Run
370,754,463,576,481,492,352,560,590,920,782,514,521,498,492,Run
425,685,470,632,522,488,311,566,583,846,655,542,508,292,433,Run
488,640,474,673,522,492,234,572,553,788,559,558,596,100,580,Run
541,611,477,698,535,488,118,500,508,737,475,567,569,194,405,Run
581,586,474,715,601,480,185,428,447,700,400,566,554,231,405,Run
626,569,477,730,740,518,341,331,503,702,360,558,558,289,422,Run
651,564,474,745,899,577,334,528,616,719,372,538,537,335,430,Run
645,577,465,743,980,615,354,469,568,720,387,523,516,359,447,Run
623,615,450,636,955,615,359,456,502,702,398,519,524,396,489,Run
583,665,442,578,829,560,280,456,479,695,447,506,535,475,525,Run
539,723,444,629,723,826,238,437,484,720,522,470,517,545,533,Run
465,821,426,674,530,565,233,379,520,813,662,430,479,548,539,Run
353,918,414,606,604,590,201,384,533,884,787,401,467,523,528,Run
209,900,448,670,597,590,182,355,570,873,906,384,481,505,509,Run
227,817,463,674,572,593,328,420,558,787,910,362,499,491,488,Run
302,765,458,711,565,594,467,459,573,692,862,373,557,445,470,Run
352,646,487,811,522,588,506,493,575,608,771,381,552,220,414,Run
393,504,515,887,464,527,474,478,579,531,709,382,526,109,515,Run
382,443,527,803,386,524,437,495,578,471,655,397,504,195,420,Run
384,373,544,691,421,604,374,514,599,408,621,410,500,274,322,Run
393,328,558,650,475,646,344,562,632,354,623,399,501,338,348,Run
387,358,547,721,471,601,325,630,688,320,629,393,510,375,439,Run
385,407,538,766,402,584,296,800,761,317,626,398,546,399,517,Run
378,410,548,787,354,584,304,908,779,334,644,399,533,419,519,Run
369,441,551,787,385,581,409,905,761,388,706,377,490,454,497,Run
319,545,539,851,429,558,468,805,669,487,870,340,493,489,523,Run
175,667,510,860,432,508,510,802,828,677,972,314,513,532,530,Run
56,886,474,730,435,501,586,710,443,891,1006,316,523,556,509,Run
147,962,452,581,473,493,603,562,577,956,1003,366,518,536,500,Run
289,872,443,524,487,474,338,597,595,959,894,443,519,505,484,Run
406,782,453,555,505,484,355,557,601,898,746,510,566,257,460,Run
471,692,471,601,524,497,315,553,607,830,645,542,599,90,535,Run
512,641,482,634,531,497,225,544,583,773,573,554,600,205,417,Run
547,595,491,662,557,497,105,488,506,728,491,568,588,214,385,Run
581,566,490,680,636,517,203,412,429,701,413,589,584,271,432,Run
621,562,482,712,757,561,329,423,539,693,353,596,561,331,453,Run
654,556,481,756,896,609,311,519,625,688,349,571,526,368,475,Run
659,540,481,752,940,613,369,455,578,681,357,547,503,408,499,Run
646,556,472,641,876,609,349,444,524,669,391,544,501,476,523,Run
634,593,466,606,775,573,271,446,491,668,447,531,499,538,534,Run
594,663,464,662,711,827,257,412,496,679,493,500,479,569,530,Run
528,820,443,787,572,521,259,397,539,803,630,442,468,545,514,Run
405,955,405,516,589,580,212,375,540,950,839,414,501,497,500,Run
195,996,423,662,604,578,245,385,527,922,962,379,503,477,477,Run
155,859,469,675,582,580,351,420,524,817,979,339,567,365,481,Run
212,787,472,705,565,576,479,441,561,719,929,344,575,151,522,Run
262,700,481,800,536,590,483,484,563,614,786,363,546,110,499,Run
315,583,500,899,439,558,463,478,560,535,660,364,492,222,369,Run
342,492,520,787,393,528,422,492,562,472,580,380,493,273,348,Run
352,394,552,705,430,557,371,511,577,414,524,388,493,344,420,Run
369,287,577,666,478,602,328,550,587,358,541,387,531,398,507,Run
377,265,573,668,477,608,284,610,632,307,605,381,559,434,520,Run
377,312,557,720,436,575,226,738,703,326,658,365,531,448,504,Run
371,338,565,764,395,570,235,903,752,358,725,364,518,484,517,Run
351,382,573,768,362,565,378,913,796,425,799,363,515,527,521,Run
303,513,546,780,376,563,454,866,725,523,917,324,525,556,511,Run
124,743,495,840,395,582,474,832,763,723,989,301,528,542,512,Run
50,889,478,780,418,540,497,732,419,920,1003,343,513,510,499,Run
138,977,439,653,477,532,515,606,566,955,908,404,523,345,455,Run
280,915,419,560,492,532,331,580,604,926,822,465,625,119,523,Run
428,784,440,570,473,538,343,538,615,863,676,514,604,169,430,Run
516,684,450,630,499,540,276,555,596,802,556,548,563,226,374,Run
558,636,450,679,519,535,147,534,532,740,472,576,555,282,378,Run
578,605,451,710,536,530,147,470,465,678,402,579,559,320,425,Run
603,566,451,727,630,546,270,381,387,649,375,557,547,350,444,Run
627,548,453,751,767,577,342,500,556,665,380,544,527,389,476,Run
630,544,455,782,934,577,322,532,639,667,367,546,515,460,518,Run
606,563,448,723,971,556,365,490,537,673,372,542,501,524,522,Run
579,611,437,601,891,530,334,464,483,683,415,532,481,543,519,Run
543,681,431,549,680,722,252,443,480,709,501,493,467,524,517,Run
500,775,420,768,623,395,234,396,501,811,671,439,477,508,507,Run
375,908,373,407,628,557,221,370,531,922,786,418,497,495,492,Run
202,930,389,653,627,542,139,337,587,897,915,399,554,479,498,Run
177,832,430,673,592,569,214,362,586,813,976,345,609,313,487,Run
232,776,438,696,564,586,376,444,590,690,893,343,541,108,534,Run
287,682,470,790,536,605,476,464,577,590,740,354,454,124,447,Run
331,568,509,903,449,566,476,471,572,531,633,329,464,228,389,Run
356,465,536,809,391,526,453,457,586,484,594,337,461,335,424,Run
386,405,563,700,420,555,412,499,593,431,538,367,502,394,503,Run
402,353,574,669,437,609,366,529,607,374,550,375,568,410,500,Run
405,339,578,649,459,622,333,578,645,335,591,379,560,417,507,Run
393,357,574,713,458,600,280,668,717,325,626,384,522,468,490,Run
369,363,577,752,389,583,206,886,774,367,674,375,514,492,514,Run
335,380,595,776,371,563,323,934,786,439,755,356,521,523,536,Run
306,448,586,766,384,567,451,903,729,513,801,350,522,550,520,Run
188,626,569,874,437,589,456,758,621,622,911,331,514,546,500,Run
60,776,541,818,444,530,366,813,582,760,985,338,522,522,511,Run
72,934,498,664,480,515,701,637,577,927,1009,376,507,365,444,Run
149,934,458,549,498,509,403,595,599,961,917,467,595,118,560,Run
301,824,455,559,502,503,339,574,587,868,779,506,608,142,420,Run
424,728,470,593,543,527,328,557,589,788,678,520,595,169,378,Run
495,694,465,616,546,531,280,561,578,745,591,543,586,266,387,Run
543,671,462,636,546,520,159,517,535,709,503,571,566,319,424,Run
578,631,460,653,609,531,172,444,492,679,423,580,527,352,466,Run
599,603,464,676,713,558,293,301,447,663,391,573,515,391,496,Run
610,575,465,712,855,597,329,485,576,663,399,560,522,475,528,Run
609,574,447,739,959,624,339,494,572,663,398,543,503,548,524,Run
600,590,433,666,951,619,360,444,519,658,399,527,478,539,528,Run
578,618,430,590,855,585,333,450,476,647,428,519,476,518,521,Run
551,649,432,570,592,655,287,456,472,639,460,510,494,502,500,Run
502,723,424,779,738,512,264,421,515,684,519,469,504,494,476,Run
430,834,407,492,699,536,256,386,544,806,639,443,527,462,500,Run
288,954,413,633,595,566,196,371,572,946,810,413,578,371,445,Run
97,972,456,676,592,594,256,416,583,899,951,371,542,121,519,Run
103,832,514,676,571,590,396,472,587,772,948,334,502,173,447,Run
194,759,507,723,574,583,465,470,598,641,839,349,524,233,365,Run
258,670,502,844,516,593,494,495,588,548,684,363,499,328,379,Run
291,574,527,895,420,543,483,489,598,479,586,373,484,364,454,Run
312,447,565,783,351,537,456,504,604,428,540,388,513,396,506,Run
342,336,595,646,372,590,407,530,609,384,537,407,536,440,492,Run
375,254,600,644,445,626,385,584,641,351,570,407,498,464,499,Run
388,255,580,686,427,601,355,671,698,356,606,391,509,491,515,Run
388,323,555,726,407,559,324,800,741,384,632,386,533,520,518,Run
376,355,558,740,381,550,338,876,766,418,688,389,537,537,524,Run
358,382,565,732,378,539,413,858,730,473,808,388,513,533,521,Run
308,508,544,789,406,545,479,774,611,559,916,379,523,520,518,Run
124,792,485,799,424,539,456,792,592,682,986,389,539,391,426,Run
54,945,468,709,464,523,604,708,530,875,1010,408,629,128,607,Run
168,990,435,609,509,526,456,608,604,924,934,468,645,145,460,Run
285,895,431,579,511,514,350,577,600,850,808,504,614,187,431,Run
419,755,453,593,511,526,338,550,609,776,686,525,583,229,434,Run
505,667,468,618,535,534,262,554,587,711,586,541,558,328,460,Run
550,624,474,647,535,531,137,534,531,678,505,556,526,375,472,Run
584,586,476,679,563,536,165,452,477,657,433,563,497,404,478,Run
631,559,474,700,661,563,250,354,421,650,382,567,502,474,501,Run
651,554,468,714,808,577,355,452,568,643,357,571,488,535,517,Run
640,559,468,712,929,596,315,541,638,650,348,562,464,518,532,Run
615,570,461,640,913,599,357,477,554,664,362,553,472,501,528,Run
588,605,451,556,810,574,325,444,498,676,422,555,496,494,511,Run
546,705,443,651,864,691,248,447,479,714,503,525,515,501,464,Run
458,875,422,624,719,519,232,410,502,863,649,468,538,473,491,Run
295,972,403,542,576,561,185,386,534,970,864,432,608,303,417,Run
131,994,429,667,612,588,125,373,570,936,970,384,563,99,551,Run
123,841,482,687,572,591,283,408,533,795,973,344,496,193,385,Run
214,749,481,746,544,603,431,466,538,631,864,366,494,229,314,Run
287,671,491,889,486,576,486,455,545,524,693,391,500,329,367,Run
336,569,519,869,408,481,471,473,546,459,609,401,501,391,488,Run
365,469,555,758,349,488,446,491,556,404,582,409,542,423,543,Run
381,389,584,669,453,593,408,524,568,357,571,418,532,429,519,Run
410,326,597,658,484,605,370,569,593,336,609,406,515,465,506,Run
431,333,584,683,430,562,340,608,636,346,642,385,512,510,527,Run
423,375,569,715,407,547,276,728,706,365,683,378,518,549,514,Run
403,404,566,722,362,557,257,889,752,394,738,379,513,553,514,Run
391,421,570,700,361,550,356,902,757,429,767,385,488,538,501,Run
389,453,552,727,388,542,467,872,711,495,868,338,514,527,488,Run
302,591,497,792,412,553,455,646,711,674,972,317,528,348,428,Run
145,744,417,742,448,530,418,868,420,856,998,318,625,113,564,Run
120,858,379,629,486,555,733,594,600,891,978,321,630,165,434,Run
200,870,354,582,507,552,344,624,600,900,887,396,595,176,361,Run
290,797,359,600,508,551,350,567,609,848,682,483,584,266,408,Run
412,758,376,634,525,564,313,554,614,750,555,534,562,337,451,Run
481,708,400,669,530,560,226,554,575,690,540,554,521,354,488,Run
527,637,421,710,544,560,141,523,502,666,495,590,496,377,487,Run
590,629,424,751,664,573,201,423,450,647,419,624,503,435,488,Run
644,611,448,768,844,568,359,356,488,637,388,628,506,485,526,Run
664,572,468,760,959,596,351,506,620,649,396,613,489,535,530,Run
643,577,454,661,945,578,366,477,578,661,393,595,487,554,497,Run
618,603,438,587,894,552,356,434,526,680,426,567,502,523,485,Run
582,650,438,558,603,715,283,446,490,709,494,531,515,519,465,Run
528,726,433,818,848,555,280,427,500,762,568,475,571,461,516,Run
424,891,379,570,779,547,260,394,531,913,672,434,596,218,497,Run
240,980,359,587,615,554,177,376,567,985,883,369,524,83,559,Run
160,918,414,678,610,572,191,398,555,910,975,321,479,183,432,Run
196,816,442,688,586,583,340,442,554,792,930,342,479,286,376,Run
247,720,474,754,572,594,428,489,571,668,821,378,476,369,422,Run
321,620,494,909,476,560,466,485,561,570,734,396,511,429,491,Run
365,552,502,855,382,502,449,471,564,515,694,398,564,434,521,Run
376,495,511,747,391,510,418,492,571,462,658,400,537,444,489,Run
386,417,531,666,481,590,366,514,581,409,630,393,513,459,499,Run
397,364,546,656,479,609,333,553,608,358,635,384,505,493,517,Run
406,346,543,681,445,566,307,621,662,311,664,375,512,531,505,Run
405,369,514,707,411,553,268,797,711,308,694,376,521,526,516,Run
403,390,509,736,377,551,268,913,764,336,713,385,510,530,494,Run
394,404,528,726,366,549,397,913,764,386,732,399,506,498,485,Run
374,432,544,749,387,554,446,883,683,474,848,392,544,272,476,Run
324,531,555,841,427,562,428,565,699,609,966,357,632,89,542,Run
181,753,519,789,462,527,336,802,443,832,1004,364,598,182,404,Run
106,929,530,657,488,550,722,570,601,959,1016,410,583,236,369,Run
206,992,456,586,511,549,361,605,613,994,966,473,575,333,400,Run
347,957,445,586,524,544,355,565,609,959,817,530,551,358,457,Run
451,777,480,609,537,556,324,550,613,878,682,565,517,362,485,Run
517,635,486,627,535,548,231,523,596,830,577,587,509,428,488,Run
548,603,473,669,574,555,125,509,526,770,482,582,517,510,510,Run
582,590,460,692,648,582,167,418,456,711,411,574,497,535,520,Run
622,560,459,734,792,609,300,285,447,679,351,574,472,524,524,Run
653,541,464,780,923,623,315,506,640,661,315,560,484,506,514,Run
656,532,465,697,901,614,380,488,597,660,317,534,513,488,501,Run
636,538,454,614,866,584,393,432,514,671,374,518,521,488,490,Run
612,557,456,595,805,559,296,453,483,689,439,506,568,452,485,Run
577,600,457,595,530,650,275,449,495,696,460,500,565,228,523,Run
522,717,449,834,748,506,277,403,526,727,529,471,522,139,520,Run
423,910,402,492,682,531,275,364,553,897,759,423,500,181,406,Run
255,985,390,606,615,549,223,344,580,981,904,377,487,214,388,Run
172,927,433,680,605,569,266,389,577,961,983,364,451,318,448,Run
225,809,456,701,576,586,402,450,564,805,1000,304,475,372,501,Run
281,725,467,832,529,591,460,473,559,629,842,352,526,423,490,Run
340,648,485,933,431,546,471,483,551,517,625,371,519,459,502,Run
353,566,506,827,375,514,436,465,561,461,560,361,532,480,520,Run
350,493,513,694,347,533,382,499,575,411,574,364,553,482,537,Run
355,399,543,656,450,587,328,538,590,372,602,362,551,500,514,Run
368,322,573,662,417,598,298,597,638,364,664,361,531,515,498,Run
383,301,562,707,419,568,259,703,726,378,711,354,501,506,500,Run
381,345,524,723,391,555,226,894,798,427,722,368,496,498,506,Run
381,398,512,744,358,545,342,927,808,488,738,393,476,462,484,Run
381,458,530,746,374,541,440,900,736,556,878,357,573,207,611,Run
302,593,516,812,411,564,449,727,741,689,973,355,618,146,506,Run
199,791,467,767,443,533,356,791,415,803,1005,389,607,170,403,Run
183,945,433,644,495,542,630,642,560,879,1016,431,615,182,423,Run
310,970,434,583,512,539,337,600,596,866,931,482,570,332,429,Run
427,869,446,591,518,536,351,555,612,815,764,534,522,340,483,Run
516,743,462,614,534,540,309,555,612,766,629,562,490,380,493,Run
562,646,482,640,534,535,199,546,562,759,558,564,499,461,513,Run
591,587,491,668,558,535,98,484,500,743,470,563,506,543,506,Run
607,558,490,687,650,555,204,387,421,717,379,559,479,550,511,Run
621,538,484,706,793,591,343,404,514,705,335,541,475,520,513,Run
640,528,476,720,925,625,332,495,612,705,321,509,500,501,501,Run
633,518,469,678,936,621,374,473,536,700,345,498,534,490,491,Run
613,525,468,598,866,591,330,424,486,705,423,504,549,516,469,Run
581,561,459,584,701,647,266,464,472,728,497,502,517,490,496,Run
555,646,453,827,871,520,251,407,506,772,578,478,605,366,471,Run
506,851,434,532,723,544,240,361,529,919,791,461,541,130,626,Run
399,965,415,606,633,549,209,344,564,968,926,428,424,144,407,Run
256,996,426,670,607,576,211,362,588,942,990,387,447,176,334,Run
265,864,462,685,574,593,351,411,577,843,982,337,479,322,372,Run
304,723,475,759,548,615,438,429,578,707,858,328,502,375,531,Run
336,642,486,914,465,565,467,468,567,610,684,348,550,414,534,Run
368,566,506,855,386,515,458,474,574,528,587,331,536,444,484,Run
363,499,533,737,378,524,420,495,574,444,606,331,508,463,502,Run
354,409,573,661,425,585,378,534,583,362,612,340,513,482,530,Run
361,331,596,668,432,607,331,600,620,336,667,310,517,517,517,Run
370,322,585,717,428,587,280,723,703,338,711,292,515,538,502,Run
366,352,567,754,387,566,232,914,785,375,743,306,502,518,520,Run
366,391,567,781,372,559,352,937,825,444,786,325,486,505,498,Run
356,451,553,774,385,552,451,866,752,537,894,323,490,467,470,Run
245,654,489,853,407,571,456,688,679,721,978,309,579,201,578,Run
129,875,444,785,443,526,435,790,448,911,1007,364,665,100,553,Run
180,973,397,642,493,523,696,623,562,968,978,440,648,222,378,Run
342,945,396,542,496,520,367,612,595,923,875,497,603,167,447,Run
447,829,421,569,485,515,351,558,613,860,724,537,569,298,458,Run
527,699,454,614,519,531,283,558,606,809,602,554,522,374,461,Run
563,632,471,646,535,525,173,547,555,770,530,558,492,399,469,Run
582,592,480,671,550,525,97,481,474,720,448,564,487,440,499,Run
612,550,497,684,645,553,223,361,395,692,368,568,488,477,550,Run
649,530,505,715,793,592,331,443,542,692,354,556,491,518,536,Run
647,532,498,751,943,609,325,515,610,688,354,531,506,559,516,Run
630,532,492,707,964,587,359,475,528,703,382,515,504,535,509,Run
608,578,475,596,869,548,305,464,486,716,434,510,514,518,488,Run
573,675,446,512,767,775,237,443,484,735,490,477,503,494,484,Run
508,812,421,748,643,426,217,397,512,852,671,399,548,382,522,Run
400,951,389,468,636,542,191,380,545,965,890,356,586,169,448,Run
264,993,383,655,626,570,131,355,594,917,977,334,536,115,504,Run
166,878,437,677,584,593,244,398,573,786,989,317,506,255,354,Run
239,725,461,716,570,592,419,463,587,634,908,343,499,262,360,Run
317,652,470,854,509,611,500,467,587,525,743,382,477,348,399,Run
373,557,502,918,419,530,500,471,563,460,641,391,497,373,465,Run
385,460,539,806,373,525,469,473,580,419,604,413,537,413,517,Run
389,402,565,681,412,611,436,501,600,368,596,427,523,435,533,Run
390,356,586,670,452,642,408,555,626,310,627,419,506,480,521,Run
389,361,589,718,429,591,386,650,690,298,682,399,518,539,497,Run
390,388,585,766,395,566,350,745,741,334,734,375,537,558,507,Run
386,403,585,790,362,556,297,870,812,389,776,377,533,548,517,Run
354,436,573,802,384,554,349,913,804,458,809,368,509,527,498,Run
271,557,548,893,420,554,450,828,684,564,938,317,532,503,492,Run
151,736,486,823,428,522,292,701,594,701,993,298,469,376,413,Run
71,927,433,676,468,516,647,687,630,877,1012,317,617,125,590,Run
196,954,408,559,485,492,388,633,592,911,957,383,631,197,438,Run
354,833,410,540,499,496,343,556,602,880,831,456,598,177,379,Run
472,709,439,566,513,509,309,554,596,841,681,519,577,265,424,Run
547,636,466,601,534,515,219,566,566,794,567,560,577,313,458,Run
590,606,481,617,552,513,89,508,509,758,477,599,549,353,458,Run
635,573,486,605,609,514,128,433,437,724,396,615,511,401,483,Run
671,558,477,621,725,540,306,264,478,737,353,620,490,453,510,Run
676,558,468,669,860,597,301,507,616,748,345,606,480,511,521,Run
634,568,449,712,957,618,338,476,570,732,374,584,462,550,508,Run
599,599,435,674,929,612,338,414,506,727,419,564,470,536,502,Run
557,678,410,621,735,626,254,429,469,735,488,531,495,508,488,Run
482,828,388,799,877,638,234,379,493,807,656,440,513,453,491,Run
362,940,363,496,659,557,234,367,519,916,824,374,600,279,507,Run
205,995,350,621,645,548,197,367,543,940,952,336,563,166,516,Run
143,924,395,684,597,581,192,375,567,833,1000,283,497,102,517,Run
195,798,435,698,566,591,347,425,569,665,963,276,453,226,447,Run
257,728,452,778,533,611,473,465,576,549,752,320,451,338,439,Run
328,634,484,926,451,572,487,475,562,463,570,354,470,383,485,Run
352,550,522,844,382,518,462,475,568,422,573,370,492,434,500,Run
346,480,548,734,392,537,425,505,581,382,535,411,547,475,510,Run
345,386,584,661,410,610,393,544,606,340,532,427,587,469,545,Run
355,308,609,645,417,617,352,608,635,321,575,421,567,484,537,Run
347,308,595,711,429,595,316,699,711,335,595,398,516,504,493,Run
332,345,571,749,393,573,274,854,760,366,699,367,489,506,494,Run
318,381,573,777,370,564,327,896,809,412,835,382,489,516,506,Run
300,412,577,775,379,564,434,857,766,483,945,369,493,491,495,Run
224,553,551,889,423,565,482,755,642,645,996,342,582,274,477,Run
74,804,484,841,428,529,465,686,639,820,1010,368,630,91,529,Run
39,951,419,696,483,519,726,671,530,956,1018,403,590,164,416,Run
156,991,371,569,510,516,452,609,585,953,991,448,602,213,398,Run
341,955,395,574,494,504,361,568,594,909,834,523,574,323,423,Run
479,792,445,613,542,526,326,560,603,837,661,577,541,384,455,Run
552,684,457,629,565,531,252,570,591,770,565,592,489,396,477,Run
587,632,467,645,570,528,95,531,513,737,516,591,481,440,516,Run
613,576,483,652,650,549,112,441,414,720,472,591,488,495,552,Run
645,552,487,677,794,583,286,279,449,723,414,598,480,518,536,Run
662,549,485,728,937,607,293,514,623,720,374,587,477,526,515,Run
648,554,479,741,976,603,333,488,562,697,368,555,493,514,499,Run
631,571,486,642,900,584,306,421,480,678,413,532,525,466,505,Run
604,608,484,599,755,541,235,448,457,673,465,517,584,356,433,Run
556,706,457,723,785,746,223,401,483,682,497,486,549,168,510,Run
512,839,448,684,578,502,246,372,519,777,623,436,489,144,485,Run
413,960,432,549,614,568,219,365,536,923,827,382,475,219,386,Run
199,1002,397,680,601,591,227,362,559,948,953,358,469,303,400,Run
100,911,439,682,578,603,358,398,569,853,998,314,479,363,466,Run
165,756,457,731,565,611,487,442,582,712,949,301,519,402,513,Run
219,663,455,885,476,610,494,464,568,591,791,355,556,431,514,Run
275,569,485,885,381,541,470,475,576,512,630,366,541,459,503,Run
293,497,513,768,334,511,448,480,592,433,597,370,520,496,514,Run
308,414,553,660,476,592,386,488,598,354,587,396,524,519,529,Run
341,288,621,669,478,631,348,534,616,279,584,426,521,542,509,Run
349,205,627,695,408,589,304,598,681,276,622,394,508,533,505,Run
315,251,617,727,390,576,251,711,744,314,737,364,495,515,494,Run
287,323,619,769,365,570,231,880,835,430,888,350,525,460,472,Run
215,406,594,788,394,571,371,939,817,568,975,302,592,169,611,Run
112,575,550,907,410,577,464,880,715,766,1006,290,673,141,549,Run
36,838,517,875,418,548,444,904,806,937,1015,335,652,209,421,Run
64,961,429,727,461,522,578,757,548,994,1015,373,615,208,454,Run
240,992,398,584,494,500,479,634,614,1009,921,439,580,298,480,Run
402,854,402,565,480,492,323,567,618,967,761,511,535,374,478,Run
514,731,412,605,508,518,323,552,606,886,631,548,499,397,479,Run
612,628,434,652,546,519,229,564,569,819,555,561,482,427,504,Run
629,600,447,675,558,515,87,478,532,782,499,567,472,474,536,Run
637,587,455,673,643,525,127,417,430,740,420,580,477,543,530,Run
645,578,465,689,792,554,296,316,483,725,336,599,473,574,516,Run
625,578,472,717,939,587,320,509,585,735,283,594,476,540,503,Run
598,585,468,729,993,589,324,436,531,738,327,575,502,498,485,Run
571,623,454,646,938,560,280,426,469,725,411,557,523,461,482,Run
535,699,440,580,746,528,220,446,450,709,444,537,588,323,496,Run
490,775,439,590,749,632,218,402,491,754,495,498,620,156,591,Run
418,908,401,558,560,450,230,356,544,920,724,423,552,108,523,Run
276,984,377,568,609,548,191,358,540,986,906,375,502,185,433,Run
134,992,412,673,606,594,203,363,568,957,982,302,481,278,418,Run
129,821,464,690,569,594,349,409,576,804,978,267,486,365,466,Run
239,729,476,785,535,606,481,455,594,651,807,300,507,394,541,Run
302,645,491,939,441,577,511,471,589,530,633,315,534,428,506,Run
336,528,528,868,370,532,472,479,596,437,598,340,522,458,510,Run
336,434,563,712,319,560,440,493,600,357,600,347,517,493,512,Run
327,376,578,653,409,627,398,524,620,308,643,358,530,500,533,Run
325,316,595,678,402,618,358,611,658,277,655,370,530,535,500,Run
323,306,596,730,381,577,318,698,714,326,700,347,520,539,498,Run
312,348,586,782,347,570,235,875,783,382,729,356,507,535,508,Run
319,403,591,767,337,569,302,914,835,445,739,366,468,507,500,Run
315,468,572,779,403,570,429,869,781,518,809,354,463,334,502,Run
263,620,528,861,416,556,461,765,654,664,939,285,627,112,603,Run
151,785,501,784,437,522,467,776,652,883,995,280,635,186,473,Run
59,942,455,652,468,529,613,648,431,975,973,322,606,259,432,Run
172,995,379,566,504,529,438,593,583,986,910,388,586,275,479,Run
330,954,391,603,528,537,342,580,586,925,774,476,548,340,494,Run
458,803,430,641,559,553,327,546,613,839,621,547,514,377,467,Run
551,707,446,644,569,537,274,554,602,764,526,593,499,403,509,Run
594,681,450,636,612,528,131,516,548,705,443,631,500,472,512,Run
624,638,458,622,682,537,87,452,480,644,336,660,494,517,536,Run
649,595,460,630,833,569,271,227,409,643,285,635,452,560,526,Run
634,585,439,674,953,622,309,494,580,681,319,610,460,536,515,Run
606,607,418,694,996,638,338,439,553,707,365,602,484,508,502,Run
582,655,403,630,923,615,328,390,505,756,395,590,568,385,459,Run
554,678,408,599,664,723,251,440,484,841,464,576,580,144,523,Run
494,714,411,853,857,602,251,404,491,934,550,563,523,148,526,Run
378,876,357,462,742,539,227,385,520,992,689,532,478,209,444,Run
180,974,370,605,594,572,126,368,553,1013,897,483,483,297,405,Run
98,923,421,679,594,584,186,413,563,1008,923,413,490,347,457,Run
82,854,450,704,557,609,327,440,565,899,857,355,507,401,480,Run
126,733,485,834,512,630,478,460,583,732,741,329,540,432,516,Run
214,599,515,927,422,547,495,478,569,578,652,328,551,459,523,Run
293,537,545,828,348,505,473,476,584,493,665,335,522,493,526,Run
318,462,587,717,413,582,458,499,601,442,704,335,508,529,527,Run
338,344,640,671,429,644,435,534,628,416,742,331,509,546,506,Run
372,249,661,685,382,607,429,613,674,412,730,330,520,534,489,Run
358,254,627,694,354,568,406,670,711,427,715,323,530,476,496,Run
338,295,599,724,355,558,332,787,770,453,707,322,587,216,527,Run
324,349,622,747,366,554,304,883,845,520,738,309,651,80,542,Run
245,412,609,790,406,551,400,897,797,631,842,294,611,208,434,Run
102,525,574,925,410,548,479,782,669,865,963,267,581,278,412,Run
32,810,495,815,437,516,326,850,525,969,994,333,578,356,438,Run
41,950,425,671,488,529,683,678,594,1002,959,426,564,381,465,Run
136,986,396,597,509,511,354,642,587,1009,870,492,525,417,463,Run
311,910,413,598,533,523,339,557,613,925,726,551,490,442,486,Run
450,793,439,616,557,545,303,545,610,831,623,581,460,475,541,Run
536,717,449,630,552,543,170,541,575,761,559,596,452,529,536,Run
589,659,462,652,602,543,71,470,487,710,479,624,479,550,515,Run
633,613,468,666,671,571,193,339,394,691,408,651,500,542,503,Run
672,602,452,698,838,602,265,453,578,692,369,657,526,521,505,Run
664,619,428,743,960,628,328,484,619,686,335,640,520,509,483,Run
639,652,411,700,984,601,355,386,520,702,344,613,533,431,511,Run
597,689,400,617,886,562,300,411,444,718,390,589,551,171,550,Run
547,698,400,588,707,569,277,365,433,719,421,556,501,127,511,Run
483,771,391,730,817,504,265,394,478,804,513,496,486,169,381,Run
343,925,343,535,702,506,254,373,533,948,735,439,481,191,414,Run
167,982,345,603,609,545,178,371,542,997,925,362,463,317,443,Run
52,969,392,668,617,558,194,409,561,964,988,317,500,393,486,Run
58,858,427,677,589,583,305,470,584,778,981,299,554,431,492,Run
125,715,466,736,587,600,402,487,605,572,829,309,536,453,527,Run
223,545,533,906,485,572,435,500,602,454,663,343,548,501,541,Run
279,426,574,949,366,554,423,508,616,356,578,360,562,519,533,Run
313,307,626,769,321,541,411,514,602,327,617,351,547,539,512,Run
340,228,649,669,414,635,373,547,601,340,660,350,515,547,501,Run
329,231,643,692,338,620,363,614,656,363,689,349,485,544,501,Run
318,322,619,692,291,575,366,727,720,390,689,347,465,502,492,Run
301,423,600,677,303,545,323,876,789,410,693,349,475,322,466,Run
278,436,607,727,365,535,323,958,830,457,739,334,632,104,623,Run
246,449,587,777,390,557,404,943,798,537,814,307,639,208,440,Run
113,540,555,862,404,544,462,840,675,688,946,268,612,218,434,Run
37,683,534,874,437,531,452,516,684,899,996,293,575,287,478,Run
12,888,472,743,476,538,571,650,396,979,1006,323,543,387,455,Run
48,885,420,643,548,537,731,475,638,1006,954,381,513,390,475,Run
175,812,397,601,575,539,326,591,603,1000,815,472,494,462,506,Run
314,774,379,611,584,561,356,534,616,902,687,538,496,523,533,Run
442,747,352,621,627,562,285,538,610,823,606,577,468,561,521,Run
519,685,354,632,626,558,137,534,546,755,492,611,466,534,519,Run
590,619,376,641,690,585,66,450,485,704,384,640,482,511,517,Run
605,624,371,644,780,597,278,199,472,687,333,642,498,488,509,Run
596,648,361,687,856,629,271,476,675,685,311,639,576,408,482,Run
572,649,369,696,925,633,375,485,620,687,297,625,564,169,461,Run
541,634,387,648,901,610,328,397,498,703,360,601,537,146,519,Run
508,634,382,609,822,573,321,344,456,706,421,583,504,233,389,Run
475,632,393,588,711,533,311,349,476,725,455,565,507,269,347,Run
437,672,396,566,410,705,320,381,494,827,565,519,493,342,406,Run
321,838,337,812,582,459,309,404,530,957,743,552,509,371,493,Run
139,946,309,468,615,592,252,414,541,1000,893,518,548,402,510,Run
44,875,412,708,648,553,201,408,571,1002,981,415,542,417,516,Run
21,817,469,692,591,576,296,438,557,915,933,368,512,456,509,Run
90,785,464,730,577,596,385,492,592,789,761,329,497,508,508,Run
159,648,502,899,477,580,414,529,589,652,608,309,520,531,509,Run
208,506,541,915,372,541,412,530,589,537,537,302,528,524,505,Run
248,372,600,817,386,514,395,514,595,446,523,302,519,505,495,Run
307,186,646,685,386,596,363,549,608,381,547,294,518,470,495,Run
305,120,618,683,476,639,344,593,635,361,587,287,495,284,495,Run
305,183,588,706,390,587,344,651,687,381,637,264,638,92,569,Run
294,275,585,729,351,570,320,761,734,413,698,260,631,199,446,Run
248,380,576,743,330,569,301,866,781,449,727,281,604,233,395,Run
221,525,535,752,353,578,378,901,788,513,792,294,586,303,438,Run
187,691,484,754,392,572,455,846,728,613,924,292,572,337,469,Run
73,836,475,866,398,570,484,712,618,864,989,279,533,380,479,Run
56,928,433,804,414,529,412,782,504,968,968,356,503,420,491,Run
189,965,406,660,460,534,715,599,482,1004,964,396,498,472,511,Run
317,851,427,563,492,530,398,650,574,1001,887,458,486,516,523,Run
403,731,445,605,510,536,351,592,598,944,752,520,474,562,526,Run
459,672,457,659,540,564,314,557,611,880,636,553,468,537,523,Run
507,634,463,686,555,566,186,552,577,818,563,561,487,505,512,Run
555,594,464,710,579,559,78,489,474,782,514,566,512,480,492,Run
610,564,463,713,695,593,192,330,413,747,441,599,520,459,492,Run
637,562,458,745,882,606,316,426,579,734,340,628,584,338,458,Run
627,587,444,799,974,618,316,451,592,733,310,599,586,113,636,Run
626,614,439,712,986,602,324,446,534,722,370,552,488,159,483,Run
603,671,419,605,888,545,231,441,505,697,415,527,491,223,401,Run
565,730,410,572,598,680,196,388,484,710,462,508,494,287,440,Run
508,809,416,774,865,504,207,386,507,787,607,433,511,363,477,Run
377,945,381,447,683,546,218,352,538,884,720,398,556,400,518,Run
205,991,402,598,607,563,200,360,534,970,903,337,554,423,534,Run
134,923,434,676,599,585,293,377,533,884,984,292,520,465,512,Run
137,822,460,686,561,593,433,437,537,766,940,302,513,499,524,Run
194,684,493,774,536,629,535,465,560,661,835,323,518,540,522,Run
287,561,527,919,481,545,506,484,563,565,736,328,514,567,506,Run
353,484,567,846,375,503,473,487,576,486,655,367,512,545,509,Run
372,407,615,732,379,564,424,493,582,404,594,410,536,522,524,Run
378,351,635,686,507,642,367,557,595,328,611,418,481,418,468,Run
391,313,635,684,477,632,330,611,639,278,649,419,596,164,516,Run
384,329,620,737,430,591,289,730,704,284,663,416,600,144,500,Run
366,351,618,785,382,579,234,903,761,314,718,403,563,200,389,Run
341,395,605,785,365,571,330,903,783,388,793,388,541,240,371,Run
303,473,555,774,382,558,439,867,735,453,846,379,565,337,408,Run
193,604,534,831,397,551,459,773,626,593,954,315,543,353,450,Run
79,717,503,799,413,516,588,723,783,780,999,310,517,365,457,Run
36,914,448,685,410,512,588,788,508,908,1013,313,526,430,490,Run
177,973,415,541,445,527,586,561,617,953,1004,344,522,507,539,Run
321,856,440,544,464,534,334,614,616,960,845,422,502,549,530,Run
428,745,449,603,484,544,351,557,612,887,673,489,477,536,515,Run
515,690,465,657,515,549,278,560,598,813,569,542,467,507,506,Run
574,648,474,687,519,540,129,545,534,775,476,623,488,485,502,Run
630,607,474,708,574,545,103,473,438,706,326,698,538,441,503,Run
662,581,494,734,727,585,252,296,370,690,250,702,576,317,484,Run
681,565,498,764,911,613,351,485,595,727,280,675,503,117,542,Run
657,611,465,755,985,611,342,488,599,765,335,634,479,168,473,Run
621,673,455,645,958,549,342,467,517,845,384,578,513,225,418,Run
580,689,471,575,711,658,245,446,499,937,499,494,519,304,418,Run
483,717,456,696,846,416,209,426,511,990,602,447,516,348,458,Run
273,824,412,401,643,543,197,374,540,1010,737,421,534,374,502,Run
90,790,511,635,620,543,157,361,566,1006,926,373,548,416,512,Run
110,659,574,668,604,567,204,348,561,887,923,353,529,451,512,Run
167,774,481,720,572,579,352,399,555,770,827,375,510,499,513,Run
220,756,464,879,520,577,469,447,564,631,782,387,513,525,532,Run
257,599,522,921,410,502,474,462,568,501,749,431,521,538,524,Run
330,439,564,771,436,524,467,467,575,386,686,450,520,531,500,Run
440,274,613,673,368,599,425,511,585,311,737,429,509,506,489,Run
490,130,632,687,378,629,392,550,611,267,746,407,544,476,486,Run
456,192,596,779,411,576,412,656,633,275,807,356,494,296,455,Run
392,308,601,831,373,545,442,759,653,337,865,340,590,111,597,Run
263,386,583,837,348,539,407,862,666,416,865,348,601,190,462,Run
107,531,549,860,401,523,359,965,661,553,966,334,581,202,412,Run
85,766,531,858,396,508,411,894,711,815,1004,356,567,270,435,Run
117,919,489,726,413,473,320,930,552,952,1013,418,562,340,440,Run
243,908,481,615,463,483,594,680,532,981,1001,460,528,355,451,Run
367,777,497,556,491,481,403,636,567,964,888,518,501,390,483,Run
459,729,499,579,514,507,346,584,587,910,706,575,503,460,519,Run
543,684,503,621,533,532,303,564,602,843,582,589,503,516,537,Run
600,627,501,641,542,540,180,539,577,787,512,583,485,551,523,Run
630,591,483,641,611,551,58,479,484,746,439,583,476,535,518,Run
652,566,465,645,754,572,209,289,416,751,362,597,493,517,503,Run
659,544,464,664,907,604,298,452,570,771,312,592,511,491,483,Run
629,555,455,701,986,625,308,452,597,767,312,571,524,436,498,Run
594,602,434,660,966,593,296,410,553,774,378,547,580,281,506,Run
547,750,408,682,917,832,212,449,516,785,459,520,520,116,524,Run
450,923,387,749,606,497,176,392,487,897,575,470,481,179,427,Run
294,989,396,513,596,571,188,386,519,981,818,369,515,205,382,Run
138,978,429,663,621,576,145,326,556,993,957,310,509,297,410,Run
131,841,475,676,580,581,240,338,549,861,976,308,501,370,453,Run
212,693,510,704,565,595,388,396,544,680,913,330,538,395,499,Run
307,618,518,830,504,604,505,432,565,539,781,359,548,416,517,Run
366,531,544,924,437,544,489,457,560,436,659,375,518,458,515,Run
375,399,588,818,413,518,463,468,567,387,588,379,507,502,514,Run
392,270,609,706,442,588,416,482,566,355,565,391,509,555,516,Run
375,230,596,696,498,632,376,522,581,329,599,395,518,576,524,Run
360,261,604,716,461,589,343,565,604,338,679,376,521,520,521,Run
321,306,614,756,427,585,289,634,668,361,765,358,524,504,494,Run
274,374,605,800,360,574,211,862,737,410,801,357,502,449,494,Run
251,454,591,797,360,579,291,955,798,469,824,358,533,210,541,Run
178,582,562,792,387,583,439,938,759,546,917,344,614,137,533,Run
57,685,560,875,401,584,484,810,645,757,987,325,596,187,428,Run
22,826,533,768,415,519,450,807,470,935,980,378,569,187,401,Run
105,947,481,622,453,508,745,624,545,938,932,410,575,296,449,Run
254,855,463,504,459,505,387,639,559,951,870,460,566,329,464,Run
365,752,461,567,463,502,359,566,595,891,719,513,529,350,467,Run
450,701,454,637,496,513,308,560,587,811,592,541,520,405,485,Run
509,674,439,700,523,514,217,566,548,751,515,558,517,481,513,Run
549,636,441,730,538,512,103,502,501,707,462,567,494,540,526,Run
582,598,442,731,638,533,180,412,424,679,403,582,462,550,530,Run
601,595,428,750,788,570,319,386,511,692,367,596,455,528,525,Run
604,600,426,807,940,593,323,521,609,715,370,582,479,512,508,Run
601,621,429,769,986,575,338,476,551,724,395,560,502,490,490,Run
575,686,413,630,909,543,309,450,490,720,431,545,575,442,479,Run
540,751,416,548,788,769,216,444,481,749,504,504,562,241,502,Run
447,831,409,838,711,478,176,408,501,862,646,442,519,120,539,Run
244,945,371,441,670,561,183,363,523,968,822,384,492,187,443,Run
80,924,440,649,619,566,134,344,549,936,956,336,486,244,403,Run
57,761,500,674,585,594,231,376,549,845,976,311,483,333,449,Run
122,754,489,707,561,596,419,441,557,734,929,319,498,379,489,Run
176,709,489,810,516,608,512,461,573,624,820,336,539,395,517,Run
227,559,534,925,431,561,494,487,567,517,740,338,548,415,507,Run
278,401,581,816,357,526,472,478,583,440,673,358,520,464,499,Run
325,273,616,691,387,581,437,510,597,370,642,372,516,500,511,Run
386,193,618,641,436,623,410,542,622,325,652,389,523,532,521,Run
397,183,605,649,423,603,383,582,657,295,674,394,523,544,504,Run
397,248,607,685,401,565,336,657,700,314,709,387,530,536,518,Run
368,333,610,721,375,555,265,838,728,359,733,390,499,483,501,Run
285,426,585,727,383,555,287,898,767,404,735,396,558,228,562,Run
196,548,561,733,386,545,410,857,743,464,809,378,617,105,581,Run
68,736,522,817,417,572,454,751,644,624,949,331,603,236,461,Run
40,891,471,781,417,540,331,763,528,825,996,330,595,209,482,Run
123,900,441,694,448,539,640,726,489,905,1008,338,553,313,480,Run
204,834,426,617,481,538,424,639,568,962,944,381,516,336,465,Run
322,759,413,611,478,529,350,583,590,946,760,450,501,363,478,Run
438,714,419,640,499,534,325,563,599,853,617,496,507,430,489,Run
531,690,411,680,521,530,247,575,568,792,526,544,520,490,506,Run
596,657,410,715,537,528,115,533,507,763,424,589,501,559,516,Run
639,618,419,741,646,539,154,439,441,722,336,619,474,563,518,Run
649,612,417,724,807,579,332,296,442,720,303,623,461,516,524,Run
604,616,410,729,952,596,329,507,637,743,326,609,469,486,519,Run
569,649,408,703,998,600,337,500,572,751,383,590,483,468,517,Run
529,722,406,629,952,744,296,450,495,768,486,545,559,419,491,Run
449,808,379,824,587,477,183,447,473,840,641,480,572,227,456,Run
281,885,364,492,610,562,150,393,516,935,804,422,544,142,531,Run
121,874,397,666,639,558,125,329,544,945,946,359,523,200,435,Run
102,735,466,677,587,575,103,302,584,862,967,315,525,240,369,Run
198,713,476,709,564,596,241,349,562,732,900,305,494,328,386,Run
283,671,479,793,529,604,415,409,559,608,781,312,480,383,436,Run
347,550,516,920,455,549,490,436,554,509,671,308,519,386,504,Run
383,399,560,873,396,542,476,446,568,427,615,294,537,403,536,Run
412,299,580,755,362,579,462,472,578,338,582,303,511,449,525,Run
398,232,586,703,463,644,405,495,590,292,568,315,488,516,493,Run
387,209,602,694,437,614,373,560,627,313,682,289,512,537,508,Run
340,249,604,748,423,596,341,641,682,352,769,288,533,533,519,Run
268,343,615,812,360,570,270,846,744,406,812,329,525,520,512,Run
177,417,628,814,346,560,263,960,783,474,836,360,524,512,508,Run
64,588,622,868,362,555,407,970,724,610,943,345,498,449,467,Run
25,799,523,861,344,533,533,934,847,835,995,373,555,186,584,Run
61,946,461,707,394,500,632,775,535,944,944,452,618,137,535,Run
179,823,463,591,432,506,577,592,626,938,904,487,612,203,429,Run
312,692,446,569,450,504,328,589,604,893,748,540,606,211,436,Run
432,675,433,615,463,516,312,543,601,819,599,570,588,284,446,Run
521,652,436,674,481,535,201,543,568,761,522,579,560,307,463,Run
551,612,443,706,537,532,94,502,507,707,480,580,522,341,483,Run
583,593,446,736,639,518,185,415,458,675,448,580,516,392,496,Run
613,610,434,793,779,557,304,392,510,682,416,593,521,460,508,Run
638,625,428,893,939,579,316,465,566,694,389,595,508,532,528,Run
634,644,421,723,990,597,312,448,523,681,384,581,482,578,530,Run
603,686,409,625,977,577,258,440,493,668,387,557,475,544,519,Run
585,717,414,602,811,565,197,412,482,668,416,535,464,501,517,Run
539,765,417,724,663,708,204,383,510,700,491,486,491,493,502,Run
392,927,369,769,547,458,208,346,535,857,620,426,502,473,485,Run
171,992,376,484,597,553,210,363,530,966,846,373,571,383,477,Run
80,961,416,674,615,593,267,378,548,902,964,300,593,137,560,Run
62,873,448,688,578,609,405,407,558,771,982,264,543,145,508,Run
104,759,471,751,562,625,519,458,578,603,849,278,524,254,386,Run
178,580,515,905,457,605,486,474,568,486,688,306,512,262,376,Run
238,424,558,878,365,526,444,458,580,427,613,351,485,332,417,Run
292,285,616,735,356,552,392,499,597,373,558,390,497,376,473,Run
334,196,639,674,415,600,355,563,617,325,592,421,539,401,519,Run
334,227,614,694,409,591,308,660,668,319,650,428,539,420,525,Run
340,347,592,732,403,565,232,809,745,351,712,418,512,448,511,Run
351,409,589,755,382,560,191,946,786,393,761,411,507,505,484,Run
351,413,597,732,372,555,321,913,817,448,812,407,524,529,512,Run
314,502,542,712,387,551,430,868,751,519,926,374,532,532,532,Run
137,745,474,773,401,564,430,745,639,693,989,358,523,531,521,Run
44,830,476,739,428,557,531,629,746,896,1011,363,537,528,505,Run
75,953,425,647,450,558,607,698,424,919,962,389,474,434,459,Run
194,966,385,554,498,550,604,598,588,930,849,431,561,168,514,Run
358,847,399,573,514,533,320,571,621,885,719,464,649,96,520,Run
483,711,423,613,514,545,329,548,619,807,595,490,622,193,398,Run
538,653,430,651,511,546,221,544,575,769,541,510,579,253,371,Run
572,625,433,682,535,547,90,500,490,738,473,533,566,316,414,Run
606,586,436,692,622,557,221,368,422,705,384,561,559,327,457,Run
632,560,443,706,752,590,347,410,538,703,324,583,539,356,476,Run
645,543,450,753,919,613,315,525,625,708,314,575,526,430,493,Run
624,562,441,727,961,596,342,491,540,710,341,553,523,495,520,Run
595,612,427,617,844,597,319,437,488,703,411,545,494,524,534,Run
545,694,433,754,927,682,242,440,475,709,504,525,469,523,524,Run
455,822,405,618,613,522,220,397,513,836,634,457,472,509,511,Run
307,937,354,551,633,547,192,357,542,961,861,408,499,502,478,Run
104,964,381,672,623,583,140,329,584,909,969,370,516,468,485,Run
139,792,475,685,583,586,227,373,571,799,987,339,607,404,475,Run
203,735,481,724,568,589,364,429,585,651,893,344,567,191,536,Run
264,697,482,834,503,604,440,445,573,543,749,343,503,140,485,Run
287,599,516,888,413,543,460,470,564,473,648,344,490,221,391,Run
297,495,555,774,408,528,456,478,578,424,576,350,500,265,390,Run
310,394,603,692,458,584,421,501,574,372,547,359,506,343,435,Run
344,235,656,676,519,624,381,553,576,326,594,356,531,380,472,Run
348,173,653,724,484,589,362,605,619,319,684,344,562,400,507,Run
326,213,633,777,431,594,329,709,702,357,754,352,545,425,526,Run
300,299,647,796,363,578,279,902,792,419,809,371,512,445,526,Run
259,394,633,786,377,577,354,936,828,488,872,375,500,490,490,Run
164,526,614,865,410,586,473,872,749,625,970,343,507,508,502,Run
52,708,555,865,414,554,490,847,636,841,1003,366,515,530,519,Run
15,902,497,728,437,530,664,694,494,947,993,431,512,538,503,Run
82,914,445,577,450,528,493,617,593,916,953,453,531,523,498,Run
218,812,446,529,444,532,338,571,602,889,795,497,499,426,478,Run
349,735,450,569,463,535,313,557,597,821,622,531,593,147,564,Run
430,732,439,621,486,538,224,571,559,766,519,550,598,180,473,Run
512,709,429,653,509,544,126,528,503,740,462,558,623,245,469,Run
573,665,421,663,536,539,169,449,456,738,406,564,588,279,475,Run
609,634,424,681,630,547,306,308,422,741,352,572,564,307,478,Run
597,643,407,725,786,601,328,535,619,733,318,569,550,349,478,Run
581,681,382,794,938,629,369,521,588,736,313,551,543,391,474,Run
569,696,380,729,977,613,358,471,507,746,387,534,526,423,484,Run
549,682,383,604,875,571,271,449,482,737,462,517,511,456,522,Run
513,672,390,570,629,669,210,409,485,729,500,482,475,497,523,Run
408,746,363,751,643,415,211,379,513,864,623,428,451,516,511,Run
172,874,355,378,570,579,211,373,529,969,812,407,468,512,495,Run
56,750,479,668,630,563,166,365,557,1000,953,384,494,508,477,Run
34,706,538,674,579,584,273,386,554,911,998,346,552,477,493,Run
86,778,471,704,555,581,441,465,561,750,947,367,614,379,526,Run
142,706,495,822,520,599,513,479,570,602,785,401,601,132,620,Run
183,559,558,917,450,531,500,480,575,528,674,410,466,73,539,Run
273,459,586,805,379,495,476,484,582,487,623,423,440,202,476,Run
344,361,623,704,423,568,409,507,591,433,602,425,466,343,445,Run
404,240,645,657,477,620,364,556,620,379,635,417,490,390,472,Run
413,220,615,684,476,592,327,603,667,319,664,420,541,418,512,Run
410,263,580,740,431,573,252,755,713,315,709,403,579,424,528,Run
402,292,593,787,375,562,222,890,770,354,783,394,559,459,505,Run
374,342,593,771,368,557,334,885,787,410,781,412,533,469,516,Run
323,456,547,764,401,563,431,861,705,488,834,393,518,511,522,Run
146,681,532,850,431,568,450,760,572,654,959,359,499,546,519,Run
59,792,504,785,447,515,368,767,477,876,1002,387,493,552,518,Run
76,942,470,638,469,513,604,743,466,908,908,426,495,549,507,Run
208,942,422,524,480,505,417,610,578,912,874,450,494,510,501,Run
357,828,437,543,480,506,357,588,589,880,740,485,523,307,444,Run
451,711,458,589,505,521,328,552,601,821,597,516,654,100,572,Run
507,682,466,640,534,517,249,552,586,776,503,548,625,175,402,Run
543,660,441,670,522,513,134,513,529,728,425,563,576,202,356,Run
597,638,437,686,584,525,186,444,484,700,376,565,554,298,391,Run
648,596,468,709,700,564,307,325,437,696,374,556,543,316,421,Run
660,561,474,739,882,603,357,500,593,690,393,543,527,340,451,Run
637,575,455,746,977,622,322,511,613,684,401,542,518,409,497,Run
610,594,438,653,952,599,351,458,529,690,426,541,520,491,532,Run
578,642,434,651,882,742,334,419,482,723,493,522,511,547,532,Run
507,751,428,797,622,498,255,447,472,840,593,512,495,547,524,Run
367,912,392,480,611,579,202,427,500,961,776,506,488,529,530,Run
138,977,422,667,620,575,149,349,563,959,939,466,494,517,506,Run
91,820,511,676,583,571,154,360,575,868,955,422,515,513,482,Run
189,735,527,697,572,583,282,416,570,724,875,402,504,509,476,Run
251,720,495,771,544,600,426,456,576,617,751,391,546,437,490,Run
309,628,502,905,464,563,476,462,559,544,684,357,537,186,527,Run
331,511,537,831,402,522,465,469,557,487,645,355,501,146,505,Run
349,409,565,730,410,539,444,483,567,439,583,377,511,218,381,Run
382,299,602,665,440,598,412,513,576,389,593,382,514,238,393,Run
404,229,613,671,490,613,364,555,594,362,673,374,484,338,442,Run
398,266,584,698,466,571,340,602,626,357,713,386,500,377,495,Run
395,316,579,756,427,569,276,728,690,386,722,404,538,401,498,Run
374,369,585,777,360,565,244,903,742,442,744,409,513,431,517,Run
337,435,572,765,381,570,379,925,759,498,764,423,506,477,521,Run
247,585,555,795,396,569,475,880,695,598,887,390,526,498,522,Run
81,717,547,811,411,554,469,597,753,783,977,391,534,541,507,Run
36,854,496,709,441,521,424,777,388,942,966,460,522,552,500,Run
123,946,431,563,477,538,732,525,631,889,885,474,529,541,495,Run
263,859,445,535,486,529,328,597,614,866,820,479,506,455,514,Run
347,693,451,588,496,531,347,552,614,822,679,505,522,286,513,Run
410,646,421,647,526,540,288,554,591,772,548,524,626,95,652,Run
488,678,430,684,531,531,201,554,551,730,479,532,636,242,430,Run
554,605,456,717,557,527,149,512,497,689,436,533,584,226,455,Run
587,571,443,750,669,549,203,435,445,672,399,541,563,303,476,Run
607,596,427,779,853,567,351,346,504,670,367,552,544,373,480,Run
606,589,425,786,965,589,344,493,604,668,344,549,511,378,480,Run
599,602,421,666,950,580,372,467,567,673,370,541,493,427,508,Run
580,660,415,586,873,540,360,430,492,678,429,531,495,495,543,Run
540,692,433,553,551,715,271,453,470,686,478,520,480,542,536,Run
481,737,431,783,750,432,248,432,497,781,575,470,468,542,536,Run
322,893,403,467,664,537,253,381,529,940,738,447,488,532,521,Run
118,948,451,605,593,549,206,366,545,964,920,415,508,528,487,Run
86,791,530,675,601,575,232,369,557,866,966,357,533,487,478,Run
157,766,501,688,563,582,379,448,556,729,885,366,558,346,446,Run
238,709,488,767,548,594,470,464,564,625,738,382,518,112,581,Run
290,589,514,892,469,547,482,489,564,558,643,380,462,157,439,Run
316,522,527,818,405,494,461,479,570,495,603,392,451,213,360,Run
335,452,540,717,418,521,431,497,574,436,565,413,466,313,385,Run
371,350,586,653,451,603,363,536,589,388,579,417,498,384,439,Run
407,238,611,638,479,610,330,569,615,336,648,413,547,395,511,Run
406,249,580,710,443,575,271,621,665,330,702,399,559,415,546,Run
401,304,557,767,400,566,196,839,721,366,742,392,526,472,527,Run
382,332,566,777,367,553,286,898,782,420,758,405,512,517,525,Run
349,397,592,762,387,558,422,908,747,477,808,399,514,546,510,Run
256,554,597,848,414,574,451,835,641,600,943,346,518,550,506,Run
83,726,566,800,440,528,577,686,792,789,996,358,504,534,491,Run
42,920,504,668,479,519,502,752,474,945,1012,389,506,501,497,Run
149,972,462,542,503,520,574,562,595,945,975,428,471,399,470,Run
259,877,464,534,495,511,348,593,600,927,821,487,600,141,602,Run
396,763,473,578,513,518,352,541,610,858,654,522,616,178,504,Run
503,710,453,616,542,518,288,552,601,789,566,529,575,203,416,Run
562,674,444,642,534,518,149,526,545,752,512,534,561,245,449,Run
594,633,451,664,578,529,149,454,474,709,436,550,551,308,458,Run
642,586,445,690,689,563,255,328,413,695,349,573,541,346,473,Run
665,570,441,733,852,592,354,475,567,691,297,582,522,398,481,Run
645,557,433,752,959,603,358,487,599,697,295,554,519,450,496,Run
604,567,418,656,927,594,360,473,535,705,357,541,514,493,514,Run
570,601,419,591,788,587,327,431,496,713,440,532,485,542,527,Run
522,692,422,699,848,711,261,440,479,743,506,504,465,554,520,Run
409,855,378,603,598,569,250,403,508,867,636,450,478,529,497,Run
248,953,374,569,591,567,229,389,523,970,874,406,497,507,470,Run
80,926,438,667,607,578,180,349,571,981,972,377,535,460,489,Run
123,755,494,676,579,585,234,391,575,874,984,360,576,358,494,Run
227,709,477,712,582,581,375,451,592,701,934,355,571,128,601,Run
331,649,468,825,526,583,447,454,587,569,784,380,476,99,518,Run
374,543,503,914,447,525,463,474,580,467,658,405,431,198,436,Run
374,445,537,795,408,516,465,479,582,407,601,411,451,308,424,Run
387,355,572,684,428,590,427,487,581,380,589,406,486,385,449,Run
398,249,610,654,486,628,378,525,604,355,629,395,534,407,478,Run
379,222,601,718,467,577,347,560,630,350,708,374,567,425,505,Run
359,318,580,753,437,579,298,681,688,369,758,356,551,465,515,Run
350,394,591,791,370,566,246,889,770,409,813,380,528,500,527,Run
303,438,595,802,389,566,345,915,789,492,866,391,513,531,525,Run
184,583,572,870,423,578,435,865,683,635,964,388,508,551,508,Run
58,782,497,830,407,549,336,773,511,793,998,386,502,543,496,Run
53,940,458,696,448,528,633,700,536,946,1012,444,505,523,496,Run
156,921,412,575,474,507,426,657,577,971,950,479,477,457,474,Run
303,817,418,524,459,515,332,565,596,933,821,519,558,211,545,Run
422,706,445,554,483,525,327,548,596,850,670,552,621,86,587,Run
487,665,455,609,524,526,289,561,588,775,579,568,586,211,432,Run
529,651,450,640,522,524,181,533,543,737,535,567,558,209,409,Run
570,629,458,667,532,519,152,468,498,709,475,562,549,315,425,Run
611,583,469,685,604,514,239,413,451,702,417,569,538,359,445,Run
634,574,459,712,719,528,327,448,549,700,365,582,509,371,465,Run
624,592,448,746,868,561,328,537,608,693,323,568,507,406,489,Run
606,614,444,749,959,566,369,497,540,700,344,540,517,468,520,Run
573,649,442,645,892,589,365,438,484,700,425,528,507,529,524,Run
537,688,443,730,935,796,287,444,470,721,506,510,485,546,516,Run
463,791,408,739,633,500,244,426,489,793,582,458,474,526,512,Run
302,929,366,547,619,552,215,368,522,940,747,400,479,502,501,Run
104,943,414,670,623,568,147,353,560,984,929,344,500,458,494,Run
104,791,456,674,585,569,202,402,567,910,975,312,566,373,470,Run
136,758,460,692,573,580,353,431,580,769,941,298,544,149,560,Run
213,687,476,740,551,602,456,472,582,632,830,301,518,138,489,Run
281,601,490,878,469,577,475,471,577,531,698,334,524,223,405,Run
302,548,503,832,410,520,456,472,576,466,593,364,529,312,396,Run
304,444,542,733,443,538,422,498,578,408,549,378,505,387,445,Run
352,284,605,656,434,600,369,521,596,372,595,381,511,383,501,Run
375,208,620,645,506,621,340,552,609,343,662,386,530,390,507,Run
362,218,590,691,463,574,292,612,664,359,700,378,502,411,491,Run
357,284,581,724,448,573,244,779,721,399,743,385,478,462,505,Run
344,378,591,750,395,567,278,884,770,444,768,404,503,503,530,Run
309,466,581,750,398,575,420,879,781,504,813,397,534,541,518,Run
182,625,587,833,430,593,464,822,694,618,942,361,544,548,512,Run
72,747,562,819,442,573,447,769,604,807,994,356,536,534,509,Run
29,926,521,715,471,554,660,771,490,951,1003,398,515,496,509,Run
124,966,453,587,492,535,484,627,573,942,958,429,488,319,453,Run
260,875,442,544,473,521,359,584,589,909,854,470,620,104,649,Run
370,730,439,574,476,529,345,566,589,867,711,514,628,189,478,Run
450,719,420,633,528,537,308,575,585,816,593,539,607,250,416,Run
513,717,445,669,536,531,217,562,551,778,527,549,604,238,470,Run
570,638,470,697,540,513,141,505,498,733,478,550,572,306,464,Run
605,596,455,722,603,508,208,460,428,713,447,550,529,319,482,Run
636,583,453,744,730,525,348,388,469,707,419,548,510,350,507,Run
643,565,455,784,896,542,339,544,592,689,401,535,508,416,498,Run
621,586,438,744,942,552,370,494,541,671,390,519,507,504,510,Run
597,641,426,630,907,544,374,459,457,663,406,508,472,565,514,Run
575,665,432,584,745,624,316,452,457,668,444,492,460,552,525,Run
522,720,437,775,868,601,263,450,465,685,501,478,474,517,524,Run
383,885,394,581,646,541,247,413,510,780,604,436,500,509,502,Run
176,975,410,564,596,554,212,356,530,937,786,383,521,506,478,Run
73,876,465,669,593,584,180,347,585,919,943,364,507,472,464,Run
78,794,458,665,559,595,286,419,591,827,958,341,586,208,447,Run
103,743,467,690,557,587,428,454,620,715,896,353,591,95,539,Run
163,633,489,733,535,614,475,465,608,612,781,374,505,179,456,Run
238,540,510,855,466,570,459,476,601,528,679,394,513,267,347,Run
294,443,558,805,417,529,443,489,612,468,614,404,518,330,369,Run
337,304,621,702,412,543,400,495,622,415,607,391,521,393,431,Run
411,194,641,630,462,596,362,548,633,353,622,383,546,406,495,Run
390,207,601,632,465,628,324,612,655,314,629,389,550,402,512,Run
385,262,584,683,459,594,274,747,706,341,662,373,503,436,513,Run
373,330,619,744,433,563,248,871,730,386,747,378,469,500,505,Run
315,385,647,759,392,570,371,869,748,444,813,393,493,540,507,Run
243,457,638,746,391,575,438,832,688,527,893,385,525,548,501,Run
92,662,635,858,400,573,483,716,567,694,978,383,529,532,501,Run
37,766,592,814,407,534,502,706,620,896,1005,422,541,496,509,Run
11,844,483,681,446,532,639,684,481,954,978,452,468,392,445,Run
104,805,454,594,515,515,591,564,582,973,912,475,595,140,575,Run
209,753,457,588,503,504,357,588,584,922,739,511,613,176,470,Run
305,675,469,626,505,503,357,551,595,839,588,531,581,216,396,Run
401,646,436,671,531,506,298,564,581,787,513,540,569,258,403,Run
470,657,411,711,539,505,176,542,530,736,458,542,580,304,418,Run
525,639,398,734,599,501,166,480,498,691,394,552,547,310,430,Run
576,614,393,741,747,529,265,397,449,670,338,564,516,340,459,Run
587,611,376,732,903,566,373,454,532,661,327,546,498,412,502,Run
577,614,369,690,971,594,365,500,601,667,341,522,501,499,518,Run
558,626,360,606,931,591,359,467,544,682,353,525,502,553,517,Run
529,624,368,543,759,573,330,449,489,705,402,536,497,547,522,Run
499,612,386,678,815,548,258,441,482,745,483,519,488,519,522,Run
379,667,348,531,563,511,241,438,514,879,579,514,494,502,507,Run
169,745,347,599,570,535,198,399,546,977,737,517,499,487,478,Run
54,643,499,654,582,571,171,350,583,1007,925,441,569,375,469,Run
63,654,550,665,558,569,298,433,559,922,961,367,580,148,580,Run
105,753,463,683,554,583,427,473,581,795,863,365,556,134,548,Run
129,708,451,725,544,600,499,470,574,684,696,365,533,235,431,Run
180,595,497,838,450,601,505,478,578,591,583,369,519,264,420,Run
271,516,545,825,423,536,491,490,579,520,544,365,511,343,450,Run
320,372,610,710,420,534,458,520,580,449,562,360,514,390,496,Run
419,194,663,621,448,585,413,527,596,397,616,354,545,379,520,Run
415,188,617,626,476,621,384,565,615,371,670,353,519,386,540,Run
387,217,578,660,446,603,357,635,652,375,688,355,501,472,476,Run
398,254,626,717,460,562,314,770,685,395,728,368,503,495,492,Run
361,313,668,739,379,556,309,866,731,443,763,393,523,522,524,Run
287,394,655,776,403,557,406,862,739,518,825,388,531,559,519,Run
131,590,622,835,425,571,460,846,702,689,955,365,519,559,503,Run
40,823,535,798,429,555,250,595,698,904,998,417,545,545,535,Run
20,941,444,712,491,529,589,667,612,979,922,475,520,426,463,Run
151,930,388,659,491,490,379,579,582,1006,879,493,624,138,632,Run
293,778,306,608,497,479,352,543,598,979,709,519,621,184,498,Run
472,745,336,613,503,471,325,539,597,907,544,544,633,193,439,Run
550,648,363,652,516,475,266,564,532,828,419,570,618,221,454,Run
561,646,357,672,535,469,186,477,567,722,302,603,570,329,428,Run
565,620,374,692,578,469,190,494,521,660,204,617,533,336,463,Run
572,550,402,672,688,499,270,408,416,662,212,581,521,367,483,Run
561,542,414,652,822,541,384,445,538,686,280,540,531,437,492,Run
535,601,408,626,924,571,344,495,583,723,352,548,527,514,510,Run
478,697,400,580,951,583,351,474,540,789,471,542,498,557,534,Run
411,791,404,547,782,763,337,444,513,880,555,502,478,543,530,Run
274,876,369,815,785,385,265,461,511,974,653,499,479,514,513,Run
137,881,386,403,619,529,225,433,528,982,776,491,498,499,497,Run
100,750,447,639,617,535,143,387,560,920,904,429,507,478,503,Run
199,683,483,671,593,589,154,381,583,791,842,412,581,400,490,Run
293,632,495,695,550,596,294,438,554,711,756,407,581,194,473,Run
375,559,520,749,534,597,436,472,571,629,659,371,553,125,513,Run
416,488,536,855,475,573,499,477,567,551,617,351,530,236,394,Run
425,442,547,830,410,506,485,477,564,500,555,354,545,285,366,Run
433,371,564,727,396,536,480,490,580,459,538,350,532,337,392,Run
436,311,568,655,479,600,448,528,594,428,563,344,518,357,445,Run
412,325,543,638,470,603,430,564,612,414,586,350,541,360,492,Run
396,363,532,668,454,571,412,619,633,416,640,346,522,386,515,Run
378,381,540,711,417,557,355,716,677,446,694,350,478,440,515,Run
342,418,536,747,376,558,318,835,712,479,747,366,475,510,492,Run
277,470,524,749,373,556,368,875,727,529,815,389,509,522,524,Run
152,604,529,813,399,561,455,806,687,676,941,364,538,534,526,Run
49,723,508,833,429,556,511,744,747,887,994,388,538,538,509,Run
61,879,458,721,462,538,430,827,430,964,1001,434,542,530,517,Run
152,884,422,595,518,542,766,599,591,967,950,473,481,468,500,Run
251,797,432,545,512,527,374,621,596,903,818,518,531,222,565,Run
360,678,443,567,514,539,362,567,606,813,679,545,619,128,552,Run
439,643,443,599,525,549,318,560,601,743,602,549,591,210,419,Run
497,639,446,627,546,547,243,560,575,712,568,543,562,208,426,Run
539,604,448,654,596,542,107,515,514,704,520,543,564,262,464,Run
584,580,438,668,689,553,174,425,472,702,462,556,552,313,468,Run
608,566,438,706,816,580,349,262,517,706,401,578,524,329,469,Run
613,555,446,736,907,591,357,519,603,684,343,583,519,349,486,Run
599,574,432,673,884,586,379,466,550,672,311,560,546,402,516,Run
588,628,415,599,805,565,348,450,498,668,356,536,531,494,516,Run
561,666,428,555,680,511,276,450,483,664,425,513,485,552,511,Run
521,709,445,451,655,769,276,413,493,686,502,491,457,558,517,Run
407,880,398,623,512,431,279,401,528,810,669,414,465,527,511,Run
267,964,415,472,581,561,260,377,545,953,879,361,496,520,493,Run
88,930,475,651,618,591,250,382,557,930,975,345,510,512,481,Run
122,787,502,671,572,598,356,431,559,806,989,337,559,434,489,Run
207,703,488,716,557,586,445,469,580,643,902,370,618,188,551,Run
304,578,506,850,516,570,482,482,573,519,754,396,522,98,528,Run
361,435,542,881,449,495,479,488,581,439,658,413,479,215,398,Run
387,349,568,765,377,504,437,486,580,382,604,427,513,231,365,Run
401,274,595,660,448,586,392,509,592,338,590,434,510,325,429,Run
398,258,590,666,449,616,353,575,603,304,616,429,505,387,493,Run
395,331,575,706,464,567,329,652,650,307,654,412,545,426,489,Run
378,400,579,746,410,554,282,846,723,347,703,396,530,426,509,Run
336,423,586,781,380,557,318,936,783,408,775,390,499,471,508,Run
282,493,545,773,379,562,415,906,758,482,900,369,503,500,542,Run
128,651,531,870,409,571,476,813,629,625,981,344,526,545,529,Run
47,794,520,812,423,536,594,673,788,792,1007,365,537,557,506,Run
123,947,450,684,467,534,504,748,475,911,986,409,536,528,514,Run
260,872,434,554,490,524,561,560,609,869,886,450,479,434,456,Run
377,742,455,537,487,523,335,614,584,829,752,494,568,176,536,Run
458,687,457,566,501,519,346,551,614,765,620,529,598,127,481,Run
526,672,443,609,520,503,267,548,604,728,548,551,580,213,409,Run
568,652,434,638,555,500,108,530,531,698,484,570,569,269,378,Run
607,613,438,644,622,509,154,441,443,673,408,599,574,279,388,Run
622,582,438,650,741,555,298,296,423,684,335,619,566,289,420,Run
598,588,421,680,866,627,369,503,607,702,328,597,548,348,454,Run
577,637,408,698,933,655,358,457,587,715,355,577,534,426,506,Run
553,694,402,626,902,648,344,437,511,719,415,568,514,503,529,Run
511,749,412,596,810,652,253,434,479,737,491,519,486,529,533,Run
443,820,410,865,852,514,223,418,494,850,673,442,469,527,520,Run
318,944,414,489,677,549,232,379,535,961,882,392,479,520,514,Run
131,960,442,620,608,562,186,372,541,929,972,368,507,513,497,Run
110,810,513,676,598,585,216,380,550,838,985,335,528,487,503,Run
208,711,542,703,573,581,370,442,547,697,916,338,577,461,479,Run
320,653,527,815,545,573,478,451,561,592,766,365,533,225,532,Run
382,552,542,937,456,515,493,472,571,527,654,378,494,120,532,Run
403,430,568,817,397,500,476,487,574,467,594,383,484,206,449,Run
408,353,585,695,390,538,437,499,574,407,556,400,491,243,437,Run
403,330,566,666,471,595,398,532,587,358,544,416,482,318,449,Run
401,344,555,676,494,601,366,591,609,329,580,432,503,355,473,Run
387,365,556,722,433,555,307,698,675,333,628,426,549,381,505,Run
371,386,561,755,396,552,256,885,721,376,702,412,542,415,516,Run
356,419,553,777,359,553,306,929,765,421,760,412,511,463,517,Run
309,538,533,775,358,555,429,890,749,505,854,391,526,509,519,Run
160,688,513,846,375,574,441,755,683,655,966,338,532,544,512,Run
72,824,481,810,414,555,429,738,870,810,999,323,524,555,502,Run
160,957,440,696,480,558,444,691,524,906,1012,348,522,541,507,Run
290,921,422,582,495,568,533,603,617,923,933,399,503,499,502,Run
418,797,432,558,483,567,339,588,606,891,773,462,501,336,482,Run
506,702,441,583,489,566,345,539,617,802,636,511,623,113,638,Run
565,645,446,623,523,560,286,535,612,750,578,545,652,212,487,Run
603,581,455,647,528,542,151,511,557,743,525,589,611,269,457,Run
633,533,466,677,610,541,133,474,481,727,413,644,590,278,492,Run
656,516,468,666,735,564,265,289,430,717,337,671,549,346,494,Run
648,533,453,683,887,596,349,465,607,727,340,649,504,377,490,Run
621,576,441,717,977,602,349,459,599,735,364,618,489,437,479,Run
596,640,439,651,965,575,343,427,537,729,422,590,489,491,530,Run
539,753,423,573,719,607,253,424,503,752,495,548,467,553,534,Run
473,887,402,725,875,606,236,415,497,837,619,454,460,566,518,Run
344,959,397,544,711,550,242,380,528,959,810,397,477,535,508,Run
215,931,390,547,598,559,204,365,542,976,922,354,490,519,489,Run
195,861,411,665,618,571,204,371,548,922,946,317,563,443,492,Run
234,736,457,682,586,575,352,402,522,829,919,316,580,212,515,Run
309,638,484,728,581,574,468,450,542,707,819,340,523,84,588,Run
371,584,506,859,541,568,483,485,547,606,735,352,469,200,424,Run
411,519,536,900,426,502,466,482,557,529,679,354,488,226,416,Run
424,452,566,755,402,512,438,495,568,453,612,372,496,330,429,Run
424,391,593,672,448,588,377,501,576,379,591,375,510,385,471,Run
420,365,593,656,499,609,324,533,588,334,631,377,543,409,502,Run
413,385,582,695,459,570,274,594,648,332,661,368,544,427,515,Run
392,399,569,734,432,556,217,797,717,361,698,368,515,472,518,Run
368,404,566,759,385,554,254,926,792,400,711,378,511,517,531,Run
335,454,547,754,380,558,402,924,800,459,759,367,525,546,515,Run
248,612,504,796,407,566,455,895,714,598,917,327,530,550,500,Run
120,733,443,860,417,574,455,630,770,817,987,320,512,525,500,Run
67,902,409,774,439,540,443,781,499,956,1000,372,526,500,505,Run
167,982,356,619,490,540,702,575,619,1001,922,430,456,417,464,Run
287,926,380,545,495,525,331,630,606,970,784,497,599,156,617,Run
405,757,436,565,487,530,355,563,610,880,661,535,631,164,479,Run
490,644,461,614,513,538,308,559,597,821,583,561,579,201,396,Run
541,641,456,651,522,537,202,530,575,772,513,580,554,255,432,Run
586,617,463,688,558,541,131,496,498,723,455,584,559,317,456,Run
636,562,475,705,634,555,225,412,442,692,394,589,538,345,471,Run
660,545,473,729,791,584,346,431,528,676,352,589,505,373,479,Run
660,545,465,766,945,602,331,553,654,660,340,561,490,423,506,Run
630,574,448,703,980,586,354,489,594,667,370,540,501,487,515,Run
587,647,428,612,895,555,354,450,522,674,429,528,494,537,515,Run
531,738,424,675,891,667,269,423,490,692,498,491,483,572,514,Run
440,852,380,616,649,503,213,419,486,802,604,443,483,537,505,Run
314,929,363,529,614,550,180,373,526,946,753,391,488,502,489,Run
145,902,401,666,614,571,84,328,586,955,909,339,538,449,507,Run
188,771,453,683,572,579,201,376,562,864,939,308,609,226,511,Run
248,699,475,725,548,586,368,425,553,721,861,317,543,81,601,Run
323,612,491,826,494,586,482,482,542,603,732,340,440,183,436,Run
361,517,515,852,431,540,496,466,534,532,640,352,473,254,378,Run
369,435,536,757,397,517,480,463,552,457,593,356,489,296,428,Run
390,334,560,682,434,567,451,512,554,395,583,363,518,364,467,Run
403,273,561,668,473,610,409,525,565,343,603,382,561,404,522,Run
403,307,547,658,474,601,380,559,585,341,648,376,540,444,509,Run
385,357,545,684,458,572,346,606,641,373,714,367,511,502,496,Run
364,397,549,727,407,563,274,770,715,410,743,385,514,542,554,Run
346,452,538,746,387,565,294,903,773,449,749,406,524,571,525,Run
294,576,526,755,402,559,418,887,776,536,843,362,525,551,513,Run
130,690,536,841,419,582,463,815,672,709,963,338,513,516,515,Run
70,806,528,777,435,541,322,718,508,911,994,346,528,500,502,Run
166,930,481,651,477,535,678,641,568,940,965,365,487,346,560,Run
270,834,469,565,474,518,424,621,586,934,861,414,609,144,592,Run
374,738,468,575,491,522,339,555,594,870,721,457,638,208,490,Run
431,693,455,613,522,530,328,547,597,806,628,483,626,288,417,Run
478,663,449,659,523,525,305,565,584,768,561,502,601,208,496,Run
514,608,457,689,549,521,215,540,548,733,499,519,558,279,498,Run
556,571,465,711,603,518,147,486,506,707,435,536,519,327,508,Run
598,569,456,728,717,538,227,438,455,692,381,550,495,366,529,Run
617,577,445,770,872,562,340,388,528,679,360,552,476,451,516,Run
610,567,449,746,948,586,347,525,578,675,364,538,475,536,517,Run
596,557,456,637,915,567,392,462,517,668,381,530,473,573,525,Run
568,604,444,592,833,537,354,440,475,661,438,516,480,559,520,Run
544,663,443,556,642,575,288,462,478,667,495,493,507,567,493,Run
494,740,438,683,754,506,279,445,503,741,618,422,550,454,516,Run
345,850,389,493,633,492,281,395,540,857,752,402,517,482,473,Run
198,885,401,586,603,546,236,356,550,883,822,386,593,315,477,Run
165,757,434,667,600,589,222,347,587,839,905,347,518,137,552,Run
263,714,434,676,563,596,336,427,573,727,897,331,440,139,463,Run
319,676,451,748,541,586,424,463,591,639,798,358,470,214,362,Run
372,579,484,830,495,564,483,493,581,571,715,362,495,259,376,Run
380,505,504,802,428,533,455,478,579,512,680,352,507,367,427,Run
396,460,519,705,415,550,435,475,597,449,628,364,540,415,480,Run
419,391,558,653,445,600,379,502,607,383,575,370,557,430,507,Run
422,323,591,638,415,608,336,553,628,356,599,356,533,463,523,Run
414,328,579,661,438,595,308,640,668,350,641,353,501,506,550,Run
393,354,560,723,432,576,267,830,724,391,680,342,496,545,528,Run
375,371,567,752,398,557,314,890,779,437,711,344,495,571,490,Run
357,402,576,761,397,555,441,867,757,485,756,339,493,541,499,Run
273,526,563,832,428,582,467,784,649,609,895,288,520,507,496,Run
96,699,507,797,437,550,438,769,646,782,979,282,523,350,510,Run
57,890,466,696,471,536,518,720,439,941,977,306,622,135,610,Run
144,932,422,592,499,526,538,586,557,971,926,364,627,155,535,Run
262,832,402,566,503,513,358,588,593,930,796,439,610,213,448,Run
388,735,397,578,517,525,361,554,600,850,679,494,590,196,477,Run
461,674,406,609,534,531,332,567,593,784,600,519,570,271,477,Run
520,616,422,639,531,522,278,567,577,746,536,536,528,326,482,Run
565,595,427,672,558,520,132,516,531,710,476,556,497,381,488,Run
600,591,425,687,658,529,175,457,477,688,419,572,486,454,502,Run
613,578,441,703,786,551,308,301,439,680,385,581,494,506,561,Run
607,573,451,734,922,556,359,506,573,660,360,579,485,555,555,Run
585,589,442,683,918,537,355,483,558,640,357,562,488,545,523,Run
563,615,438,614,802,508,368,454,484,632,406,539,506,525,494,Run
525,685,429,655,872,654,315,457,480,652,476,500,524,492,473,Run
410,849,379,666,612,501,271,457,495,771,571,454,496,469,483,Run
208,948,360,563,587,552,231,408,523,930,718,377,575,332,461,Run
118,878,385,661,604,579,153,349,574,938,911,321,529,126,561,Run
156,797,411,669,567,594,221,382,568,824,926,294,481,149,475,Run
207,689,432,700,557,586,348,447,553,691,854,311,494,206,371,Run
299,557,482,781,516,596,440,480,554,599,764,326,501,275,379,Run
353,433,513,850,453,562,466,487,549,519,669,340,478,384,436,Run
375,372,541,759,416,544,447,480,562,464,603,352,493,405,493,Run
387,315,577,685,433,571,429,506,580,419,568,356,530,431,501,Run
393,277,594,650,446,611,392,522,605,393,589,349,523,466,508,Run
387,315,586,623,464,613,364,562,632,374,615,365,532,485,530,Run
388,378,577,671,483,574,330,642,686,377,654,367,548,514,510,Run
391,382,593,711,434,565,280,790,728,396,741,363,533,533,502,Run
368,413,587,737,395,564,318,804,766,427,788,389,505,531,508,Run
315,510,551,744,416,572,428,807,757,497,848,363,505,521,499,Run
128,639,537,849,418,590,481,756,688,687,963,329,466,461,524,Run
51,693,513,781,444,557,453,724,666,897,995,342,532,273,527,Run
57,824,470,658,489,545,676,679,530,950,995,356,644,97,619,Run
122,764,419,570,496,506,499,608,573,983,895,404,626,258,444,Run
247,689,421,564,475,496,364,575,588,913,761,456,603,225,477,Run
348,622,442,599,502,507,343,561,588,840,678,490,596,234,485,Run
419,610,454,648,527,509,322,578,573,787,614,509,568,300,485,Run
466,616,455,671,514,504,248,573,538,744,552,521,520,345,504,Run
516,612,451,708,551,497,149,507,495,714,507,528,506,420,512,Run
557,600,460,726,651,513,240,438,447,705,470,537,499,497,541,Run
579,603,453,735,784,534,359,392,482,715,445,540,478,577,538,Run
585,617,439,744,917,551,368,503,571,721,420,540,472,587,525,Run
601,658,436,675,928,538,379,491,551,697,399,538,484,542,508,Run
591,687,432,601,841,513,371,466,494,662,392,529,501,500,492,Run
556,680,436,624,750,726,314,478,478,638,438,513,529,458,489,Run
470,750,414,827,625,463,267,464,475,662,523,483,586,336,461,Run
336,857,401,537,682,559,242,425,515,727,643,411,522,116,544,Run
135,859,403,657,614,563,172,381,564,851,866,313,480,133,473,Run
65,801,414,652,582,580,155,358,592,839,947,255,488,248,374,Run
53,751,438,666,554,590,287,421,600,740,926,253,520,360,368,Run
96,636,468,688,557,611,409,448,638,642,838,275,534,403,451,Run
201,560,476,756,512,643,467,480,625,564,720,313,541,410,516,Run
274,497,487,842,471,550,475,458,628,489,611,335,531,431,515,Run
319,345,551,770,413,515,483,468,648,419,564,340,499,460,490,Run
376,180,605,683,429,576,450,490,635,363,543,354,500,493,514,Run
381,167,584,640,493,653,421,529,640,309,545,367,519,518,517,Run
369,259,564,659,487,625,376,576,649,284,569,373,527,530,506,Run
382,348,577,709,463,588,320,699,691,328,621,373,519,521,503,Run
384,408,587,755,400,581,281,854,737,376,702,391,536,520,499,Run
375,453,577,769,370,570,340,901,757,448,784,392,515,455,538,Run
258,613,548,843,423,563,440,849,719,548,927,333,609,195,588,Run
83,745,515,848,396,547,501,885,827,713,990,330,648,137,541,Run
77,781,522,734,416,533,315,560,426,899,985,357,623,261,449,Run
138,888,462,622,441,521,540,591,566,961,971,368,622,183,499,Run
244,842,434,548,476,528,376,606,585,982,839,440,582,270,487,Run
361,725,441,568,485,532,362,544,598,902,691,490,524,324,494,Run
425,659,437,617,523,539,337,539,592,828,630,511,493,353,497,Run
469,626,434,641,549,541,298,554,586,804,576,529,486,431,500,Run
502,601,430,661,586,533,205,513,548,780,506,544,487,514,531,Run
542,578,434,673,661,551,160,476,511,733,433,555,479,584,529,Run
576,573,436,690,776,594,250,417,460,699,392,556,487,550,524,Run
591,578,426,718,891,621,341,382,469,681,375,540,496,516,502,Run
597,588,411,695,925,629,373,455,550,660,375,523,511,489,484,Run
594,626,402,621,861,598,372,440,523,644,380,520,518,462,493,Run
572,654,403,587,755,543,355,435,492,641,411,516,587,360,473,Run
532,697,407,610,487,658,300,450,491,654,478,480,557,121,587,Run
430,858,358,871,627,535,275,438,513,751,629,413,495,163,480,Run
236,965,341,514,661,580,266,382,548,917,773,372,505,250,384,Run
97,858,397,650,593,574,179,362,585,935,900,317,528,311,388,Run
174,766,440,674,584,594,220,394,594,836,971,276,522,379,444,Run
231,725,452,698,563,594,353,435,597,691,913,293,531,396,504,Run
299,638,474,788,522,629,454,461,610,553,755,318,540,408,514,Run
336,541,505,884,448,582,479,489,600,459,642,329,508,436,515,Run
349,453,524,804,386,526,473,466,603,399,587,354,491,491,513,Run
370,346,570,690,395,555,431,499,590,341,557,377,512,532,508,Run
368,259,596,659,458,621,378,542,584,297,600,383,536,549,505,Run
360,259,576,683,418,590,363,596,600,313,658,386,534,545,501,Run
354,317,553,755,411,561,333,698,658,350,706,398,533,533,492,Run
352,361,561,775,370,562,297,859,737,414,764,391,494,471,483,Run
320,385,591,782,377,545,339,932,783,502,883,385,561,239,581,Run
195,523,578,835,414,549,433,913,740,644,976,361,641,116,543,Run
63,710,511,821,408,538,553,881,856,804,1002,358,614,190,452,Run
20,903,487,714,457,526,507,744,471,931,1015,374,615,227,451,Run
71,931,457,626,495,521,507,575,569,979,961,412,593,293,447,Run
190,848,425,589,534,503,369,599,581,951,798,469,566,311,472,Run
324,756,426,591,546,518,369,567,593,852,653,511,533,358,481,Run
441,719,417,613,572,525,334,572,587,763,575,532,505,419,490,Run
528,685,421,628,559,507,264,585,563,712,518,550,485,485,520,Run
579,642,420,655,598,507,130,521,539,679,453,565,465,547,534,Run
609,620,426,663,694,532,124,459,473,650,408,571,466,561,521,Run
639,625,433,663,835,554,313,303,438,672,392,576,480,535,505,Run
624,664,415,671,911,583,307,527,610,700,386,574,507,505,497,Run
603,703,404,658,920,594,331,470,599,696,386,559,513,489,483,Run
567,698,411,608,853,576,355,427,514,690,417,547,604,443,568,Run
516,688,416,616,831,733,289,470,487,701,479,526,613,236,606,Run
453,766,384,793,692,503,247,452,495,783,600,468,565,101,566,Run
282,930,317,528,643,576,229,381,514,919,796,393,500,186,477,Run
93,990,298,650,605,565,199,370,547,934,948,335,496,252,439,Run
30,912,345,667,594,572,214,384,569,833,982,297,505,328,456,Run
80,692,442,689,576,584,321,422,575,702,926,293,517,371,488,Run
227,573,496,751,561,604,419,453,580,591,807,317,551,377,513,Run
318,560,509,907,472,569,463,455,554,498,675,348,554,409,511,Run
306,496,569,855,401,519,461,464,561,428,583,369,533,448,497,Run
313,294,672,766,366,552,444,497,571,363,545,381,516,476,493,Run
332,185,687,684,461,610,408,519,585,305,562,398,528,522,513,Run
311,240,615,674,429,615,382,574,609,323,604,394,522,547,532,Run
318,336,608,704,409,563,348,669,655,351,673,376,507,555,510,Run
295,391,615,756,367,562,308,806,727,383,803,371,492,545,502,Run
227,449,569,776,356,566,263,945,762,473,889,382,517,516,517,Run
103,646,479,807,371,560,379,919,765,605,967,334,559,306,527,Run
32,857,413,841,395,565,443,845,765,815,1003,321,654,113,610,Run
51,964,391,743,426,533,224,842,592,952,943,389,622,202,482,Run
169,961,367,624,474,532,630,648,625,922,818,443,616,196,441,Run
342,884,376,558,491,524,417,611,600,862,725,494,581,300,439,Run
457,777,404,579,489,527,333,565,608,775,608,530,558,352,474,Run
550,680,430,626,518,533,314,553,605,705,517,552,523,367,502,Run
591,660,431,668,527,524,204,550,564,658,452,561,511,419,498,Run
621,623,439,706,549,526,114,491,504,625,412,561,508,483,508,Run
646,586,449,725,665,560,191,429,435,612,396,556,482,520,522,Run
626,613,436,731,855,597,331,341,493,627,385,563,464,525,526,Run
604,636,430,744,966,613,326,507,618,653,375,562,473,518,518,Run
569,673,418,652,981,595,333,473,564,687,410,548,501,508,487,Run
528,725,424,579,792,564,331,431,497,719,483,515,514,473,481,Run
471,800,396,727,897,540,239,444,479,783,624,459,613,393,481,Run
326,931,357,528,732,524,210,418,509,891,783,381,586,236,508,Run
128,941,387,556,609,552,171,352,533,907,929,312,533,94,537,Run
100,810,433,667,618,574,135,339,567,807,939,296,492,181,408,Run
172,727,463,692,576,581,287,400,529,681,848,323,498,288,359,Run
266,665,481,765,558,588,434,458,541,571,722,358,511,363,408,Run
323,571,518,902,481,551,489,465,539,512,641,379,541,370,479,Run
361,431,576,852,406,510,466,479,549,468,588,382,561,382,522,Run
397,309,606,756,397,528,453,496,562,421,563,386,541,418,523,Run
395,289,584,690,478,607,394,527,569,377,528,395,504,453,506,Run
391,307,579,656,493,617,373,552,587,352,512,403,494,506,491,Run
376,316,591,690,458,569,331,594,640,363,535,402,506,528,518,Run
353,352,592,736,405,566,277,741,691,394,601,381,512,534,527,Run
326,438,564,768,364,553,231,919,733,432,714,356,504,529,509,Run
294,562,514,762,363,552,363,916,781,476,837,359,498,521,490,Run
161,704,474,817,375,565,449,874,709,579,954,331,547,482,478,Run
66,791,436,848,392,567,441,627,707,727,998,335,516,274,504,Run
140,910,415,748,428,542,435,853,434,897,973,380,641,98,568,Run
260,870,402,605,491,547,727,607,599,897,849,439,607,148,465,Run
374,762,416,539,500,541,336,615,599,846,717,484,571,195,409,Run
448,675,439,569,473,541,361,572,603,768,614,512,557,298,420,Run
503,633,451,621,506,546,311,556,603,725,539,536,549,326,435,Run
537,608,458,651,524,538,187,544,560,695,468,567,537,329,456,Run
577,568,472,683,578,536,137,489,486,682,384,591,537,390,492,Run
628,545,478,701,691,558,218,391,430,695,344,586,543,468,521,Run
655,556,482,746,879,589,361,383,560,711,354,554,521,524,526,Run
654,605,472,763,976,607,329,501,639,714,378,533,491,535,523,Run
619,700,446,647,966,580,359,464,552,722,430,524,473,525,517,Run
569,787,443,590,766,560,296,429,500,752,472,494,484,512,496,Run
490,889,441,721,820,666,220,442,477,858,565,459,497,482,505,Run
371,969,422,570,664,524,210,408,512,968,783,437,576,442,498,Run
173,994,419,518,578,558,195,364,535,945,942,380,558,233,541,Run
123,837,455,674,619,585,142,343,568,830,939,356,502,147,509,Run
208,695,481,689,575,590,278,391,531,711,846,376,507,183,466,Run
299,593,500,776,553,588,437,456,538,605,728,384,504,233,429,Run
349,523,505,895,477,550,505,468,544,529,662,383,481,333,447,Run
384,468,497,834,413,500,478,478,536,487,610,397,505,381,469,Run
387,422,512,742,377,525,468,491,557,434,589,396,544,376,499,Run
379,347,552,676,484,600,423,516,562,357,625,403,540,399,506,Run
374,297,579,653,487,598,375,550,573,310,645,423,518,429,505,Run
361,325,576,704,455,555,332,601,613,300,647,421,526,465,495,Run
345,346,573,765,399,551,246,749,691,333,715,408,540,495,508,Run
332,382,579,796,367,555,213,931,734,410,781,392,530,517,514,Run
281,528,522,776,374,560,363,956,762,517,893,346,513,526,506,Run
113,752,473,839,376,573,444,884,695,694,978,298,517,531,500,Run
76,916,426,805,395,559,446,617,762,904,1005,323,479,500,504,Run
196,982,417,686,424,543,436,734,447,930,882,405,529,310,499,Run
323,903,425,539,485,558,690,538,622,873,784,473,625,114,607,Run
448,787,442,518,485,558,363,594,608,808,690,535,613,235,471,Run
510,717,456,560,485,561,358,557,611,737,582,588,584,266,449,Run
546,654,463,609,514,557,296,541,608,687,529,596,563,306,453,Run
578,601,456,637,537,549,182,532,555,639,457,590,537,340,459,Run
608,568,449,663,589,557,156,476,491,629,364,571,522,334,481,Run
630,553,445,710,713,602,229,386,441,652,342,536,507,387,479,Run
640,544,449,773,895,622,374,417,569,675,373,500,505,465,505,Run
630,562,442,761,967,616,348,504,611,695,412,487,516,527,544,Run
614,661,413,633,911,590,375,472,518,715,445,479,504,582,517,Run
561,764,414,586,805,518,308,437,493,745,538,445,494,546,519,Run
521,835,447,545,516,716,249,427,499,763,728,430,493,524,498,Run
421,950,415,784,553,433,258,397,539,787,776,472,509,491,502,Run
311,986,437,417,558,550,254,350,569,796,842,474,544,411,487,Run
196,879,483,638,622,568,196,334,548,769,942,444,516,183,517,Run
229,754,514,679,590,581,289,364,522,714,885,435,509,96,528,Run
307,669,515,720,562,581,406,424,545,662,798,421,491,208,409,Run
389,566,533,842,530,577,480,472,565,610,735,403,502,251,384,Run
405,459,553,900,447,505,448,491,570,566,684,410,500,320,410,Run
406,409,563,790,370,490,416,504,571,500,614,417,513,354,453,Run
393,371,566,663,435,564,353,522,580,423,585,423,530,381,508,Run
385,336,584,675,486,609,313,566,593,334,589,429,527,438,529,Run
377,324,591,707,459,571,275,659,650,284,601,391,516,502,523,Run
364,356,574,753,417,551,243,859,707,296,648,334,516,538,504,Run
332,411,563,787,362,552,277,957,750,363,724,288,534,522,529,Run
281,475,544,779,365,551,397,926,767,465,825,278,534,518,514,Run
113,657,481,837,385,565,427,855,663,616,955,283,517,509,486,Run
46,801,447,835,395,554,446,575,715,772,998,342,512,504,482,Run
118,937,429,708,436,542,341,851,441,876,996,407,507,454,489,Run
274,901,416,579,490,546,639,583,580,886,917,487,545,263,558,Run
395,791,436,536,487,552,357,612,600,844,747,549,656,102,611,Run
449,702,454,561,490,576,344,565,612,753,609,573,621,212,451,Run
499,655,451,601,516,576,299,547,615,679,539,572,588,212,410,Run
539,624,451,641,510,567,178,540,563,634,499,567,569,299,456,Run
587,587,465,673,586,575,111,486,470,625,464,557,551,350,459,Run
618,571,488,685,688,589,223,345,412,639,451,544,518,365,477,Run
624,594,496,721,871,588,389,457,595,652,440,523,492,408,490,Run
628,624,499,742,970,579,349,526,662,662,440,515,488,469,520,Run
622,676,494,659,929,544,371,499,552,668,432,512,486,518,533,Run
570,737,478,583,785,488,326,450,511,677,452,495,490,556,525,Run
522,786,477,540,483,715,268,447,494,698,540,477,490,547,515,Run
443,882,439,750,579,417,240,413,507,728,669,436,498,519,505,Run
326,974,419,360,541,554,231,369,535,795,760,362,507,500,495,Run
175,965,414,651,594,554,159,368,550,853,919,311,517,469,490,Run
165,866,425,663,580,568,189,359,554,755,947,286,546,302,514,Run
230,767,425,688,561,577,335,408,548,654,838,314,579,104,639,Run
273,664,429,781,537,596,481,466,566,587,727,334,515,161,487,Run
326,546,461,886,484,525,502,473,561,526,588,345,519,227,398,Run
345,460,479,806,403,492,458,469,562,471,583,351,518,290,415,Run
360,376,522,710,391,575,425,499,572,383,621,396,511,355,469,Run
372,286,590,656,474,638,375,518,586,293,529,461,536,373,509,Run
335,232,635,681,474,604,334,576,607,255,566,466,549,413,517,Run
282,286,623,744,416,577,284,663,655,281,647,429,513,453,520,Run
284,391,604,796,351,569,202,867,724,313,729,439,498,493,507,Run
277,487,589,798,355,560,275,967,779,377,845,442,520,533,507,Run
148,676,534,825,371,550,425,938,741,499,963,383,545,551,512,Run
61,832,499,850,382,542,452,747,696,701,1002,401,539,544,504,Run
112,958,503,744,423,503,347,763,480,848,1013,396,550,524,513,Run
257,988,471,602,470,497,634,640,525,854,962,393,462,442,484,Run
395,902,482,522,502,508,472,579,566,874,820,446,543,212,517,Run
475,800,491,549,483,521,347,595,576,836,626,503,606,114,529,Run
516,729,479,606,505,528,341,564,593,743,537,526,582,198,425,Run
533,689,463,644,533,534,262,571,573,678,546,524,556,270,397,Run
550,631,457,678,555,543,155,546,521,651,549,510,562,338,415,Run
580,568,470,711,671,563,173,464,479,664,534,498,551,329,445,Run
614,524,480,744,845,582,254,375,462,692,506,503,520,341,466,Run
623,518,476,763,964,589,331,463,618,699,469,509,509,408,492,Run
626,521,484,683,981,598,343,488,603,683,466,517,507,490,517,Run
613,545,501,609,829,614,355,440,511,662,488,514,501,544,530,Run
579,626,486,765,899,609,290,435,479,629,500,496,499,550,524,Run
503,855,449,588,701,561,246,427,479,618,552,460,495,525,513,Run
342,968,457,582,632,540,217,391,514,622,756,420,493,487,505,Run
164,979,464,672,607,574,153,326,574,653,788,383,544,420,511,Run
237,877,470,683,572,589,228,361,582,763,720,343,575,279,526,Run
262,761,483,720,559,600,344,418,589,759,778,337,531,169,523,Run
293,659,491,807,502,617,451,469,582,665,840,304,507,214,463,Run
321,557,512,863,449,545,482,468,570,551,778,310,528,252,457,Run
321,462,543,773,386,515,451,470,569,473,661,323,520,283,461,Run
332,357,589,677,430,579,442,480,580,422,590,341,517,326,465,Run
350,248,635,642,468,632,401,506,600,391,605,348,532,361,477,Run
343,217,624,660,453,615,371,558,625,384,653,331,549,394,501,Run
333,273,613,732,429,581,326,654,654,370,719,342,538,429,498,Run
314,360,620,772,374,572,266,843,687,397,809,358,514,467,498,Run
263,447,587,783,371,561,273,953,761,485,914,341,516,503,510,Run
128,639,560,839,409,546,408,936,732,665,986,325,528,516,516,Run
41,859,550,855,412,528,468,719,666,879,1010,313,527,519,503,Run
99,967,508,736,431,479,281,822,406,974,979,352,523,508,501,Run
251,960,467,595,486,497,753,608,563,974,841,436,541,499,516,Run
384,866,479,548,490,496,356,629,571,882,712,499,519,444,508,Run
483,744,488,570,495,508,355,573,587,770,626,533,635,183,671,Run
527,695,480,606,526,531,312,569,582,718,591,548,653,131,572,Run
553,652,468,644,537,534,223,573,540,677,549,552,597,237,475,Run
585,601,458,671,546,534,110,504,505,648,494,552,593,234,510,Run
619,567,449,695,642,554,180,453,433,647,451,554,554,343,501,Run
634,553,453,713,778,571,349,355,495,677,419,558,513,378,493,Run
617,552,453,730,918,571,341,495,600,697,405,547,486,402,480,Run
595,599,436,688,929,564,357,491,557,698,426,518,494,449,500,Run
563,689,423,608,840,528,354,480,504,684,452,504,500,503,524,Run
526,738,445,551,749,736,300,462,492,680,511,480,477,553,515,Run
427,829,413,793,637,425,257,453,489,717,619,439,464,540,518,Run
322,938,408,467,626,550,255,391,536,798,723,366,481,524,509,Run
128,945,468,658,624,562,176,353,559,903,865,318,502,504,484,Run
146,792,498,674,581,576,190,366,574,843,919,291,551,463,464,Run
238,760,483,700,555,584,341,433,566,734,933,294,617,386,537,Run
287,670,499,778,523,612,451,465,582,609,859,318,561,130,596,Run
318,551,521,876,471,562,475,484,567,514,728,360,491,158,453,Run
346,473,544,793,409,510,468,477,577,439,615,374,504,207,412,Run
364,369,586,715,414,546,434,497,570,381,588,382,500,305,421,Run
376,255,617,658,485,619,400,517,582,329,597,385,501,370,466,Run
377,255,595,651,495,624,375,560,593,313,619,385,537,388,489,Run
362,323,574,707,464,581,357,629,636,352,643,382,548,398,507,Run
340,361,584,752,403,578,307,760,690,401,705,393,515,428,513,Run
311,396,585,781,375,574,289,893,765,468,755,402,505,489,497,Run
231,519,564,783,403,568,406,909,772,574,875,343,523,580,494,Run
78,692,535,843,419,586,460,769,654,732,973,335,548,516,562,Run
27,877,515,785,429,538,370,689,594,923,956,397,534,466,527,Run
134,968,477,644,470,526,654,667,573,874,908,427,519,553,495,Run
287,927,446,557,484,511,465,598,590,868,843,474,477,459,504,Run
394,848,457,568,470,511,352,569,596,816,692,510,518,247,560,Run
493,741,470,606,505,532,331,561,592,752,592,522,600,123,534,Run
536,689,458,646,532,531,280,582,563,718,557,522,585,194,430,Run
568,656,433,667,536,515,151,539,520,693,494,530,578,218,438,Run
605,598,439,688,559,494,178,456,484,677,383,552,567,284,459,Run
633,529,462,714,657,498,278,397,410,680,321,564,542,325,464,Run
646,518,462,747,789,523,364,501,561,705,316,535,514,351,479,Run
632,557,446,756,906,549,358,536,563,715,316,514,508,406,497,Run
600,596,441,667,912,557,358,500,508,715,369,512,523,468,514,Run
560,626,456,613,797,586,344,474,494,728,445,506,518,527,527,Run
477,800,425,761,872,665,301,449,499,774,517,475,491,572,515,Run
258,949,364,581,610,534,274,441,517,933,608,439,487,544,515,Run
83,957,407,549,628,550,215,386,529,992,856,374,496,518,500,Run
44,828,452,676,593,571,106,333,600,919,935,330,509,489,483,Run
86,736,452,674,554,587,234,412,582,798,868,336,514,463,485,Run
175,664,451,698,551,591,366,442,596,649,766,359,560,321,506,Run
231,572,476,748,524,608,456,476,588,561,668,364,575,139,625,Run
278,455,526,831,453,573,466,477,579,509,613,378,515,122,531,Run
334,340,567,779,418,535,449,467,590,466,570,377,502,212,435,Run
367,270,585,714,437,555,436,511,609,442,594,357,516,281,431,Run
378,227,580,649,456,608,411,529,626,421,649,353,520,342,467,Run
377,270,572,607,439,625,386,561,638,402,651,369,526,377,499,Run
377,336,591,645,469,602,345,614,679,402,659,369,549,406,514,Run
339,375,620,714,447,576,287,766,714,406,737,381,521,444,522,Run
309,406,639,752,399,576,287,848,755,445,783,402,484,490,507,Run
279,463,633,762,425,581,413,826,767,522,867,378,501,519,511,Run
108,739,637,889,425,581,465,775,680,743,970,362,533,557,511,Run
35,805,598,841,423,543,561,818,767,929,989,411,540,561,509,Run
19,897,543,716,476,528,542,683,402,975,978,435,523,523,511,Run
157,928,456,613,490,483,531,582,570,1000,870,486,513,393,484,Run
306,840,455,585,494,474,358,594,582,947,700,534,618,128,616,Run
419,704,468,611,507,496,343,563,580,869,563,557,627,167,492,Run
471,664,447,648,532,505,291,574,563,785,459,580,604,209,446,Run
508,650,432,673,527,496,170,534,506,689,358,584,570,306,435,Run
552,625,447,685,610,487,155,472,480,645,320,567,537,366,444,Run
565,622,443,677,730,496,276,357,415,659,335,549,517,364,467,Run
546,627,419,689,858,533,391,390,523,680,370,534,508,381,484,Run
548,629,406,697,948,542,376,501,583,704,423,525,508,458,503,Run
558,620,419,643,923,542,364,486,508,696,458,518,507,527,530,Run
529,646,418,576,765,722,318,464,463,702,489,500,492,553,528,Run
429,680,398,838,845,431,262,468,472,789,563,488,480,535,520,Run
300,718,383,476,710,550,248,437,511,880,641,476,479,511,501,Run
107,718,407,640,623,546,201,388,533,942,769,445,507,465,496,Run
46,635,480,658,588,579,178,311,594,924,840,394,564,355,500,Run
98,642,519,671,558,586,289,399,603,823,826,359,530,131,540,Run
175,698,472,702,559,595,402,431,632,711,735,346,522,127,496,Run
184,645,431,762,518,628,465,465,618,627,640,330,532,227,433,Run
218,499,455,837,443,567,458,464,625,551,567,329,525,280,457,Run
331,290,530,756,417,548,469,465,653,489,526,329,505,344,463,Run
484,174,654,673,465,595,449,494,651,423,554,314,510,372,480,Run
441,204,668,629,446,638,404,522,659,387,613,298,530,386,506,Run
366,122,600,631,459,620,373,591,675,401,654,307,524,426,507,Run
366,242,583,713,439,588,314,714,710,449,694,319,511,474,513,Run
348,418,613,737,399,574,264,863,719,487,738,344,518,515,519,Run
363,458,623,749,376,562,369,868,781,538,769,357,524,548,513,Run
298,466,579,735,407,569,451,835,746,620,840,354,520,559,507,Run
104,718,543,828,416,570,478,745,627,835,957,353,522,548,507,Run
64,718,517,762,461,528,546,719,720,961,940,426,509,503,504,Run
64,762,471,669,481,521,428,577,442,985,904,458,529,358,469,Run
184,758,441,562,522,508,656,586,592,968,839,482,645,124,670,Run
283,718,444,555,509,493,369,603,592,924,707,514,608,202,485,Run
340,631,449,598,540,506,363,548,612,852,599,523,564,265,430,Run
401,599,437,630,554,509,299,548,594,792,538,527,574,258,474,Run
452,606,413,655,534,499,193,556,531,746,473,538,549,316,469,Run
515,602,399,666,609,499,168,511,490,699,424,543,520,340,484,Run
570,591,398,670,719,516,255,418,455,685,375,559,505,367,496,Run
574,602,377,677,843,537,386,370,479,667,336,567,508,460,496,Run
586,605,373,684,921,561,367,528,603,655,334,547,509,528,533,Run
579,628,383,634,892,568,367,480,544,657,359,523,483,593,522,Run
542,652,398,580,727,728,363,450,481,664,435,508,474,563,516,Run
456,691,394,806,909,509,311,445,485,712,542,479,482,528,499,Run
322,781,377,554,701,552,255,440,491,831,661,417,485,500,490,Run
131,810,414,616,600,546,189,417,529,941,864,378,572,405,485,Run
67,715,487,660,590,584,125,387,572,843,948,359,590,176,579,Run
122,723,503,668,568,586,223,433,553,727,890,360,533,107,574,Run
167,700,497,693,565,585,349,465,575,622,793,373,494,220,426,Run
222,626,502,752,531,618,447,457,571,547,696,390,513,238,405,Run
271,552,516,858,465,575,479,461,549,497,632,407,510,322,424,Run
301,494,529,797,425,527,459,485,549,453,587,423,513,387,450,Run
350,383,566,699,379,529,445,511,564,424,564,435,543,391,497,Run
420,253,626,633,437,572,429,552,592,382,590,440,544,402,523,Run
409,217,600,641,431,581,400,621,627,348,620,435,505,435,529,Run
383,251,532,663,426,588,383,712,697,371,650,411,482,511,495,Run
369,312,516,708,424,562,366,858,740,406,716,400,500,541,491,Run
352,336,560,741,421,560,366,930,768,464,807,404,522,544,508,Run
272,466,552,814,415,553,433,871,740,575,886,365,519,535,506,Run
92,681,483,851,430,565,461,666,712,695,974,359,504,520,491,Run
41,811,446,776,446,543,281,783,519,879,972,372,529,478,491,Run
110,907,428,652,471,546,635,650,559,920,859,404,539,287,523,Run
213,842,420,577,502,539,421,604,568,859,760,433,644,105,599,Run
327,743,428,555,503,533,370,571,593,801,660,463,614,190,466,Run
429,680,430,564,504,535,351,554,605,730,572,488,563,189,416,Run
495,663,428,597,533,535,300,556,599,680,524,504,561,283,446,Run
537,638,429,633,525,523,208,536,578,648,485,516,558,334,454,Run
566,608,425,654,580,529,142,501,509,625,460,510,525,338,486,Run
601,583,422,666,713,548,243,405,448,637,456,508,502,384,500,Run
608,584,425,684,877,567,378,381,488,655,428,528,509,450,519,Run
599,611,430,693,963,573,367,519,609,639,414,536,509,516,521,Run
582,659,431,620,906,551,354,473,567,638,439,520,482,559,516,Run
548,728,432,638,833,657,345,442,511,624,450,513,466,555,517,Run
483,819,421,829,903,461,291,449,496,664,562,494,474,533,509,Run
344,895,422,543,715,553,255,434,501,748,746,393,483,510,502,Run
140,939,429,619,616,548,190,402,546,831,840,340,586,447,506,Run
91,847,472,658,596,575,152,397,571,785,873,312,611,212,584,Run
149,776,496,685,577,581,279,440,543,703,868,307,554,104,571,Run
223,705,491,716,575,593,394,461,542,600,805,324,482,216,434,Run
268,627,497,819,508,579,461,515,534,518,705,335,484,291,419,Run
304,512,519,889,464,526,489,494,532,454,634,355,504,347,447,Run
333,380,561,759,377,494,473,500,540,398,605,381,511,362,493,Run
362,256,589,672,483,551,435,520,543,357,530,415,552,358,519,Run
362,216,569,655,485,608,409,547,561,321,503,443,559,392,523,Run
361,280,540,661,473,574,381,598,580,313,526,447,520,456,515,Run
375,337,547,695,462,551,352,671,644,358,566,428,510,505,509,Run
361,384,569,714,410,545,329,760,687,403,657,422,526,532,525,Run
320,478,558,725,401,554,311,880,725,468,797,409,524,559,522,Run
253,634,507,736,412,559,405,875,734,528,893,398,521,555,520,Run
102,785,511,828,421,574,481,786,657,630,977,391,506,525,526,Run
92,839,502,770,431,544,475,457,730,787,1004,404,536,354,494,Run
183,886,463,674,467,553,440,682,461,884,915,444,602,115,590,Run
298,856,437,572,497,554,692,489,623,824,817,470,614,183,488,Run
401,764,444,564,509,541,323,578,619,774,713,489,611,213,435,Run
455,663,463,585,502,545,359,549,613,713,609,500,570,293,438,Run
485,624,465,629,518,555,315,556,603,671,547,509,535,319,458,Run
518,595,445,657,521,550,217,551,561,642,501,519,517,334,476,Run
557,576,441,683,566,550,165,514,494,619,452,526,505,409,478,Run
608,554,477,702,678,565,242,452,438,619,435,529,486,483,507,Run
638,525,483,728,846,570,373,390,498,631,429,527,472,523,540,Run
626,574,458,742,958,565,358,534,623,639,423,517,481,544,535,Run
608,641,431,644,913,530,362,479,561,648,428,512,500,543,505,Run
577,727,444,579,798,476,358,454,499,653,453,495,517,514,490,Run
495,833,433,511,683,787,277,443,487,694,553,458,519,487,484,Run
362,928,391,732,494,492,239,434,517,776,695,408,561,451,511,Run
255,955,393,434,560,569,223,395,543,858,728,387,555,280,524,Run
177,872,431,661,616,562,151,371,559,827,823,380,530,94,551,Run
201,751,462,670,570,582,218,384,550,764,899,358,490,194,467,Run
266,688,477,703,555,578,364,445,538,657,871,354,507,262,403,Run
334,613,499,769,537,580,482,456,557,574,762,378,490,321,434,Run
359,530,523,849,476,545,498,491,550,521,667,396,488,383,467,Run
361,470,540,778,424,521,468,478,560,482,608,402,511,383,510,Run
371,378,581,702,417,548,443,517,563,431,584,398,516,401,529,Run
385,290,599,641,510,608,392,533,569,373,581,401,507,457,517,Run
379,301,578,638,479,610,363,587,587,340,588,411,515,491,518,Run
374,358,562,669,470,575,317,672,656,358,597,412,533,530,515,Run
353,394,571,713,412,562,271,856,698,406,665,400,533,565,504,Run
332,425,569,738,389,562,313,914,767,457,765,393,520,548,515,Run
280,529,543,763,399,560,435,861,748,562,873,349,507,522,517,Run
115,693,516,840,401,588,450,768,626,703,970,349,471,439,511,Run
52,823,495,794,425,560,320,675,494,892,944,397,635,165,612,Run
133,898,467,663,474,548,561,728,488,862,855,429,645,156,527,Run
225,849,442,590,506,538,488,573,578,853,775,465,614,230,461,Run
311,797,438,561,488,533,354,582,595,796,660,498,588,226,499,Run
414,738,439,573,487,537,357,562,600,737,588,510,566,303,483,Run
486,696,441,602,511,547,302,572,584,687,541,518,532,328,488,Run
535,661,431,630,517,537,225,564,545,649,506,517,512,368,501,Run
592,636,416,663,535,532,178,504,504,639,469,515,515,439,524,Run
630,617,423,694,614,527,257,439,456,659,434,523,498,528,517,Run
624,606,428,722,753,532,385,399,504,669,401,534,468,570,515,Run
594,625,417,733,899,527,375,557,617,661,391,533,461,538,537,Run
567,670,415,676,905,517,363,519,558,656,418,519,481,527,512,Run
526,702,433,689,947,775,367,474,490,654,455,505,505,511,472,Run
437,774,413,805,565,462,322,454,486,717,560,480,558,453,456,Run
248,889,396,483,579,557,240,456,484,849,734,396,556,290,539,Run
80,843,467,653,634,553,157,397,541,923,879,348,551,103,581,Run
91,723,518,658,581,561,134,347,585,797,900,338,509,180,461,Run
166,712,510,669,570,580,233,412,576,681,836,352,486,260,429,Run
259,682,491,688,575,581,337,414,583,587,760,367,468,334,448,Run
312,594,500,780,524,582,421,479,569,527,684,394,481,355,482,Run
341,510,525,877,472,536,456,461,561,481,624,408,516,394,507,Run
373,413,561,777,426,508,448,481,569,443,594,406,520,441,501,Run
405,310,594,696,457,561,423,504,572,395,569,406,515,483,511,Run
416,219,608,637,456,630,387,523,586,345,562,412,530,498,528,Run
391,254,561,641,484,602,355,555,606,340,581,407,536,525,515,Run
363,348,533,700,471,569,317,636,678,380,645,385,533,538,500,Run
327,369,571,759,410,574,295,839,744,426,813,362,533,528,509,Run
250,472,550,791,389,568,333,952,782,508,949,364,472,468,533,Run
116,663,510,855,426,566,451,929,759,639,997,363,543,268,542,Run
39,818,446,898,413,567,499,778,649,831,1013,387,644,93,640,Run
113,957,433,769,439,517,364,836,588,944,944,451,647,268,453,Run
245,887,424,626,472,501,703,697,551,941,861,499,623,274,477,Run
379,772,435,526,475,496,418,613,582,892,744,534,589,280,501,Run
481,678,452,544,465,501,364,584,589,816,637,548,538,305,510,Run
525,632,458,598,493,502,312,561,587,760,564,549,503,326,529,Run
550,605,460,648,522,502,234,545,560,701,486,549,487,415,515,Run
578,578,452,669,543,498,131,495,516,647,408,549,484,496,530,Run
605,553,452,686,622,498,219,427,464,629,373,548,480,573,526,Run
623,544,448,711,760,532,339,359,479,649,364,545,476,585,530,Run
610,548,437,752,923,558,368,524,600,661,373,530,483,552,512,Run
576,573,422,727,977,554,358,482,565,664,398,524,483,519,497,Run
544,631,414,616,906,533,368,432,490,663,439,516,542,413,480,Run
489,745,400,575,643,709,324,450,486,691,524,469,552,157,555,Run
396,855,361,835,739,439,257,442,488,776,669,410,545,108,579,Run
255,934,363,460,677,557,243,404,524,847,729,375,518,245,426,Run
111,895,403,616,601,547,195,357,556,824,817,360,503,305,423,Run
118,758,467,668,594,574,189,325,594,756,868,334,480,374,449,Run
214,706,483,683,564,584,321,418,571,654,832,329,488,379,501,Run
310,658,482,733,563,588,453,459,579,571,729,334,521,409,513,Run
340,567,495,835,480,583,489,477,563,516,637,335,529,459,514,Run
351,467,515,837,431,555,458,474,573,479,575,338,517,502,524,Run
372,356,540,733,399,553,435,490,588,435,536,343,521,523,520,Run
381,267,557,654,439,600,385,508,602,391,533,343,527,541,493,Run
381,221,543,639,463,606,335,552,621,363,551,349,522,536,484,Run
381,299,508,656,440,595,290,624,679,384,560,348,513,512,493,Run
370,333,506,730,421,576,243,815,731,427,637,353,538,495,505,Run
338,388,531,761,394,572,286,915,812,494,775,352,483,400,523,Run
287,522,533,759,397,556,438,900,795,597,903,343,612,140,651,Run
118,699,535,829,407,560,462,818,703,767,982,356,630,177,527,Run
48,723,546,794,419,537,557,660,824,902,1002,396,571,210,432,Run
88,915,514,685,450,524,396,709,460,940,964,431,561,243,481,Run
206,900,482,569,495,519,652,597,593,948,846,485,561,334,479,Run
316,824,476,551,503,504,353,621,587,867,685,523,541,375,479,Run
418,730,477,579,495,514,353,569,599,789,583,536,525,400,495,Run
467,688,466,625,529,523,315,563,588,738,529,540,504,451,506,Run
503,667,459,660,534,527,239,560,555,705,477,540,488,498,517,Run
544,640,438,689,582,538,155,500,522,670,418,546,469,545,522,Run
580,605,424,712,706,583,227,446,485,663,379,549,464,555,519,Run
599,565,419,744,892,594,344,328,459,661,376,549,480,528,508,Run
589,562,398,726,959,594,374,518,606,655,360,538,496,505,495,Run
569,578,393,618,897,572,372,491,557,655,353,523,578,451,532,Run
542,602,403,580,801,520,365,455,485,649,418,509,616,240,556,Run
517,650,416,560,500,680,307,446,478,673,539,465,553,93,617,Run
410,819,361,744,758,445,268,446,501,790,745,370,452,187,450,Run
204,954,347,471,608,538,269,394,533,930,814,330,470,264,397,Run
78,811,444,637,605,544,219,365,541,850,894,332,481,310,441,Run
160,694,484,666,601,570,199,369,568,772,904,329,507,361,471,Run
254,722,459,679,570,581,324,439,561,649,873,343,576,376,503,Run
310,664,468,763,539,587,431,441,575,542,766,372,577,417,516,Run
344,519,516,860,475,565,479,495,567,489,661,390,535,468,538,Run
368,415,541,807,414,521,459,476,566,456,600,396,501,547,543,Run
382,346,576,710,414,527,443,477,571,413,563,392,497,580,504,Run
388,263,604,647,474,595,387,493,578,384,548,382,497,557,498,Run
386,281,593,644,487,616,347,541,595,363,573,378,502,524,493,Run
375,348,579,666,461,577,310,594,635,380,637,368,549,483,498,Run
353,364,588,734,430,550,273,780,709,422,726,360,539,361,481,Run
312,400,594,780,379,560,257,907,754,479,836,365,601,141,618,Run
160,652,546,850,396,564,395,913,758,584,953,352,583,138,505,Run
56,860,474,857,393,571,448,845,795,715,999,366,521,225,427,Run
155,964,439,785,428,557,273,789,536,853,966,420,544,288,440,Run
252,888,431,647,463,539,608,712,585,818,882,455,555,347,464,Run
380,752,438,575,476,509,401,620,577,796,772,492,542,337,473,Run
457,676,451,568,488,514,348,588,585,739,661,523,524,354,482,Run
508,636,457,583,495,526,327,564,593,706,585,546,523,431,497,Run
542,603,458,624,505,524,259,573,565,688,521,551,521,508,512,Run
569,574,458,652,508,515,153,509,524,664,479,540,491,559,512,Run
598,549,466,673,573,502,203,475,457,664,473,532,465,548,512,Run
611,551,465,687,693,498,297,405,440,685,443,546,467,525,494,Run
593,566,459,701,839,515,356,484,576,691,404,550,472,505,494,Run
575,611,448,715,920,524,351,481,576,693,398,543,536,448,595,Run
544,708,435,625,871,715,349,463,526,691,446,517,577,284,535,Run
497,791,419,859,797,441,327,440,489,735,543,485,553,106,623,Run
417,860,415,425,593,580,253,448,478,835,646,434,500,244,460,Run
277,908,407,652,638,550,182,419,502,922,836,384,477,272,452,Run
94,836,435,656,580,578,119,334,575,855,906,351,492,294,479,Run
160,707,470,684,562,588,193,351,573,754,894,336,521,325,547,Run
267,646,459,715,554,594,323,406,575,632,817,348,547,391,568,Run
364,546,482,809,499,591,428,437,577,541,720,359,524,479,502,Run
384,450,489,852,449,512,445,457,569,475,661,361,530,493,505,Run
377,421,490,771,408,530,439,470,584,421,616,372,555,520,521,Run
385,347,548,677,419,606,425,516,585,386,591,372,541,561,505,Run
395,255,601,646,456,624,394,525,604,372,631,365,513,562,496,Run
380,284,599,656,449,604,357,578,636,374,668,365,492,542,494,Run
363,380,585,713,416,574,301,694,710,397,716,376,512,524,485,Run
363,437,576,756,394,575,247,901,780,436,752,407,424,449,479,Run
342,495,568,758,377,564,344,945,809,487,793,409,609,163,760,Run
178,633,548,826,386,572,458,889,733,604,930,386,641,158,573,Run
66,725,510,815,416,551,496,810,757,764,991,384,603,190,475,Run
141,870,462,713,439,527,458,786,457,883,950,402,565,244,475,Run
206,840,427,598,485,520,660,661,562,870,876,423,524,326,466,Run
313,757,430,571,489,511,395,627,576,842,769,457,512,340,484,Run
391,709,429,598,489,520,353,575,595,794,660,484,494,390,497,Run
456,679,428,638,513,529,319,565,590,751,595,496,500,444,506,Run
508,647,430,665,524,530,247,575,557,718,549,497,506,476,515,Run
552,607,437,701,563,534,153,526,517,691,504,497,495,540,514,Run
591,583,441,727,678,552,207,451,464,681,462,512,485,550,519,Run
607,576,444,755,866,570,338,367,482,681,403,539,490,528,510,Run
599,598,438,766,970,575,357,519,620,673,350,548,515,499,478,Run
581,636,432,660,942,541,351,497,565,670,333,531,502,480,478,Run
550,671,438,593,810,523,363,444,497,673,400,494,602,407,620,Run
506,726,430,675,779,654,307,432,490,681,509,477,589,207,611,Run
404,865,390,666,560,512,255,449,490,774,621,438,497,90,561,Run
240,922,404,534,605,541,236,396,516,933,722,371,462,211,473,Run
120,814,441,670,588,568,159,353,558,930,898,342,467,297,457,Run
159,725,460,664,564,580,214,394,556,847,944,330,499,373,471,Run
223,655,485,692,553,584,359,444,557,729,878,343,562,394,530,Run
321,596,491,738,542,602,451,486,574,620,762,375,576,405,518,Run
380,539,509,850,470,569,481,486,567,543,668,394,543,450,492,Run
399,459,548,813,415,523,453,479,569,485,618,408,530,476,523,Run
413,371,585,713,416,533,430,509,584,419,592,406,545,502,535,Run
415,325,594,649,470,595,389,524,602,368,588,392,522,547,505,Run
403,338,584,624,464,618,350,564,629,336,612,396,517,553,504,Run
408,358,593,651,482,592,318,626,687,357,638,394,484,529,492,Run
411,373,599,708,445,567,283,782,711,396,699,389,477,470,515,Run
391,418,588,742,409,563,283,878,744,442,761,403,592,171,623,Run
342,530,555,742,403,565,426,851,765,499,811,408,618,182,528,Run
229,694,531,801,423,560,467,799,689,630,937,382,610,237,481,Run
74,806,493,846,415,555,475,677,559,842,992,400,588,294,475,Run
121,913,470,751,435,533,388,749,600,933,944,434,559,315,455,Run
242,874,431,609,473,534,625,706,520,923,889,449,533,344,472,Run
365,767,426,550,500,513,448,594,586,910,768,481,509,399,495,Run
441,671,422,564,481,515,354,580,594,849,624,509,497,474,515,Run
500,614,419,611,497,521,316,545,594,795,519,533,493,529,535,Run
527,606,415,649,516,519,252,562,561,738,441,553,487,558,523,Run
567,591,432,681,568,512,161,536,508,685,383,549,480,543,517,Run
607,548,460,691,669,525,237,443,471,670,367,538,489,525,506,Run
620,552,460,725,825,554,335,353,471,660,367,535,513,499,487,Run
605,600,435,755,956,565,375,464,594,650,367,536,518,477,473,Run
579,676,419,681,956,541,358,490,588,650,388,533,613,428,550,Run
544,746,423,607,784,639,369,455,508,663,446,520,590,150,688,Run
478,868,397,784,825,472,316,436,481,752,561,472,495,150,514,Run
368,955,386,474,653,530,234,459,487,912,666,453,474,203,437,Run
253,940,401,627,609,533,183,420,520,955,831,421,483,260,448,Run
213,835,425,661,601,575,104,328,590,866,912,380,485,331,500,Run
261,717,457,667,568,592,209,386,571,741,861,358,512,394,500,Run
303,631,490,700,562,591,343,437,571,626,765,361,539,403,534,Run
355,525,531,784,520,612,458,478,573,549,677,345,518,461,511,Run
383,473,530,875,454,560,507,483,559,487,624,346,525,487,502,Run
383,446,537,792,385,534,488,473,570,443,558,359,550,524,508,Run
378,360,571,688,374,563,477,496,593,403,549,358,535,557,514,Run
376,308,585,634,475,623,437,514,610,368,624,358,511,555,513,Run
359,337,569,654,432,602,407,560,634,372,690,365,487,539,496,Run
344,386,554,684,414,568,371,667,692,398,736,370,511,530,489,Run
330,415,564,729,398,557,328,827,719,422,808,407,534,432,528,Run
277,489,536,774,394,550,313,923,759,472,799,445,650,149,704,Run
114,771,476,859,465,537,415,860,741,633,885,386,628,175,518,Run
67,847,395,881,451,552,447,694,723,853,971,405,574,237,447,Run
85,838,358,785,465,531,332,786,539,965,853,483,588,243,491,Run
191,722,381,644,485,513,735,641,583,986,819,505,574,338,479,Run
284,673,403,541,506,499,415,609,580,920,746,532,545,352,491,Run
356,727,400,534,480,503,351,572,589,826,656,568,515,381,500,Run
475,767,383,570,517,528,332,554,595,739,592,582,518,462,503,Run
550,669,411,608,542,529,274,562,589,666,555,568,497,530,506,Run
597,597,452,626,565,529,133,530,531,635,525,559,468,554,521,Run
621,604,452,622,641,542,148,454,475,631,494,566,468,537,513,Run
627,622,432,643,766,574,265,346,406,625,433,597,504,529,485,Run
614,640,419,680,907,592,358,479,579,607,376,624,536,506,476,Run
598,666,425,692,968,578,334,485,568,610,354,600,614,456,517,Run
572,679,436,618,899,546,327,447,494,610,332,560,657,360,577,Run
536,712,437,552,738,719,279,468,497,619,367,523,557,117,694,Run
478,817,405,700,643,433,244,422,500,686,441,520,445,156,495,Run
319,952,365,441,625,560,248,405,538,879,555,463,481,198,435,Run
115,975,384,634,622,555,202,359,576,974,831,373,518,310,467,Run
89,814,418,655,579,582,235,363,562,891,958,294,514,372,489,Run
144,689,468,680,572,584,354,414,558,727,867,313,530,371,501,Run
231,556,519,747,558,598,476,455,585,590,697,342,517,393,526,Run
312,478,542,892,492,558,459,443,585,501,581,361,474,434,522,Run
364,406,560,851,419,517,463,478,595,442,530,383,460,512,511,Run
394,328,623,738,414,544,436,493,582,390,522,401,493,549,475,Run
395,233,647,657,433,620,391,496,583,340,568,404,530,542,497,Run
367,275,620,671,474,614,348,540,606,342,641,372,542,523,528,Run
330,340,624,722,439,578,298,616,666,372,695,362,550,501,535,Run
283,370,642,775,382,576,269,799,713,418,725,346,540,449,511,Run
208,442,608,793,351,574,269,944,762,503,765,313,585,215,625,Run
98,649,541,818,398,568,408,902,778,625,874,285,582,134,575,Run
31,754,544,864,391,571,454,801,701,809,974,280,548,193,493,Run
10,901,493,775,434,524,362,832,808,949,1007,295,583,221,505,Run
96,945,413,644,485,518,543,740,538,996,986,360,611,301,480,Run
219,875,399,540,497,511,477,626,585,949,824,457,579,324,481,Run
388,756,408,561,494,511,342,584,594,832,693,517,531,347,501,Run
490,705,395,615,547,516,351,568,598,759,616,543,500,409,511,Run
552,684,398,644,561,506,296,566,589,736,575,546,476,496,508,Run
592,633,404,675,565,498,161,539,559,733,508,555,459,536,520,Run
627,598,407,685,656,526,95,474,508,724,387,593,468,557,516,Run
629,597,409,694,816,575,243,335,416,716,293,620,487,529,515,Run
610,595,416,716,948,633,327,438,551,716,285,587,511,501,496,Run
577,625,423,694,984,660,350,503,600,738,344,544,533,477,490,Run
539,683,425,607,917,636,345,425,516,730,421,541,627,382,521,Run
490,748,422,607,844,672,282,428,475,747,526,514,594,133,688,Run
395,853,408,851,760,520,225,418,479,882,688,409,470,176,493,Run
224,958,399,510,676,563,227,380,505,965,845,347,482,227,431,Run
91,963,413,656,624,570,198,355,535,957,963,302,494,290,428,Run
77,816,477,678,601,580,200,339,559,822,973,290,512,365,468,Run
177,718,499,716,574,590,313,409,546,648,886,323,553,405,518,Run
244,647,480,830,514,593,415,424,565,524,722,359,562,434,534,Run
256,510,506,914,455,528,446,442,557,453,611,387,535,482,521,Run
307,314,598,796,385,505,442,470,566,399,563,411,525,504,543,Run
352,190,646,699,406,572,420,488,563,362,525,411,513,543,517,Run
362,174,614,682,477,616,380,509,577,341,545,416,508,560,502,Run
336,270,575,684,423,578,347,551,601,337,611,407,493,551,502,Run
338,360,598,705,381,549,307,657,676,388,708,374,503,529,504,Run
291,400,591,750,347,554,254,879,724,435,821,383,493,420,526,Run
163,568,530,782,359,554,289,971,804,502,853,384,649,145,656,Run
65,742,514,866,368,576,428,957,776,620,953,352,634,158,517,Run
25,906,472,859,389,572,461,924,836,815,1000,357,625,157,463,Run
98,970,408,758,443,547,409,851,460,952,959,405,605,227,479,Run
275,873,403,642,478,532,658,632,615,930,867,442,581,300,467,Run
407,724,426,587,486,523,331,642,585,871,752,492,550,314,478,Run
494,653,439,596,497,533,347,579,597,801,623,522,535,371,489,Run
547,634,436,642,543,546,305,576,585,738,553,528,523,436,505,Run
567,615,436,662,543,534,212,552,573,697,494,534,509,503,530,Run
606,582,435,690,624,540,108,500,513,664,437,543,479,556,524,Run
643,570,437,703,762,572,160,406,447,675,417,552,466,562,522,Run
632,601,429,738,932,597,300,361,542,692,397,564,476,538,514,Run
595,666,420,721,992,592,314,525,638,697,364,552,492,510,508,Run
570,759,423,620,922,550,332,441,541,697,393,535,534,470,510,Run
531,814,431,583,877,807,275,424,489,727,522,505,595,382,496,Run
433,919,414,722,720,476,192,425,481,834,697,422,610,130,640,Run
289,987,429,486,608,565,176,377,506,925,878,332,535,198,523,Run
154,927,464,666,628,576,140,350,541,840,970,303,523,270,454,Run
184,769,508,688,586,581,197,357,532,716,944,304,511,282,475,Run
266,666,508,740,556,592,361,425,520,579,829,350,492,326,491,Run
321,598,511,882,484,581,481,448,542,499,680,404,532,346,516,Run
346,478,544,875,427,507,494,472,537,466,602,434,552,398,532,Run
365,356,572,769,393,509,478,476,537,445,581,451,525,466,521,Run
374,298,573,683,447,597,462,497,545,411,553,452,517,507,524,Run
368,277,574,673,484,622,409,513,563,357,535,446,532,534,521,Run
352,284,578,688,459,572,393,561,594,333,521,444,529,548,512,Run
336,305,580,715,426,562,366,604,643,336,546,440,509,548,487,Run
297,360,575,748,370,551,288,773,695,363,654,406,523,525,518,Run
213,538,563,764,377,559,265,926,739,397,787,376,494,444,512,Run
115,754,546,771,389,560,388,937,739,468,932,332,601,159,706,Run
65,908,535,857,386,566,462,857,648,609,992,319,616,182,524,Run
140,980,496,789,416,525,550,707,812,821,1013,341,585,200,472,Run
320,893,490,653,456,534,545,734,396,914,926,380,572,299,478,Run
425,792,480,550,492,531,652,530,610,884,823,418,544,349,476,Run
485,717,453,566,478,525,332,585,610,840,698,464,526,344,478,Run
527,666,444,609,505,537,342,540,607,788,581,500,517,395,497,Run
560,611,443,648,521,538,271,546,590,770,512,533,521,475,525,Run
582,571,430,676,526,542,174,494,549,735,441,557,503,531,524,Run
615,552,432,696,600,571,194,420,512,695,378,566,474,553,509,Run
643,541,441,722,748,616,321,342,481,683,354,569,471,531,502,Run
630,568,428,778,921,648,341,436,590,696,330,572,498,511,476,Run
607,661,396,732,981,633,341,501,600,708,360,577,522,461,491,Run
559,793,402,605,922,586,358,429,537,714,442,554,632,429,563,Run
489,848,417,556,740,759,298,417,511,760,552,491,540,150,652,Run
391,946,388,856,723,472,231,406,502,913,696,481,487,128,521,Run
272,989,396,416,622,600,229,390,514,986,826,423,497,186,442,Run
125,889,436,660,628,554,183,354,531,969,954,350,501,279,469,Run
174,770,476,674,599,563,165,340,564,852,901,334,483,359,484,Run
270,698,497,695,564,581,310,414,534,740,768,361,501,399,501,Run
359,613,519,758,578,595,443,453,559,657,683,371,545,408,513,Run
392,545,534,898,439,549,494,499,554,594,651,377,539,457,511,Run
392,507,532,814,399,485,473,476,558,538,603,380,529,492,519,Run
383,446,542,738,446,540,383,530,557,486,575,380,539,520,515,Run
374,374,564,674,490,621,361,512,600,427,568,369,528,548,511,Run
361,343,567,660,481,591,299,551,630,384,590,361,513,541,509,Run
350,352,556,732,427,545,269,660,704,362,621,358,515,524,509,Run
354,349,561,800,364,551,249,881,761,381,657,355,491,472,540,Run
352,380,569,796,342,557,301,958,818,424,708,353,553,254,577,Run
323,481,572,772,385,561,428,926,783,504,806,358,668,102,605,Run
223,676,540,850,396,571,464,824,648,656,946,352,641,258,467,Run
83,874,520,780,436,532,496,698,735,851,990,387,617,272,491,Run
130,975,468,654,455,529,387,824,461,962,986,459,582,296,504,Run
299,968,452,559,476,534,645,536,611,965,879,519,546,327,502,Run
431,798,490,560,473,541,332,627,611,910,745,572,521,370,510,Run
504,679,501,590,495,562,347,558,617,848,617,612,499,454,519,Run
569,639,497,621,526,566,297,542,608,804,515,651,493,517,533,Run
603,639,473,652,529,564,178,531,561,745,419,662,475,555,525,Run
616,604,462,673,596,567,118,476,486,699,351,653,467,555,519,Run
660,558,503,704,772,592,217,332,426,676,315,632,486,537,502,Run
662,550,486,720,937,609,351,419,561,675,321,588,507,509,482,Run
641,623,437,694,993,629,326,494,597,689,349,549,525,466,489,Run
595,720,409,604,948,566,341,455,522,715,402,513,593,306,534,Run
522,833,409,605,645,739,310,421,487,820,524,475,576,101,647,Run
369,959,396,840,742,486,249,438,475,951,635,439,498,183,505,Run
164,989,415,518,680,562,236,407,507,998,846,379,504,240,426,Run
148,919,449,636,597,562,152,375,541,949,930,368,489,323,444,Run
181,835,479,677,575,582,144,381,557,818,830,389,493,385,507,Run
220,688,516,718,557,594,304,422,535,678,750,407,518,417,512,Run
301,553,546,836,495,602,436,469,539,578,690,420,532,443,505,Run
360,476,569,887,446,530,469,476,542,509,646,415,527,483,512,Run
386,413,586,785,351,502,456,473,544,460,633,395,527,509,526,Run
406,359,593,693,446,566,441,506,562,411,623,388,531,531,503,Run
404,341,590,656,473,613,398,538,592,361,638,364,521,530,497,Run
376,344,578,654,419,591,374,576,617,353,658,337,538,508,521,Run
344,347,575,681,405,573,345,641,676,361,674,337,492,429,523,Run
310,375,577,729,367,560,301,782,730,406,707,337,612,153,660,Run
276,419,559,750,372,558,272,901,774,477,741,344,629,140,558,Run
199,522,527,759,390,551,389,912,774,612,855,287,589,219,475,Run
64,719,473,878,393,562,457,841,680,849,967,282,578,293,477,Run
28,878,442,823,409,518,442,499,739,966,902,397,567,328,488,Run
122,950,429,679,459,513,432,765,428,1004,862,437,548,350,501,Run
238,884,414,594,516,513,738,515,635,985,753,479,529,394,505,Run
351,814,422,607,496,507,353,600,612,898,622,512,510,449,508,Run
451,713,446,657,525,525,361,557,601,811,526,522,495,501,516,Run
522,654,449,696,543,525,294,561,583,731,462,533,478,559,520,Run
560,640,438,729,596,543,167,528,548,667,364,556,473,562,522,Run
608,611,440,745,711,574,147,459,484,650,297,571,478,533,512,Run
648,573,462,754,896,583,238,383,449,657,277,571,507,501,490,Run
621,613,440,744,981,576,327,449,535,663,293,567,514,475,474,Run
599,688,430,654,955,559,331,509,620,684,347,556,622,427,602,Run
572,743,434,590,858,525,365,454,549,709,405,551,631,224,671,Run
531,778,427,541,696,479,294,430,512,750,449,548,544,102,598,Run
449,848,409,487,576,711,214,427,518,887,586,492,454,195,452,Run
280,956,369,633,558,403,212,390,559,977,732,501,448,274,449,Run
93,971,391,429,548,559,212,355,585,984,908,454,494,350,485,Run
43,809,443,659,642,574,156,363,561,859,977,356,561,363,537,Run
99,719,465,674,567,608,244,373,582,713,870,368,576,388,520,Run
176,662,478,732,543,598,398,444,569,623,682,363,540,464,491,Run
253,562,520,889,467,574,528,460,566,565,601,343,516,497,510,Run
298,446,568,874,401,525,533,481,553,507,577,359,523,526,518,Run
340,335,605,735,370,510,484,470,545,449,604,359,512,550,512,Run
361,240,630,636,391,598,435,496,554,391,688,350,503,546,505,Run
361,227,629,666,456,616,407,534,571,371,685,357,518,535,517,Run
319,300,609,707,456,577,393,607,603,388,693,364,465,471,510,Run
289,365,603,733,399,557,347,739,673,437,724,372,535,234,637,Run
253,430,595,770,381,556,313,893,729,507,737,393,612,114,601,Run
141,568,565,805,380,556,339,949,750,636,867,377,575,212,450,Run
44,824,469,850,387,567,405,878,725,856,971,406,536,253,426,Run
50,954,425,793,399,549,354,790,774,950,981,477,513,358,457,Run
151,889,414,665,459,535,534,717,552,964,955,500,508,347,464,Run
260,783,409,584,504,518,454,605,591,936,814,537,501,362,471,Run
380,722,411,564,509,515,351,588,587,856,650,551,528,433,507,Run
486,697,431,576,511,532,350,561,601,769,571,540,534,511,540,Run
540,641,426,609,528,532,295,570,585,718,554,514,517,567,525,Run
576,611,411,634,520,517,175,546,539,716,510,493,499,556,520,Run
633,574,422,653,608,494,116,461,477,722,394,522,501,530,501,Run
638,579,424,661,719,502,244,399,403,708,261,576,499,485,492,Run
611,625,415,694,851,532,333,458,548,714,221,556,564,418,504,Run
597,674,418,708,931,562,333,486,580,728,280,542,499,183,559,Run
568,709,419,645,912,566,353,448,525,732,400,550,476,101,514,Run
539,765,418,573,805,532,329,468,490,767,470,539,485,198,451,Run
444,911,398,554,673,771,256,455,492,891,603,478,513,273,453,Run
298,974,404,615,619,429,248,410,513,970,729,480,507,354,476,Run
104,1004,435,422,579,570,244,384,540,1004,911,431,525,402,488,Run
33,939,466,660,595,563,158,338,583,950,977,347,534,413,512,Run
67,804,490,668,559,592,246,407,564,815,908,334,510,451,522,Run
156,673,498,702,550,592,381,458,568,693,752,359,493,499,506,Run
227,589,506,778,529,596,467,479,565,601,610,362,522,510,510,Run
255,531,521,884,447,556,488,484,560,524,578,362,552,515,519,Run
270,452,560,786,399,520,462,477,574,451,598,367,553,514,510,Run
316,305,624,699,441,563,432,499,587,376,633,370,534,501,506,Run
347,233,624,669,479,608,406,527,611,342,685,359,525,476,520,Run
328,293,568,655,457,600,379,588,623,345,719,367,453,346,565,Run
336,352,561,712,401,570,333,678,672,357,722,391,628,119,644,Run
318,383,578,759,375,568,255,869,701,408,772,381,642,148,510,Run
257,395,571,764,377,562,307,928,775,497,895,371,636,180,487,Run
192,475,538,766,401,565,418,897,734,633,980,329,600,292,504,Run
76,669,537,854,401,559,470,782,623,878,1006,313,561,332,495,Run
25,863,500,778,420,521,496,563,611,975,1015,370,525,328,499,Run
41,968,422,672,455,519,444,733,352,967,1003,420,503,378,503,Run
149,934,405,563,502,517,745,559,586,928,915,473,489,432,503,Run
273,845,419,572,493,508,333,601,602,885,731,550,486,493,522,Run
402,759,414,610,514,519,362,541,605,839,586,589,482,565,516,Run
482,722,412,644,524,520,290,554,586,803,492,608,478,554,516,Run
548,685,384,682,542,523,146,543,524,757,399,619,484,519,507,Run
609,663,370,698,611,540,132,494,481,734,315,617,499,491,487,Run
616,648,382,738,761,568,213,375,425,713,287,601,542,456,507,Run
603,655,372,772,921,589,359,435,543,717,299,580,579,329,542,Run
583,689,368,734,957,595,336,512,603,767,386,567,602,107,632,Run
558,693,395,633,904,575,348,493,526,810,461,555,480,146,494,Run
519,686,424,593,785,584,318,442,490,831,479,547,470,220,457,Run
427,804,377,718,737,631,283,433,492,943,519,570,484,333,466,Run
228,953,325,525,619,545,281,406,519,996,680,621,512,386,510,Run
73,957,369,629,591,547,245,366,536,1012,867,552,554,406,527,Run
29,832,419,665,614,576,117,337,588,1017,873,408,552,423,521,Run
54,777,444,677,569,593,199,395,586,951,826,424,520,470,507,Run
103,705,465,710,563,607,331,453,616,888,663,376,511,507,519,Run
165,594,491,812,496,612,429,484,615,777,657,323,509,541,515,Run
236,524,511,890,429,547,471,474,609,611,690,332,502,548,504,Run
288,440,565,803,388,553,475,461,620,492,723,314,514,538,516,Run
332,319,630,706,402,604,431,475,619,416,768,273,484,491,508,Run
366,190,669,673,435,641,400,501,637,345,780,273,536,278,584,Run
327,198,599,652,405,622,378,559,661,353,831,260,658,108,616,Run
330,266,563,687,383,580,365,643,705,416,844,276,612,198,490,Run
309,353,601,754,346,561,301,839,747,490,867,308,544,230,472,Run
244,402,618,793,367,559,288,932,793,620,913,321,530,323,472,Run
122,465,568,893,391,548,384,960,767,854,985,306,522,332,480,Run
39,771,488,919,403,527,454,829,629,965,1008,359,503,356,478,Run
12,941,444,786,463,501,320,733,594,1002,998,431,516,406,494,Run
74,994,389,649,502,480,723,680,583,1013,926,480,512,486,524,Run
261,931,392,569,501,493,390,627,579,1017,821,537,495,557,522,Run
439,795,406,582,517,518,352,571,594,1013,659,569,487,563,520,Run
548,714,407,618,556,537,326,557,599,955,583,564,489,539,508,Run
615,677,427,638,559,537,235,552,584,889,532,559,506,513,503,Run
631,657,428,636,620,546,89,496,518,839,426,586,504,483,498,Run
621,657,425,650,745,583,130,433,427,811,293,613,600,472,540,Run
615,682,431,693,905,610,281,338,473,764,209,586,592,234,578,Run
586,721,422,725,983,610,307,491,588,731,239,536,539,124,571,Run
561,744,419,674,957,546,314,445,535,724,323,522,512,192,457,Run
520,748,432,601,774,491,273,443,497,731,413,526,495,234,435,Run
431,826,419,629,754,774,223,421,490,792,531,486,480,294,468,Run
231,955,383,665,574,486,216,402,523,941,721,429,503,328,510,Run
73,954,430,471,603,573,207,361,538,995,923,398,536,365,527,Run
47,786,494,663,603,581,179,371,552,950,990,343,518,421,511,Run
157,714,484,672,568,589,260,387,540,822,967,323,508,481,511,Run
237,658,482,724,545,589,419,444,545,673,784,342,533,517,516,Run
282,541,502,840,506,588,507,464,554,585,645,329,538,561,511,Run
324,429,548,886,446,510,489,483,553,509,648,368,525,557,506,Run
354,330,587,779,382,537,456,482,566,438,584,380,515,537,508,Run
363,258,604,694,438,619,421,506,575,379,613,366,482,509,524,Run
360,271,586,657,478,635,381,533,595,346,683,346,444,389,517,Run
369,311,579,712,448,602,351,600,633,365,727,338,603,136,660,Run
363,314,602,767,407,594,290,719,700,415,778,333,637,205,490,Run
308,359,631,778,369,580,209,893,746,455,810,352,595,262,468,Run
233,475,598,767,385,578,313,915,769,509,830,366,573,294,513,Run
90,711,587,850,411,575,446,858,737,737,951,351,548,347,486,Run
30,876,598,823,399,547,453,667,662,929,998,425,518,336,488,Run
25,962,524,682,424,530,312,867,480,983,1013,483,522,386,510,Run
178,988,434,572,492,503,778,593,584,1008,959,526,532,466,517,Run
336,861,461,563,482,501,356,628,578,968,803,551,504,533,517,Run
436,704,472,606,511,518,371,558,592,892,662,562,469,581,500,Run
494,670,439,649,530,527,319,558,592,838,578,556,467,542,508,Run
546,651,438,673,539,525,252,568,562,822,520,542,488,509,499,Run
583,606,446,687,614,525,136,522,505,817,470,528,504,468,499,Run
617,585,441,706,749,539,156,437,448,817,410,526,613,435,487,Run
637,614,421,748,906,563,294,322,463,792,353,548,563,203,638,Run
627,654,406,767,978,580,342,494,566,749,280,541,483,118,564,Run
607,668,413,673,938,563,342,442,558,713,287,509,488,155,447,Run
557,708,409,550,836,776,318,420,486,698,404,502,510,218,454,Run
463,858,377,847,863,556,244,442,466,723,541,470,501,310,495,Run
332,956,372,592,716,566,213,428,494,883,701,357,529,373,519,Run
120,999,381,620,599,549,193,390,541,977,911,303,539,421,526,Run
49,931,418,661,600,584,147,353,576,895,985,296,513,437,503,Run
85,763,463,680,562,592,260,411,560,740,977,309,496,478,494,Run
183,627,509,719,552,609,397,447,591,580,857,362,503,495,523,Run
241,539,545,822,483,633,469,444,579,494,693,413,513,512,526,Run
247,470,576,878,424,545,502,469,566,441,623,421,515,536,506,Run
287,331,640,772,355,527,489,466,589,413,607,424,508,529,506,Run
320,216,676,679,448,602,465,491,606,342,628,424,508,519,506,Run
308,245,642,676,438,631,458,541,639,319,685,399,477,481,509,Run
319,336,611,706,434,595,443,614,681,332,703,390,535,317,506,Run
327,381,615,753,407,573,406,718,715,365,747,391,686,102,688,Run
277,429,587,805,378,567,349,829,748,430,816,391,634,257,449,Run
175,622,526,823,396,558,311,935,783,544,930,337,594,222,473,Run
68,794,488,928,392,568,400,897,719,729,990,318,586,253,494,Run
30,944,421,833,393,531,432,685,679,923,976,369,549,338,500,Run
157,975,381,671,431,526,464,868,367,920,879,405,529,378,504,Run
317,877,396,555,501,526,731,565,590,920,786,451,507,413,519,Run
426,758,416,547,487,521,331,613,595,852,640,497,494,489,522,Run
487,703,423,586,500,536,356,550,610,781,536,518,483,535,534,Run
543,660,432,614,527,533,286,540,600,753,490,533,480,573,520,Run
566,611,430,637,549,537,159,530,546,704,414,549,488,551,506,Run
607,582,445,630,640,558,143,462,483,663,362,554,502,527,488,Run
632,562,449,652,784,589,232,383,436,663,332,563,525,480,495,Run
616,587,433,684,936,631,347,473,592,681,339,566,592,338,525,Run
605,641,424,700,994,621,327,490,609,694,404,547,563,109,596,Run
564,752,421,624,936,558,336,451,545,707,476,537,479,182,479,Run
504,826,416,537,677,783,270,435,510,782,555,491,500,258,410,Run
417,927,392,770,615,454,206,422,490,926,689,452,520,276,456,Run
245,991,391,429,599,564,193,388,522,985,835,418,523,334,484,Run
81,915,451,651,595,569,118,364,549,918,960,366,546,381,504,Run
119,760,484,673,587,579,114,343,566,756,939,338,554,421,521,Run
225,670,495,708,562,587,289,406,523,625,783,359,521,457,520,Run
300,580,502,824,528,601,451,467,544,548,655,363,502,507,513,Run
332,448,523,918,460,512,510,475,541,495,590,361,508,536,501,Run
331,320,555,808,358,509,487,460,540,448,557,369,517,549,508,Run
330,219,600,696,420,599,459,493,557,410,571,384,509,536,500,Run
326,202,611,685,465,642,418,511,579,378,628,378,522,511,508,Run
296,280,591,692,426,581,397,561,597,380,675,359,480,427,518,Run
283,376,593,731,405,577,371,642,648,388,730,368,599,163,624,Run
270,441,591,764,352,568,327,781,729,440,791,374,625,150,577,Run
179,539,565,777,362,564,288,940,775,545,864,342,599,230,501,Run
58,678,531,855,374,566,368,982,776,721,966,340,601,224,517,Run
22,826,501,816,374,539,432,887,796,915,988,358,578,273,492,Run
70,920,446,694,424,527,395,811,367,974,925,393,558,314,491,Run
183,847,420,605,489,526,655,572,619,968,821,437,532,353,504,Run
294,751,421,584,495,526,321,625,599,891,685,481,503,419,513,Run
394,688,425,599,499,533,353,561,606,796,588,504,486,489,506,Run
468,672,416,638,527,537,305,569,592,734,547,512,469,539,502,Run
533,630,416,663,525,528,220,565,558,706,517,512,470,555,516,Run
578,592,425,680,605,532,109,516,497,691,459,518,490,535,521,Run
614,594,402,686,741,552,146,478,456,697,399,538,512,507,498,Run
621,642,376,710,892,586,293,321,468,710,343,572,550,473,497,Run
603,664,390,737,977,607,317,476,630,724,288,578,607,314,581,Run
575,688,402,650,950,579,349,476,594,724,297,564,582,110,610,Run
544,735,393,583,768,579,328,422,535,740,429,530,479,172,490,Run
477,828,374,689,838,723,214,439,502,792,581,462,469,230,437,Run
284,955,377,643,594,530,190,400,512,935,739,364,490,272,483,Run
91,919,423,541,559,555,193,361,538,974,920,289,515,327,515,Run
63,779,470,672,605,595,129,331,561,865,954,247,559,366,498,Run
146,723,485,699,574,592,232,363,543,722,894,266,564,402,509,Run
235,627,497,768,535,586,399,439,538,588,759,299,535,457,517,Run
271,529,519,894,448,574,508,454,541,487,631,330,524,491,516,Run
297,382,556,836,396,535,490,463,537,419,555,350,524,515,526,Run
340,231,637,743,336,548,450,472,554,392,536,359,506,542,514,Run
332,123,655,674,493,629,408,495,566,375,585,366,495,545,498,Run
290,173,616,699,448,607,372,539,599,389,658,368,484,525,506,Run
282,302,626,730,418,572,363,609,636,420,731,364,502,508,552,Run
237,341,665,767,366,573,305,743,715,447,796,387,481,406,584,Run
118,434,657,805,356,560,256,927,779,515,844,382,705,192,642,Run
39,649,590,874,373,539,325,982,780,664,951,379,659,223,516,Run
13,875,466,887,383,545,465,932,693,878,993,426,606,277,472,Run
91,865,451,763,427,521,337,904,543,916,912,460,600,242,514,Run
201,785,457,620,478,526,691,664,614,947,867,480,572,280,540,Run
280,670,426,561,512,510,348,637,582,917,710,512,543,344,525,Run
364,650,406,570,502,508,354,576,597,839,555,524,518,409,511,Run
460,645,402,615,517,520,303,557,586,763,480,526,514,471,518,Run
525,601,418,640,534,517,213,557,547,707,418,533,495,533,525,Run
577,628,402,660,578,527,117,469,503,674,351,538,464,573,515,Run
605,661,397,669,668,548,179,427,437,662,314,540,457,543,502,Run
607,683,369,703,821,572,342,374,518,666,314,540,474,524,487,Run
605,707,356,728,950,594,320,515,620,680,297,545,501,493,502,Run
575,718,365,679,949,593,351,481,581,696,343,550,609,435,541,Run
528,701,374,595,863,567,331,438,521,728,453,525,602,180,616,Run
444,801,359,556,606,689,238,432,501,819,571,470,519,127,560,Run
214,948,336,807,700,482,203,405,510,952,740,462,468,188,486,Run
68,878,395,401,643,554,203,363,540,982,882,446,501,245,488,Run
28,786,467,620,586,547,132,348,545,886,946,392,508,281,512,Run
21,739,483,672,594,567,178,359,572,731,887,361,525,342,504,Run
98,659,481,691,549,600,310,421,558,613,748,391,536,391,514,Run
160,512,513,788,504,616,449,459,586,549,625,403,508,440,518,Run
226,355,558,904,455,537,526,467,576,515,574,398,492,476,512,Run
206,518,440,624,516,536,344,433,442,642,488,436,464,153,363,Run
286,554,495,769,556,592,359,494,508,634,549,480,548,262,428,Run
419,489,508,930,507,564,288,590,544,536,601,463,548,329,488,Run
514,529,500,955,341,465,213,754,561,438,665,446,528,360,512,Run
567,608,513,834,190,445,191,915,572,408,671,424,511,421,473,Run
531,565,547,738,378,559,266,986,594,457,616,393,511,494,499,Run
525,543,550,775,393,549,401,993,572,506,574,385,518,520,544,Run
517,500,516,753,436,582,445,907,511,525,529,418,521,511,535,Run
509,486,498,660,310,539,485,682,464,514,517,471,521,494,507,Run
490,504,489,641,301,557,421,822,596,510,550,512,523,484,485,Run
451,572,512,633,308,571,393,777,490,500,550,563,566,392,535,Run
307,637,559,704,377,619,576,659,571,576,670,617,553,339,495,Run
186,660,534,695,434,647,358,669,522,735,777,621,579,262,482,Run
191,655,460,628,489,662,268,622,581,841,724,568,579,215,445,Run
255,542,453,587,496,649,147,563,589,811,610,557,555,262,427,Run
351,497,469,597,491,601,67,447,522,720,530,549,526,334,475,Run
440,524,473,620,487,569,160,319,441,632,520,560,522,365,496,Run
504,601,464,665,511,564,271,325,481,594,560,564,536,378,472,Run
561,621,460,737,626,574,330,380,575,581,579,548,532,435,461,Run
609,588,465,786,775,599,306,527,636,561,537,524,519,500,495,Run
658,558,487,803,938,667,271,518,635,541,492,515,500,535,541,Run
681,547,516,692,992,595,220,333,562,528,460,511,495,526,540,Run
643,584,531,563,912,495,269,280,567,547,473,523,495,490,510,Run
567,688,527,357,855,714,237,303,567,623,494,586,472,409,524,Run
423,886,466,627,723,463,265,359,592,713,537,637,535,326,530,Run
185,976,475,443,692,543,354,438,577,784,580,646,546,217,503,Run
72,827,491,589,658,527,432,506,589,813,590,646,521,160,481,Run
114,592,487,666,674,527,428,491,569,814,574,619,541,163,451,Run
227,484,513,782,648,547,364,517,528,745,572,605,550,258,433,Run
335,517,520,919,575,539,354,532,505,644,588,598,538,324,463,Run
385,525,490,954,402,508,299,620,524,585,595,582,534,359,495,Run
392,562,507,840,256,480,259,764,582,538,684,559,518,410,484,Run
414,488,549,709,388,550,213,931,637,474,685,528,508,481,489,Run
424,406,586,734,426,551,298,984,643,417,678,517,512,520,525,Run
445,364,612,757,470,573,423,996,595,399,660,458,513,529,535,Run
445,388,590,726,338,552,453,864,550,393,680,388,515,514,512,Run
433,420,558,670,253,528,490,679,463,401,729,462,519,499,496,Run
416,486,520,645,297,538,524,785,666,421,754,532,525,485,502,Run
354,653,448,660,382,582,332,867,473,475,815,581,567,416,564,Run
245,765,427,796,462,623,638,690,560,696,909,585,526,321,514,Run
213,826,414,785,450,645,445,642,550,915,854,574,574,188,492,Run
234,853,374,689,497,640,344,647,584,964,805,677,600,196,474,Run
324,785,399,620,533,622,270,607,619,915,717,684,572,234,421,Run
424,678,442,614,539,567,147,562,634,887,654,632,536,302,446,Run
522,603,465,599,518,522,86,459,546,835,528,622,540,351,495,Run
589,593,455,608,524,509,147,292,475,769,355,601,549,353,506,Run
603,593,446,658,598,520,273,324,529,693,314,578,545,372,470,Run
630,564,462,733,735,605,307,385,583,613,270,575,527,433,468,Run
654,554,492,818,922,682,328,422,582,582,234,523,493,503,508,Run
648,552,522,766,988,680,296,442,566,588,345,477,481,521,528,Run
633,558,522,625,972,634,276,380,606,588,410,494,495,525,518,Run
600,599,498,579,867,549,286,280,613,621,443,496,508,505,502,Run
570,716,477,671,865,537,242,328,602,710,526,487,503,399,552,Run
473,916,416,641,782,484,295,369,602,858,683,500,565,315,489,Run
283,986,413,475,655,539,368,431,581,959,870,484,518,186,491,Run
253,926,464,646,685,524,435,483,582,910,929,485,515,178,476,Run
304,802,506,706,659,544,422,497,580,788,864,485,547,235,432,Run
331,675,530,817,615,570,402,519,574,661,745,483,550,301,442,Run
361,586,528,950,502,569,332,543,574,546,644,510,526,348,492,Run
363,559,513,935,358,532,223,663,591,444,591,511,530,373,498,Run
372,498,526,797,235,491,216,857,657,401,575,480,521,411,467,Run
387,420,553,723,340,551,230,956,656,379,563,451,519,464,469,Run
404,334,546,686,344,556,372,904,625,370,579,436,518,519,535,Run
421,301,560,745,431,577,422,907,540,370,575,425,513,528,531,Run
425,391,533,763,456,598,457,812,466,385,547,424,521,528,519,Run
428,440,504,724,315,547,492,710,558,407,527,441,517,467,509,Run
395,456,482,685,313,553,222,873,532,429,555,467,550,455,491,Run
314,591,563,722,326,548,669,688,563,506,811,432,552,362,525,Run
255,849,651,715,407,575,477,636,548,701,953,365,562,178,501,Run
178,964,574,679,450,571,374,632,587,844,1000,412,575,207,474,Run
264,950,585,588,501,584,248,618,586,816,883,487,544,235,424,Run
424,774,603,592,512,574,104,559,570,768,719,529,528,295,442,Run
523,676,585,617,499,540,67,415,509,731,602,562,556,353,487,Run
589,654,559,663,507,520,193,271,456,708,482,586,563,365,481,Run
617,637,529,715,553,535,303,392,517,647,396,605,548,386,460,Run
635,606,523,775,679,561,328,445,608,601,367,609,523,445,485,Run
665,567,518,815,848,611,294,498,633,576,359,588,508,513,514,Run
678,545,513,780,963,663,253,359,585,574,385,564,492,534,532,Run
673,531,515,649,968,601,299,268,576,577,440,537,492,524,532,Run
654,538,524,599,908,572,324,253,560,587,473,508,497,501,509,Run
616,640,531,793,796,440,257,343,604,631,541,494,519,421,529,Run
513,888,491,599,731,579,275,401,581,759,717,467,561,295,478,Run
355,979,521,504,672,557,352,483,608,914,911,414,504,199,469,Run
275,971,529,658,675,533,389,515,605,899,985,386,503,187,455,Run
353,853,537,707,661,537,365,507,562,761,902,397,541,219,415,Run
345,707,552,796,633,559,359,536,545,631,748,429,542,301,438,Run
360,577,551,931,523,559,348,560,539,523,625,479,527,349,500,Run
355,494,539,940,346,544,308,636,538,430,570,511,529,377,498,Run
363,423,532,811,225,489,251,802,590,388,552,504,520,409,467,Run
377,386,535,736,415,567,225,949,641,384,532,480,526,472,484,Run
394,366,541,736,331,533,343,996,601,381,543,482,529,519,535,Run
413,383,544,754,394,583,430,964,542,368,567,485,523,526,531,Run
427,424,546,701,365,545,450,808,483,360,583,479,517,506,504,Run
435,455,543,658,308,556,542,751,714,365,599,474,512,491,501,Run
431,506,516,626,335,547,312,810,509,393,639,483,555,437,551,Run
373,700,503,698,351,567,634,706,553,454,806,478,526,363,481,Run
325,914,489,744,414,585,435,661,524,614,952,444,575,207,475,Run
259,979,455,717,465,605,353,646,568,751,1000,425,587,232,475,Run
381,911,472,632,509,621,276,629,583,776,963,452,568,257,434,Run
501,731,497,600,508,590,117,564,579,758,785,512,544,303,438,Run
556,602,491,640,515,553,87,439,530,737,625,553,541,357,485,Run
615,566,481,673,498,535,167,298,468,735,512,565,551,375,481,Run
627,554,469,728,554,544,225,401,514,716,433,597,546,365,458,Run
635,538,472,804,723,544,300,401,610,676,389,627,531,434,477,Run
647,538,485,837,886,622,287,491,647,637,364,605,500,515,520,Run
643,526,507,761,976,668,194,413,612,612,377,563,485,527,537,Run
636,510,516,630,1003,631,257,303,604,607,396,543,489,506,525,Run
620,590,520,554,794,691,260,267,590,617,459,522,471,453,526,Run
560,843,477,783,595,402,244,305,608,693,657,465,534,375,493,Run
427,962,445,396,681,614,309,375,591,794,852,412,564,208,498,Run
289,997,483,556,638,541,407,468,600,856,966,366,506,203,485,Run
320,890,510,647,675,553,445,487,587,744,966,360,524,202,456,Run
359,744,520,728,618,575,399,481,548,613,818,393,538,262,443,Run
383,628,537,835,585,600,351,504,519,515,668,438,524,321,478,Run
387,531,551,959,461,592,274,568,503,440,575,473,531,360,499,Run
387,466,555,903,349,538,219,684,516,398,523,473,527,377,487,Run
413,445,556,776,237,478,200,887,607,394,502,453,530,427,468,Run
415,424,555,657,333,550,224,977,646,400,516,448,530,489,498,Run
422,417,551,733,359,525,375,1006,627,400,533,457,521,530,537,Run
440,430,549,731,384,585,434,950,573,402,553,460,515,535,529,Run
458,439,550,690,380,542,432,761,502,409,582,446,513,516,514,Run
460,456,546,667,356,562,502,554,475,416,619,435,508,495,509,Run
435,495,499,659,350,564,405,787,474,421,664,443,530,476,479,Run
402,595,478,700,360,558,560,609,558,451,830,442,581,377,522,Run
347,869,516,776,412,591,538,613,553,594,959,356,546,229,494,Run
255,969,491,751,488,587,381,650,604,707,1001,349,601,269,510,Run
341,960,438,629,505,605,326,620,572,732,948,420,595,222,460,Run
470,830,434,598,526,600,204,602,577,727,793,469,570,229,426,Run
509,656,464,600,524,563,64,506,516,716,672,513,555,304,447,Run
551,566,495,620,536,526,141,319,466,703,581,566,556,348,474,Run
586,562,501,651,573,530,228,303,454,685,505,580,546,353,459,Run
602,551,512,717,647,522,323,385,550,654,461,574,531,407,471,Run
633,540,535,761,827,568,328,483,609,625,435,570,508,498,509,Run
660,544,548,805,947,644,254,449,571,605,417,559,484,529,522,Run
660,548,542,700,973,633,272,305,585,598,414,539,481,526,522,Run
637,562,533,599,913,572,358,273,580,598,417,516,500,510,513,Run
614,601,535,529,733,648,332,337,595,618,458,496,493,471,499,Run
569,826,538,761,739,408,245,387,616,703,642,471,533,378,512,Run
446,958,513,485,682,545,308,453,584,789,817,413,572,215,496,Run
298,999,516,567,624,547,402,528,602,858,955,346,509,175,482,Run
325,910,514,655,653,563,427,512,592,752,984,345,523,180,454,Run
337,729,528,751,619,579,408,520,564,613,850,390,532,252,434,Run
349,617,534,883,556,606,389,528,562,507,697,437,519,316,472,Run
360,542,526,963,411,551,339,589,544,430,602,470,523,369,491,Run
375,482,525,839,245,483,280,704,538,395,534,468,525,400,477,Run
399,436,539,711,282,495,260,872,597,384,505,460,527,453,470,Run
412,407,550,659,403,571,277,973,639,375,515,467,525,514,516,Run
430,390,548,686,408,543,363,997,624,377,537,483,525,540,542,Run
451,404,548,680,374,557,461,941,585,386,549,486,515,533,528,Run
458,420,549,679,360,544,476,783,528,399,573,480,504,512,516,Run
452,445,538,651,328,542,426,840,605,425,656,477,507,487,496,Run
413,556,521,660,332,554,359,829,486,459,790,453,550,403,521,Run
348,815,530,796,356,583,534,690,567,577,943,373,558,260,487,Run
259,955,508,820,402,622,384,674,522,684,994,351,601,169,465,Run
316,980,464,738,465,631,303,641,558,727,970,379,590,208,450,Run
440,865,464,667,514,618,172,611,571,734,801,449,579,258,445,Run
527,680,502,667,510,578,58,453,539,730,645,507,556,337,491,Run
580,548,522,663,521,531,136,281,477,723,532,539,546,371,507,Run
625,548,515,652,564,510,228,363,458,699,460,562,541,371,474,Run
597,534,503,697,629,520,371,408,549,663,437,570,523,410,471,Run
595,505,520,750,782,558,302,490,568,624,418,549,502,481,506,Run
606,498,534,769,906,638,287,389,539,596,421,521,482,512,523,Run
606,502,538,692,969,625,331,365,541,585,445,503,478,508,508,Run
615,506,540,604,933,554,373,367,582,594,469,508,496,506,495,Run
626,524,555,575,809,483,318,410,614,605,501,506,515,494,485,Run
615,678,561,532,773,598,215,418,644,642,593,464,520,392,557,Run
566,909,532,593,734,396,266,440,608,712,755,415,560,261,499,Run
432,982,554,454,690,540,386,493,594,823,925,339,507,184,492,Run
349,975,552,622,673,566,436,511,565,818,979,321,516,172,457,Run
388,831,554,687,640,568,435,495,558,687,874,366,538,238,408,Run
373,659,553,766,617,588,428,503,558,574,724,400,544,311,431,Run
384,550,543,913,556,582,411,520,572,490,617,444,524,355,501,Run
371,501,520,962,405,537,383,564,564,409,560,478,524,374,497,Run
370,460,520,834,254,477,319,636,514,368,522,481,515,405,465,Run
388,427,547,720,267,512,287,808,556,361,505,476,514,459,481,Run
400,419,557,648,364,549,257,952,640,374,524,487,517,510,524,Run
416,435,556,725,331,533,343,910,652,383,534,502,525,531,535,Run
430,457,556,709,492,579,430,904,578,392,546,501,523,528,521,Run
438,473,548,749,449,582,460,729,483,422,617,484,517,509,511,Run
417,521,524,721,311,562,311,809,444,452,676,476,535,477,481,Run
365,758,505,721,355,566,397,779,437,482,827,450,534,367,510,Run
343,912,523,816,353,582,504,657,552,583,959,386,587,229,479,Run
313,983,509,721,413,593,385,669,554,678,999,370,612,203,463,Run
406,881,472,621,497,586,288,639,572,716,945,391,596,216,426,Run
495,727,480,596,491,567,128,594,598,721,775,447,556,295,434,Run
556,614,500,609,497,546,72,446,551,711,613,503,546,363,496,Run
637,573,507,609,492,530,151,259,462,695,483,547,549,378,501,Run
659,565,507,642,516,533,242,384,491,661,407,575,527,371,476,Run
647,531,520,736,611,536,356,363,560,634,394,580,512,439,483,Run
642,517,539,824,813,598,315,472,610,616,393,560,505,507,508,Run
634,526,546,836,953,701,240,492,599,603,408,540,491,538,530,Run
626,535,546,690,998,679,203,350,620,605,426,540,489,526,524,Run
607,557,555,552,953,551,271,258,607,629,526,513,496,483,503,Run
586,752,576,506,911,650,247,305,587,705,712,472,494,353,542,Run
501,910,542,598,734,448,275,319,612,803,880,431,572,229,509,Run
333,984,554,481,689,554,343,405,584,853,977,391,515,175,504,Run
293,910,552,612,667,564,420,484,589,751,971,386,511,171,481,Run
362,718,561,704,670,567,396,491,572,634,829,396,521,237,448,Run
389,579,558,857,614,564,365,525,570,549,684,435,519,309,466,Run
414,535,538,966,469,547,317,579,584,481,592,483,527,353,505,Run
422,498,527,922,314,521,241,712,585,423,530,509,543,396,498,Run
431,454,527,775,214,501,218,880,617,388,491,501,534,457,483,Run
429,427,529,686,379,565,241,971,617,376,483,490,533,498,493,Run
434,420,528,698,311,511,355,952,599,366,511,499,526,516,525,Run
450,437,529,684,397,555,440,929,545,370,522,500,516,528,527,Run
460,451,532,691,405,551,455,811,496,388,539,481,513,519,513,Run
458,468,524,654,305,530,499,586,514,402,587,474,511,491,507,Run
440,505,511,621,308,537,315,826,450,418,640,486,530,473,485,Run
386,719,515,691,418,565,499,685,539,447,817,482,548,380,502,Run
354,922,557,856,450,610,515,634,541,594,956,379,586,180,492,Run
311,981,533,804,470,586,385,657,590,716,1000,355,599,212,474,Run
399,845,511,698,516,612,274,637,577,755,973,399,576,215,442,Run
504,697,517,634,533,589,152,608,588,747,787,459,539,291,422,Run
539,596,522,626,513,547,53,467,552,722,610,518,526,353,482,Run
597,561,515,660,516,533,148,261,465,693,495,547,533,362,488,Run
650,587,484,673,568,559,241,349,470,681,430,568,533,369,452,Run
622,554,482,708,712,608,350,401,584,656,395,591,533,434,477,Run
632,519,517,757,894,667,265,479,633,627,383,591,509,517,526,Run
637,524,538,786,978,705,191,446,584,610,398,561,486,529,535,Run
627,539,532,674,982,639,257,278,584,600,414,532,489,503,517,Run
613,562,529,541,932,544,327,286,585,614,495,532,504,470,481,Run
593,704,549,532,919,610,255,343,593,650,677,495,526,359,527,Run
533,912,540,596,754,449,280,415,595,723,810,403,580,273,492,Run
353,985,521,443,707,559,399,476,593,803,949,385,499,204,499,Run
296,932,520,625,676,549,459,519,604,759,992,386,502,181,484,Run
382,767,542,700,666,559,446,509,581,652,879,390,523,246,439,Run
385,642,539,818,611,579,431,513,568,569,726,419,526,327,457,Run
405,550,523,951,498,576,395,519,583,501,616,463,535,362,498,Run
428,491,505,942,341,515,321,642,584,445,555,483,544,388,484,Run
443,453,504,789,212,456,313,774,624,408,511,486,522,441,483,Run
428,401,508,708,366,524,271,929,641,386,486,480,517,490,503,Run
437,401,507,667,332,519,313,987,597,371,492,488,522,516,522,Run
435,458,510,714,393,542,424,956,529,356,514,501,519,520,524,Run
444,467,523,708,471,575,482,815,467,346,577,514,517,509,520,Run
445,453,525,753,400,574,556,679,533,371,612,491,534,493,502,Run
396,534,504,742,351,597,275,807,455,398,700,459,588,407,520,Run
332,833,538,819,356,576,609,642,492,448,898,377,543,298,500,Run
303,961,564,791,356,580,450,629,518,605,980,288,576,187,497,Run
322,956,533,673,410,564,360,613,599,715,977,323,569,206,461,Run
444,836,525,569,470,553,218,615,613,726,823,405,546,257,429,Run
544,711,506,585,458,529,73,511,599,711,681,481,543,344,463,Run
587,620,489,609,478,518,59,358,534,703,557,544,560,373,494,Run
650,604,484,625,524,520,192,246,471,678,460,574,537,367,474,Run
645,566,490,675,556,544,321,348,524,639,404,592,524,415,471,Run
635,524,501,759,709,596,300,387,561,609,393,590,504,492,505,Run
622,506,515,819,891,713,291,465,634,588,411,567,486,525,524,Run
612,472,551,780,978,756,206,431,609,579,436,542,480,524,525,Run
607,468,559,615,1007,680,245,278,599,583,445,528,492,507,511,Run
594,561,536,544,842,604,263,266,578,616,513,524,477,439,512,Run
603,822,526,728,801,413,242,330,608,712,716,480,555,349,490,Run
499,955,528,463,666,548,311,391,584,797,886,425,556,176,523,Run
327,974,539,513,640,578,425,492,599,850,978,397,502,190,474,Run
360,862,541,639,692,572,456,505,605,752,970,388,519,187,444,Run
395,761,525,732,640,570,438,508,598,628,835,407,533,272,429,Run
381,647,516,879,583,585,387,521,591,535,692,448,537,330,482,Run
389,539,518,972,443,566,324,603,613,458,595,494,542,371,499,Run
389,478,513,892,280,482,230,751,623,407,552,519,533,409,478,Run
400,429,520,753,285,525,206,918,648,387,530,506,522,453,474,Run
397,399,527,694,360,570,255,982,622,379,506,485,522,508,512,Run
415,399,530,751,396,569,366,965,554,365,513,493,516,538,534,Run
438,423,532,780,461,586,440,874,515,361,523,504,508,527,525,Run
451,447,536,738,304,552,451,761,513,367,536,501,512,507,512,Run
449,488,524,683,294,538,214,761,505,390,595,492,546,465,532,Run
414,704,543,725,309,564,546,779,519,434,801,466,535,364,502,Run
397,917,546,812,386,575,441,694,526,566,948,394,589,188,477,Run
332,979,520,745,458,580,378,654,549,685,997,372,608,196,450,Run
399,921,524,636,500,579,283,645,578,716,977,400,583,210,428,Run
520,760,492,596,510,565,151,621,580,714,804,483,567,266,444,Run
543,599,472,625,510,533,56,429,525,704,641,563,546,361,481,Run
571,538,486,620,515,507,138,230,487,710,527,588,544,397,492,Run
633,534,511,614,532,502,246,344,516,692,458,593,516,392,485,Run
626,505,526,678,643,518,320,406,565,660,425,605,503,442,500,Run
619,480,537,789,851,597,250,458,616,631,408,591,499,510,508,Run
622,484,533,859,962,665,224,373,562,615,419,562,489,530,524,Run
617,496,533,696,997,665,317,268,554,602,438,539,488,514,511,Run
614,512,553,579,942,618,375,290,559,594,455,530,495,498,494,Run
611,574,571,492,855,775,354,324,584,612,557,504,495,423,545,Run
595,833,570,766,637,445,273,384,618,670,717,438,565,341,483,Run
539,944,588,399,692,597,312,451,602,753,891,367,519,198,488,Run
412,988,588,560,645,546,395,510,631,780,979,329,481,150,467,Run
427,867,565,677,680,574,404,516,607,700,947,325,521,182,421,Run
436,711,541,783,627,574,401,516,596,590,779,395,539,279,433,Run
421,582,531,907,580,583,376,519,591,504,627,447,527,348,492,Run
403,490,516,981,394,543,308,578,582,427,539,485,543,383,478,Run
399,443,518,839,246,480,243,720,569,375,496,498,521,423,476,Run
402,401,532,711,358,561,212,906,619,366,480,496,510,495,516,Run
406,381,540,720,343,561,190,971,588,369,488,504,523,533,536,Run
419,413,537,779,443,564,386,995,598,366,509,501,530,521,524,Run
433,455,537,797,425,578,436,939,538,382,544,478,520,510,509,Run
441,459,537,748,271,547,462,788,668,402,589,466,507,499,498,Run
434,496,534,678,236,550,247,832,507,413,648,471,539,411,560,Run
388,755,551,746,299,566,684,710,566,463,853,418,525,285,505,Run
356,936,537,821,396,593,448,666,548,638,967,325,608,195,492,Run
287,985,516,740,481,614,372,666,563,738,1003,323,595,197,448,Run
432,829,536,624,549,642,254,637,589,757,925,395,559,227,427,Run
517,685,521,596,509,614,115,556,609,749,733,494,527,311,464,Run
561,590,492,620,503,569,66,379,568,746,596,551,534,373,497,Run
605,578,465,640,518,535,191,213,494,738,495,575,541,361,479,Run
610,574,446,671,593,537,281,445,540,682,423,603,530,393,460,Run
600,541,470,715,698,569,338,398,580,652,406,611,509,468,498,Run
615,519,499,802,888,647,248,467,608,629,398,587,495,520,530,Run
610,509,514,802,978,710,252,349,558,608,416,552,489,526,530,Run
605,525,523,649,1007,643,298,285,563,593,440,530,492,509,515,Run
598,554,522,579,899,558,339,272,567,591,474,515,502,487,493,Run
588,615,522,521,673,518,336,326,585,623,561,488,477,419,496,Run
600,816,530,740,860,652,265,367,591,677,719,468,557,319,502,Run
546,953,542,480,688,511,309,474,566,752,885,402,533,224,514,Run
392,991,566,492,663,569,393,521,579,783,977,348,486,211,498,Run
387,883,566,608,659,578,403,523,585,708,980,366,522,190,438,Run
398,737,565,704,628,579,388,529,559,617,839,391,536,263,413,Run
398,646,555,867,611,572,329,540,533,548,688,427,519,332,465,Run
404,540,536,970,460,565,247,649,528,484,592,463,522,389,483,Run
412,463,534,908,340,511,224,820,572,423,537,491,524,415,481,Run
424,424,537,750,256,522,267,950,649,390,499,493,528,472,496,Run
425,399,538,675,326,538,342,991,657,383,477,484,535,508,521,Run
432,411,534,740,319,507,417,926,608,370,496,498,518,519,532,Run
436,435,526,740,463,585,460,839,564,372,522,519,508,518,526,Run
445,454,522,748,429,568,474,671,487,400,546,505,514,503,502,Run
444,488,512,704,280,542,331,744,649,400,582,505,545,461,494,Run
396,615,538,682,324,548,478,814,505,405,696,494,543,388,525,Run
361,875,585,795,396,584,513,680,532,508,893,419,585,205,496,Run
276,974,530,812,468,599,403,646,565,689,977,349,618,170,476,Run
343,953,513,682,506,600,315,620,584,761,1000,341,600,187,442,Run
460,730,524,569,524,592,207,626,594,758,849,428,564,257,438,Run
542,565,537,594,497,543,68,483,548,735,646,516,555,353,489,Run
581,544,524,602,513,492,134,303,452,695,501,568,548,394,498,Run
611,589,507,610,531,496,218,366,419,640,433,614,534,391,470,Run
581,519,527,668,596,511,346,455,550,620,443,627,525,429,476,Run
596,486,542,744,737,569,286,455,596,614,440,599,495,499,513,Run
605,491,545,831,873,631,265,413,563,612,437,554,479,534,532,Run
618,484,545,769,962,656,320,306,562,605,434,529,484,524,513,Run
643,465,554,632,948,585,379,320,547,600,441,539,497,504,492,Run
656,514,566,593,862,524,370,357,568,613,474,545,512,497,486,Run
637,638,565,527,637,613,311,377,631,637,566,500,484,414,546,Run
612,874,558,714,658,388,234,447,621,672,697,436,558,331,500,Run
523,960,617,468,622,524,318,495,615,759,904,392,547,121,520,Run
323,994,632,566,608,563,403,531,619,794,983,331,506,161,484,Run
345,859,603,671,669,577,412,521,591,700,960,366,529,198,434,Run
361,720,559,749,619,577,407,518,559,594,796,420,518,281,443,Run
372,583,539,874,572,601,382,540,569,515,652,480,504,337,492,Run
394,488,541,972,432,536,336,600,593,440,573,546,530,379,500,Run
419,435,548,853,294,457,250,693,599,386,534,570,540,417,477,Run
437,409,548,738,263,487,212,843,595,396,521,531,543,468,470,Run
432,415,533,659,383,557,234,962,568,406,545,515,536,509,514,Run
436,444,522,716,412,551,373,898,578,391,563,518,526,532,532,Run
448,466,522,722,434,560,439,929,546,390,572,503,521,528,518,Run
455,479,526,694,347,539,459,786,515,394,574,493,516,510,503,Run
445,514,521,632,300,542,402,846,604,394,602,495,530,484,494,Run
421,615,529,634,304,551,515,796,603,415,740,487,531,392,515,Run
397,856,529,776,409,586,581,711,575,521,925,416,567,217,477,Run
351,967,520,841,441,600,389,675,541,650,990,391,617,176,486,Run
394,953,491,736,504,635,337,639,552,732,1010,397,595,201,441,Run
469,773,498,639,523,641,243,634,576,759,906,438,548,270,434,Run
529,636,499,657,507,594,91,505,591,767,729,498,529,353,480,Run
565,550,499,655,520,538,103,332,562,763,577,548,539,393,495,Run
607,553,491,647,517,508,222,255,482,740,448,585,546,379,471,Run
614,553,484,649,571,529,310,359,519,695,381,648,533,419,474,Run
607,513,500,717,679,549,319,447,574,642,364,666,513,484,497,Run
613,502,517,795,879,644,261,389,606,613,398,612,486,524,521,Run
608,490,529,787,975,678,313,329,546,594,441,541,482,510,512,Run
608,486,540,647,1005,615,364,354,580,592,456,509,500,503,491,Run
596,518,542,574,910,517,317,372,570,623,512,516,515,485,472,Run
596,622,549,452,755,712,283,360,586,684,628,493,492,344,574,Run
559,875,523,830,865,350,296,381,573,747,724,444,584,306,500,Run
428,971,538,446,677,557,365,450,565,838,883,435,512,230,468,Run
351,919,545,537,662,528,433,487,570,821,976,397,481,181,465,Run
428,811,532,628,683,534,428,507,569,722,915,404,499,228,425,Run
409,707,511,713,635,551,385,537,564,629,781,427,517,297,441,Run
428,627,510,823,623,551,354,546,590,547,670,465,543,357,491,Run
431,557,516,951,497,552,300,584,606,459,613,508,542,390,493,Run
418,513,512,938,366,482,202,654,587,385,579,517,514,409,464,Run
427,481,524,799,221,459,194,863,577,367,556,482,503,448,468,Run
438,441,535,693,338,531,315,953,560,370,548,456,509,501,517,Run
451,433,539,691,354,538,377,910,497,380,544,464,517,523,540,Run
459,441,534,753,483,559,471,860,497,395,555,473,527,512,528,Run
471,457,526,764,497,585,514,737,448,415,563,476,541,490,503,Run
461,473,498,751,366,580,444,823,589,426,555,484,578,457,488,Run
423,533,490,729,348,574,339,850,436,424,634,503,553,363,511,Run
365,786,543,771,369,574,585,684,538,527,872,449,556,188,488,Run
315,944,515,719,400,582,423,643,552,720,971,406,575,213,484,Run
284,990,469,645,473,581,338,648,555,805,1005,424,571,231,411,Run
395,876,496,569,512,578,299,648,564,792,922,457,567,272,413,Run
518,705,519,589,520,556,155,606,574,747,729,525,568,327,432,Run
530,615,516,605,520,555,61,449,522,704,606,576,557,368,486,Run
573,585,519,618,548,540,141,294,493,681,514,590,538,378,486,Run
596,550,530,613,604,546,230,389,492,650,425,599,520,393,465,Run
602,523,542,667,652,519,356,424,552,628,416,612,514,459,484,Run
618,509,552,752,829,544,255,461,569,621,410,600,503,526,520,Run
638,495,553,828,955,596,253,401,586,612,404,573,490,545,533,Run
650,500,546,711,989,610,313,331,574,603,415,548,489,515,509,Run
650,512,549,584,900,563,326,274,572,608,425,530,496,488,494,Run
647,624,570,511,693,660,313,284,599,639,506,510,494,373,556,Run
570,885,540,677,617,486,241,353,624,738,710,481,567,289,501,Run
457,964,556,369,643,569,304,440,601,844,865,426,514,181,464,Run
264,981,577,560,636,550,379,517,603,863,969,402,516,166,468,Run
338,807,573,672,646,583,409,501,587,711,972,383,541,221,421,Run
320,679,547,780,577,622,381,515,567,576,807,386,532,309,448,Run
332,546,532,912,508,633,328,531,566,470,642,435,516,353,506,Run
360,438,512,951,403,575,235,659,576,386,535,484,513,384,490,Run
386,388,523,830,251,485,183,847,624,347,481,507,514,441,470,Run
402,359,553,719,345,554,235,956,661,355,477,498,523,502,512,Run
422,343,577,717,345,536,347,962,617,388,505,494,533,530,536,Run
441,409,577,738,367,564,431,917,560,419,574,487,526,523,520,Run
446,470,556,712,451,579,451,827,523,455,638,463,517,511,506,Run
448,504,540,703,400,553,471,644,449,491,673,458,516,497,501,Run
423,604,509,666,336,531,475,705,660,555,754,455,532,464,480,Run
375,767,463,641,332,545,379,862,476,606,820,438,544,354,491,Run
310,933,394,703,374,572,631,660,546,768,866,409,605,207,492,Run
212,957,304,749,452,597,427,654,549,850,905,468,641,174,481,Run
293,707,338,699,517,618,341,626,582,814,841,521,603,182,423,Run
368,620,423,575,548,635,241,626,597,769,736,510,534,263,430,Run
465,592,463,610,530,601,91,507,586,715,653,537,511,349,472,Run
530,586,460,632,528,542,117,372,533,655,550,588,524,378,489,Run
576,576,461,658,550,518,236,295,480,606,480,624,535,388,471,Run
590,548,480,670,603,519,307,434,537,562,452,625,530,441,469,Run
602,547,496,703,683,530,355,465,566,546,450,603,519,492,491,Run
604,544,499,772,823,569,317,476,574,537,460,580,501,527,522,Run
601,554,486,794,905,619,293,397,542,528,465,569,494,528,526,Run
584,531,481,680,936,572,333,311,535,526,467,554,497,514,515,Run
569,515,482,606,909,543,374,326,547,538,484,536,503,503,500,Run
535,624,460,594,745,647,309,357,584,561,501,531,503,401,564,Run
475,869,414,796,776,541,216,387,630,653,597,529,557,338,500,Run
340,923,387,432,740,556,312,469,622,784,814,478,505,201,481,Run
209,795,418,536,685,543,410,502,606,894,869,422,506,153,447,Run
280,682,447,646,685,568,433,512,579,862,742,421,528,181,406,Run
297,628,445,715,641,570,428,503,562,717,704,387,538,275,424,Run
374,605,430,802,620,583,394,506,550,611,680,414,526,342,477,Run
415,523,461,946,495,576,321,542,557,512,587,452,534,379,481,Run
430,449,512,929,360,512,249,617,587,459,542,484,529,396,470,Run
443,458,538,757,226,453,214,827,629,440,544,474,515,466,489,Run
468,485,553,672,372,522,247,958,668,445,569,444,515,531,529,Run
486,502,567,720,402,536,333,999,602,445,554,433,519,545,538,Run
491,504,576,765,448,573,424,942,547,447,539,435,515,524,521,Run
488,537,570,748,376,537,454,770,467,467,533,430,522,501,508,Run
457,640,516,711,385,553,368,844,486,489,555,424,560,445,539,Run
378,770,454,728,378,571,358,803,469,499,669,410,551,329,492,Run
310,865,376,815,429,575,518,677,546,567,863,348,611,183,483,Run
245,749,331,732,443,591,388,674,533,721,958,305,609,185,457,Run
286,654,346,610,489,593,304,652,550,772,847,333,574,220,421,Run
373,580,389,525,486,571,204,629,570,700,714,393,535,300,425,Run
456,543,442,564,475,535,72,484,567,656,626,475,518,371,478,Run
539,512,477,586,478,526,139,362,531,630,572,537,528,385,493,Run
598,547,478,613,483,531,246,295,498,624,529,577,546,390,475,Run
597,563,458,640,539,542,357,362,557,617,543,615,538,445,483,Run
604,541,449,669,636,556,317,452,590,616,511,642,515,502,508,Run
616,540,454,715,805,592,273,505,627,598,468,630,490,530,534,Run
611,539,468,795,947,632,233,418,557,588,447,587,483,525,534,Run
593,546,481,717,995,575,267,365,585,587,446,541,487,496,518,Run
571,600,475,564,896,492,275,330,601,605,471,510,489,462,488,Run
510,764,401,538,904,603,248,342,585,672,578,481,539,360,493,Run
387,936,297,591,723,439,298,366,580,761,711,403,560,206,491,Run
232,955,309,451,648,564,388,425,546,842,872,318,500,211,461,Run
303,835,401,635,657,569,489,481,568,809,908,310,528,206,443,Run
355,718,465,685,643,587,468,478,569,685,821,365,551,255,424,Run
387,622,495,781,597,597,418,490,567,569,701,410,534,331,457,Run
402,576,493,930,531,597,367,514,578,484,601,430,523,370,483,Run
402,516,500,953,387,540,285,567,599,427,573,439,526,390,473,Run
407,459,526,816,286,459,219,692,594,397,558,439,509,427,467,Run
427,404,554,708,300,508,209,879,629,385,535,430,498,493,501,Run
444,378,571,693,369,532,270,978,614,393,542,434,509,531,537,Run
457,395,571,716,445,562,395,982,546,407,555,444,517,529,543,Run
455,420,549,760,458,579,421,911,468,430,563,453,520,504,523,Run
444,460,507,737,344,519,556,851,664,464,604,444,534,481,492,Run
395,584,455,683,364,545,270,893,490,523,695,429,538,376,521,Run
342,762,397,737,384,582,598,753,521,588,852,360,563,253,495,Run
255,937,306,840,415,580,431,666,540,766,966,314,612,198,477,Run
246,909,294,708,477,590,374,639,565,851,976,348,610,190,425,Run
365,768,371,589,517,590,275,639,587,778,839,442,575,241,405,Run
458,658,427,547,503,567,145,590,603,702,679,497,544,321,433,Run
540,592,460,586,493,539,58,437,528,638,606,529,536,381,489,Run
578,552,478,619,493,537,162,308,466,622,550,551,532,384,477,Run
585,552,486,652,516,532,248,382,436,601,471,583,537,411,464,Run
595,578,492,692,589,519,350,429,547,581,435,613,524,482,501,Run
605,549,506,727,705,552,289,462,614,584,430,626,505,529,534,Run
612,532,524,805,856,612,248,423,561,584,419,611,490,536,538,Run
622,526,531,777,967,637,286,362,593,592,444,582,488,515,519,Run
617,517,533,629,967,603,311,370,598,596,464,549,499,495,505,Run
603,543,530,570,808,540,331,366,584,614,500,507,490,419,539,Run
562,725,486,650,894,654,305,409,612,676,642,478,546,335,477,Run
459,923,393,553,698,539,349,420,588,772,794,377,513,196,468,Run
259,986,395,491,641,567,450,483,583,895,947,268,493,177,462,Run
297,850,441,620,671,550,484,486,575,815,913,289,523,193,421,Run
376,749,477,719,650,575,452,483,553,657,765,353,537,259,403,Run
395,669,497,799,625,586,406,486,544,577,612,396,525,330,455,Run
414,580,510,936,524,564,360,513,566,482,549,444,528,370,480,Run
417,513,507,939,389,520,301,555,569,407,549,458,513,392,471,Run
417,433,512,770,245,467,242,648,554,387,537,442,507,427,484,Run
423,353,549,690,378,547,200,837,592,384,508,440,509,528,520,Run
429,336,562,717,408,537,210,960,613,379,513,464,527,546,533,Run
435,377,551,719,440,558,370,932,600,384,536,479,527,530,529,Run
431,399,542,756,446,562,435,914,482,393,563,478,515,501,522,Run
424,421,550,760,370,545,477,683,510,416,605,459,517,480,509,Run
400,547,520,725,351,538,291,709,497,457,726,455,564,386,527,Run
320,821,510,748,367,549,584,727,521,535,917,405,574,222,485,Run
231,956,485,791,419,572,482,632,545,680,987,369,608,219,481,Run
242,960,494,713,476,584,408,639,579,742,981,399,588,198,449,Run
379,847,492,583,535,600,315,621,588,740,832,442,562,224,433,Run
492,721,466,529,521,581,208,599,612,740,690,493,545,310,445,Run
540,634,458,554,488,549,68,478,591,740,593,527,548,367,484,Run
581,618,443,587,485,520,155,296,526,729,526,538,524,504,519,Run
600,600,452,598,519,510,227,362,475,686,457,552,531,492,501,Run
619,550,481,634,561,515,360,376,550,637,395,563,536,393,505,Run
629,522,500,700,675,573,320,487,592,602,372,555,547,204,475,Run
631,504,518,796,877,657,263,470,577,580,379,544,576,183,469,Run
639,497,540,766,974,688,278,340,592,572,428,542,573,222,401,Run
635,550,538,626,974,630,305,317,575,572,480,521,574,273,422,Run
610,677,525,634,919,808,280,307,555,610,536,486,558,360,468,Run
514,900,504,615,654,478,288,361,593,694,693,470,543,387,503,Run
382,981,551,442,700,598,351,421,589,864,899,399,509,369,486,Run
285,957,558,613,641,539,437,484,600,890,981,369,510,412,500,Run
391,816,533,684,651,553,412,479,578,755,890,397,501,471,504,Run
406,693,515,795,638,555,374,510,562,620,716,431,488,498,506,Run
409,579,511,924,543,547,349,548,555,515,592,468,484,480,505,Run
411,507,502,935,402,529,328,621,563,444,534,482,489,457,502,Run
408,478,499,800,240,499,295,727,534,412,498,468,486,430,499,Run
408,444,505,671,338,575,280,875,550,406,490,450,520,356,502,Run
416,401,518,684,338,524,291,922,562,397,504,450,532,227,494,Run
436,401,531,669,333,525,394,929,564,388,515,459,510,223,493,Run
446,430,534,633,390,543,451,894,541,382,526,467,518,213,490,Run
450,449,539,632,377,531,447,792,492,368,553,460,530,264,426,Run
450,466,522,615,395,523,605,789,742,375,597,455,529,323,454,Run
450,511,517,637,374,531,400,585,461,394,721,443,530,357,494,Run
412,695,549,736,392,563,648,769,519,523,917,335,527,378,482,Run
355,914,553,815,456,579,379,695,501,676,989,284,521,402,458,Run
224,987,511,776,497,605,345,668,537,742,1008,323,519,456,480,Run
374,911,498,724,566,631,272,675,528,737,871,398,518,522,532,Run
476,730,505,700,540,606,148,628,537,715,715,494,522,538,538,Run
495,577,524,705,532,576,63,417,541,715,631,535,524,521,526,Run
557,497,537,636,539,552,140,236,519,715,544,537,521,504,513,Run
636,564,525,539,550,555,235,328,557,689,516,557,537,481,480,Run
619,543,516,560,639,566,334,431,569,689,496,558,553,369,481,Run
641,513,529,656,791,594,309,514,587,675,455,555,552,219,473,Run
658,504,539,747,929,634,284,450,545,648,428,556,588,212,461,Run
647,504,540,699,951,572,346,363,547,617,418,545,582,222,433,Run
653,508,552,608,852,493,393,337,557,594,438,523,561,248,412,Run
650,606,575,421,777,691,358,376,580,582,510,491,540,329,431,Run
588,875,547,753,668,334,276,427,607,621,660,437,536,372,461,Run
478,973,594,416,663,538,301,458,606,750,875,354,529,370,466,Run
301,969,598,566,641,561,407,510,619,832,974,308,519,408,477,Run
357,817,571,654,667,584,418,535,588,714,945,345,511,476,503,Run
354,702,549,737,613,570,415,513,560,592,771,375,496,521,526,Run
354,594,547,811,600,588,391,489,546,532,647,408,491,533,528,Run
365,505,538,949,490,565,342,505,548,472,564,454,499,517,519,Run
384,463,544,879,362,521,255,565,546,437,534,486,505,496,493,Run
411,436,557,767,261,476,239,736,570,441,545,503,505,373,534,Run
419,429,548,697,402,539,244,861,605,424,553,509,570,271,467,Run
440,458,536,708,422,548,317,929,646,393,570,510,514,199,472,Run
464,463,535,712,469,575,427,959,608,358,564,507,514,215,452,Run
475,454,530,690,424,563,443,864,509,352,603,496,519,236,416,Run
468,473,514,689,413,549,465,740,564,362,649,501,522,302,415,Run
444,533,507,665,343,540,230,868,507,376,735,503,525,349,474,Run
376,826,475,696,383,552,526,721,563,479,909,432,535,379,490,Run
306,956,418,742,426,583,418,656,537,626,984,393,522,392,463,Run
306,965,427,715,465,592,376,626,580,731,1006,388,509,434,469,Run
432,793,455,616,506,600,315,617,599,752,887,430,503,496,515,Run
480,621,478,614,507,571,230,603,591,747,721,478,513,527,543,Run
530,570,500,641,515,539,75,510,538,731,605,513,522,523,536,Run
584,561,511,669,509,504,155,375,483,703,489,533,522,501,519,Run
580,570,511,694,556,499,244,368,448,652,423,558,551,457,511,Run
570,529,525,716,577,496,332,479,542,611,412,576,540,366,490,Run
583,518,530,778,676,506,346,481,565,584,397,561,570,240,475,Run
601,511,532,824,836,579,318,468,566,565,408,533,593,224,471,Run
611,504,537,752,948,613,301,454,565,559,432,520,593,200,441,Run
611,500,547,619,968,564,268,391,582,563,467,513,578,238,430,Run
601,564,548,573,854,496,311,338,591,586,502,507,555,322,450,Run
577,788,524,465,712,754,306,377,579,623,562,500,548,374,478,Run
507,944,497,726,682,447,322,383,587,750,639,458,543,382,476,Run
405,990,491,403,601,593,369,456,568,881,778,482,533,404,474,Run
382,962,496,588,624,539,478,493,589,923,913,446,520,462,500,Run
407,859,486,653,656,554,474,505,571,844,909,412,494,515,523,Run
377,713,485,676,598,580,440,494,546,714,809,407,478,531,526,Run
373,604,503,705,605,585,382,508,527,586,702,434,479,515,520,Run
359,530,508,809,567,603,319,533,541,483,617,455,492,496,502,Run
351,447,518,936,478,592,227,600,546,421,573,455,483,434,508,Run
384,396,550,899,368,541,166,775,610,386,587,448,560,380,448,Run
406,357,570,768,258,500,246,939,673,386,619,423,556,210,507,Run
421,343,580,706,333,533,399,953,650,403,644,398,500,226,477,Run
438,413,568,708,338,522,418,942,579,432,666,398,528,204,437,Run
461,471,534,716,436,585,447,789,516,467,673,413,532,274,425,Run
454,476,520,697,448,588,208,699,525,504,688,423,522,326,469,Run
410,599,568,744,337,564,505,681,611,597,768,414,525,378,475,Run
340,867,572,717,349,577,500,679,543,696,890,415,517,382,475,Run
213,969,507,717,430,587,373,659,544,762,968,405,511,426,472,Run
301,965,508,690,485,607,345,632,545,782,932,411,513,493,505,Run
439,791,523,650,489,591,293,632,565,749,800,467,510,533,539,Run
494,651,516,632,461,555,147,581,547,711,674,515,505,533,539,Run
542,596,515,648,494,528,100,441,527,702,586,513,506,521,529,Run
588,587,501,639,543,500,227,314,471,693,525,528,547,475,516,Run
590,574,495,670,547,511,307,394,468,665,481,557,548,354,483,Run
613,556,504,720,644,524,349,429,555,642,428,567,609,156,499,Run
646,537,520,759,802,574,330,473,567,613,385,570,630,168,458,Run
659,521,526,793,940,608,289,487,575,597,379,562,598,213,440,Run
646,518,521,672,970,579,289,425,566,590,399,530,560,272,447,Run
628,524,518,585,882,531,338,389,577,587,439,498,539,357,485,Run
595,576,532,560,762,447,333,398,581,599,485,481,539,396,496,Run
577,780,558,515,667,584,307,406,607,646,622,462,532,385,480,Run
442,942,544,585,639,433,337,436,582,728,802,416,529,412,483,Run
281,994,570,428,652,567,423,475,573,798,948,357,527,484,506,Run
294,920,564,605,634,569,464,495,578,778,982,350,498,520,523,Run
332,802,562,675,647,574,464,502,566,676,873,389,477,519,531,Run
354,654,559,750,613,556,442,497,559,597,726,417,479,506,515,Run
396,572,553,840,560,558,398,502,567,542,623,451,500,491,491,Run
402,520,534,906,452,563,317,541,568,501,572,482,513,394,557,Run
416,487,526,810,363,505,211,618,543,476,539,497,563,317,492,Run
428,461,521,716,330,495,174,780,573,455,532,503,507,199,482,Run
430,430,524,657,416,526,228,932,592,415,539,504,504,186,456,Run
447,402,534,674,390,537,332,960,539,381,546,499,528,214,424,Run
461,414,544,704,424,560,426,929,539,362,534,485,523,281,450,Run
464,435,538,677,398,535,419,821,473,362,557,476,517,335,485,Run
455,454,523,668,406,544,484,530,394,363,591,484,516,374,485,Run
435,479,482,668,419,559,546,672,568,392,668,503,517,388,464,Run
442,700,454,673,411,563,421,713,452,476,863,495,514,444,478,Run
346,907,513,721,409,576,611,609,546,658,968,439,515,511,526,Run
302,977,450,720,463,587,393,665,585,802,1002,440,526,529,546,Run
372,938,468,658,474,586,320,613,577,819,931,492,533,515,538,Run
488,791,472,615,492,588,251,606,560,787,758,525,533,499,513,Run
529,693,484,625,519,555,99,523,524,747,637,547,539,477,476,Run
570,616,498,648,521,508,141,408,477,721,544,553,557,394,522,Run
590,598,507,703,546,474,255,345,469,681,479,568,513,269,495,Run
583,559,523,751,628,491,313,443,535,641,428,594,534,526,470,Run
587,513,530,765,748,523,344,419,567,606,387,593,534,528,486,Run
608,488,527,779,858,588,329,502,588,580,390,574,523,529,498,Run
618,484,535,708,926,611,288,462,573,570,405,550,509,533,503,Run
618,484,541,612,909,572,320,426,587,568,423,524,502,533,506,Run
610,488,540,587,767,575,335,356,575,570,452,515,513,533,499,Run
606,622,530,759,867,667,330,386,596,596,540,509,522,533,487,Run
516,885,491,633,791,565,362,407,590,667,669,468,556,531,493,Run
384,977,506,521,637,568,400,462,585,791,853,418,517,528,481,Run
306,927,515,630,625,549,469,491,593,864,967,408,588,526,474,Run
407,803,511,656,615,567,466,505,592,759,938,402,604,228,432,Run
398,672,508,686,609,566,437,505,586,634,797,409,598,215,423,Run
428,599,496,753,587,588,387,502,580,547,681,427,571,283,424,Run
445,545,478,880,501,614,328,538,588,484,609,449,550,353,470,Run
454,483,479,880,422,548,250,592,606,442,564,465,532,374,486,Run
465,452,496,783,341,461,218,754,593,412,535,482,528,370,475,Run
455,421,516,672,315,478,254,862,599,394,526,482,526,410,478,Run
456,413,534,662,433,511,334,947,531,392,526,475,512,474,503,Run
469,448,534,678,442,557,429,906,501,396,537,484,488,521,522,Run
462,458,525,692,508,579,462,775,437,412,575,495,483,531,524,Run
443,494,525,716,476,566,430,836,726,433,624,497,495,514,508,Run
401,626,519,703,404,555,446,749,610,461,725,484,501,495,478,Run
353,871,515,736,387,562,559,741,507,542,884,450,523,387,539,Run
266,972,487,761,392,564,417,637,546,660,975,434,586,302,494,Run
321,925,502,697,445,575,379,624,561,712,978,431,506,168,494,Run
437,816,510,613,498,580,307,616,568,706,844,460,503,166,465,Run
494,715,490,568,491,560,251,595,577,685,695,498,520,221,443,Run
531,626,485,591,489,543,138,522,548,666,599,516,525,298,439,Run
572,599,483,646,499,528,197,438,498,657,541,527,533,353,483,Run
572,583,495,673,521,525,280,369,450,625,480,538,542,381,485,Run
579,549,515,686,540,533,304,478,480,595,451,543,529,394,461,Run
588,523,526,725,626,550,394,443,537,578,431,540,525,423,458,Run
603,501,530,739,783,589,356,489,578,571,425,533,526,489,499,Run
618,494,529,732,899,632,312,471,586,563,448,524,523,538,540,Run
615,509,525,646,944,575,321,406,565,568,471,517,516,540,545,Run
600,524,524,574,877,523,327,401,585,583,508,512,508,524,529,Run
598,675,526,549,888,662,270,395,604,631,604,482,515,502,511,Run
529,907,488,710,653,388,232,426,609,718,737,438,557,387,556,Run
455,973,508,484,687,558,315,435,595,825,915,438,527,283,473,Run
347,944,536,631,620,523,414,464,582,822,960,389,610,190,472,Run
416,810,538,668,657,533,440,478,544,718,861,401,600,203,455,Run
430,689,532,717,635,540,424,473,527,622,741,419,585,222,423,Run
453,614,528,781,611,554,388,484,534,550,646,442,567,294,427,Run
457,558,522,899,494,576,352,503,556,486,602,469,541,363,468,Run
451,529,523,856,394,552,289,566,583,449,589,477,530,386,490,Run
450,508,530,766,336,479,233,720,583,437,578,472,534,391,483,Run
440,483,529,676,390,496,231,893,589,432,570,477,543,438,478,Run
431,466,524,654,435,521,278,926,559,385,557,495,530,489,499,Run
437,454,536,695,426,540,419,973,541,345,551,494,504,530,527,Run
447,444,548,714,471,560,435,915,495,333,566,484,492,536,535,Run
444,455,540,732,476,559,446,671,504,343,574,481,508,535,516,Run
437,499,514,757,404,553,305,669,535,367,606,496,507,535,519,Run
406,698,503,732,345,558,498,744,500,429,768,487,516,535,522,Run
390,910,500,732,393,577,473,635,527,567,935,432,517,535,530,Run
342,984,482,707,430,595,421,643,566,737,993,416,516,535,529,Run
436,900,492,618,488,592,326,620,576,767,980,431,516,535,527,Run
509,722,487,561,497,566,305,607,593,740,818,483,520,535,531,Run
528,628,492,586,497,542,179,571,593,697,664,529,518,535,525,Run
570,551,510,627,488,525,112,489,533,675,558,555,525,535,521,Run
610,538,521,668,522,517,198,357,468,659,473,585,525,535,520,Run
612,516,517,701,563,519,257,409,455,626,417,604,585,220,433,Run
612,513,513,747,637,524,339,415,533,611,395,601,566,279,435,Run
612,513,512,762,797,598,312,503,592,598,400,588,559,347,463,Run
612,510,516,766,948,667,261,439,587,590,441,568,554,374,488,Run
605,500,523,674,998,639,299,361,559,591,476,537,536,366,476,Run
588,529,522,548,900,565,343,336,575,613,533,500,519,408,489,Run
571,729,501,399,781,657,305,382,582,673,642,472,497,482,515,Run
493,926,456,640,594,366,263,446,586,761,814,432,483,522,529,Run
340,989,468,483,683,481,299,452,559,815,951,368,490,523,524,Run
313,919,506,560,609,541,419,488,566,761,962,359,500,507,510,Run
397,796,510,665,639,564,457,492,556,659,852,384,538,518,422,Run
406,691,516,721,600,577,461,492,546,580,718,416,537,519,427,Run
441,601,529,815,576,570,434,499,559,510,622,458,536,520,455,Run
446,524,537,925,502,559,359,519,567,446,577,490,536,520,463,Run
433,474,543,880,414,501,282,629,570,413,522,493,536,520,459,Run
435,437,551,773,276,470,247,786,603,410,533,473,536,520,459,Run
431,410,552,666,344,525,256,943,624,411,550,448,533,521,472,Run
439,412,546,652,405,546,371,968,611,408,554,440,532,522,480,Run
459,440,532,718,407,559,446,948,551,403,552,432,531,520,480,Run
472,468,521,721,488,579,457,806,495,408,565,424,531,520,474,Run
471,481,513,728,427,580,486,576,564,412,607,421,505,475,476,Run
444,563,503,692,323,552,292,706,517,434,703,423,519,365,526,Run
424,809,470,692,343,547,536,673,545,541,904,368,559,260,469,Run
388,950,469,730,378,572,482,636,538,678,984,343,499,202,452,Run
329,962,474,683,424,573,370,636,580,743,994,388,504,199,446,Run
472,818,500,600,493,587,304,607,577,745,860,460,527,244,426,Run
506,685,486,572,514,580,227,584,571,719,710,536,532,303,440,Run
531,587,480,594,494,558,91,493,555,699,640,569,542,345,480,Run
574,548,474,637,502,535,176,386,509,692,557,579,537,375,480,Run
583,532,471,683,560,535,273,349,480,657,471,593,529,405,455,Run
586,505,478,740,658,534,299,443,531,624,426,601,519,466,473,Run
618,501,492,766,800,582,351,418,562,605,417,596,514,520,520,Run
620,512,500,789,929,654,297,454,572,586,411,572,513,533,544,Run
613,512,513,676,976,627,293,400,551,572,424,535,512,530,537,Run
605,530,525,595,894,558,329,359,550,574,437,490,511,511,521,Run
597,622,531,557,728,536,325,365,585,600,472,483,524,487,489,Run
580,855,517,730,712,435,281,385,599,686,657,471,554,400,510,Run
497,966,526,678,636,501,327,427,575,797,855,387,541,294,495,Run
392,981,549,496,628,543,397,469,565,843,968,362,607,222,466,Run
410,863,538,658,657,541,445,482,568,734,968,386,607,198,431,Run
409,741,531,705,627,560,436,490,566,620,826,413,579,218,409,Run
417,660,526,784,591,555,392,502,572,543,683,456,541,307,424,Run
417,573,517,880,529,564,334,517,589,459,588,501,534,365,473,Run
409,503,515,900,435,521,250,582,570,406,538,511,538,378,492,Run
405,449,530,798,329,486,210,730,550,390,511,486,546,384,471,Run
398,394,544,694,279,510,241,895,561,397,511,464,542,431,472,Run
416,384,550,649,379,543,314,957,559,404,520,466,519,489,505,Run
431,432,545,687,373,544,416,995,526,417,538,469,490,529,529,Run
439,455,539,733,499,567,460,901,481,432,556,462,485,530,529,Run
435,470,517,743,447,578,473,715,598,432,583,455,499,510,511,Run
408,573,514,693,365,544,204,772,540,424,688,461,495,471,496,Run
367,837,518,708,385,562,570,715,537,491,890,388,532,395,499,Run
324,963,483,761,417,575,448,650,534,611,977,322,551,266,462,Run
324,984,469,712,467,589,396,642,562,697,1006,351,490,180,470,Run
452,888,482,610,514,585,315,614,576,724,910,406,511,190,455,Run
517,737,474,565,507,557,257,594,603,714,746,480,544,249,431,Run
550,632,467,586,490,531,106,515,567,699,640,543,546,306,453,Run
591,582,467,614,510,521,147,407,524,693,541,576,548,349,477,Run
619,561,474,630,536,515,252,326,483,666,448,592,537,372,477,Run
629,536,489,667,578,524,316,454,525,637,413,612,524,397,471,Run
621,507,502,686,711,574,347,416,556,616,396,615,513,457,480,Run
615,501,514,731,866,641,285,484,588,602,404,586,508,530,517,Run
610,501,530,731,957,677,270,429,566,596,443,551,518,549,536,Run
599,526,533,627,930,614,312,336,558,601,467,521,519,527,526,Run
585,604,523,555,802,511,359,357,571,626,546,495,516,508,517,Run
566,760,522,446,726,686,328,360,567,674,693,456,562,438,549,Run
518,935,498,663,603,436,339,398,579,753,858,394,532,341,493,Run
417,985,516,378,672,579,377,457,566,787,968,373,588,171,485,Run
375,949,520,604,630,567,441,481,574,736,973,381,598,206,459,Run
397,816,522,676,628,583,451,499,580,639,879,393,591,217,420,Run
392,676,528,749,587,584,437,515,567,566,750,409,573,267,422,Run
393,586,519,861,530,584,386,503,578,503,649,437,540,352,442,Run
389,499,516,927,453,545,301,540,582,450,588,458,528,397,495,Run
414,427,527,845,398,478,213,668,568,416,538,459,526,382,477,Run
424,386,532,727,259,475,230,860,619,388,503,452,536,398,458,Run
421,361,542,633,358,516,307,967,615,379,500,452,535,472,485,Run
426,410,547,667,387,531,392,970,550,375,503,469,506,537,530,Run
437,479,531,691,436,561,423,912,481,382,514,482,487,555,551,Run
452,523,512,743,524,580,474,814,595,419,565,469,489,524,525,Run
420,616,515,769,449,573,295,701,523,438,623,446,502,482,492,Run
395,800,513,780,383,571,551,771,477,457,808,413,512,368,521,Run
383,948,517,776,385,575,399,670,515,595,950,350,555,261,501,Run
351,980,480,728,418,587,363,660,546,698,998,309,519,178,464,Run
446,827,478,616,447,610,305,638,577,713,971,355,509,190,469,Run
505,661,491,564,451,586,180,602,565,693,802,459,521,234,423,Run
546,566,525,589,461,544,83,450,526,682,646,530,519,300,446,Run
608,577,522,625,484,521,192,344,468,697,568,555,527,351,515,Run
637,617,504,645,521,513,240,450,465,693,479,573,537,378,519,Run
608,562,511,666,579,513,363,419,573,669,431,588,527,403,478,Run
602,528,528,668,709,530,327,513,599,636,404,586,520,445,468,Run
601,524,537,716,819,563,285,460,580,614,396,559,516,500,498,Run
601,509,537,765,943,610,317,394,562,604,414,525,517,528,527,Run
595,509,542,661,962,592,332,360,556,610,429,513,515,525,531,Run
602,586,551,540,857,541,331,367,572,637,489,507,512,507,521,Run
606,828,524,647,870,631,270,376,602,699,672,460,557,474,520,Run
543,959,473,572,669,490,293,412,590,765,861,368,535,381,521,Run
427,997,501,459,640,606,377,466,587,808,969,315,561,219,466,Run
409,866,537,641,662,575,438,480,576,730,966,356,594,214,472,Run
407,705,554,690,621,582,417,484,566,607,822,395,616,217,437,Run
405,620,554,739,615,582,394,505,557,515,681,426,583,248,422,Run
411,532,536,887,552,591,352,498,558,446,587,455,545,318,440,Run
413,483,510,939,439,574,270,548,555,391,545,454,524,380,490,Run
435,461,506,821,328,458,208,685,555,373,510,422,511,378,499,Run
444,442,518,691,290,462,246,895,601,387,514,407,523,391,490,Run
450,438,526,633,399,512,272,968,571,403,529,424,531,440,481,Run
468,460,525,709,464,530,401,988,521,423,538,437,518,487,495,Run
477,482,523,775,444,550,463,921,475,444,562,433,489,529,529,Run
465,497,518,736,353,570,495,721,452,458,610,441,482,524,542,Run
413,538,516,674,337,552,357,744,661,458,693,457,496,504,516,Run
351,774,561,686,412,567,542,751,525,484,809,421,492,452,485,Run
338,937,598,783,467,597,547,640,558,560,925,384,550,374,473,Run
334,988,551,781,491,580,422,642,559,645,990,377,543,223,521,Run
399,930,531,651,523,590,359,616,582,685,974,390,485,242,472,Run
467,778,517,554,523,590,307,628,580,698,849,436,499,201,457,Run
516,653,497,548,504,560,194,583,609,693,703,482,526,254,426,Run
559,600,482,587,493,539,73,483,574,686,589,499,531,314,455,Run
572,590,480,620,506,519,172,333,499,679,517,504,534,369,480,Run
575,590,499,628,525,510,237,376,469,660,471,515,534,388,469,Run
590,573,518,671,584,513,338,383,543,647,429,533,522,395,468,Run
608,539,543,692,754,578,306,493,564,635,392,545,506,450,490,Run
619,501,551,776,910,632,260,504,598,616,411,540,502,518,472,Run
621,501,540,762,986,639,255,399,591,599,439,526,501,519,493,Run
605,526,530,607,927,582,303,352,588,587,462,523,501,519,485,Run
605,544,537,513,720,646,303,374,583,607,555,498,501,521,483,Run
618,768,540,740,753,423,295,392,598,655,733,474,501,523,492,Run
565,917,526,574,691,526,363,439,581,734,903,426,500,525,518,Run
425,988,520,531,609,568,460,496,576,733,982,406,500,532,521,Run
418,899,524,650,655,554,498,496,567,651,942,376,500,532,505,Run
445,746,517,708,609,586,470,506,569,585,795,401,503,531,489,Run
423,611,516,766,602,593,442,489,581,511,645,449,504,527,543,Run
430,516,512,901,527,600,397,499,606,451,548,479,570,282,494,Run
431,477,508,930,406,527,312,586,593,419,499,491,498,172,496,Run
440,461,509,808,262,473,251,707,582,413,499,492,513,139,483,Run
451,449,509,678,349,524,211,870,631,419,527,489,539,204,446,Run
461,441,510,666,395,527,225,943,611,415,557,490,537,267,441,Run
474,449,516,683,409,536,373,957,576,407,552,488,530,318,466,Run
485,461,523,656,439,539,434,912,536,406,575,484,512,369,486,Run
482,469,533,677,455,558,460,694,461,413,645,486,517,402,480,Run
466,488,542,656,364,560,387,794,600,431,708,486,525,451,480,Run
402,733,529,699,330,557,436,777,518,480,855,440,526,521,516,Run
376,928,571,760,364,579,535,654,546,603,966,385,525,552,542,Run
295,985,554,741,428,585,384,670,540,696,1002,377,523,545,530,Run
366,848,525,677,462,593,314,612,569,731,942,391,519,526,518,Run
468,709,519,639,467,595,254,623,584,734,791,448,519,502,495,Run
513,612,508,645,496,581,110,510,581,730,654,516,542,454,475,Run
571,566,487,643,512,558,120,370,544,717,527,545,535,346,492,Run
599,601,455,657,541,548,233,299,488,686,436,568,590,195,489,Run
594,572,452,728,586,556,353,379,531,655,395,593,606,181,476,Run
626,550,480,776,753,599,341,423,542,620,361,594,582,191,431,Run
652,517,516,787,909,675,303,474,594,595,380,564,571,239,411,Run
650,482,536,690,956,640,288,474,584,588,398,530,549,342,443,Run
640,478,542,609,892,556,295,398,581,592,438,518,545,397,482,Run
638,614,530,582,779,679,296,353,564,598,539,515,536,380,474,Run
563,882,508,804,576,503,291,396,569,663,722,491,536,406,476,Run
467,976,540,381,734,645,332,420,588,761,914,385,534,478,500,Run
343,959,541,589,657,539,401,468,595,840,987,329,510,524,512,Run
402,857,511,663,663,553,432,489,581,742,929,364,485,533,530,Run
396,763,495,723,628,559,431,503,577,618,761,399,484,513,521,Run
404,644,480,777,612,576,426,516,581,527,630,438,504,484,495,Run
410,559,470,925,515,570,404,539,592,468,557,457,507,368,536,Run
408,494,485,905,389,522,335,583,584,437,520,451,579,267,490,Run
416,435,523,786,284,453,268,685,554,428,517,460,509,203,455,Run
425,397,550,671,371,521,238,832,582,409,534,481,495,171,457,Run
439,397,550,648,403,526,272,907,580,396,554,474,525,199,425,Run
454,407,544,676,446,539,399,895,559,381,540,468,537,269,430,Run
471,428,543,687,481,548,447,855,546,364,534,481,535,330,474,Run
471,456,542,666,406,556,458,698,482,370,565,498,534,376,491,Run
448,508,517,641,353,552,376,810,616,398,618,497,532,408,469,Run
380,725,503,647,351,556,328,790,522,418,749,450,515,462,482,Run
345,921,496,728,418,588,563,668,573,535,925,401,504,523,520,Run
253,980,436,761,464,604,419,657,540,681,989,376,510,542,529,Run
312,949,435,683,496,609,354,630,567,740,984,368,518,529,520,Run
441,800,469,620,526,601,303,632,559,751,848,413,518,518,516,Run
496,658,489,609,524,569,200,600,561,721,683,484,516,505,512,Run
562,587,496,628,513,538,80,480,554,689,570,521,550,448,515,Run
609,596,493,643,511,520,152,381,532,668,507,530,558,339,508,Run
607,587,498,676,559,528,259,343,489,642,457,546,608,202,486,Run
601,549,508,707,634,551,362,453,539,609,407,562,601,191,483,Run
611,535,508,727,777,589,352,421,546,582,383,559,584,191,437,Run
613,523,505,741,879,651,316,512,572,574,401,540,555,254,419,Run
622,520,515,684,919,625,300,446,576,572,424,523,527,331,455,Run
609,523,525,597,874,574,331,386,552,582,463,526,525,369,482,Run
592,554,526,574,773,524,345,395,584,609,521,509,532,374,465,Run
586,772,510,686,773,586,259,391,596,695,672,486,537,425,476,Run
484,938,463,579,698,505,308,430,587,801,875,464,537,494,517,Run
350,993,499,499,674,542,384,459,574,862,972,412,513,537,531,Run
346,865,521,643,652,561,455,486,568,762,966,409,490,535,532,Run
378,720,525,675,630,566,452,506,567,641,840,427,487,514,515,Run
410,620,536,744,601,578,418,497,559,549,695,453,498,492,486,Run
429,568,530,840,567,587,393,506,578,470,595,484,504,384,541,Run
429,519,519,932,481,556,327,517,586,410,509,491,568,300,489,Run
436,469,530,842,383,489,236,605,564,398,491,480,514,167,507,Run
439,446,540,746,266,451,214,755,551,403,497,471,500,156,481,Run
435,435,541,655,359,509,241,901,569,408,518,475,516,192,440,Run
440,439,542,649,381,532,338,976,556,410,551,480,514,279,439,Run
455,450,544,693,403,541,408,972,527,410,554,482,516,336,489,Run
461,461,543,698,474,547,446,844,525,403,545,478,530,393,498,Run
446,484,526,715,433,553,478,566,664,410,612,485,536,420,486,Run
413,610,507,700,374,563,300,694,525,450,736,467,534,454,486,Run
367,850,531,721,383,559,639,729,547,598,927,353,515,503,504,Run
297,964,520,752,425,577,437,668,535,744,991,316,485,475,523,Run
319,950,486,696,498,611,381,641,570,791,994,376,484,477,527,Run
419,822,504,575,540,616,291,607,577,763,834,433,489,461,521,Run
509,700,506,552,509,592,216,580,595,716,692,479,490,435,509,Run
544,635,492,585,490,559,95,505,554,686,598,506,489,346,541,Run
584,596,492,610,498,548,176,397,487,673,514,525,494,282,524,Run
601,551,503,639,519,537,268,342,471,651,435,557,492,167,520,Run
603,525,513,689,563,517,306,375,526,622,399,579,491,191,486,Run
611,515,517,737,684,540,383,445,550,605,394,582,492,207,474,Run
628,511,516,762,788,607,348,529,602,593,399,563,492,264,473,Run
624,521,521,733,901,637,275,438,569,581,416,538,514,346,488,Run
598,537,530,621,905,601,294,379,541,577,431,525,525,376,505,Run
561,577,534,588,827,544,317,366,559,588,464,520,536,404,482,Run
517,743,517,779,845,589,261,402,602,660,654,481,542,441,469,Run
470,906,476,640,705,638,281,454,604,754,844,382,523,492,502,Run
380,982,491,516,689,562,365,480,614,855,962,292,511,540,537,Run
311,906,511,640,658,576,444,514,610,772,953,300,503,539,538,Run
380,751,517,652,622,584,449,499,591,634,817,357,494,520,540,Run
409,661,515,734,606,592,433,494,569,533,675,401,521,501,513,Run
428,590,515,810,586,598,420,507,552,452,594,432,576,414,530,Run
412,511,515,948,482,548,392,521,546,399,554,438,543,271,471,Run
413,464,522,867,338,478,336,567,537,386,521,431,585,213,479,Run
423,444,530,746,250,446,265,719,546,392,513,436,594,221,444,Run
441,424,538,686,418,542,205,911,616,416,531,449,585,216,413,Run
460,420,542,686,383,525,280,984,604,431,541,464,565,288,418,Run
475,436,539,692,423,559,404,969,563,437,554,472,541,362,449,Run
467,456,531,723,487,564,442,817,519,438,577,469,521,374,471,Run
460,468,521,711,436,567,419,774,703,441,613,464,522,381,460,Run
416,610,505,699,353,561,317,811,560,461,718,445,531,426,471,Run
356,859,480,726,358,559,554,726,537,549,879,393,528,496,509,Run
304,968,454,721,424,570,409,669,543,657,975,379,503,541,547,Run
331,944,442,660,463,595,387,649,563,735,989,365,492,547,543,Run
461,806,451,597,515,616,328,642,563,729,878,402,501,517,516,Run
498,679,463,583,489,595,239,627,574,705,748,456,501,466,463,Run
548,629,471,610,499,569,84,504,557,680,618,492,508,346,519,Run
598,585,487,631,507,539,158,366,525,678,550,511,553,262,473,Run
608,561,502,652,515,525,244,320,488,666,465,533,523,186,474,Run
608,537,515,693,583,530,266,410,520,646,415,563,538,176,467,Run
608,517,519,721,708,550,335,449,571,615,382,578,553,222,424,Run
604,504,516,753,872,603,276,491,603,593,380,563,535,296,459,Run
596,507,524,729,971,630,279,410,554,583,399,531,523,355,488,Run
586,528,540,623,954,559,314,411,579,593,448,509,539,389,472,Run
582,590,554,537,745,653,297,401,577,641,544,483,543,431,464,Run
534,850,515,822,752,532,287,396,585,719,724,467,531,490,505,Run
407,966,539,404,659,618,333,432,576,798,907,404,513,537,548,Run
288,962,539,570,642,535,415,460,583,796,985,341,505,535,539,Run
383,859,537,643,659,581,451,482,577,692,924,364,501,513,520,Run
401,694,547,709,623,571,451,480,566,595,779,406,512,503,505,Run
433,583,540,762,606,590,411,486,563,521,651,452,559,419,500,Run
457,546,516,915,540,557,368,508,568,465,570,481,537,264,462,Run
437,481,511,925,407,494,294,568,572,427,517,490,624,186,474,Run
433,432,529,779,293,433,252,689,560,432,515,490,607,178,434,Run
437,395,547,698,393,502,231,844,598,437,524,494,574,199,426,Run
441,388,550,693,413,535,252,962,598,428,542,501,546,294,436,Run
446,425,544,714,418,535,389,989,546,411,551,502,537,378,479,Run
447,455,539,691,454,540,442,905,500,402,551,489,536,399,480,Run
438,470,522,696,389,551,484,784,683,410,610,482,528,407,481,Run
404,567,523,668,351,556,253,695,535,415,704,472,524,467,497,Run
367,803,519,717,371,567,584,769,541,476,842,411,511,521,516,Run
331,930,511,782,438,583,411,653,535,574,958,370,495,550,532,Run
281,989,487,736,485,599,395,656,554,681,1000,359,490,539,528,Run
428,886,487,648,503,605,321,630,557,731,933,388,498,520,511,Run
496,735,478,599,506,582,289,616,586,736,757,489,519,498,484,Run
538,618,478,612,501,553,122,543,601,722,589,568,485,385,548,Run
580,553,479,627,504,517,101,395,574,707,486,589,605,325,467,Run
594,536,477,637,538,503,207,285,515,658,427,599,510,127,550,Run
603,519,481,666,606,522,284,393,540,631,419,594,489,168,466,Run
626,505,494,709,770,601,366,416,537,614,419,570,521,177,431,Run
638,507,513,773,913,688,284,451,609,600,427,556,542,246,438,Run
636,514,530,721,983,705,287,435,586,584,452,554,540,318,471,Run
626,565,531,612,908,647,304,380,573,586,506,544,601,331,538,Run
585,705,518,563,807,546,338,345,567,621,546,504,616,334,484,Run
545,882,485,524,721,730,297,346,567,716,701,460,584,333,443,Run
441,975,481,664,675,466,338,376,560,787,879,414,560,365,435,Run
358,944,517,443,688,579,378,419,553,798,961,381,535,412,440,Run
384,818,528,632,657,554,446,456,570,738,944,385,525,433,472,Run
387,700,523,681,649,562,430,485,581,657,825,396,520,432,478,Run
404,607,513,793,620,558,395,500,585,591,698,425,531,442,483,Run
404,551,504,923,540,545,337,519,590,532,610,466,530,471,495,Run
412,495,503,916,408,499,244,585,590,487,551,488,508,525,521,Run
435,455,516,802,269,464,168,738,577,470,528,489,488,555,528,Run
431,436,521,690,347,508,171,841,613,463,525,487,491,530,517,Run
438,439,522,649,432,537,275,953,618,449,535,488,499,488,485,Run
460,455,526,718,468,538,406,953,566,437,538,484,511,368,521,Run
464,468,535,720,456,541,451,924,483,430,541,480,581,259,499,Run
463,481,537,693,422,528,445,699,415,416,551,477,508,183,472,Run
422,529,510,691,415,534,523,469,488,390,593,475,502,187,466,Run
371,711,493,673,420,574,335,777,652,383,677,476,515,212,431,Run
368,912,552,748,416,565,511,606,553,427,880,414,520,263,419,Run
316,976,527,769,455,589,541,635,626,574,973,353,537,324,454,Run
397,924,498,695,452,571,391,632,606,692,1005,392,536,377,490,Run
474,842,492,599,457,568,320,621,560,724,899,460,527,405,472,Run
513,725,487,581,481,547,219,626,552,709,743,514,517,444,471,Run
548,615,499,608,497,527,84,524,563,685,632,564,509,504,511,Run
585,572,512,655,489,534,148,409,522,674,533,591,509,556,539,Run
592,552,515,695,543,553,240,332,471,633,461,616,511,552,543,Run
603,524,512,716,605,558,276,392,539,598,436,615,510,526,524,Run
615,515,509,766,721,563,362,436,565,587,436,578,521,494,505,Run
615,519,513,822,891,607,285,507,581,584,448,543,573,414,512,Run
609,523,520,766,980,612,255,483,575,582,473,521,550,278,484,Run
598,520,525,592,970,560,249,395,581,598,522,505,604,161,476,Run
572,588,521,525,840,495,312,367,574,629,599,467,602,181,468,Run
554,792,502,440,512,679,312,367,579,677,699,402,581,214,413,Run
511,947,488,779,668,492,325,401,595,717,823,374,546,295,427,Run
415,992,506,398,606,599,363,424,566,730,878,348,537,381,474,Run
381,940,531,567,611,572,464,452,566,701,890,362,533,392,472,Run
392,814,535,652,642,596,459,471,562,631,817,392,532,397,467,Run
401,684,538,731,611,572,430,490,559,571,719,422,536,446,496,Run
431,584,542,828,590,581,392,511,571,520,625,462,522,510,513,Run
434,513,534,955,481,545,344,537,588,478,572,509,502,537,529,Run
437,466,526,853,340,482,251,602,574,440,520,554,490,540,533,Run
439,429,518,760,287,447,189,724,560,430,536,557,495,515,522,Run
437,407,513,638,388,532,199,917,578,426,562,529,486,455,498,Run
449,411,513,684,407,528,291,922,575,420,559,495,529,324,496,Run
462,441,520,703,436,556,424,950,552,410,592,481,526,193,466,Run
464,463,529,707,471,571,450,865,488,400,599,483,505,178,471,Run
444,497,519,715,380,553,455,569,557,400,596,493,534,190,425,Run
417,613,517,692,354,564,296,733,583,412,616,522,546,257,431,Run
384,848,503,711,360,565,619,686,614,420,821,561,532,309,471,Run
319,964,502,775,455,588,522,663,565,545,954,575,526,361,483,Run
360,977,489,731,454,605,368,665,575,662,999,582,526,384,464,Run
455,833,484,627,482,614,303,616,568,697,940,576,513,429,469,Run
484,677,482,597,502,597,245,603,579,694,763,577,505,508,505,Run
511,583,490,604,518,575,93,483,582,687,614,567,508,553,536,Run
555,548,490,621,524,555,134,383,544,676,502,547,518,550,533,Run
584,550,476,634,561,559,247,301,507,658,432,535,518,527,529,Run
592,535,472,667,636,576,334,441,556,635,398,539,522,504,507,Run
606,523,472,687,748,598,351,437,567,611,378,538,547,416,512,Run
604,523,485,750,872,641,315,497,601,589,398,526,561,238,480,Run
601,516,502,729,911,656,308,401,555,576,443,508,620,136,480,Run
602,523,514,613,889,591,359,396,548,572,477,504,604,166,459,Run
581,569,519,565,767,492,352,425,567,595,521,511,569,224,438,Run
574,726,509,521,666,718,298,409,573,640,635,491,540,316,468,Run
538,920,482,753,703,488,301,449,571,707,810,454,532,405,499,Run
420,988,483,448,672,583,354,477,562,776,949,458,533,398,487,Run
401,948,506,545,639,546,437,488,575,762,988,441,532,413,476,Run
423,843,515,656,658,550,442,510,565,690,860,445,525,467,496,Run
416,704,527,729,641,557,431,519,567,620,743,454,516,531,519,Run
433,599,539,763,620,575,395,523,561,554,640,481,497,549,538,Run
418,553,524,908,548,557,363,527,553,490,582,500,493,521,526,Run
388,501,505,924,413,511,312,561,565,446,547,502,501,481,490,Run
391,445,514,814,259,486,255,667,553,430,518,500,499,367,538,Run
404,411,530,714,347,526,239,843,561,423,521,505,566,218,526,Run
427,407,547,658,411,543,285,934,565,418,540,512,505,147,481,Run
449,426,554,735,445,535,400,946,540,409,556,509,489,156,463,Run
455,452,546,737,474,557,447,917,507,391,575,491,517,217,426,Run
441,497,523,746,447,560,462,732,470,389,594,487,529,302,448,Run
400,617,486,720,366,536,367,808,732,405,689,518,530,359,505,Run
330,854,456,682,386,542,455,817,557,469,889,510,539,394,491,Run
289,952,435,713,435,562,550,667,565,614,978,491,530,413,476,Run
308,953,428,681,498,599,412,658,567,734,1008,490,516,459,489,Run
412,849,440,606,513,598,331,615,577,759,939,502,506,525,520,Run
471,753,449,541,503,580,325,613,586,738,779,539,506,547,530,Run
517,632,479,558,498,549,201,585,591,702,649,557,510,536,528,Run
567,565,503,593,490,534,87,498,571,702,545,552,512,522,528,Run
602,565,508,639,477,538,191,370,515,688,451,556,524,503,508,Run
602,563,499,691,523,539,268,342,498,659,410,572,554,470,448,Run
594,530,500,742,604,546,351,401,560,628,382,590,565,346,497,Run
601,522,512,771,759,623,321,474,555,607,372,591,549,172,489,Run
604,524,518,801,919,691,284,502,591,596,410,569,605,200,498,Run
596,517,521,697,980,655,266,423,589,595,453,537,571,521,456,Run
580,537,521,580,928,578,295,371,596,609,504,506,566,523,468,Run
570,616,514,524,756,485,302,339,593,642,599,473,565,524,469,Run
527,866,467,649,710,509,299,371,616,717,752,441,564,524,470,Run
418,969,462,530,653,502,335,392,578,801,890,415,563,525,475,Run
340,973,482,495,637,580,417,446,568,792,963,382,562,527,477,Run
394,842,510,631,662,562,456,478,592,697,900,391,561,528,478,Run
397,703,525,683,635,590,447,497,609,611,779,407,561,523,478,Run
419,616,536,763,594,589,411,517,608,548,675,436,563,523,475,Run
429,553,527,869,537,602,345,511,618,491,609,466,562,522,470,Run
425,493,517,932,434,546,246,593,607,448,567,479,507,373,498,Run
416,447,523,822,345,476,153,732,576,421,537,479,565,198,526,Run
416,401,531,668,324,512,186,921,580,402,524,477,501,179,484,Run
430,397,539,668,401,542,314,986,586,383,531,478,513,182,462,Run
437,414,537,707,382,550,420,991,561,386,547,471,532,257,427,Run
441,439,529,727,492,577,458,907,494,391,557,469,539,318,468,Run
435,460,517,769,443,583,485,594,442,386,596,483,540,371,487,Run
400,574,498,730,342,554,376,783,574,383,688,496,545,396,446,Run
343,839,480,698,332,546,341,788,476,476,895,466,534,421,437,Run
289,961,470,749,390,564,513,639,537,648,980,462,517,482,497,Run
314,945,470,727,447,570,386,636,576,783,1006,492,517,560,538,Run
443,814,490,635,510,575,309,618,570,783,875,527,529,560,539,Run
494,735,499,596,513,567,253,598,553,751,695,562,512,523,526,Run
541,627,520,625,531,563,106,508,536,724,584,587,514,491,487,Run
582,587,521,660,540,547,169,379,524,707,487,583,541,376,515,Run
590,575,505,667,570,540,248,332,484,658,427,598,573,222,450,Run
588,550,507,666,627,533,332,400,526,619,398,605,608,158,441,Run
592,531,513,662,714,550,360,435,550,599,398,587,594,185,389,Run
608,519,512,688,902,606,318,531,572,598,424,564,559,253,398,Run
608,517,506,689,983,637,255,476,574,604,467,545,543,348,441,Run
598,510,504,609,937,593,284,391,575,623,540,512,522,389,490,Run
590,539,508,489,832,509,318,343,582,648,610,475,523,403,481,Run
547,768,484,540,725,622,290,369,595,701,702,453,516,431,481,Run
495,935,464,600,662,418,289,387,581,742,807,434,511,488,501,Run
392,986,481,457,655,583,355,419,563,754,875,414,504,529,528,Run
358,888,512,602,630,554,444,449,567,706,867,419,493,543,537,Run
407,779,517,650,632,560,469,482,572,633,790,432,490,533,540,Run
417,684,518,696,624,560,444,494,577,585,723,440,501,523,523,Run
445,604,528,758,621,554,414,489,585,542,663,453,487,472,496,Run
453,553,523,903,546,567,365,537,593,506,621,473,559,348,450,Run
446,512,518,919,409,527,274,604,579,464,593,485,513,225,454,Run
439,469,526,823,297,477,212,744,561,436,587,479,483,164,468,Run
440,434,538,694,398,511,236,893,552,440,574,472,513,137,422,Run
450,428,541,678,417,538,336,930,546,434,561,481,528,181,409,Run
459,451,537,711,469,548,417,958,531,421,536,492,537,267,438,Run
458,460,531,734,533,570,446,868,510,414,552,497,541,348,479,Run
445,477,517,734,411,563,484,672,703,408,577,505,542,396,473,Run
417,624,489,714,376,539,322,722,525,399,634,504,531,441,476,Run
364,806,458,726,372,547,623,710,537,465,832,444,528,501,512,Run
301,948,437,726,411,558,480,654,552,581,958,409,519,532,531,Run
323,931,432,715,426,585,405,656,575,673,999,413,510,536,527,Run
422,819,454,618,483,600,337,626,566,698,929,421,512,530,511,Run
490,709,471,567,518,594,325,622,589,699,765,481,517,521,510,Run
532,627,484,582,477,571,171,596,605,688,632,519,508,507,499,Run
578,588,492,625,483,566,88,470,569,697,546,518,511,493,479,Run
594,584,489,660,509,553,186,350,496,686,463,525,579,353,508,Run
596,557,495,705,598,552,262,380,454,652,411,554,600,173,464,Run
605,523,515,736,691,588,301,362,536,624,388,575,628,164,480,Run
622,516,524,745,892,633,323,466,552,600,396,567,597,178,394,Run
616,520,524,742,978,634,289,510,611,590,440,539,547,255,398,Run
606,542,518,649,971,573,299,428,560,593,480,516,524,361,453,Run
581,636,512,545,848,487,324,381,577,644,551,490,507,377,471,Run
535,821,474,334,786,706,307,368,563,720,711,458,518,378,460,Run
445,956,454,576,727,343,277,385,581,778,866,433,522,437,496,Run
325,953,480,445,694,562,338,436,577,805,912,394,524,518,529,Run
378,821,511,618,651,539,425,488,572,754,884,393,499,554,535,Run
403,730,513,656,635,562,458,490,571,647,805,406,492,533,526,Run
422,642,512,733,610,585,439,488,568,559,691,425,508,499,511,Run
433,577,505,837,579,602,387,509,558,493,617,442,506,409,529,Run
422,527,497,937,468,573,323,534,554,451,566,444,584,345,467,Run
419,492,500,832,353,501,242,599,542,425,545,443,510,540,528,Run
433,458,505,743,275,453,221,771,575,420,560,440,508,519,517,Run
447,431,515,645,388,517,232,920,603,425,551,444,546,477,488,Run
467,418,532,654,380,522,334,971,594,427,562,463,556,387,502,Run
475,438,539,638,462,563,441,985,578,418,571,483,558,169,541,Run
472,455,528,678,482,561,441,873,525,427,573,484,588,186,490,Run
450,489,507,661,359,554,452,580,636,444,618,486,591,169,448,Run
403,701,485,656,355,540,221,715,604,458,739,475,583,214,429,Run
350,876,488,710,386,565,559,729,549,528,875,445,567,301,435,Run
262,963,470,797,476,595,441,650,554,638,972,438,550,381,475,Run
295,915,463,741,527,596,408,646,577,711,991,434,523,401,493,Run
416,824,459,642,522,596,305,620,580,720,899,441,516,403,476,Run
472,725,471,604,522,582,273,607,590,717,760,467,519,453,488,Run
551,639,499,606,522,553,119,540,569,705,612,497,506,518,521,Run
603,587,518,623,512,535,121,429,523,696,518,508,486,555,541,Run
616,589,519,629,532,525,214,311,475,679,471,539,485,544,534,Run
618,584,516,665,575,522,329,427,511,641,403,554,493,496,515,Run
610,535,518,696,679,562,383,423,536,613,372,543,479,426,509,Run
612,515,522,729,839,627,334,474,574,591,395,523,539,352,519,Run
604,507,521,710,943,668,268,511,615,584,421,506,562,215,494,Run
584,495,516,607,933,621,264,444,606,591,486,503,535,242,485,Run
570,514,523,539,854,537,291,405,592,620,569,496,546,236,480,Run
560,714,524,600,886,563,279,361,576,687,698,462,541,227,480,Run
467,917,489,515,636,423,310,369,586,743,843,439,604,216,468,Run
357,981,519,414,676,570,369,402,570,776,958,420,613,215,458,Run
367,875,533,627,656,535,455,452,567,727,919,413,596,217,455,Run
423,743,529,681,640,561,471,470,570,637,797,427,561,221,461,Run
432,646,527,732,608,575,453,481,570,558,682,447,532,225,475,Run
455,591,520,827,588,589,401,489,570,497,608,464,520,226,491,Run
453,539,502,952,485,575,340,515,582,446,564,480,531,227,484,Run
454,503,497,870,389,490,246,564,570,400,522,490,543,459,487,Run
449,466,510,749,283,438,205,744,591,387,525,486,518,513,521,Run
457,429,524,688,419,526,243,914,648,391,551,481,488,530,533,Run
468,436,530,696,391,525,333,983,605,400,577,479,473,520,525,Run
464,451,533,696,426,553,436,952,527,411,600,475,487,503,507,Run
447,458,520,713,504,577,477,734,484,431,609,471,481,449,499,Run
418,521,492,761,437,573,329,817,541,444,686,479,547,343,472,Run
338,756,482,763,383,576,546,762,547,518,865,446,553,212,463,Run
285,935,443,780,377,570,498,658,533,634,970,405,503,197,471,Run
230,957,418,717,418,560,408,661,557,741,1004,403,503,193,422,Run
395,811,471,623,488,581,334,634,574,744,943,435,523,240,408,Run
462,725,482,555,507,578,291,620,596,710,787,474,521,309,439,Run
507,642,485,562,505,555,195,584,612,669,656,514,532,356,474,Run
565,582,496,617,465,533,85,483,561,655,567,544,544,395,471,Run
603,564,497,646,508,536,199,356,467,651,478,577,538,425,480,Run
610,546,498,675,541,533,261,368,463,626,426,608,518,476,510,Run
630,517,500,735,655,551,357,449,536,609,404,623,504,519,536,Run
642,503,496,752,795,597,317,485,570,596,406,605,508,547,543,Run
646,514,487,784,945,666,265,495,607,593,438,573,517,546,521,Run
629,515,488,700,993,612,213,424,580,597,450,551,517,525,508,Run
619,551,509,570,927,514,253,376,609,614,493,534,540,482,520,Run
594,751,492,423,820,606,267,346,583,670,623,497,544,375,498,Run
521,932,445,639,647,330,274,346,582,756,778,462,620,232,456,Run
390,983,471,550,735,492,339,376,566,829,936,402,632,198,434,Run
340,875,536,581,628,540,446,437,563,792,994,366,613,207,414,Run
411,738,546,656,653,544,456,468,560,682,906,375,570,255,409,Run
421,643,542,728,617,562,419,482,568,589,753,408,536,339,471,Run
444,557,542,848,590,562,360,466,564,510,635,454,528,391,490,Run
434,484,547,944,491,527,319,491,564,445,580,489,526,382,465,Run
428,455,545,875,334,488,248,580,554,419,542,504,526,398,472,Run
424,442,539,777,310,480,199,725,568,424,541,504,490,407,504,Run
434,439,538,682,466,565,168,915,634,426,589,506,507,395,537,Run
455,452,534,705,508,552,294,987,637,387,604,499,583,382,520,Run
466,455,527,728,461,555,402,996,588,353,591,473,505,367,513,Run
460,480,523,726,436,546,420,906,476,351,596,472,485,365,496,Run
424,581,495,726,431,557,528,752,696,368,646,489,513,369,480,Run
372,779,451,724,411,562,357,764,528,409,769,470,523,378,481,Run
315,939,433,756,391,570,640,719,535,521,927,400,537,387,511,Run
262,967,430,748,431,567,424,665,518,674,992,410,549,394,520,Run
364,851,446,658,448,570,366,665,542,752,977,432,547,416,508,Run
423,743,466,558,480,565,332,644,550,732,824,466,524,448,485,Run
477,625,497,537,480,538,272,635,568,697,691,503,510,511,519,Run
541,556,526,574,477,524,100,527,549,678,585,531,515,547,536,Run
602,554,530,647,477,510,135,412,552,660,507,565,518,534,528,Run
633,571,524,673,500,517,209,383,511,637,471,591,508,512,513,Run
623,547,527,697,551,510,294,397,536,618,450,599,510,490,500,Run
628,534,518,747,631,518,357,392,572,605,452,581,547,452,494,Run
642,547,508,805,811,582,297,534,610,606,465,558,540,339,475,Run
640,543,518,821,951,664,245,475,597,594,467,549,597,228,479,Run
611,560,516,656,994,633,259,380,589,596,507,539,620,194,462,Run
574,603,501,567,936,544,307,345,592,616,576,515,594,195,398,Run
548,788,468,587,805,725,296,335,613,675,689,472,546,266,388,Run
477,944,486,682,722,447,320,356,581,730,823,427,530,361,438,Run
362,973,503,433,655,575,383,426,559,739,917,365,530,387,476,Run
406,856,513,623,653,579,458,468,565,688,881,347,526,375,465,Run
415,762,513,651,632,579,454,478,567,609,766,365,533,426,485,Run
431,645,526,718,595,579,412,468,574,539,655,400,529,500,511,Run
446,542,540,797,593,575,366,501,609,480,602,428,509,530,532,Run
441,472,533,935,520,535,335,550,618,425,581,450,480,535,538,Run
443,425,529,899,414,482,247,632,582,381,570,454,477,515,517,Run
438,393,535,771,293,453,190,791,562,385,575,442,499,483,483,Run
444,396,545,695,361,513,234,944,594,398,575,445,509,358,545,Run
450,427,545,706,360,533,353,990,551,416,592,462,578,289,487,Run
446,444,539,754,426,554,450,937,490,435,614,470,507,220,476,Run
422,496,523,778,435,560,516,910,703,453,642,477,492,172,460,Run
357,666,532,772,423,581,238,803,476,467,739,472,515,198,420,Run
292,885,537,787,428,598,516,747,534,544,914,424,529,269,429,Run
237,975,498,781,433,592,419,662,530,645,986,410,531,334,471,Run
322,961,491,664,439,590,388,645,555,704,997,405,533,374,489,Run
450,822,487,553,465,587,313,628,573,723,875,445,538,400,466,Run
512,677,485,525,470,556,249,602,598,694,700,525,527,452,485,Run
577,592,492,558,462,520,89,510,575,675,584,557,514,521,522,Run
618,586,484,572,462,530,165,362,527,677,488,557,508,550,547,Run
609,571,477,603,508,550,228,329,474,648,427,577,518,537,530,Run
608,554,486,606,595,543,360,399,526,626,409,592,519,512,511,Run
608,537,500,659,677,567,327,418,561,609,400,570,516,491,503,Run
610,522,516,776,838,625,317,498,597,602,415,535,556,430,534,Run
613,535,512,826,961,667,266,491,585,605,428,520,519,298,484,Run
601,588,512,651,979,591,253,402,596,614,470,516,608,166,502,Run
574,722,523,568,897,698,276,350,561,664,564,478,612,179,480,Run
524,901,476,815,587,439,282,341,573,740,703,421,555,415,417,Run
453,971,492,525,712,558,337,370,579,844,888,407,552,442,451,Run
389,943,509,548,619,569,429,435,586,826,979,378,540,456,499,Run
416,796,523,654,660,609,460,464,582,687,900,391,538,456,493,Run
421,665,532,723,612,586,426,474,575,570,750,412,538,467,487,Run
428,574,535,801,595,588,406,481,570,491,635,439,536,487,503,Run
421,511,526,939,504,560,381,514,573,416,570,451,532,535,530,Run
416,474,519,921,384,492,323,557,571,376,535,447,530,542,531,Run
421,432,532,783,233,450,266,685,568,367,517,451,529,534,518,Run
440,395,549,677,348,510,243,891,606,378,526,453,531,526,502,Run
460,399,556,658,394,540,278,973,591,405,550,461,507,411,530,Run
472,430,550,702,476,572,425,956,557,418,568,480,555,284,483,Run
470,451,522,738,460,567,497,823,480,433,602,486,513,159,513,Run
443,492,490,724,407,570,505,843,751,457,674,493,501,159,462,Run
367,708,494,705,387,561,346,813,493,498,837,490,531,179,433,Run
303,910,488,716,375,569,597,676,579,635,961,444,538,266,437,Run
185,985,434,708,441,581,430,672,536,729,1002,415,530,339,496,Run
340,930,441,646,470,584,382,648,562,740,940,437,529,389,483,Run
431,789,449,591,506,575,314,639,562,716,795,461,529,389,464,Run
473,662,478,591,499,560,258,628,571,683,676,475,519,425,485,Run
525,593,507,612,498,558,96,524,560,672,615,491,509,511,513,Run
588,574,520,631,511,553,152,420,519,671,543,509,508,547,534,Run
606,565,520,674,542,563,240,359,481,662,475,523,519,560,537,Run
611,533,518,715,578,558,315,423,536,642,420,547,528,534,525,Run
619,524,515,761,704,543,328,448,562,614,376,565,541,485,494,Run
618,515,513,802,866,580,293,507,592,592,374,559,557,398,481,Run
613,493,517,743,925,575,278,420,563,583,414,537,548,194,537,Run
600,477,528,626,938,540,299,428,577,595,444,519,638,171,503,Run
572,505,544,585,825,495,319,369,594,620,501,501,634,171,464,Run
566,704,516,587,740,652,306,372,594,675,634,486,584,197,472,Run
513,918,473,784,712,475,331,395,579,741,769,437,548,312,461,Run
363,987,490,379,637,617,382,453,575,799,933,383,526,390,467,Run
351,945,520,649,662,531,462,477,606,768,993,367,517,393,465,Run
377,824,525,675,644,545,461,499,610,674,907,385,515,401,481,Run
389,668,523,733,617,547,432,497,589,590,759,419,517,466,508,Run
406,549,522,784,583,563,381,516,581,512,644,460,508,535,529,Run
392,460,522,932,471,583,321,552,573,443,584,474,485,550,545,Run
399,423,523,874,364,520,229,630,560,412,535,455,485,527,531,Run
413,408,522,752,295,479,206,744,564,405,509,438,502,489,495,Run
418,410,528,675,384,504,212,897,583,395,509,439,479,410,520,Run
433,429,537,661,389,519,304,950,561,392,526,450,561,346,471,Run
458,446,543,687,420,565,421,953,557,386,539,463,567,133,528,Run
472,463,547,670,441,563,432,861,509,377,539,471,499,180,473,Run
468,494,526,651,371,547,453,685,625,388,558,473,518,197,435,Run
427,657,491,636,357,539,209,721,526,417,696,471,544,265,438,Run
392,875,492,683,376,547,543,735,532,552,894,425,538,329,476,Run
324,962,476,720,450,570,463,643,534,733,979,383,543,386,503,Run
291,972,443,701,495,578,415,635,573,802,1007,391,549,423,461,Run
420,847,456,669,523,590,325,638,556,779,913,417,541,460,464,Run
481,729,465,667,525,593,314,635,558,739,762,454,522,504,515,Run
519,629,475,656,551,592,198,593,551,712,666,478,515,543,543,Run
552,581,487,647,554,577,117,471,548,710,585,490,521,535,540,Run
573,562,496,630,580,576,185,357,545,695,477,524,508,515,523,Run
584,545,505,642,611,554,273,380,535,670,443,570,503,490,506,Run
594,520,517,679,727,565,346,403,581,652,395,601,541,470,464,Run
600,510,523,703,855,604,332,459,564,618,361,604,564,335,486,Run
629,514,529,683,903,619,305,469,583,605,376,567,597,177,453,Run
656,531,532,612,880,584,327,436,563,597,397,529,607,185,441,Run
635,563,535,573,786,538,338,366,556,601,431,513,588,208,379,Run
599,654,529,548,607,588,334,381,571,625,537,506,552,263,377,Run
528,871,489,725,733,389,276,416,584,701,700,480,519,349,428,Run
417,971,522,503,672,532,317,462,580,817,871,405,515,383,466,Run
311,984,506,531,631,543,403,516,581,869,971,353,524,388,468,Run
359,897,494,668,642,559,454,531,586,794,979,363,539,432,478,Run
347,735,509,682,601,568,476,533,594,663,835,384,527,499,509,Run
380,614,527,714,590,575,454,531,568,563,686,424,505,535,535,Run
405,516,531,806,557,600,412,546,541,482,594,467,486,540,540,Run
409,467,523,929,473,580,361,607,525,428,537,488,488,518,518,Run
430,436,535,866,386,487,319,693,544,401,513,493,497,442,524,Run
439,410,550,750,269,453,304,814,597,393,537,485,575,344,497,Run
434,388,557,660,342,523,335,903,641,391,564,467,525,238,444,Run
443,411,554,672,383,521,415,893,622,395,578,460,477,177,448,Run
452,447,551,676,444,561,459,798,566,409,616,467,504,198,407,Run
445,461,533,696,530,576,506,645,484,443,666,463,528,270,406,Run
412,561,512,713,490,581,487,781,720,484,737,452,527,329,473,Run
354,847,494,712,407,565,410,696,574,558,887,443,546,382,502,Run
319,965,478,737,384,569,553,667,574,671,977,405,551,403,474,Run
314,992,455,710,441,570,380,645,552,746,1008,379,538,432,469,Run
425,897,444,632,476,577,333,613,586,766,948,421,509,489,505,Run
460,711,459,541,492,571,262,603,597,737,798,477,503,537,531,Run
506,594,491,541,490,555,110,538,553,700,659,524,512,536,534,Run
573,551,510,588,463,530,114,445,508,681,565,550,524,502,530,Run
595,530,516,633,481,515,238,345,444,661,463,585,557,470,512,Run
595,515,520,659,506,512,336,455,500,628,400,625,543,366,516,Run
595,506,526,716,531,507,399,462,566,603,376,635,568,232,472,Run
595,501,526,759,675,563,346,546,602,593,373,606,583,215,452,Run
602,496,516,775,803,642,305,495,584,591,404,575,574,213,430,Run
611,493,520,738,933,636,274,430,571,599,427,560,560,253,415,Run
616,505,529,610,910,561,292,416,562,618,471,545,558,340,464,Run
597,613,526,582,819,495,318,433,578,660,550,496,533,391,500,Run
546,868,444,424,729,747,301,380,585,728,684,471,540,381,481,Run
405,972,416,571,636,407,320,416,588,824,856,438,537,393,478,Run
284,994,457,371,691,585,386,441,580,870,968,339,525,455,501,Run
367,878,489,651,651,542,480,478,600,788,990,326,503,513,526,Run
376,750,503,678,647,558,480,500,590,662,848,359,487,538,532,Run
414,644,522,745,607,553,449,505,572,564,690,414,487,513,510,Run
421,567,521,834,560,575,415,512,552,486,578,463,483,474,487,Run
417,512,515,932,445,570,381,544,542,428,512,483,496,379,513,Run
426,453,518,848,348,505,351,588,540,404,496,478,581,257,511,Run
426,408,537,732,304,500,314,695,572,406,521,464,503,160,526,Run
416,369,566,653,378,553,253,874,636,404,561,459,488,150,482,Run
433,388,579,673,402,527,285,919,619,395,570,466,509,225,445,Run
444,436,563,673,448,553,409,898,607,393,573,473,528,290,470,Run
446,455,540,673,424,542,446,823,555,402,597,486,547,363,495,Run
434,466,524,664,400,540,460,688,491,409,633,493,560,423,498,Run
417,667,527,654,383,534,225,669,542,436,701,487,560,438,478,Run
417,901,502,702,402,557,515,740,531,557,888,435,531,468,476,Run
342,983,475,740,458,593,487,650,544,698,977,403,511,512,514,Run
385,961,469,713,504,605,404,641,577,758,1004,382,513,557,536,Run
455,798,470,622,523,606,330,622,564,787,909,408,518,539,522,Run
479,685,472,582,531,590,297,621,572,770,750,482,502,462,522,Run
519,605,483,578,522,574,165,563,567,748,647,512,502,474,526,Run
556,558,501,589,520,565,125,427,542,728,551,524,502,483,524,Run
584,531,508,617,529,551,226,313,513,710,502,569,502,489,522,Run
615,513,504,669,619,534,320,410,534,679,424,600,502,502,524,Run
639,500,517,697,761,556,343,384,577,642,354,617,502,520,530,Run
643,513,527,734,856,613,305,483,589,617,339,605,502,563,531,Run
644,529,528,736,948,643,261,433,586,598,354,561,502,559,521,Run
625,578,519,624,916,599,307,347,566,600,410,526,504,549,518,Run
583,693,510,562,799,500,343,343,562,639,488,511,505,528,521,Run
505,904,486,532,859,763,330,384,582,741,690,480,504,315,505,Run
378,983,477,708,596,406,309,442,583,827,886,407,502,311,499,Run
275,957,504,503,650,519,372,476,573,836,976,407,504,306,491,Run
327,847,521,604,642,547,450,476,588,737,995,421,514,292,497,Run
345,719,517,679,617,575,464,500,589,626,880,411,533,279,491,Run
377,628,515,757,567,592,453,508,571,543,737,432,511,251,469,Run
393,535,514,874,525,586,406,516,576,476,634,461,486,245,463,Run
397,448,519,923,442,535,347,548,585,421,566,475,494,246,451,Run
403,369,549,819,329,450,288,640,600,391,516,468,499,253,451,Run
409,324,566,708,325,490,276,806,643,384,504,452,503,263,465,Run
425,349,558,659,415,541,307,916,650,392,511,438,537,376,474,Run
433,408,533,694,414,550,383,889,592,402,525,440,536,394,452,Run
438,433,521,736,481,576,455,862,512,416,539,453,518,435,466,Run
437,469,526,744,441,563,484,718,432,428,553,456,503,504,516,Run
400,606,526,725,411,541,594,755,661,450,608,451,511,550,548,Run
364,782,500,707,405,560,336,718,497,504,761,432,523,539,542,Run
317,930,503,732,431,570,637,672,573,631,933,396,525,509,523,Run
248,989,464,697,474,574,446,640,529,738,993,384,530,482,502,Run
332,936,457,626,489,574,384,633,565,752,1001,399,568,411,527,Run
412,816,462,540,515,567,336,615,569,740,892,442,514,299,490,Run
461,698,471,542,519,545,307,613,584,712,748,500,588,234,492,Run
511,618,480,578,495,534,170,567,591,692,650,533,633,210,466,Run
546,586,483,603,513,533,116,469,565,685,549,540,619,180,418,Run
584,564,480,614,566,522,183,343,507,673,462,560,573,252,410,Run
618,538,483,634,621,530,270,399,505,655,411,594,542,332,447,Run
636,516,495,683,734,579,350,435,554,639,389,618,521,376,479,Run
627,507,509,755,900,645,298,503,564,612,368,606,511,368,472,Run
628,506,524,748,953,665,263,477,580,598,374,556,516,409,484,Run
622,519,534,634,903,624,291,403,581,597,406,508,513,481,521,Run
605,604,531,551,771,535,326,381,581,626,451,497,497,542,537,Run
571,807,501,524,827,769,307,387,584,702,620,484,489,541,526,Run
510,950,484,629,661,413,312,394,600,781,834,365,490,509,508,Run
362,996,502,479,627,554,377,426,591,828,960,289,498,477,478,Run
376,897,497,624,635,537,449,473,594,766,984,329,506,383,521,Run
383,752,503,679,635,565,473,484,587,631,862,378,595,321,489,Run
385,653,517,734,601,576,446,495,570,532,699,412,517,176,521,Run
390,563,525,848,572,576,409,500,560,461,600,444,510,141,483,Run
395,476,533,931,451,559,359,541,563,416,552,457,526,196,462,Run
411,414,552,826,343,480,304,595,549,401,532,453,527,274,479,Run
420,389,560,712,298,474,274,737,574,401,515,457,534,357,483,Run
433,400,558,659,411,539,269,872,637,406,531,472,511,516,412,Run
440,429,550,666,386,533,348,935,648,411,560,482,509,519,409,Run
442,440,537,670,447,565,438,928,601,414,563,477,504,526,415,Run
431,385,531,684,489,568,464,825,510,419,569,473,502,531,420,Run
422,480,552,700,445,550,490,727,606,434,606,485,498,531,421,Run
389,641,510,696,425,557,257,764,521,449,746,491,499,532,420,Run
250,872,390,723,423,563,590,758,518,564,926,443,500,537,422,Run
142,960,361,784,474,591,463,642,529,722,989,419,499,543,425,Run
263,927,382,707,485,600,384,649,567,777,1009,422,496,546,426,Run
400,788,393,594,496,601,315,605,588,767,892,463,484,530,425,Run
463,671,445,564,517,564,277,595,602,734,729,516,490,502,504,Run
539,601,501,582,507,531,128,526,588,713,614,546,479,389,584,Run
598,557,530,601,497,517,135,426,536,711,523,565,578,350,485,Run
605,551,536,625,529,519,251,347,494,687,448,598,548,205,510,Run
604,548,537,643,587,517,336,468,543,650,406,622,502,214,463,Run
609,534,527,667,676,535,355,476,551,619,386,613,518,196,435,Run
633,534,512,688,795,606,322,489,567,598,384,581,524,260,430,Run
638,538,509,732,920,639,305,479,565,587,404,552,529,313,458,Run
630,524,517,664,908,614,279,429,559,584,431,536,534,357,464,Run
611,524,518,571,831,550,303,385,569,598,473,524,526,380,461,Run
603,651,504,538,692,463,312,381,576,651,556,502,523,404,480,Run
550,896,420,501,758,584,269,390,599,730,723,451,517,471,504,Run
424,982,436,626,690,431,312,438,583,821,911,382,512,529,521,Run
296,939,501,452,631,550,408,493,577,827,986,331,513,547,527,Run
357,846,500,644,679,528,490,515,586,736,956,363,517,527,524,Run
367,760,497,687,641,562,490,510,572,634,807,402,528,500,508,Run
383,655,517,751,616,562,463,499,568,572,697,438,574,435,534,Run
391,542,544,870,547,567,429,524,582,507,610,480,513,314,499,Run
393,456,547,925,448,567,392,530,608,454,565,499,590,173,527,Run
405,425,542,812,344,492,301,610,608,410,541,494,600,207,482,Run
416,395,544,698,314,496,261,765,643,382,529,481,561,383,427,Run
429,386,551,660,434,539,277,919,658,358,523,484,560,408,445,Run
438,418,546,651,402,539,345,936,615,352,546,478,554,431,475,Run
442,446,540,680,459,578,429,904,564,372,581,457,553,433,471,Run
436,451,526,720,457,562,473,787,466,390,607,452,552,438,477,Run
398,529,509,712,398,547,573,650,600,428,683,458,551,464,494,Run
338,819,478,694,392,540,322,674,649,480,868,436,550,513,504,Run
283,957,487,742,382,555,525,706,558,599,971,359,549,519,506,Run
266,998,474,797,428,573,441,628,532,724,1003,346,549,515,502,Run
400,920,472,700,479,584,377,640,583,768,938,427,549,503,489,Run
488,757,470,597,489,583,290,606,588,739,771,497,513,400,513,Run
544,629,498,577,496,555,181,553,577,701,681,537,572,300,520,Run
605,570,512,606,479,528,98,462,525,687,590,563,523,263,504,Run
622,544,519,639,506,521,212,360,485,666,508,604,510,182,484,Run
620,511,527,672,548,527,272,396,504,637,447,631,519,199,444,Run
625,501,528,715,607,537,373,436,566,611,409,625,534,266,450,Run
637,497,531,750,732,582,339,483,558,594,402,594,547,326,472,Run
648,497,535,795,887,658,299,446,567,588,427,563,535,347,479,Run
635,513,541,707,968,644,283,418,559,601,456,541,518,360,484,Run
600,578,530,584,941,569,288,428,580,631,496,522,514,404,471,Run
540,750,453,562,793,566,252,437,587,679,598,492,516,485,483,Run
482,932,405,731,788,373,207,445,602,746,738,454,526,533,524,Run
365,984,407,504,621,541,302,451,583,817,918,394,524,546,538,Run
339,961,439,490,629,562,424,461,577,803,987,363,518,529,531,Run
348,819,476,656,674,565,517,479,580,694,947,382,515,500,507,Run
365,663,527,706,610,574,527,472,573,590,798,398,546,460,480,Run
395,562,557,742,591,592,494,478,571,516,675,431,537,363,469,Run
402,507,553,850,543,601,451,509,579,452,592,462,574,263,503,Run
419,475,549,940,437,561,401,537,578,407,535,472,601,233,481,Run
441,452,541,828,352,487,316,602,550,397,512,465,598,227,393,Run
446,432,529,707,328,499,288,758,581,407,513,466,569,270,374,Run
451,425,527,668,415,546,271,876,628,419,532,480,556,355,431,Run
465,439,530,680,419,537,350,942,655,420,553,493,548,383,472,Run
468,453,531,672,442,568,479,914,642,420,564,487,536,372,475,Run
456,467,521,710,410,563,490,810,528,424,577,479,540,403,480,Run
439,495,505,707,358,552,541,661,557,436,633,490,521,475,512,Run
409,681,477,677,352,556,322,621,597,468,800,452,492,511,530,Run
371,898,436,716,402,563,676,661,526,542,927,373,481,512,534,Run
282,981,399,717,483,598,479,626,550,633,991,345,483,477,512,Run
392,933,427,667,502,597,389,657,583,707,999,373,529,405,523,Run
498,749,439,584,529,586,317,603,602,727,863,426,556,296,518,Run
524,643,463,582,532,560,251,605,618,712,700,485,488,249,483,Run
583,576,495,605,517,524,90,517,576,695,578,519,470,183,448,Run
644,559,505,647,511,501,141,401,487,678,498,541,494,206,430,Run
642,539,510,662,552,504,210,289,445,644,444,579,518,260,429,Run
621,520,519,646,578,533,312,388,526,610,403,601,543,318,455,Run
603,522,519,677,678,582,355,440,573,587,395,586,552,366,488,Run
596,525,517,716,863,660,266,514,644,581,418,557,540,396,475,Run
599,525,528,703,957,651,256,405,578,583,449,539,527,435,472,Run
582,582,536,601,936,569,317,407,581,609,496,517,521,491,504,Run
545,713,519,492,788,442,326,417,576,682,597,480,516,528,528,Run
468,915,446,604,814,454,302,438,587,771,756,473,512,538,532,Run
330,986,449,565,631,477,337,439,578,825,920,453,511,526,526,Run
315,925,501,474,628,547,414,480,562,785,988,398,507,508,516,Run
374,790,520,638,677,555,485,506,572,681,949,386,533,465,528,Run
387,671,530,685,645,570,491,504,577,590,814,406,518,359,484,Run
429,604,530,755,619,574,459,507,571,521,689,442,565,230,494,Run
427,543,516,901,549,589,414,508,560,458,600,475,612,216,469,Run
418,472,519,940,404,544,366,558,555,412,551,485,610,212,412,Run
418,417,533,815,294,470,307,602,542,395,535,475,582,235,402,Run
419,385,541,702,345,517,294,708,575,390,530,463,547,302,423,Run
435,376,551,665,398,522,266,888,626,384,543,464,521,367,458,Run
456,404,551,655,356,532,313,962,628,390,553,470,516,392,474,Run
464,441,537,633,432,549,440,925,592,405,550,473,530,405,467,Run
451,450,513,672,446,564,478,805,520,422,550,477,533,462,491,Run
417,510,490,692,418,572,567,716,652,452,616,481,514,520,527,Run
370,802,495,686,383,563,323,607,511,498,777,445,493,537,538,Run
341,932,487,734,423,568,619,681,509,607,938,366,489,526,532,Run
198,992,433,765,501,597,436,641,513,727,994,343,499,501,511,Run
362,909,460,688,499,590,361,658,569,748,981,383,480,450,500,Run
478,733,452,607,497,592,309,615,583,726,838,431,551,376,478,Run
525,627,464,598,510,579,217,594,580,693,701,487,537,254,473,Run
582,570,484,599,521,557,85,491,594,679,599,519,486,213,474,Run
597,553,487,611,528,539,152,371,535,670,510,543,492,186,438,Run
594,540,488,621,539,528,250,337,491,652,443,577,515,225,406,Run
598,520,497,663,594,531,348,428,552,635,406,597,531,287,434,Run
606,513,506,693,728,579,344,455,559,612,395,596,536,355,480,Run
599,508,516,728,866,648,313,546,620,595,408,575,537,384,489,Run
594,500,524,688,934,647,263,468,587,589,428,554,520,401,472,Run
588,545,529,597,890,567,255,415,592,594,448,533,509,442,475,Run
568,701,516,538,769,483,298,411,590,625,541,512,515,503,506,Run
523,896,471,632,826,499,279,388,569,694,754,467,525,531,533,Run
415,980,483,641,671,475,325,412,565,755,920,381,526,520,536,Run
338,949,519,465,607,568,404,462,553,762,988,351,519,496,515,Run
393,816,527,650,669,536,515,492,581,685,937,381,532,472,493,Run
407,683,534,694,637,552,508,495,562,600,792,391,536,390,513,Run
436,609,533,762,620,562,478,485,561,546,667,422,518,273,498,Run
446,532,533,882,563,587,425,493,565,489,579,473,610,214,511,Run
449,461,537,955,440,549,384,517,578,443,535,499,613,199,458,Run
444,421,542,802,349,460,315,545,585,430,518,503,591,218,430,Run
436,396,545,690,324,480,271,646,609,423,507,512,560,290,429,Run
444,405,543,688,441,537,254,811,635,413,519,530,532,358,475,Run
453,431,537,684,487,577,286,952,635,406,541,527,516,383,488,Run
462,457,530,746,454,579,413,968,553,413,551,507,519,383,476,Run
445,470,522,766,383,547,447,903,420,419,617,499,528,432,483,Run
396,598,512,752,377,536,447,924,743,438,736,488,526,501,517,Run
319,866,474,744,388,550,425,775,553,495,889,450,498,548,530,Run
272,972,473,773,436,562,555,715,543,589,979,432,480,546,525,Run
349,951,489,746,442,560,401,663,543,668,1008,416,488,520,507,Run
448,879,483,623,461,559,342,629,564,711,945,430,509,483,486,Run
508,756,484,538,486,546,317,629,583,729,778,499,508,375,536,Run
559,643,491,567,461,511,224,616,608,700,613,574,568,282,476,Run
592,574,493,612,464,507,94,530,583,680,485,603,519,152,531,Run
612,521,492,649,489,519,133,395,504,651,412,609,500,181,479,Run
609,505,490,673,536,548,195,365,444,645,407,617,517,202,450,Run
605,513,484,718,628,552,304,359,544,635,394,616,518,260,452,Run
594,513,483,737,804,590,277,458,582,633,402,598,527,328,477,Run
590,516,491,774,949,682,211,516,647,631,439,577,541,392,496,Run
568,516,494,681,996,656,184,426,606,656,494,538,548,425,472,Run
515,682,451,513,912,641,223,370,582,779,586,514,537,460,464,Run
452,887,386,815,697,518,267,338,579,912,769,523,524,499,494,Run
337,967,384,606,701,590,317,392,596,963,913,425,516,547,532,Run
259,845,427,573,616,550,415,435,579,873,897,378,505,553,542,Run
345,688,490,653,667,567,511,432,573,711,780,397,505,525,528,Run
345,593,517,709,611,585,491,449,545,567,654,416,525,495,496,Run
425,543,491,769,582,616,440,460,522,464,624,464,539,414,511,Run
474,516,517,928,510,599,409,497,538,405,601,490,535,287,486,Run
483,451,539,931,414,546,365,528,576,405,592,470,605,172,450,Run
498,401,531,802,273,469,304,642,574,438,619,450,614,198,433,Run
500,456,528,712,369,535,239,821,616,461,626,442,596,220,404,Run
479,534,522,694,375,515,215,954,667,501,578,414,559,292,413,Run
486,604,528,664,387,562,389,993,645,547,501,396,529,368,460,Run
459,613,528,725,465,580,492,899,546,569,509,408,521,386,489,Run
409,545,550,760,401,573,543,793,568,605,513,452,525,394,480,Run
318,590,526,724,348,561,297,711,541,629,567,494,529,447,483,Run
234,738,466,757,372,556,620,701,528,716,808,517,519,500,509,Run
209,778,431,737,423,579,435,657,537,798,793,501,499,527,528,Run
265,642,430,655,473,574,368,627,601,819,663,459,485,525,529,Run
378,543,444,576,500,577,286,592,626,746,659,502,488,508,514,Run
464,571,464,579,515,564,163,545,618,658,605,545,479,471,478,Run
525,624,457,603,503,548,79,481,523,572,555,567,541,343,500,Run
569,635,444,642,497,557,201,345,442,523,551,559,543,288,480,Run
573,605,467,667,539,579,292,397,486,519,569,526,541,279,486,Run
552,559,476,706,632,588,340,403,561,527,504,513,541,228,480,Run
534,555,459,710,804,616,311,504,587,543,488,512,542,233,452,Run
522,555,452,756,937,647,239,519,615,550,474,515,542,268,441,Run
506,521,480,682,974,622,187,409,593,554,500,528,542,306,471,Run
467,551,506,538,903,538,241,364,599,588,557,533,544,330,484,Run
391,540,505,439,725,610,258,353,578,667,681,560,544,343,480,Run
280,779,521,661,654,413,254,379,575,750,677,563,544,363,475,Run
178,798,521,374,602,538,351,386,549,824,598,547,514,484,496,Run
225,628,500,520,618,581,483,428,557,826,575,497,511,534,534,Run
293,523,540,657,652,596,496,467,562,749,604,497,514,547,536,Run
355,523,538,713,597,591,473,482,570,634,569,502,520,521,517,Run
395,504,523,803,583,585,433,491,573,507,619,482,526,492,492,Run
422,517,525,944,505,568,383,497,575,473,674,434,548,376,535,Run
443,590,516,893,402,503,299,564,556,533,653,380,524,267,531,Run
454,625,534,761,258,475,240,728,571,575,576,388,594,230,502,Run
471,555,513,691,370,539,206,919,640,553,508,446,586,189,462,Run
493,477,490,679,327,526,279,986,662,527,487,507,572,217,447,Run
518,430,518,697,394,554,437,980,612,501,477,537,559,290,453,Run
518,489,553,730,449,552,481,855,525,499,471,534,547,349,461,Run
474,587,552,726,419,563,556,722,600,556,490,474,536,375,489,Run
388,631,557,679,369,549,250,600,507,654,558,441,535,388,483,Run
250,675,541,702,380,545,643,701,511,777,754,477,535,425,489,Run
117,627,478,693,445,571,450,657,535,867,732,460,533,482,501,Run
157,569,424,651,499,566,369,640,587,836,732,438,512,524,519,Run
278,581,411,577,516,574,269,610,596,768,685,437,482,546,533,Run
425,625,435,577,533,568,169,585,600,665,595,470,476,536,533,Run
521,672,464,598,495,555,75,467,534,579,561,513,483,502,501,Run
560,611,485,653,506,560,185,349,458,556,543,530,528,422,508,Run
557,554,490,697,540,582,314,444,480,549,530,522,567,311,497,Run
554,536,485,752,636,594,334,366,537,525,516,506,490,193,509,Run
554,518,491,741,810,613,332,471,575,503,474,515,488,127,503,Run
540,461,509,723,929,625,271,511,621,501,452,529,515,178,466,Run
497,436,503,642,922,582,240,434,565,528,488,537,535,249,463,Run
463,464,478,547,881,491,295,437,589,606,571,533,534,331,495,Run
380,620,417,477,666,556,279,430,599,684,621,574,532,387,498,Run
199,844,488,671,714,405,269,432,590,799,657,581,536,406,476,Run
110,776,527,440,646,506,339,429,564,872,708,558,534,440,475,Run
148,700,520,537,640,516,462,463,551,865,665,520,522,503,507,Run
210,636,528,653,657,565,501,482,557,797,594,472,515,554,528,Run
299,552,511,714,612,592,523,482,564,676,586,459,515,561,523,Run
413,531,499,794,586,584,482,482,558,529,574,464,512,530,508,Run
520,550,493,927,494,578,437,499,554,417,604,478,521,503,504,Run
545,581,499,897,385,512,372,535,567,408,621,472,562,436,539,Run
541,561,514,766,293,486,305,645,557,466,586,441,516,312,505,Run
525,512,525,658,362,554,268,819,601,501,570,417,582,172,524,Run
511,475,528,675,398,539,246,954,629,513,545,428,592,212,469,Run
498,438,531,645,419,553,370,951,596,513,483,462,585,185,443,Run
503,442,528,664,420,556,459,895,564,511,510,468,563,234,426,Run
476,509,525,628,335,554,477,769,507,521,530,507,541,320,444,Run
455,581,536,604,348,544,628,699,732,518,536,547,525,390,489,Run
339,643,598,621,357,553,363,671,454,559,632,622,531,400,492,Run
206,757,584,720,423,586,651,657,551,719,810,640,532,416,479,Run
170,744,531,737,486,592,381,671,533,861,824,559,527,476,501,Run
216,581,451,717,505,599,354,651,577,828,776,528,503,520,527,Run
319,558,436,627,516,609,281,619,555,744,598,507,479,536,546,Run
431,576,461,569,525,594,203,577,577,632,505,508,480,505,524,Run
551,630,498,655,524,570,112,495,559,523,513,534,481,441,469,Run
590,647,496,669,535,548,200,374,476,474,549,553,527,479,510,Run
593,645,468,686,573,530,285,363,471,510,583,543,525,485,510,Run
610,633,464,712,702,548,333,438,519,562,559,509,517,486,510,Run
587,569,462,703,839,601,336,476,592,580,519,497,517,498,511,Run
564,562,450,677,927,613,244,553,650,561,436,525,517,512,512,Run
535,615,453,612,927,554,209,456,591,564,430,543,516,548,512,Run
477,633,471,533,839,484,238,394,621,626,480,559,514,546,512,Run
398,665,446,297,834,725,239,372,577,694,502,629,513,537,512,Run
307,810,446,572,661,355,265,378,584,747,577,689,517,521,514,Run
232,803,500,476,683,502,348,406,555,810,704,653,520,499,512,Run
284,705,510,605,664,519,481,451,569,822,744,593,494,177,503,Run
328,634,500,667,656,550,511,459,575,730,631,567,499,145,492,Run
408,555,511,732,622,549,487,470,576,638,543,569,515,185,453,Run
447,537,534,843,576,565,446,487,574,538,529,597,517,244,457,Run
439,528,537,933,456,581,398,512,583,463,588,620,534,322,484,Run
412,515,516,841,357,517,335,607,568,436,611,618,550,393,503,Run
415,480,526,739,309,488,290,724,572,422,636,564,562,447,480,Run
421,447,540,670,383,558,268,900,581,432,656,512,535,449,473,Run
415,423,551,698,434,564,303,956,612,462,670,472,505,503,492,Run
405,428,554,724,470,600,420,939,606,535,627,406,494,539,519,Run
379,455,514,746,456,582,487,832,532,572,542,443,505,559,554,Run
295,543,476,776,417,558,548,799,674,582,460,605,517,521,532,Run
208,624,456,762,374,536,386,738,611,783,644,582,562,430,511,Run
189,688,421,758,391,546,598,718,557,898,594,631,552,233,499,Run
199,726,401,687,403,563,396,661,546,799,664,649,602,136,500,Run
286,743,408,596,449,569,359,635,589,722,676,608,591,199,465,Run
396,702,435,545,481,555,298,621,596,661,673,569,587,212,424,Run
490,664,460,564,492,542,173,576,582,607,594,520,577,275,426,Run
542,663,472,591,496,537,72,448,541,559,506,515,543,363,462,Run
580,656,481,616,531,541,183,350,480,556,491,543,523,410,508,Run
597,647,487,634,563,525,295,362,526,567,537,536,491,392,474,Run
612,616,501,680,610,527,349,461,565,543,550,533,500,429,465,Run
622,579,516,743,751,576,304,529,584,511,500,535,510,500,502,Run
622,562,528,793,899,680,251,472,598,504,467,525,510,549,532,Run
595,559,531,680,958,697,255,390,602,531,462,522,503,549,540,Run
558,618,533,563,892,622,297,362,585,600,525,500,499,515,525,Run
506,745,522,513,646,556,304,381,582,678,480,549,497,414,538,Run
393,923,471,647,658,403,319,419,585,750,430,615,557,259,488,Run
238,988,446,384,607,549,397,452,561,828,589,624,502,197,478,Run
245,948,457,534,603,549,475,477,562,838,675,568,500,187,443,Run
277,803,477,647,666,558,513,482,556,793,670,559,529,216,404,Run
306,640,499,689,612,576,487,485,544,712,673,540,545,287,418,Run
339,573,510,742,595,583,446,497,531,637,647,516,543,346,488,Run
355,513,511,875,545,586,400,506,545,568,600,504,542,382,488,Run
372,430,512,917,450,544,337,555,563,506,581,494,540,401,454,Run
388,368,521,799,381,491,256,659,559,448,599,470,530,455,472,Run
404,306,550,702,309,511,228,852,615,394,621,465,520,514,515,Run
417,316,560,662,383,548,277,965,662,367,643,475,512,550,544,Run
409,363,529,708,409,551,388,983,641,388,681,494,512,555,543,Run
396,404,515,746,490,604,471,916,586,427,693,502,512,537,527,Run
384,495,499,792,391,586,503,705,528,493,703,510,528,502,508,Run
290,658,468,747,330,535,389,678,537,621,801,550,537,394,485,Run
200,864,463,728,366,545,344,718,466,755,918,574,568,243,482,Run
187,969,452,733,413,568,561,622,565,878,945,541,622,197,445,Run
274,976,434,674,475,581,378,658,545,876,916,544,588,178,415,Run
362,898,441,576,478,585,333,633,565,821,820,561,571,228,400,Run
443,738,477,559,474,563,292,627,576,753,688,554,556,307,433,Run
513,633,497,584,486,534,151,591,545,715,602,554,545,381,480,Run
576,600,491,626,485,516,110,459,531,706,535,561,527,388,470,Run
606,567,481,662,534,518,213,356,489,676,451,559,518,398,477,Run
630,541,484,689,595,538,278,400,510,645,405,571,522,473,506,Run
653,544,486,717,687,577,352,436,564,617,369,583,509,532,527,Run
647,553,478,731,880,644,304,512,592,604,387,564,488,549,531,Run
628,562,484,727,975,661,254,500,629,600,428,526,482,522,524,Run
601,578,501,635,954,594,228,432,603,601,459,496,489,486,492,Run
568,682,503,532,828,483,239,399,614,628,526,464,512,393,506,Run
533,880,468,336,770,700,241,383,584,688,689,419,573,283,495,Run
411,974,451,560,703,349,269,397,580,757,847,368,484,150,530,Run
312,990,473,443,623,533,356,407,544,761,963,316,481,114,528,Run
326,861,512,614,626,561,493,455,558,667,937,332,513,190,480,Run
327,693,540,681,616,581,510,480,550,578,807,358,547,247,483,Run
373,571,550,730,576,595,490,468,540,518,682,402,562,334,502,Run
403,486,545,841,536,599,424,462,541,469,603,448,552,420,497,Run
421,422,539,920,463,553,374,504,560,429,541,476,537,455,473,Run
428,407,533,821,379,478,322,568,569,412,507,476,516,474,468,Run
426,405,526,728,289,483,288,701,599,402,519,475,502,509,501,Run
434,415,526,668,389,552,220,892,647,394,545,467,505,549,538,Run
448,444,519,677,403,541,274,980,657,383,571,465,512,566,541,Run
457,467,528,691,444,570,417,1001,582,346,591,473,507,525,515,Run
454,463,539,716,388,546,447,877,488,353,641,466,525,473,482,Run
408,586,490,736,414,542,559,627,663,411,709,448,576,384,513,Run
357,778,448,742,379,558,334,731,441,498,871,403,542,206,493,Run
293,940,460,791,403,562,534,642,529,631,971,319,607,135,494,Run
229,980,440,747,466,564,484,612,554,722,992,328,597,189,446,Run
364,904,445,645,492,561,373,653,579,722,876,391,574,251,404,Run
448,782,452,553,508,563,334,623,572,688,747,436,545,339,429,Run
491,663,471,547,503,547,288,600,576,658,670,475,540,396,475,Run
532,602,492,560,516,540,131,529,576,650,613,498,526,393,490,Run
588,575,500,575,522,560,163,450,527,648,554,519,516,410,487,Run
614,563,499,590,559,578,234,348,488,633,505,543,514,461,498,Run
618,546,510,628,641,573,325,410,539,619,464,561,498,521,523,Run
666,543,515,658,774,585,336,426,566,607,422,569,478,550,541,Run
670,553,506,708,926,627,275,519,613,598,413,564,486,540,533,Run
646,560,502,708,985,639,194,503,639,596,416,549,496,506,502,Run
622,584,503,608,914,566,187,405,623,596,431,531,468,438,476,Run
592,673,500,511,719,463,250,347,584,611,500,491,547,348,462,Run
536,888,452,488,787,724,293,324,578,680,689,412,539,195,476,Run
411,977,442,659,700,342,358,341,561,755,875,336,500,166,475,Run
310,960,475,448,595,578,415,399,554,787,974,240,516,159,451,Run
354,800,499,619,641,548,499,461,579,690,938,267,539,237,417,Run
360,694,509,701,610,595,501,491,587,575,786,325,538,320,449,Run
381,632,507,778,558,619,468,488,572,489,638,386,531,379,483,Run
378,544,512,913,486,623,439,510,575,422,551,424,524,413,463,Run
392,450,539,881,401,533,370,554,563,378,502,434,521,462,479,Run
416,389,561,776,298,469,297,668,551,360,481,447,523,514,508,Run
428,344,575,690,380,533,279,868,623,350,497,471,514,539,529,Run
442,340,568,705,419,523,268,970,620,355,537,478,512,542,529,Run
436,385,549,714,426,546,383,970,566,373,591,456,509,529,521,Run
420,420,529,729,393,557,496,840,533,407,659,435,516,505,506,Run
404,543,506,742,385,563,609,777,723,468,786,411,553,399,534,Run
339,844,466,735,393,568,263,768,518,596,941,345,581,248,472,Run
268,962,443,810,428,590,557,666,546,730,995,303,612,165,459,Run
242,996,420,765,479,588,417,643,515,768,981,325,593,162,432,Run
378,900,434,643,504,600,352,641,572,753,874,372,580,214,416,Run
469,745,450,515,520,600,282,614,586,734,752,415,558,314,458,Run
540,627,468,493,517,569,193,565,597,721,645,460,539,398,494,Run
603,583,480,534,469,532,81,436,560,721,552,493,525,411,479,Run
614,561,489,562,498,526,198,340,505,706,475,523,514,405,488,Run
614,534,498,586,527,534,301,438,510,674,405,549,510,462,510,Run
620,522,504,637,584,531,338,501,537,631,351,568,499,521,524,Run
619,507,520,677,661,570,308,520,588,605,344,567,489,548,528,Run
614,499,528,767,780,624,281,535,589,590,379,534,494,541,511,Run
598,503,518,749,901,659,241,495,600,587,417,504,509,514,487,Run
579,519,517,623,896,600,240,451,589,590,461,498,481,440,508,Run
582,598,528,582,789,501,281,417,565,618,541,492,559,356,503,Run
585,847,485,433,663,674,286,388,557,675,715,445,531,144,584,Run
496,950,435,559,535,363,356,409,579,753,901,385,477,168,476,Run
327,997,440,374,679,590,434,423,561,786,981,358,484,165,455,Run
359,902,463,658,674,555,520,418,565,726,984,393,506,249,428,Run
375,732,488,667,656,580,521,452,568,623,851,403,517,320,485,Run
401,592,517,718,602,577,498,466,575,547,702,435,542,398,492,Run
397,485,541,811,567,603,442,475,563,476,609,471,579,428,462,Run
370,427,543,938,474,617,387,481,556,419,548,480,540,437,454,Run
383,408,529,880,388,522,334,525,568,398,511,470,497,478,495,Run
401,418,514,771,316,460,267,648,551,396,502,465,498,542,545,Run
423,423,519,664,366,547,258,771,586,403,517,465,520,557,549,Run
447,442,538,666,421,536,232,928,641,397,545,460,523,523,523,Run
464,462,543,666,397,551,324,969,613,390,561,460,551,465,499,Run
458,489,531,688,422,551,435,931,578,387,565,464,545,345,494,Run
443,555,515,698,390,557,474,733,491,406,624,466,552,210,469,Run
420,745,482,700,393,539,521,803,568,462,767,460,575,216,458,Run
386,930,466,706,393,543,356,766,498,593,933,386,590,224,413,Run
333,983,492,730,460,575,592,601,572,726,991,339,568,264,405,Run
402,907,481,687,510,576,390,669,564,777,999,372,535,350,452,Run
469,781,467,599,534,590,353,651,572,762,867,419,521,405,514,Run
501,678,470,582,534,578,293,620,585,726,725,477,508,389,509,Run
548,584,482,595,546,555,188,581,578,701,617,515,527,404,477,Run
597,552,490,613,540,536,121,489,564,690,504,543,537,468,478,Run
619,546,488,633,540,528,203,384,515,665,443,581,521,512,504,Run
611,534,492,632,576,524,274,376,519,642,422,608,493,547,533,Run
619,539,500,644,667,534,327,425,554,617,391,599,479,531,536,Run
615,553,506,664,811,595,317,495,571,605,399,570,478,486,498,Run
608,564,518,698,941,644,236,501,606,598,404,545,526,388,512,Run
588,607,527,644,952,632,217,430,588,605,438,530,555,247,489,Run
551,693,521,526,840,541,259,393,581,639,549,492,484,202,481,Run
526,874,470,364,744,742,285,367,559,705,715,439,478,155,470,Run
414,972,458,577,719,358,328,395,557,798,876,400,503,193,433,Run
329,958,469,411,664,559,402,436,540,805,973,384,517,251,427,Run
363,829,491,604,632,547,511,472,559,699,960,377,533,320,466,Run
393,674,517,661,634,565,520,475,556,606,834,392,547,389,510,Run
435,586,535,706,599,580,491,484,558,539,698,449,553,419,477,Run
451,531,542,788,594,582,439,491,560,470,605,500,530,466,479,Run
453,488,543,927,507,559,391,526,566,425,543,518,502,502,515,Run
443,468,536,885,427,500,323,561,579,411,522,514,495,534,533,Run
434,463,529,755,322,457,251,665,565,410,547,504,505,543,530,Run
442,447,535,678,424,531,233,814,586,401,559,496,516,526,523,Run
446,431,544,682,454,535,276,950,606,399,563,495,526,505,508,Run
445,424,550,726,497,583,369,922,552,402,584,487,558,465,500,Run
434,427,533,779,507,587,474,866,516,427,618,473,540,374,494,Run
413,510,508,803,454,567,527,647,490,450,637,462,552,240,522,Run
366,667,505,785,411,545,333,614,618,474,736,435,619,200,471,Run
303,890,486,785,390,549,458,684,528,589,914,312,613,139,450,Run
191,978,412,733,433,572,505,636,550,716,985,240,586,208,429,Run
309,964,408,633,427,588,362,673,564,766,974,297,554,309,450,Run
442,741,439,520,447,583,298,596,596,756,836,373,535,394,469,Run
529,635,474,498,453,561,249,573,634,712,672,473,512,405,485,Run
603,578,512,537,447,529,94,506,633,690,567,535,509,448,526,Run
616,553,532,582,460,528,143,428,542,678,465,566,512,507,540,Run
631,528,531,612,447,540,217,323,476,644,400,603,501,539,529,Run
629,500,531,648,535,522,340,386,527,616,386,628,487,533,520,Run
618,484,535,678,594,513,334,461,562,594,386,623,492,493,491,Run
627,491,538,715,742,598,254,573,621,590,417,598,496,402,511,Run
615,494,528,814,925,694,168,475,625,590,438,573,548,280,494,Run
591,527,525,729,989,685,161,400,623,605,482,553,511,147,546,Run
579,706,519,551,887,547,225,386,588,664,645,512,489,185,495,Run
515,915,440,630,753,490,283,379,564,752,808,443,513,204,467,Run
323,988,444,469,616,584,380,397,554,866,948,401,528,278,454,Run
305,905,482,494,628,566,495,425,532,820,997,383,526,335,494,Run
369,739,500,641,669,573,546,446,529,682,891,368,531,398,510,Run
381,606,523,678,620,588,531,450,546,568,736,396,541,425,468,Run
397,510,522,743,598,608,490,461,555,478,624,438,529,458,468,Run
388,438,518,907,538,621,437,483,573,402,557,462,510,510,514,Run
413,406,532,933,416,574,395,527,621,362,505,457,510,555,541,Run
427,394,548,826,308,475,334,620,616,370,505,444,519,548,542,Run
434,394,556,709,339,521,296,735,624,393,529,443,521,506,515,Run
459,438,557,719,389,530,243,907,666,417,568,458,542,450,506,Run
472,474,548,714,426,552,319,973,657,439,600,469,530,302,472,Run
456,478,530,719,457,579,460,938,576,472,660,447,591,203,455,Run
403,598,504,742,422,562,551,812,631,502,729,430,612,205,446,Run
312,851,491,742,422,565,311,692,609,549,865,405,606,226,398,Run
275,965,496,791,382,564,621,722,535,656,972,349,554,280,408,Run
290,962,446,762,447,575,416,670,534,730,991,347,519,367,465,Run
393,844,450,656,471,577,367,648,562,732,898,396,524,407,481,Run
501,683,481,541,491,577,295,624,592,711,765,451,530,390,464,Run
576,578,496,536,475,561,165,590,597,695,653,502,540,441,479,Run
622,583,484,573,457,534,84,475,574,697,547,536,522,511,523,Run
624,570,483,617,465,532,172,352,495,681,460,566,502,550,550,Run
621,550,494,630,512,557,240,332,489,647,395,600,483,539,544,Run
618,545,502,687,589,569,341,378,550,615,361,613,486,503,511,Run
606,537,504,713,713,592,328,505,589,603,365,588,475,426,511,Run
605,536,500,741,874,637,237,532,614,436,517,468,545,350,487,Run
593,575,500,734,973,662,216,475,594,423,515,482,509,237,489,Run
552,711,491,604,959,562,222,405,580,418,515,480,472,199,440,Run
509,902,427,414,843,683,254,377,562,417,540,477,510,160,411,Run
380,981,401,551,628,420,265,400,584,417,543,480,548,237,395,Run
288,948,463,389,717,541,352,414,565,424,548,470,551,300,457,Run
349,787,513,611,656,554,485,443,556,435,552,464,535,357,478,Run
384,693,523,667,636,571,519,471,543,470,557,469,537,382,453,Run
421,611,519,723,612,579,500,475,540,484,567,463,528,438,468,Run
435,529,520,853,598,583,454,481,542,507,581,403,522,504,504,Run
436,454,530,954,467,573,401,516,564,671,978,351,505,541,536,Run
433,418,541,851,345,500,352,554,568,713,987,377,497,558,542,Run
430,388,548,739,279,475,310,682,585,708,854,430,501,541,530,Run
448,391,551,687,356,523,261,848,647,679,707,483,531,507,502,Run
465,437,544,683,371,546,261,965,680,654,616,523,563,393,495,Run
469,470,538,667,450,588,386,954,618,643,548,537,568,176,498,Run
469,477,531,726,504,591,449,875,519,624,485,545,603,173,478,Run
435,527,515,754,417,553,526,637,403,603,445,558,602,176,441,Run
379,706,494,726,409,539,700,713,664,584,417,566,575,228,435,Run
334,915,484,721,407,542,261,709,420,576,408,563,550,338,466,Run
293,985,475,716,424,565,600,618,529,608,703,594,544,419,472,Run
370,927,459,647,479,569,401,665,545,607,649,602,532,391,480,Run
436,796,467,568,495,566,350,636,583,607,557,606,511,390,499,Run
478,675,472,535,495,564,274,623,575,606,523,616,502,464,507,Run
502,598,476,543,503,557,132,569,582,605,504,617,496,527,526,Run
526,536,481,568,498,553,97,456,551,605,498,615,477,547,539,Run
544,524,486,589,519,566,211,386,497,605,502,612,482,516,528,Run
550,526,492,637,568,566,255,469,507,605,514,609,494,480,488,Run
570,514,504,715,641,560,343,480,567,609,523,606,479,431,458,Run
599,506,507,749,805,585,289,546,600,610,551,603,560,380,458,Run
619,492,526,753,916,618,253,489,605,703,691,451,584,217,546,Run
625,508,542,665,910,608,236,400,571,769,871,395,478,205,465,Run
627,554,538,595,843,550,284,387,562,789,971,358,478,167,459,Run
603,759,499,556,715,493,297,384,567,730,974,394,502,235,413,Run
537,935,468,647,689,480,271,392,600,635,843,398,515,305,439,Run
402,994,503,520,620,538,342,391,577,566,726,425,523,382,496,Run
374,893,512,499,606,556,433,433,566,509,649,465,577,421,466,Run
419,821,502,662,687,546,489,467,581,462,598,487,553,461,458,Run
410,701,512,706,632,555,467,490,573,417,558,499,508,507,515,Run
429,551,544,753,624,571,435,506,564,388,552,502,496,551,564,Run
415,462,554,890,574,576,399,496,547,376,560,500,512,540,547,Run
409,438,546,960,413,556,378,534,553,378,571,499,522,502,512,Run
399,435,532,817,285,489,353,604,546,382,574,494,563,448,499,Run
401,435,534,733,321,522,357,704,578,400,598,484,514,300,496,Run
418,438,543,708,380,540,279,862,623,432,679,480,604,159,478,Run
444,448,554,742,446,573,265,967,644,492,850,453,631,192,441,Run
448,475,548,765,523,592,409,929,583,617,964,406,582,218,394,Run
416,550,514,770,459,563,490,874,640,712,1002,392,523,291,392,Run
350,766,464,761,426,539,268,741,551,734,956,418,514,369,457,Run
318,937,425,745,395,535,472,756,506,724,799,478,518,400,511,Run
275,977,405,722,426,553,469,632,573,689,642,558,510,406,495,Run
386,855,429,620,454,572,363,658,569,672,554,591,506,444,473,Run
476,707,437,523,490,579,321,628,582,660,477,584,489,498,509,Run
515,587,470,508,472,569,263,628,601,638,434,582,484,544,538,Run
585,587,498,566,454,540,96,554,594,622,426,590,501,542,536,Run
634,592,516,613,449,530,123,435,520,603,432,585,514,517,501,Run
630,557,522,629,467,540,213,352,461,588,446,565,541,409,522,Run
614,522,530,653,526,557,290,429,510,582,463,536,544,288,484,Run
598,499,537,702,636,557,282,508,579,590,481,508,460,184,475,Run
596,511,531,720,797,605,200,546,647,632,568,505,492,157,435,Run
607,516,531,775,945,656,202,503,627,696,747,468,539,227,401,Run
595,541,542,670,997,640,202,435,622,777,907,388,537,291,463,Run
568,738,510,491,898,530,239,402,595,777,983,359,539,352,499,Run
502,904,442,613,811,610,266,372,581,690,907,376,556,397,478,Run
313,982,428,465,655,512,324,387,562,600,767,400,552,394,451,Run
298,907,480,454,586,575,455,415,553,533,648,444,533,457,473,Run
373,732,507,627,668,578,555,431,560,462,582,490,512,515,525,Run
409,638,518,709,611,583,543,472,559,392,539,512,507,542,542,Run
445,582,519,735,579,607,495,463,557,371,516,499,512,538,534,Run
430,501,521,871,547,612,449,480,559,375,516,489,520,516,513,Run
428,444,538,942,463,544,413,540,574,380,534,493,551,432,525,Run
435,426,551,850,339,472,380,571,554,396,579,488,494,310,501,Run
431,404,553,743,308,507,318,679,531,413,621,474,593,209,467,Run
444,404,553,682,363,558,210,859,582,443,697,468,618,188,442,Run
456,422,552,689,398,551,181,967,653,497,863,469,601,202,423,Run
467,440,547,696,437,573,367,985,628,607,968,474,574,270,430,Run
463,471,535,727,425,570,454,828,563,715,1002,445,536,369,464,Run
431,581,489,724,372,552,566,545,587,748,960,461,511,404,473,Run
398,859,453,710,382,546,346,590,646,718,805,532,505,402,480,Run
351,969,466,724,390,567,607,599,567,683,660,569,522,435,498,Run
356,943,450,667,451,590,438,619,567,670,568,575,528,494,503,Run
467,792,459,608,497,598,349,641,608,659,487,584,513,532,524,Run
492,682,470,559,514,594,277,615,601,642,436,599,488,542,534,Run
524,574,481,571,531,565,130,550,598,628,394,609,490,513,513,Run
552,519,487,580,518,542,118,413,539,617,382,599,475,446,481,Run
563,495,491,607,541,529,202,309,466,611,394,573,527,350,472,Run
575,488,500,666,593,523,300,385,524,606,436,544,548,149,540,Run
591,493,511,709,717,560,314,483,551,645,539,497,473,175,474,Run
603,500,523,735,849,630,281,505,578,744,723,475,483,172,448,Run
624,507,533,707,906,660,260,455,562,826,913,460,523,236,432,Run
619,530,536,609,865,608,278,412,565,775,987,394,502,542,497,Run
601,651,533,558,764,516,294,418,565,664,921,378,492,543,507,Run
578,869,494,507,657,560,300,415,571,578,782,410,491,531,499,Run
494,969,470,649,482,415,312,445,577,497,643,463,503,530,487,Run
333,990,493,401,669,489,399,476,568,418,548,497,510,528,458,Run
338,890,502,555,630,533,492,476,573,376,508,503,521,522,501,Run
374,755,504,673,672,586,530,479,566,372,508,498,569,515,504,Run
392,658,511,728,592,600,503,484,554,383,512,488,482,510,510,Run
392,575,525,858,556,614,476,502,552,399,550,479,486,508,484,Run
387,502,544,949,452,591,446,508,557,410,588,476,512,512,461,Run
389,452,558,862,325,494,411,539,556,414,633,467,518,283,461,Run
400,420,562,749,290,493,369,602,554,458,689,453,524,363,492,Run
434,384,570,693,400,548,332,705,595,500,799,459,539,413,486,Run
460,395,567,686,388,535,273,871,663,577,946,437,540,437,484,Run
466,424,543,679,474,581,330,921,693,683,997,401,538,483,495,Run
464,435,523,715,472,579,485,887,646,737,978,426,523,524,530,Run
462,424,515,724,395,551,487,737,533,734,850,483,508,554,543,Run
411,621,514,676,365,531,485,808,567,707,708,526,503,548,529,Run
360,847,489,692,372,530,502,716,522,694,605,540,507,521,507,Run
226,965,410,712,459,562,593,640,569,694,528,543,540,465,519,Run
258,991,429,688,513,576,393,675,549,669,475,571,525,360,500,Run
417,785,463,581,551,585,335,610,583,635,428,598,581,152,552,Run
495,615,490,540,520,569,296,608,603,608,396,593,618,145,514,Run
573,566,505,567,540,545,150,582,591,586,396,573,615,152,481,Run
623,582,510,598,509,534,87,476,547,578,417,544,590,205,461,Run
651,553,526,618,516,533,189,348,485,589,461,512,551,327,460,Run
646,481,530,632,563,530,268,378,492,621,538,472,533,419,501,Run
636,468,535,669,637,529,321,396,546,693,689,427,513,409,506,Run
608,468,532,696,751,582,258,516,579,773,875,396,508,419,504,Run
593,471,531,728,892,651,202,504,597,788,972,340,495,465,495,Run
586,463,534,672,941,643,227,459,580,704,934,369,491,505,504,Run
576,562,555,558,880,568,265,399,578,600,795,412,487,541,528,Run
535,859,498,647,914,742,287,384,568,499,674,469,495,539,530,Run
384,967,474,611,673,518,324,388,586,402,619,510,499,511,502,Run
279,962,518,432,642,610,411,414,580,357,590,509,518,398,528,Run
408,816,510,657,650,532,511,449,588,352,557,490,574,279,477,Run
418,712,495,689,642,553,527,440,582,355,572,484,500,173,483,Run
440,608,505,732,615,571,490,462,575,368,614,472,496,158,449,Run
442,495,523,861,584,571,452,480,581,398,643,452,515,213,408,Run
430,438,521,961,458,550,409,490,583,433,663,446,523,279,420,Run
421,414,518,841,348,501,369,514,595,468,772,448,532,353,477,Run
419,390,527,722,360,511,294,603,575,552,927,405,545,392,482,Run
430,402,537,701,426,552,231,773,618,681,991,356,538,413,466,Run
438,430,541,729,499,565,186,932,648,742,996,395,521,457,482,Run
440,442,540,731,493,582,358,981,618,728,848,471,514,519,523,Run
436,446,531,771,443,565,448,908,537,687,698,545,518,544,545,Run
390,610,523,767,438,545,490,889,620,656,612,594,510,548,546,Run
322,862,512,765,380,544,345,792,461,642,531,608,508,520,523,Run
189,970,479,776,403,555,535,684,496,622,465,613,541,457,503,Run
305,970,475,687,435,558,396,660,539,618,435,611,533,346,487,Run
436,836,478,561,489,569,309,635,567,613,421,601,588,234,464,Run
509,681,494,489,477,559,270,610,581,601,431,579,610,199,435,Run
572,590,512,524,449,532,159,538,576,585,453,544,602,192,399,Run
609,553,517,575,458,525,130,424,527,590,482,499,584,254,402,Run
615,536,511,612,486,530,208,337,500,633,560,451,566,339,437,Run
628,531,513,630,498,539,331,470,536,702,713,405,546,389,486,Run
631,533,528,670,565,537,362,500,558,749,859,342,520,384,490,Run
631,523,541,730,684,580,305,557,582,760,944,320,507,423,502,Run
625,516,528,816,877,639,278,542,589,709,951,338,493,486,514,Run
602,538,513,760,963,633,180,470,597,626,847,353,492,526,532,Run
596,616,527,605,942,550,185,399,583,627,747,570,492,543,536,Run
582,843,472,532,785,619,223,362,589,625,742,574,500,528,518,Run
504,962,415,762,645,364,229,349,594,624,741,555,511,495,472,Run
409,994,434,432,625,530,332,360,571,623,750,534,535,389,512,Run
392,926,496,490,647,611,457,399,568,623,758,513,571,314,493,Run
386,746,533,668,662,566,513,438,571,649,795,468,483,193,498,Run
400,605,566,705,610,574,479,461,573,661,861,429,479,128,487,Run
417,544,571,757,608,578,435,464,573,670,919,410,513,186,442,Run
394,508,527,857,571,582,387,486,574,671,987,334,528,257,462,Run
388,479,522,957,464,546,361,520,586,654,985,335,534,338,498,Run
387,433,550,845,329,479,311,617,590,588,839,376,536,409,487,Run
387,390,581,734,295,510,288,825,635,521,690,438,539,432,486,Run
400,390,582,716,388,564,245,957,700,463,600,498,531,476,487,Run
413,433,555,774,474,591,324,990,674,401,560,546,514,513,511,Run
418,460,526,827,430,585,464,888,561,373,534,548,498,546,524,Run
400,531,502,808,408,566,517,693,430,383,553,523,502,566,536,Run
334,778,476,760,364,541,375,577,595,380,565,520,507,536,519,Run
308,943,474,748,360,543,477,669,514,377,567,513,540,472,521,Run
295,998,443,700,381,550,520,593,582,386,579,496,539,338,506,Run
461,904,456,619,408,555,360,652,592,402,607,479,595,127,533,Run
514,706,483,529,453,565,308,594,600,418,657,475,637,155,481,Run
542,597,498,527,479,557,185,571,616,454,847,449,621,178,445,Run
602,556,492,579,460,543,74,481,570,541,965,378,582,249,436,Run
626,556,476,633,477,537,176,390,494,616,1004,352,544,320,454,Run
613,521,484,691,541,543,250,376,498,646,983,382,521,395,498,Run
620,491,510,731,672,561,309,411,534,652,829,448,512,420,503,Run
627,478,529,745,822,617,280,467,581,634,681,527,523,430,488,Run
618,511,527,789,951,671,227,509,620,641,615,578,532,465,502,Run
614,576,519,686,980,655,196,447,599,647,525,592,519,515,513,Run
582,713,498,561,875,530,241,381,595,639,465,608,487,536,531,Run
535,912,455,605,804,703,269,361,576,628,431,616,481,540,538,Run
406,986,465,579,781,474,325,375,559,613,397,606,494,501,512,Run
328,944,482,426,651,598,420,415,541,609,408,577,475,400,497,Run
363,789,512,608,639,576,521,460,549,619,419,535,543,264,457,Run
371,676,537,643,639,576,518,474,551,634,468,509,504,178,487,Run
414,600,552,701,602,580,478,480,557,682,625,470,489,182,464,Run
430,561,534,753,606,602,432,494,570,771,861,404,516,199,420,Run
432,514,515,889,544,602,390,529,572,840,970,368,537,281,437,Run
436,494,511,906,437,522,344,586,552,755,1004,378,535,354,484,Run
436,472,515,802,326,442,285,664,527,624,914,372,534,384,494,Run
439,440,534,729,348,486,247,847,557,535,749,419,525,415,469,Run
441,423,547,712,409,529,264,963,620,461,628,477,520,468,471,Run
452,423,554,727,416,552,370,998,626,401,553,513,518,513,517,Run
447,440,540,750,443,577,484,896,584,373,509,516,516,545,544,Run
415,489,507,777,455,582,533,674,613,366,499,506,518,545,537,Run
333,708,484,775,391,571,353,783,497,355,534,501,510,521,528,Run
285,913,434,790,377,562,413,741,497,348,555,487,516,489,507,Run
219,976,375,756,425,570,476,642,528,352,568,484,557,398,522,Run
362,896,417,636,449,576,373,660,554,368,603,488,530,230,472,Run
473,757,454,533,466,572,316,642,565,404,674,471,601,185,478,Run
525,645,481,545,478,557,247,626,562,502,869,406,608,167,434,Run
584,605,495,558,458,550,92,507,554,556,956,361,591,213,412,Run
610,583,501,596,470,557,163,409,563,631,985,344,565,303,437,Run
606,561,501,621,529,559,237,383,505,651,932,374,555,386,484,Run
621,543,504,675,619,552,321,426,534,655,779,446,537,399,487,Run
630,530,517,729,752,566,316,471,538,650,675,485,515,408,487,Run
628,512,530,769,920,606,262,562,618,650,609,517,511,457,510,Run
612,499,533,723,986,629,218,522,609,642,558,534,497,527,524,Run
597,539,527,591,963,587,186,445,610,629,519,541,481,564,529,Run
553,816,470,463,717,735,198,396,613,621,495,536,487,555,520,Run
481,937,416,719,691,390,195,390,609,613,398,574,499,511,509,Run
302,984,438,369,608,622,276,375,594,617,434,557,503,422,522,Run
353,850,475,547,619,552,407,402,564,623,470,525,569,347,483,Run
401,752,487,664,678,548,528,412,564,649,525,479,513,131,560,Run
418,658,499,692,623,563,516,410,556,730,729,462,473,138,496,Run
446,584,504,748,621,578,470,432,564,816,917,409,504,155,468,Run
437,531,508,870,575,596,443,474,585,850,988,362,542,244,451,Run
409,461,515,953,437,555,416,516,605,734,965,401,552,337,488,Run
395,408,535,870,310,500,360,578,570,616,816,422,546,406,488,Run
398,387,560,759,343,537,331,733,553,526,683,450,534,403,468,Run
415,411,560,753,431,557,276,880,621,417,607,491,523,451,490,Run
433,453,547,785,475,599,281,973,677,354,563,502,517,526,521,Run
438,471,530,777,436,576,409,988,618,357,541,488,515,560,531,Run
415,482,517,766,412,553,464,959,746,386,568,477,511,552,529,Run
331,682,513,755,367,530,327,650,539,397,590,476,502,512,520,Run
273,903,464,769,382,541,615,699,565,392,593,478,531,439,523,Run
212,977,411,703,400,547,391,650,555,391,574,475,531,311,511,Run
372,882,437,606,436,555,373,635,558,397,607,475,599,179,469,Run
484,717,469,537,484,556,336,625,574,425,714,480,618,198,436,Run
520,601,495,537,493,545,281,630,590,477,887,443,610,223,413,Run
587,617,494,580,461,543,119,558,594,579,977,399,580,279,413,Run
637,675,478,615,474,560,123,447,554,669,1006,384,543,354,440,Run
628,599,505,637,550,570,209,348,479,719,970,406,528,403,489,Run
630,549,523,678,623,556,275,427,519,720,818,473,517,398,494,Run
641,524,532,735,786,584,267,438,556,706,673,535,509,424,482,Run
627,520,537,770,932,667,188,540,654,702,557,576,504,478,499,Run
616,542,544,720,992,705,169,454,617,681,485,602,498,524,520,Run
596,672,542,522,922,578,204,403,605,647,432,619,498,543,541,Run
515,899,470,484,905,606,257,355,574,623,396,614,507,530,535,Run
373,982,476,651,696,389,277,380,563,597,398,594,507,484,487,Run
284,898,516,412,652,562,371,397,549,580,426,564,500,546,492,Run
365,757,524,629,646,551,507,427,572,574,453,527,498,547,493,Run
380,674,519,674,633,609,544,464,570,593,483,506,497,547,496,Run
420,591,511,739,599,588,518,467,564,644,604,478,496,548,506,Run
429,510,516,839,568,600,471,470,556,712,774,400,496,549,509,Run
405,438,526,949,469,573,443,482,566,773,928,336,496,550,509,Run
400,387,540,863,367,497,402,534,553,750,993,337,491,554,509,Run
406,356,564,756,302,502,378,628,550,652,939,344,491,553,508,Run
412,367,577,732,383,555,279,820,597,576,782,370,492,552,504,Run
430,414,567,756,470,582,197,954,646,522,658,422,490,551,505,Run
441,454,548,778,496,612,357,970,611,468,582,468,545,370,428,Run
430,450,534,815,480,584,473,855,525,421,516,493,572,150,546,Run
382,633,525,800,410,550,615,740,700,391,479,493,496,185,464,Run
294,895,503,781,379,534,337,727,569,386,490,479,496,175,412,Run
195,970,461,775,398,547,668,614,627,389,507,468,517,241,399,Run
246,974,442,654,419,561,463,640,583,400,521,462,533,332,446,Run
414,824,457,518,446,574,347,653,589,414,555,459,539,405,500,Run
470,678,451,466,455,563,289,615,597,427,629,454,543,433,466,Run
523,578,450,494,456,545,173,570,603,447,732,446,525,457,462,Run
587,541,463,541,445,536,68,436,578,509,912,397,509,492,501,Run
603,535,477,551,470,522,196,327,516,606,987,345,509,532,535,Run
603,510,493,547,550,511,275,424,547,667,1011,355,518,540,552,Run
607,490,518,612,595,511,319,409,540,690,914,403,514,513,534,Run
615,495,540,714,758,591,248,454,585,679,761,465,520,473,504,Run
625,543,551,836,932,683,288,374,556,661,654,512,556,392,518,Run
607,636,543,771,991,723,306,405,591,669,564,532,512,271,470,Run
570,770,531,612,908,603,280,359,580,663,474,543,582,211,512,Run
542,913,510,600,901,792,303,364,566,647,445,560,614,182,469,Run
414,986,514,698,682,431,324,390,552,629,423,565,597,209,429,Run
327,918,518,441,651,603,389,428,543,611,408,553,565,280,440,Run
376,795,504,624,680,543,456,443,559,599,405,543,546,358,470,Run
385,680,500,694,662,564,464,463,582,594,419,534,528,391,509,Run
390,553,509,771,609,570,416,483,588,606,457,514,520,405,498,Run
385,470,517,913,568,573,380,495,586,649,584,473,523,435,489,Run
375,401,524,920,423,534,327,567,578,722,800,415,511,479,499,Run
371,361,539,848,296,482,283,694,591,785,947,342,492,521,530,Run
382,355,554,740,337,530,326,851,651,752,992,339,485,543,545,Run
398,403,561,726,353,551,355,966,687,648,941,378,490,524,521,Run
413,461,545,744,461,580,435,991,668,567,790,402,493,485,472,Run
399,505,507,773,449,578,504,909,549,514,667,447,521,387,501,Run
355,676,489,799,393,554,676,803,671,457,589,499,546,266,516,Run
321,907,485,817,387,558,347,783,568,396,538,531,497,182,513,Run
276,984,446,820,394,557,592,645,586,365,516,525,511,137,485,Run
377,929,454,727,426,557,409,645,548,363,530,508,527,198,451,Run
476,786,467,569,472,567,372,630,579,370,524,503,525,269,466,Run
506,669,475,501,521,565,320,610,605,378,530,502,528,344,497,Run
527,599,486,504,447,537,189,621,615,385,567,499,529,407,486,Run
562,548,500,594,442,519,79,487,546,407,643,484,540,432,482,Run
596,530,517,632,512,533,183,351,454,444,820,439,528,483,491,Run
615,512,530,629,541,554,230,347,443,551,955,358,512,526,528,Run
625,509,522,691,613,565,276,419,535,368,566,447,509,499,509,Run
625,525,511,748,776,594,257,540,608,357,566,446,509,476,509,Run
625,541,514,798,936,648,180,528,627,367,566,446,509,414,510,Run
618,561,525,699,993,610,204,409,593,390,570,446,509,321,509,Run
578,689,516,572,926,506,234,376,588,420,571,449,509,143,507,Run
559,895,465,565,908,769,266,349,576,450,573,448,509,157,506,Run
409,980,453,523,794,506,283,401,574,537,576,446,509,174,506,Run
319,954,489,385,654,619,390,397,558,623,577,445,509,236,506,Run
352,781,520,608,667,569,525,430,565,663,577,446,509,312,506,Run
366,670,540,650,636,569,534,451,555,670,575,448,509,349,507,Run
426,617,543,701,622,579,497,469,552,631,420,574,514,400,504,Run
439,573,541,764,607,603,458,486,558,633,420,574,513,439,503,Run
426,516,552,923,538,572,417,489,566,633,420,581,505,486,507,Run
413,495,562,915,382,501,333,551,548,632,420,591,492,520,524,Run
412,446,560,791,283,480,285,681,537,631,421,585,480,535,534,Run
415,406,563,723,402,582,244,849,596,631,421,540,488,526,524,Run
437,377,565,743,442,561,239,966,672,650,421,516,493,477,501,Run
435,390,551,746,442,585,391,983,684,658,422,506,535,370,503,Run
421,426,518,746,427,577,449,932,610,666,423,478,562,252,468,Run
403,516,493,723,368,537,461,716,569,670,424,454,499,226,451,Run
337,797,455,707,381,525,279,683,525,704,994,383,491,206,425,Run
298,948,397,721,353,522,553,755,505,593,892,385,515,247,408,Run
252,992,380,681,421,536,544,638,563,507,761,426,531,321,437,Run
396,893,421,627,459,551,361,670,551,431,659,461,536,374,500,Run
492,720,456,544,495,564,309,630,567,387,584,474,539,393,500,Run
540,618,472,551,462,562,270,613,585,375,557,488,534,407,462,Run
593,585,477,601,457,559,109,530,559,391,569,490,523,460,479,Run
616,558,490,625,509,563,139,396,532,412,579,474,514,519,521,Run
630,536,504,642,548,559,243,332,491,410,581,480,513,534,540,Run
641,520,520,676,615,568,339,430,554,399,581,502,521,518,536,Run
656,511,531,713,727,579,275,448,565,419,622,493,536,483,522,Run
663,515,537,781,891,630,232,547,627,442,680,464,560,404,527,Run
656,547,539,753,979,653,187,490,617,478,812,418,499,312,517,Run
610,688,529,616,968,607,191,426,611,562,946,361,565,240,487,Run
504,910,472,676,972,755,212,387,587,643,983,336,604,214,464,Run
375,973,474,680,732,463,293,371,583,666,875,368,610,188,431,Run
230,969,483,427,682,602,412,377,564,650,739,430,584,243,419,Run
334,846,481,644,652,546,523,388,569,633,627,491,556,317,444,Run
336,680,507,676,644,560,542,397,573,628,545,542,531,367,479,Run
366,550,535,720,598,588,517,432,579,619,480,577,521,374,492,Run
359,509,529,828,570,613,480,465,565,606,421,492,520,405,499,Run
373,479,527,958,448,611,431,489,561,598,397,492,511,461,510,Run
394,445,543,890,353,554,374,538,575,593,413,492,496,517,523,Run
410,368,577,738,307,531,317,660,593,596,437,491,485,545,533,Run
439,334,603,702,384,525,224,842,679,613,441,491,492,537,529,Run
453,368,577,731,440,542,158,945,710,652,537,490,501,507,490,Run
430,402,541,770,473,586,352,994,655,739,789,490,491,426,501,Run
395,449,518,828,413,582,471,951,639,784,941,489,547,360,466,Run
323,720,501,823,368,559,268,568,516,739,997,489,532,200,541,Run
247,922,464,799,329,552,546,720,504,633,949,489,497,170,502,Run
184,988,405,726,368,554,450,629,549,555,814,400,528,168,451,Run
359,924,425,630,399,558,362,653,570,505,704,423,529,144,449,Run
470,762,456,526,463,559,313,614,584,459,622,452,529,187,447,Run
553,664,472,533,453,547,216,596,600,421,559,473,529,193,447,Run
622,633,484,597,438,532,70,484,565,396,528,475,528,211,438,Run
647,602,504,650,474,544,167,381,497,384,540,467,527,229,441,Run
641,556,530,681,533,565,234,350,482,376,550,461,524,232,442,Run
644,538,539,716,645,582,292,361,542,379,555,471,524,233,441,Run
644,530,536,724,806,625,306,499,581,391,557,481,524,242,442,Run
638,522,532,787,949,693,211,506,630,413,580,482,524,251,445,Run
628,551,521,710,997,685,201,417,604,424,641,484,491,530,539,Run
594,701,509,557,952,563,226,405,590,443,810,447,487,536,538,Run
528,911,451,441,734,691,244,394,582,542,952,376,490,506,528,Run
394,984,419,650,627,356,275,387,570,628,1000,359,497,411,527,Run
317,931,445,358,686,595,349,397,551,653,960,385,543,278,462,Run
362,808,468,567,638,579,472,414,544,658,818,433,511,194,450,Run
366,718,484,655,655,600,523,440,553,652,684,499,493,175,449,Run
392,605,540,706,613,589,505,441,571,657,590,538,499,207,420,Run
386,502,592,808,610,589,462,442,588,665,526,550,508,270,424,Run
388,469,563,947,523,573,425,484,605,667,486,566,522,346,488,Run
402,474,506,918,346,495,377,537,601,662,455,583,548,396,507,Run
418,450,487,787,264,494,282,676,575,652,424,586,560,423,479,Run
442,426,511,727,353,574,263,846,611,635,421,578,538,461,485,Run
441,414,540,721,425,568,236,964,676,623,430,560,513,505,513,Run
422,422,538,765,506,598,358,964,601,624,470,530,502,538,532,Run
395,519,488,782,441,583,469,782,508,659,605,472,506,548,533,Run
353,774,479,759,416,544,480,860,571,703,798,403,511,521,536,Run
325,936,454,744,384,536,420,750,476,724,945,359,531,486,508,Run
299,993,412,744,394,544,550,634,554,684,994,335,524,378,512,Run
384,924,420,646,405,533,379,640,569,597,927,346,557,257,492,Run
472,781,455,544,443,538,317,611,583,534,797,377,618,187,469,Run
540,661,486,509,491,550,249,595,596,485,673,420,617,166,444,Run
584,587,510,534,484,539,90,511,562,434,590,463,591,215,426,Run
609,574,516,591,491,525,151,398,499,391,523,486,561,296,455,Run
617,564,520,628,522,505,265,380,477,377,488,481,540,386,506,Run
618,537,531,659,560,497,326,439,528,383,482,470,519,412,520,Run
633,522,534,710,617,522,354,477,569,386,494,465,503,419,509,Run
656,514,531,743,757,605,271,543,598,397,522,464,501,453,501,Run
662,524,522,792,907,670,231,502,590,415,577,454,497,494,516,Run
632,560,514,669,919,650,188,480,598,447,666,433,483,541,533,Run
616,679,514,572,837,557,186,470,581,475,804,408,482,537,529,Run
566,899,432,495,769,709,195,418,591,551,947,385,494,502,498,Run
453,972,403,637,649,427,253,441,597,634,997,365,501,419,551,Run
363,1003,420,366,701,579,370,432,582,667,956,389,568,356,510,Run
397,902,459,603,661,530,554,456,586,656,813,468,504,156,547,Run
393,713,506,676,647,543,624,453,563,624,686,528,466,131,500,Run
416,601,552,741,623,556,577,420,544,610,607,546,492,169,472,Run
394,542,553,827,567,614,504,438,538,602,543,552,514,271,446,Run
374,490,560,943,441,618,472,487,546,598,493,563,532,331,496,Run
379,445,577,870,337,533,475,527,559,599,439,576,545,407,512,Run
371,392,593,736,329,552,475,516,573,591,410,580,536,314,494,Run
382,388,594,720,471,573,435,598,561,595,429,561,529,299,482,Run
395,410,565,759,491,581,333,743,600,601,440,537,529,303,463,Run
411,432,527,731,455,585,260,900,689,605,473,513,531,315,452,Run
422,458,514,741,417,558,316,950,689,654,612,449,532,331,459,Run
409,509,516,725,372,532,435,853,616,738,787,390,532,347,477,Run
384,670,477,716,374,522,501,713,512,828,945,376,532,393,479,Run
378,901,439,694,369,521,508,798,540,744,967,336,532,397,469,Run
289,982,418,686,369,539,455,666,457,621,850,336,521,409,470,Run
314,982,412,652,430,587,663,606,581,529,728,376,520,424,511,Run
434,859,441,591,452,599,375,674,586,487,638,414,481,520,517,Run
505,705,473,559,452,587,312,595,591,435,573,473,481,522,520,Run
571,578,491,554,498,575,192,608,588,368,533,521,480,523,519,Run
631,556,487,581,488,554,64,470,573,342,528,523,480,524,530,Run
657,544,473,593,485,551,182,332,494,356,548,489,481,515,527,Run
651,524,471,657,525,552,261,343,505,367,573,481,480,512,530,Run
661,514,485,760,658,565,352,400,556,384,594,499,483,510,519,Run
659,509,503,826,867,626,297,455,575,422,661,501,482,503,526,Run
641,509,512,853,970,681,228,501,629,478,729,470,479,498,528,Run
602,592,497,698,997,658,183,391,596,512,804,458,484,500,522,Run
552,817,453,571,914,569,221,342,586,588,927,445,506,254,476,Run
428,955,378,588,861,623,248,326,566,703,991,406,535,307,494,Run
254,994,414,612,703,523,316,340,561,763,996,400,539,354,501,Run
351,904,460,442,660,547,409,389,571,759,891,432,543,383,498,Run
362,788,489,661,675,544,508,446,593,719,737,483,552,407,486,Run
379,661,515,685,657,554,506,460,576,677,627,533,536,468,479,Run
398,558,526,741,619,578,449,470,571,648,551,554,509,530,503,Run
395,462,536,897,556,584,396,510,587,619,458,569,500,568,531,Run
406,405,548,935,416,563,350,545,612,592,409,578,496,562,536,Run
403,379,548,817,328,476,286,631,622,590,392,579,505,518,514,Run
407,375,552,698,366,534,274,775,637,580,386,562,563,423,558,Run
415,404,561,714,430,525,294,902,661,569,414,543,535,301,511,Run
412,430,556,748,450,548,361,928,637,569,429,535,589,118,518,Run
412,462,522,766,449,563,408,925,521,586,491,525,601,176,455,Run
381,559,487,810,443,569,495,720,402,658,685,479,619,205,432,Run
334,763,494,833,419,574,503,814,572,754,848,452,610,266,432,Run
277,935,468,843,396,565,365,746,480,837,965,430,566,333,440,Run
243,987,427,776,419,566,613,639,558,739,993,418,510,385,488,Run
407,961,436,649,432,554,373,652,561,620,873,392,483,408,503,Run
488,806,479,486,478,562,345,606,583,533,728,418,493,437,486,Run
547,676,506,463,486,553,315,599,596,469,612,461,518,486,492,Run
598,602,516,509,449,537,200,581,601,408,535,493,518,522,511,Run
619,566,520,583,470,533,63,483,563,363,485,502,503,548,544,Run
619,555,519,613,507,545,187,357,484,356,489,487,495,538,540,Run
625,539,523,638,539,546,232,407,463,377,504,462,486,494,509,Run
637,554,524,698,619,551,374,439,534,405,531,457,509,393,495,Run
644,573,507,760,786,617,286,505,562,427,558,474,559,268,434,Run
634,565,503,818,937,683,216,493,598,454,637,478,513,191,452,Run
610,626,495,724,977,680,189,413,601,483,714,453,491,177,428,Run
585,685,488,579,916,597,230,367,590,511,836,410,497,217,411,Run
580,819,465,487,688,652,265,329,591,601,953,364,503,279,432,Run
524,955,452,682,605,387,232,368,589,670,993,360,520,334,476,Run
389,996,454,309,603,568,330,395,576,702,973,370,542,392,501,Run
374,862,480,581,623,564,453,445,571,698,849,405,551,426,472,Run
400,700,521,640,662,585,539,455,576,679,709,480,533,464,480,Run
430,582,542,711,593,602,516,460,565,667,591,538,512,511,519,Run
445,523,537,782,575,610,477,467,553,659,498,562,507,552,545,Run
443,472,527,924,513,593,436,482,549,641,429,574,513,553,540,Run
437,418,536,894,420,526,383,494,570,628,409,591,514,523,525,Run
426,390,560,764,317,471,313,548,578,612,400,580,547,459,541,Run
412,384,574,706,373,530,256,697,613,596,413,545,541,359,511,Run
390,397,573,702,412,550,177,904,702,588,434,521,573,216,483,Run
387,414,574,732,470,592,256,953,701,591,455,515,615,180,475,Run
387,457,556,778,412,594,413,969,637,617,540,488,614,185,457,Run
362,587,537,806,396,559,439,887,612,676,676,424,587,230,445,Run
325,859,509,796,371,541,203,713,541,735,824,390,558,314,472,Run
285,967,476,820,373,554,533,749,530,773,951,345,534,409,489,Run
307,993,441,757,413,560,428,660,553,724,993,355,518,404,488,Run
412,898,455,632,440,559,365,644,564,627,904,359,515,397,496,Run
487,734,478,507,481,560,302,614,563,558,761,383,514,456,496,Run
530,607,486,509,497,547,249,607,579,496,656,434,511,511,527,Run
578,567,486,563,471,540,96,512,546,428,586,480,502,556,536,Run
608,560,485,593,494,545,130,390,503,381,530,488,494,547,529,Run
622,543,499,608,538,552,266,355,481,363,503,464,500,499,508,Run
636,526,506,672,594,538,334,440,549,359,505,443,475,439,456,Run
644,526,502,749,738,564,329,444,572,356,516,436,517,325,486,Run
654,526,496,816,923,632,263,489,590,365,525,449,578,136,587,Run
632,533,499,749,988,672,222,456,595,393,543,459,506,208,469,Run
604,586,508,593,912,594,203,427,598,421,608,453,505,184,452,Run
572,795,472,573,771,578,222,382,589,470,750,400,535,262,469,Run
470,947,434,728,739,384,222,383,590,613,927,344,507,251,489,Run
322,990,436,490,655,561,319,363,578,729,991,313,510,230,502,Run
327,957,479,528,619,550,439,394,566,711,962,347,523,210,489,Run
369,797,519,660,673,556,549,435,575,670,823,417,511,198,485,Run
381,645,533,698,615,564,522,435,563,641,695,484,487,161,460,Run
395,566,533,743,602,589,476,459,564,643,624,511,489,171,450,Run
374,464,536,898,550,589,434,479,564,661,529,537,491,184,455,Run
383,401,546,936,449,555,386,499,574,654,452,574,492,193,469,Run
390,381,556,819,331,493,308,538,583,645,421,602,496,202,472,Run
390,345,572,713,340,521,249,645,592,630,390,599,498,206,468,Run
404,367,572,703,404,538,207,843,657,623,393,568,530,459,472,Run
402,424,551,717,461,569,207,962,692,628,406,543,528,518,520,Run
398,460,534,757,479,582,364,960,619,633,412,544,523,555,554,Run
368,510,503,773,464,572,472,845,488,655,456,546,518,555,543,Run
301,736,483,797,429,563,586,795,723,771,656,515,520,524,517,Run
264,926,465,790,406,552,305,668,480,846,808,477,542,487,486,Run
240,991,400,765,411,556,646,616,600,897,948,411,544,378,491,Run
364,941,390,655,421,548,381,648,546,844,999,401,510,182,563,Run
457,790,430,541,466,546,338,614,581,692,923,386,608,157,513,Run
536,650,473,490,482,536,295,582,596,550,777,416,624,166,496,Run
589,585,489,515,454,532,196,546,612,444,674,427,593,209,497,Run
610,610,476,602,467,530,83,457,571,382,628,417,551,318,480,Run
610,610,470,639,507,515,198,349,486,365,613,413,532,401,473,Run
620,606,478,648,541,517,247,359,473,382,616,411,517,411,489,Run
622,594,490,685,628,534,395,409,589,405,610,414,511,420,486,Run
626,552,501,722,766,590,308,484,580,421,598,422,509,470,495,Run
619,519,513,797,928,711,254,487,608,431,583,431,495,517,516,Run
606,515,513,740,992,732,212,413,591,444,586,442,476,553,542,Run
585,582,499,596,948,640,228,363,587,464,641,455,488,550,537,Run
561,844,429,557,736,644,249,341,569,546,835,415,506,514,492,Run
455,962,364,787,707,469,241,371,567,691,961,338,482,420,496,Run
293,977,410,415,634,553,318,376,556,772,1002,363,557,338,460,Run
360,846,458,586,632,557,445,441,568,760,915,426,569,139,534,Run
350,722,497,645,638,588,526,458,593,729,771,486,504,186,478,Run
355,563,560,692,593,596,510,460,593,708,670,533,504,186,431,Run
378,460,572,769,575,623,456,474,582,711,579,559,521,237,418,Run
393,417,555,917,518,603,424,503,577,693,485,606,533,316,456,Run
424,420,540,923,439,524,386,537,566,663,432,634,545,404,501,Run
421,392,534,817,311,455,330,595,543,646,384,636,565,423,474,Run
429,387,539,728,346,495,263,747,575,623,366,617,548,432,461,Run
435,396,548,698,387,535,224,927,643,617,394,583,521,480,498,Run
420,420,542,739,433,565,332,972,679,619,426,552,507,538,538,Run
387,485,511,780,428,583,456,980,597,628,491,526,507,557,550,Run
287,740,499,798,427,588,456,938,609,696,659,477,504,529,527,Run
209,930,493,818,387,572,434,772,548,788,845,437,535,452,546,Run
131,991,437,864,427,587,553,693,565,845,963,391,540,305,493,Run
271,959,443,744,422,582,379,669,549,792,998,368,592,216,457,Run
429,829,464,583,488,590,343,629,565,676,892,377,605,214,437,Run
517,712,484,491,480,573,288,621,590,575,747,420,598,219,410,Run
582,603,504,522,440,555,147,566,603,500,644,453,584,266,401,Run
666,565,520,580,476,535,91,454,517,445,598,465,562,341,436,Run
675,569,513,600,512,544,176,359,474,418,564,463,546,398,495,Run
661,557,505,608,535,553,239,428,488,413,564,460,530,403,496,Run
649,534,510,664,612,556,309,435,551,404,558,465,519,419,501,Run
630,518,521,707,749,598,262,538,605,387,547,476,517,469,512,Run
611,502,519,798,918,640,228,520,604,376,536,478,508,506,515,Run
585,514,519,729,973,640,209,446,583,378,542,475,485,536,533,Run
584,635,531,599,927,550,222,433,589,394,602,474,478,527,524,Run
563,881,480,538,640,595,244,386,584,430,741,475,476,478,505,Run
492,963,440,698,795,405,274,375,577,529,920,423,524,415,473,Run
336,1002,449,361,573,534,373,376,547,647,987,383,561,276,498,Run
372,887,496,546,599,529,499,407,543,720,1000,412,482,140,516,Run
407,722,537,637,655,573,551,429,541,733,870,448,478,123,506,Run
422,596,557,699,613,579,536,457,557,709,706,496,499,201,473,Run
435,544,536,767,603,594,494,472,571,677,576,576,525,277,492,Run
431,515,520,911,530,611,458,481,580,650,477,632,536,355,493,Run
433,452,535,911,405,543,422,509,585,618,425,646,540,402,505,Run
417,371,570,805,296,477,386,528,562,596,417,632,553,452,476,Run
400,332,580,726,381,528,348,627,533,591,420,599,539,495,475,Run
402,356,558,720,443,539,216,822,589,599,433,577,506,527,507,Run
403,388,548,745,497,582,155,942,708,614,459,569,491,546,527,Run
393,431,530,782,456,583,341,993,700,648,564,512,507,546,543,Run
385,489,516,817,428,564,425,903,619,713,722,428,523,507,517,Run
318,792,499,804,411,556,341,816,580,812,880,416,568,432,543,Run
292,946,460,811,403,548,363,729,511,836,975,461,513,304,473,Run
238,989,428,752,419,561,549,634,584,729,945,378,576,129,500,Run
401,874,442,615,413,563,354,675,539,636,815,367,608,182,472,Run
497,720,455,500,450,556,342,621,575,573,712,414,632,193,423,Run
551,619,471,483,433,535,268,607,585,520,604,454,594,243,425,Run
639,600,478,548,389,512,123,553,573,466,539,482,545,332,441,Run
663,595,484,589,410,525,77,431,510,425,496,491,510,402,490,Run
661,548,498,609,466,538,201,324,451,404,504,481,501,405,488,Run
685,534,499,639,503,506,317,402,532,399,515,467,518,425,469,Run
678,520,513,699,592,500,331,439,569,399,523,457,532,476,484,Run
660,513,532,774,765,589,278,500,600,388,534,452,517,523,520,Run
629,537,545,870,938,728,237,442,585,398,575,439,495,551,544,Run
578,699,525,714,994,760,202,452,612,418,627,433,485,549,534,Run
532,912,479,633,1003,823,169,408,606,446,700,440,492,516,517,Run
393,986,508,799,708,424,200,388,600,510,871,405,509,490,475,Run
338,939,526,482,694,639,298,396,570,613,971,379,499,387,526,Run
393,810,523,577,636,557,452,419,545,691,1004,378,576,274,487,Run
390,716,520,646,663,554,527,413,542,707,942,407,488,155,497,Run
405,614,533,710,621,573,518,433,537,691,810,473,482,117,466,Run
393,525,547,756,633,585,477,442,535,660,659,559,507,172,411,Run
409,455,541,917,573,550,436,460,532,650,578,586,515,268,432,Run
424,421,530,948,385,504,391,510,540,645,513,564,514,338,504,Run
416,381,526,813,254,462,346,580,525,642,477,561,536,419,495,Run
419,375,526,726,335,548,274,735,535,632,446,569,557,442,482,Run
426,398,529,744,416,538,161,919,637,614,422,570,544,465,501,Run
430,429,542,767,491,571,244,977,702,600,400,554,520,520,522,Run
421,464,535,763,401,566,402,974,653,589,405,519,511,555,540,Run
386,580,510,765,391,546,505,861,745,602,425,496,514,552,526,Run
317,802,493,739,365,541,280,638,492,638,498,494,506,530,513,Run
191,950,428,755,386,543,588,748,536,735,689,447,514,500,499,Run
140,992,382,687,441,554,427,663,540,810,897,349,542,430,505,Run
339,862,422,561,500,574,334,663,564,806,980,315,534,260,486,Run
469,675,473,511,528,574,300,606,580,693,950,334,631,101,553,Run
520,527,492,525,503,562,192,578,588,593,801,376,626,163,485,Run
599,569,490,579,473,547,65,443,544,518,679,427,611,182,467,Run
637,583,499,597,501,569,212,369,460,461,593,467,576,260,462,Run
640,544,516,604,540,590,274,371,474,408,528,493,524,378,475,Run
661,517,543,654,603,581,334,408,562,376,518,499,493,430,508,Run
679,496,562,700,731,586,301,488,596,369,533,485,490,415,499,Run
661,502,563,767,910,622,208,451,614,382,548,466,526,448,475,Run
636,539,568,721,970,636,216,380,583,404,538,455,540,504,482,Run
610,731,563,582,947,586,220,397,597,425,550,462,514,539,514,Run
532,902,514,464,768,659,218,410,605,447,604,468,486,558,538,Run
421,981,490,729,612,372,243,419,587,476,690,458,485,543,541,Run
315,996,494,540,697,541,359,433,567,530,845,425,498,495,497,Run
352,871,494,527,632,555,489,448,546,618,963,402,540,378,495,Run
355,694,515,673,669,558,553,454,545,677,1002,374,590,251,469,Run
397,557,554,717,619,577,516,444,540,679,931,404,471,160,495,Run
412,487,555,807,587,608,487,470,549,656,776,466,460,125,450,Run
393,428,539,946,521,612,426,486,554,628,646,521,496,183,406,Run
392,382,530,913,395,520,394,515,577,618,560,552,524,265,427,Run
396,365,537,785,287,447,345,550,572,615,494,568,539,344,490,Run
401,378,546,706,403,539,286,685,573,613,447,575,545,406,511,Run
411,417,546,726,477,558,225,888,617,611,410,580,543,432,481,Run
418,454,539,759,503,611,235,978,657,607,405,577,532,472,484,Run
410,474,540,797,423,574,389,975,613,597,422,557,517,512,509,Run
348,623,509,802,426,545,457,838,507,599,445,529,505,547,529,Run
302,874,477,780,394,534,601,776,754,612,472,519,509,555,538,Run
321,974,492,765,383,531,408,730,515,644,559,500,510,533,523,Run
357,998,459,726,403,549,680,675,589,712,718,453,526,493,526,Run
430,898,448,633,407,555,368,655,546,783,907,382,526,418,522,Run
465,782,455,525,439,562,328,644,577,796,985,334,550,291,482,Run
502,639,474,515,458,559,288,600,589,694,955,358,619,178,455,Run
545,559,495,548,452,552,184,547,605,598,835,388,637,182,432,Run
591,555,497,596,460,562,75,435,546,541,730,425,626,190,424,Run
610,551,502,646,504,561,224,357,479,496,640,475,581,263,421,Run
634,511,518,671,544,546,283,399,511,448,584,511,534,347,452,Run
663,498,527,722,642,520,341,392,554,426,558,521,508,401,504,Run
654,501,531,746,797,585,293,447,585,411,541,519,492,408,501,Run
645,540,539,826,947,678,230,438,598,389,529,516,509,445,490,Run
613,650,527,731,996,654,200,383,598,359,526,514,522,496,506,Run
575,802,501,578,895,544,220,390,593,354,532,502,507,537,534,Run
537,948,498,529,870,591,235,366,584,369,544,486,495,541,531,Run
355,997,479,609,740,463,289,386,569,394,602,483,502,509,509,Run
329,971,493,507,602,536,386,415,545,415,785,474,507,468,463,Run
349,767,546,641,646,538,503,449,573,488,942,407,534,350,506,Run
374,589,562,701,623,575,538,479,598,568,996,374,571,223,511,Run
407,538,543,769,595,604,500,487,579,624,988,386,477,153,500,Run
398,460,541,923,510,608,452,484,542,651,833,450,464,133,450,Run
399,390,555,901,386,550,407,521,559,643,659,518,485,218,421,Run
394,364,559,791,274,459,359,597,571,636,557,550,504,304,464,Run
390,372,566,705,378,512,319,709,631,638,502,548,519,372,517,Run
399,397,576,705,409,529,229,886,691,635,466,543,541,427,505,Run
406,394,577,727,498,598,237,959,691,629,449,548,556,456,477,Run
396,387,565,761,467,582,395,937,647,606,438,551,544,482,487,Run
372,490,530,790,406,547,435,844,516,590,444,546,517,515,523,Run
292,800,498,786,379,543,481,681,594,584,452,539,507,555,548,Run
281,932,489,807,397,551,283,670,501,592,464,531,503,548,532,Run
225,992,454,788,414,581,527,691,532,627,539,503,511,512,508,Run
394,950,450,657,440,594,430,631,553,704,721,481,572,466,477,Run
488,804,450,524,493,591,329,620,590,773,897,437,551,355,481,Run
528,660,470,486,482,560,279,584,583,783,981,382,574,130,595,Run
579,565,494,524,466,540,147,537,595,677,990,393,605,176,486,Run
603,542,501,549,475,543,101,419,546,590,863,391,598,165,488,Run
614,521,505,549,518,555,217,312,497,533,724,416,583,226,501,Run
633,500,516,566,579,548,318,404,560,488,611,457,568,330,490,Run
639,498,530,635,674,556,384,413,581,439,531,494,530,422,483,Run
634,521,530,733,828,630,293,466,588,398,475,512,497,432,497,Run
628,559,514,805,952,698,259,413,570,385,467,510,481,425,510,Run
603,632,492,712,986,736,237,447,588,388,481,502,493,470,495,Run
583,723,491,578,896,657,235,400,591,400,506,495,502,515,517,Run
560,907,454,521,659,635,257,355,572,409,526,490,494,556,527,Run
465,983,438,660,535,463,291,353,556,422,543,482,503,546,521,Run
367,1003,465,335,591,608,354,348,540,456,630,470,492,481,521,Run
365,904,504,562,625,578,455,403,540,480,807,467,545,368,481,Run
368,749,536,675,663,594,498,415,542,563,950,427,566,152,532,Run
