X1,Y1,Z1,X2,Y2,Z2,X3,Y3,Z3,X4,Y4,Z4,X5,Y5,Z5,Activity
267,364,321,429,381,362,260,345,370,434,367,346,358,261,307,Squat
347,480,431,567,490,479,343,455,483,574,485,446,468,347,402,Squat
375,511,468,617,504,514,369,492,519,621,524,478,505,374,434,Squat
385,526,480,637,507,527,378,502,532,634,537,489,517,382,448,Squat
386,535,485,644,509,531,381,505,536,638,541,494,520,387,451,Squat
387,541,485,644,509,533,381,505,536,638,543,496,522,387,453,Squat
387,543,485,644,509,535,381,507,536,638,543,496,522,387,451,Squat
388,543,483,644,509,535,381,507,538,638,543,496,522,387,454,Squat
389,543,481,644,509,535,381,507,536,638,543,496,524,387,452,Squat
390,543,483,644,509,535,381,507,536,638,543,498,524,388,450,Squat
390,545,487,644,510,534,383,507,537,640,543,497,523,388,454,Squat
390,543,490,644,510,534,383,507,537,640,543,497,523,387,454,Squat
390,542,492,644,510,534,383,507,537,640,543,497,523,387,454,Squat
390,542,493,644,510,534,383,507,537,640,543,497,522,387,454,Squat
389,542,493,644,511,534,383,507,537,640,543,498,522,387,454,Squat
389,541,493,644,511,534,383,507,537,640,543,500,522,387,453,Squat
389,541,494,644,511,534,383,507,537,640,544,500,522,387,452,Squat
389,541,495,644,511,534,383,507,537,640,545,500,522,387,452,Squat
389,541,494,644,511,534,383,507,537,640,545,500,522,387,452,Squat
389,539,494,644,511,534,383,507,537,640,546,500,522,387,452,Squat
389,539,493,644,511,534,383,507,537,641,546,500,522,386,452,Squat
390,539,493,644,511,534,383,507,537,641,546,500,522,386,452,Squat
390,541,491,644,511,534,383,507,537,641,546,498,522,386,452,Squat
390,542,488,644,511,534,383,507,537,641,546,496,521,386,451,Squat
390,542,488,644,511,534,383,507,537,641,546,496,521,386,453,Squat
390,543,488,644,511,534,383,507,538,642,546,495,521,387,449,Squat
390,543,488,644,511,534,383,507,537,642,546,494,521,387,452,Squat
390,543,487,644,511,534,383,507,537,642,546,494,522,390,447,Squat
390,543,487,644,511,534,383,506,537,642,546,493,522,390,448,Squat
390,543,487,644,511,534,383,507,537,642,545,493,522,388,451,Squat
389,543,487,644,511,534,383,507,537,642,545,493,522,388,449,Squat
389,543,487,644,511,534,383,507,537,642,545,493,522,389,449,Squat
389,543,487,644,511,534,383,507,537,642,545,493,522,389,448,Squat
389,543,487,644,511,534,383,507,537,642,545,494,522,389,447,Squat
389,542,487,644,511,534,383,507,537,642,545,494,522,390,446,Squat
389,542,487,644,511,534,383,507,538,642,545,494,522,390,446,Squat
389,542,487,644,511,534,383,507,538,642,544,494,522,390,446,Squat
389,540,487,644,511,534,383,507,538,642,544,494,522,390,446,Squat
389,540,487,644,511,535,383,507,538,642,544,494,522,390,446,Squat
389,540,489,644,511,535,383,507,538,642,544,495,522,390,446,Squat
389,540,489,644,511,535,383,507,538,642,544,496,522,390,446,Squat
389,540,489,644,511,535,383,507,537,642,544,496,522,391,444,Squat
389,540,489,644,511,534,383,507,537,642,544,496,522,389,446,Squat
389,540,490,644,511,534,383,507,537,642,543,496,522,391,444,Squat
389,540,491,644,511,534,383,507,537,642,543,496,522,390,447,Squat
389,540,491,644,511,534,383,507,537,641,543,496,522,391,445,Squat
389,541,492,644,511,534,383,507,537,641,543,496,522,392,443,Squat
390,541,492,644,511,534,383,507,537,641,543,497,522,390,445,Squat
390,542,493,644,511,534,383,507,537,641,543,497,521,391,445,Squat
389,542,493,644,511,534,383,507,537,641,543,497,521,392,445,Squat
389,542,492,644,511,534,383,507,537,641,543,497,521,392,445,Squat
389,541,491,644,511,534,383,507,537,641,543,497,521,392,445,Squat
389,541,491,644,511,534,383,507,537,641,543,497,521,392,445,Squat
389,540,491,644,511,534,383,507,537,641,543,496,521,392,443,Squat
389,539,490,644,511,534,383,507,537,641,542,496,521,391,443,Squat
389,539,490,644,511,534,383,507,537,641,542,496,521,391,443,Squat
389,539,490,644,511,534,383,507,537,641,542,496,521,391,443,Squat
389,539,490,644,511,534,383,507,537,641,542,496,521,391,444,Squat
389,539,490,644,511,534,383,507,537,641,542,496,521,390,444,Squat
389,539,490,644,511,534,383,507,537,642,542,496,521,390,444,Squat
389,539,490,644,511,534,383,507,537,642,542,496,521,390,445,Squat
389,539,490,644,511,534,383,506,537,642,542,497,521,390,445,Squat
389,539,490,644,511,534,383,506,537,642,542,497,521,391,444,Squat
389,539,490,644,511,534,383,506,537,642,542,497,521,390,448,Squat
389,539,490,644,511,534,383,506,537,642,542,498,521,392,444,Squat
389,539,490,644,511,534,383,506,537,642,542,498,521,391,444,Squat
389,539,490,644,511,534,383,506,537,642,542,498,521,390,447,Squat
389,539,490,644,511,534,383,506,537,642,542,498,521,390,447,Squat
389,539,490,644,511,534,383,506,537,642,542,498,521,390,447,Squat
389,539,490,644,511,534,383,506,537,642,542,498,521,390,447,Squat
389,540,490,644,511,534,383,506,537,642,542,498,521,389,447,Squat
389,540,491,644,511,534,383,506,537,642,542,498,521,389,446,Squat
389,541,492,644,511,535,383,506,537,642,542,498,521,389,446,Squat
389,541,492,644,511,535,383,506,537,642,542,499,521,389,446,Squat
389,541,492,644,511,535,383,506,537,642,542,498,521,389,447,Squat
389,542,492,644,511,535,383,506,537,642,542,498,521,389,447,Squat
389,542,492,644,511,535,383,506,537,642,542,498,521,389,447,Squat
389,542,492,644,511,535,383,506,537,642,542,498,521,389,448,Squat
389,542,492,644,511,535,383,506,537,642,542,498,521,389,448,Squat
389,542,492,644,511,535,383,506,537,642,542,498,521,389,450,Squat
389,542,492,644,511,535,383,506,537,642,542,498,522,388,449,Squat
389,542,492,644,511,535,383,506,537,642,542,498,522,389,449,Squat
389,541,492,644,511,535,383,506,537,642,542,498,522,387,451,Squat
389,540,492,644,511,534,383,506,537,642,542,498,522,389,446,Squat
389,540,492,644,511,534,383,506,537,642,542,498,522,388,449,Squat
389,540,492,644,510,534,383,506,537,642,542,498,522,387,452,Squat
389,540,492,644,511,534,383,506,537,642,542,498,522,388,449,Squat
389,540,492,644,511,534,383,506,537,642,542,498,522,388,449,Squat
389,540,492,644,511,534,383,506,537,642,542,498,522,388,449,Squat
388,540,492,644,511,534,383,506,537,642,542,498,522,387,450,Squat
388,540,492,644,511,534,383,506,538,643,542,498,522,387,449,Squat
388,540,492,644,511,534,383,506,538,644,542,498,522,387,449,Squat
388,540,492,644,510,534,383,506,538,644,542,498,522,388,449,Squat
388,540,492,644,510,535,383,506,538,645,542,498,522,389,448,Squat
388,540,491,644,510,535,383,506,538,645,544,498,522,389,448,Squat
388,540,491,644,510,535,383,507,537,645,546,497,521,389,449,Squat
389,537,491,644,511,535,383,507,536,645,546,496,521,389,449,Squat
389,539,491,644,511,534,383,507,537,646,544,495,521,389,448,Squat
389,540,492,644,511,534,382,510,535,645,544,496,521,388,451,Squat
389,541,492,644,511,534,383,508,537,643,544,495,521,390,448,Squat
389,537,493,644,511,534,383,509,538,641,544,494,521,386,454,Squat
390,536,495,644,510,535,383,511,537,641,544,494,521,389,451,Squat
389,538,494,644,506,534,383,509,537,640,544,495,521,388,452,Squat
389,538,494,644,506,532,383,508,535,639,544,496,521,387,456,Squat
389,539,494,644,507,533,383,510,534,636,545,498,520,389,458,Squat
390,539,494,644,508,533,383,511,534,633,544,498,520,391,458,Squat
391,539,494,644,509,532,383,509,534,631,544,498,521,391,462,Squat
392,542,494,644,509,532,383,507,534,629,543,498,521,394,465,Squat
396,545,496,644,511,532,384,509,533,627,545,499,521,399,467,Squat
403,545,499,643,514,532,384,511,531,624,547,499,521,405,471,Squat
411,545,499,643,516,529,385,509,530,619,551,499,520,412,475,Squat
417,545,499,643,515,526,386,513,527,616,553,497,516,417,480,Squat
421,545,498,640,523,524,386,531,521,614,556,495,511,415,486,Squat
419,543,497,635,530,525,389,535,532,617,558,496,507,408,489,Squat
413,543,497,635,545,528,387,546,537,622,558,496,514,398,489,Squat
408,547,498,640,542,533,385,531,534,625,564,494,520,397,488,Squat
412,544,502,643,534,530,388,526,540,619,568,490,519,400,495,Squat
416,542,504,640,536,534,391,543,536,609,564,489,514,406,496,Squat
419,542,502,632,540,540,392,543,541,604,558,485,515,413,495,Squat
419,544,497,637,547,538,389,545,539,602,552,482,520,408,498,Squat
420,543,495,638,546,538,391,552,542,600,548,477,522,403,496,Squat
422,540,497,634,547,539,392,557,546,600,544,479,523,397,501,Squat
422,541,496,634,548,543,392,561,551,601,548,482,523,396,506,Squat
424,540,495,631,556,543,394,554,545,602,549,478,520,403,506,Squat
428,537,493,632,560,541,399,548,552,596,552,478,516,407,507,Squat
431,538,493,629,554,543,397,566,556,594,552,470,519,395,524,Squat
424,539,489,625,556,550,396,568,555,595,551,459,522,379,534,Squat
419,543,491,626,560,547,401,561,560,599,545,466,522,375,521,Squat
399,565,491,628,561,549,398,573,554,610,555,474,523,362,517,Squat
371,632,480,627,567,550,403,573,552,620,572,473,524,354,520,Squat
359,631,478,625,564,556,396,567,555,633,562,472,527,349,526,Squat
379,557,491,624,569,559,405,563,558,651,567,500,529,356,525,Squat
379,563,497,626,570,552,404,571,554,662,590,516,529,355,523,Squat
366,562,500,622,569,552,402,581,546,671,604,514,529,349,526,Squat
354,576,499,619,571,557,402,580,540,675,602,506,527,349,528,Squat
353,564,508,618,578,552,405,579,543,672,590,506,520,344,533,Squat
350,571,513,623,576,551,401,577,541,672,581,515,521,340,530,Squat
347,567,507,617,574,553,404,577,544,676,579,512,529,336,533,Squat
345,549,497,620,573,555,405,576,546,678,577,498,527,340,531,Squat
348,527,493,618,572,557,405,577,545,677,570,493,526,345,532,Squat
353,534,496,617,571,561,405,580,544,675,568,498,531,348,532,Squat
354,537,500,616,572,563,405,580,546,677,566,496,533,348,530,Squat
355,545,499,619,572,564,406,578,548,677,568,489,533,352,526,Squat
359,542,494,619,569,567,404,577,547,675,566,484,530,353,527,Squat
364,540,494,618,568,567,405,578,547,672,565,483,528,358,528,Squat
370,541,498,616,567,567,405,576,546,668,564,484,528,362,526,Squat
375,543,500,616,570,567,405,577,547,665,561,484,528,363,525,Squat
376,539,496,619,570,565,405,577,547,661,558,482,528,365,525,Squat
376,540,492,617,572,563,402,575,546,661,557,482,528,368,525,Squat
376,539,491,616,569,564,406,577,548,662,555,485,528,371,523,Squat
376,529,493,617,569,563,404,573,550,662,552,485,529,371,523,Squat
379,524,496,618,568,561,405,574,550,662,549,480,531,366,528,Squat
377,523,493,618,569,561,406,575,549,661,543,483,528,365,528,Squat
372,520,488,619,569,558,405,574,552,661,537,490,528,366,527,Squat
370,514,488,620,568,559,404,575,550,661,535,495,528,362,525,Squat
369,505,488,619,570,561,406,574,553,661,535,493,527,358,533,Squat
369,506,490,619,568,563,403,574,552,660,537,493,527,360,536,Squat
361,510,483,617,567,565,405,573,552,656,537,494,526,362,531,Squat
357,522,480,620,573,560,404,574,548,652,537,497,526,360,532,Squat
361,533,482,620,570,562,401,574,547,650,541,498,527,360,535,Squat
365,540,485,620,568,563,404,575,548,649,545,499,527,360,534,Squat
363,541,484,618,566,563,405,573,551,654,547,498,531,363,530,Squat
358,550,484,619,568,562,403,571,550,660,545,499,529,360,529,Squat
354,554,489,619,566,562,400,569,551,668,544,504,524,358,528,Squat
356,550,493,619,566,562,402,571,551,677,544,505,524,357,523,Squat
355,545,497,622,565,564,401,569,552,679,544,505,524,356,518,Squat
354,541,505,622,566,562,401,569,552,680,543,505,523,352,518,Squat
358,540,509,623,567,561,397,563,552,681,544,501,523,352,516,Squat
363,537,511,624,564,561,397,569,549,676,541,497,524,355,512,Squat
368,524,511,624,565,561,397,568,547,671,536,495,525,355,510,Squat
373,511,511,624,567,559,396,567,545,667,535,499,525,359,508,Squat
381,507,511,625,567,559,393,560,545,659,536,499,524,369,503,Squat
390,509,510,626,563,557,392,557,548,649,533,495,523,374,500,Squat
395,513,507,629,560,556,396,557,546,639,528,492,523,383,497,Squat
403,517,504,630,564,552,393,562,539,628,523,492,521,391,505,Squat
410,521,501,630,563,551,390,553,538,616,526,492,519,402,503,Squat
414,520,497,629,558,551,389,542,539,610,527,491,519,410,498,Squat
418,523,494,633,548,548,391,542,540,605,526,490,519,416,496,Squat
427,521,493,633,546,547,393,541,538,597,526,489,519,416,502,Squat
432,533,495,633,543,547,390,529,536,592,529,491,519,421,501,Squat
427,541,494,634,541,543,387,529,536,588,534,489,522,422,495,Squat
420,555,493,636,539,542,384,529,536,591,544,488,519,410,492,Squat
416,552,493,635,530,541,388,521,537,596,552,488,518,406,490,Squat
419,545,492,639,540,540,390,517,534,599,550,488,522,413,492,Squat
430,543,498,641,532,535,388,500,531,597,547,487,525,416,500,Squat
432,543,498,638,515,533,385,509,526,599,546,489,524,415,503,Squat
427,554,496,637,514,530,383,511,524,608,549,493,522,406,498,Squat
422,555,491,640,518,528,383,512,532,616,555,495,523,391,492,Squat
419,553,489,642,517,532,383,513,539,626,559,496,525,378,483,Squat
412,554,490,642,513,534,383,515,540,639,564,499,524,374,475,Squat
403,570,493,642,525,532,383,512,537,649,574,500,523,378,476,Squat
397,575,493,643,525,531,383,516,536,650,583,500,522,385,471,Squat
396,576,493,644,525,530,384,521,533,645,582,496,520,384,474,Squat
396,567,489,643,528,528,383,521,531,642,577,491,521,384,470,Squat
393,559,493,642,525,528,383,520,532,637,572,490,524,381,469,Squat
393,579,493,642,524,529,383,524,535,633,570,491,524,380,471,Squat
393,571,492,642,526,530,383,524,534,631,560,492,524,380,473,Squat
400,557,495,642,526,530,383,519,534,630,558,497,522,380,473,Squat
399,560,499,642,526,531,383,522,534,629,557,499,521,380,475,Squat
394,572,502,642,525,531,383,517,534,627,557,499,522,383,473,Squat
394,566,498,642,524,531,383,520,533,626,557,497,522,383,475,Squat
394,565,497,642,521,531,383,520,534,627,559,497,522,383,471,Squat
397,564,496,643,522,531,383,520,533,628,559,498,523,382,468,Squat
399,565,493,643,523,531,383,519,534,628,559,499,522,378,470,Squat
402,565,492,643,522,531,383,525,533,631,561,498,522,377,471,Squat
406,560,491,643,522,532,383,523,533,635,564,498,524,381,471,Squat
405,558,491,643,526,532,383,523,532,640,568,499,525,384,471,Squat
400,557,491,643,525,532,383,521,532,644,569,499,525,385,468,Squat
395,564,492,643,525,532,384,523,532,644,572,499,522,387,467,Squat
387,574,494,643,526,531,384,522,532,644,576,499,521,381,466,Squat
381,577,495,643,525,532,384,520,532,648,579,501,519,379,466,Squat
380,583,496,643,524,533,384,523,533,649,584,497,521,380,471,Squat
383,595,496,643,526,532,384,526,533,645,595,491,522,384,466,Squat
388,597,496,643,526,532,384,524,531,640,599,491,522,383,466,Squat
397,595,497,643,527,532,384,524,531,634,593,491,522,381,468,Squat
409,590,499,643,527,532,384,523,531,623,582,496,523,380,469,Squat
419,587,501,643,526,532,384,522,532,613,575,499,523,380,471,Squat
425,578,501,643,525,532,384,520,533,607,571,497,523,383,470,Squat
428,571,502,643,526,531,384,521,534,605,569,493,523,382,471,Squat
429,566,502,643,524,532,384,520,534,605,566,492,523,384,468,Squat
427,567,500,643,524,531,384,520,533,608,565,494,523,384,466,Squat
421,570,500,643,525,531,384,521,533,614,571,497,522,382,467,Squat
413,570,500,643,525,532,384,521,533,625,581,499,521,381,469,Squat
404,573,500,642,525,532,384,521,533,633,589,499,522,386,468,Squat
397,577,500,642,525,532,383,524,533,636,595,496,521,384,469,Squat
393,586,501,642,525,532,383,522,534,635,594,492,521,379,471,Squat
393,587,498,642,524,532,383,520,534,632,590,494,521,380,469,Squat
394,588,497,642,527,531,383,525,534,630,588,497,522,380,474,Squat
400,582,502,642,526,531,383,524,533,625,587,497,525,383,467,Squat
403,580,505,642,529,531,383,525,532,623,585,494,525,380,474,Squat
402,583,505,642,530,531,383,526,532,621,583,491,524,379,470,Squat
401,586,503,642,532,531,383,525,532,622,585,491,522,379,468,Squat
401,590,502,642,534,531,383,525,533,623,589,492,522,379,471,Squat
402,597,501,642,534,531,383,525,534,625,592,492,522,379,470,Squat
406,594,501,642,535,530,383,523,534,626,594,491,521,376,470,Squat
410,593,504,642,535,530,383,522,534,622,595,493,521,375,473,Squat
413,596,504,642,533,530,383,521,532,618,599,497,521,377,471,Squat
415,601,505,642,533,530,383,521,533,614,603,497,523,378,469,Squat
416,606,504,642,532,530,383,521,533,611,607,496,523,381,468,Squat
416,611,501,642,528,530,383,520,534,611,612,496,523,380,470,Squat
416,612,499,642,527,530,383,519,535,611,620,496,523,381,466,Squat
419,613,499,643,527,530,383,521,534,610,619,493,523,382,465,Squat
421,616,498,643,526,531,383,522,533,605,613,488,523,382,465,Squat
422,619,494,643,526,531,383,521,533,604,612,484,523,382,465,Squat
424,619,493,643,525,532,383,519,534,603,614,484,523,382,464,Squat
426,617,493,643,525,532,383,519,534,603,615,484,523,384,461,Squat
430,619,489,643,525,532,383,518,534,601,614,482,523,381,464,Squat
434,621,487,643,525,531,383,516,534,597,615,480,524,383,461,Squat
437,639,484,643,525,531,383,517,535,595,632,480,523,383,464,Squat
433,681,469,643,524,531,383,515,536,584,666,471,523,385,459,Squat
438,651,452,643,524,531,383,516,535,574,644,448,520,382,462,Squat
447,609,430,643,525,531,383,516,535,573,620,414,516,382,465,Squat
456,607,432,643,525,531,383,517,535,583,618,394,514,382,465,Squat
447,628,436,643,525,531,383,518,535,602,643,401,521,384,462,Squat
443,627,432,643,525,531,383,519,534,616,644,422,530,388,456,Squat
436,599,431,643,525,531,383,519,533,623,610,438,528,386,455,Squat
436,588,442,643,525,530,383,521,533,621,583,448,524,382,458,Squat
440,572,460,643,524,531,383,521,533,620,579,454,523,388,456,Squat
444,557,473,643,525,532,383,521,533,613,570,459,523,391,457,Squat
445,551,484,643,527,531,383,519,535,604,569,469,521,392,451,Squat
447,554,496,643,525,531,383,519,533,601,578,481,518,387,452,Squat
445,570,504,643,524,531,383,518,533,596,582,491,519,383,458,Squat
445,585,509,643,524,531,383,517,533,591,585,495,522,383,459,Squat
451,586,505,643,522,531,383,518,534,581,580,496,522,384,459,Squat
453,590,493,643,522,531,383,518,534,574,578,497,522,384,459,Squat
458,598,486,643,522,531,383,516,534,563,584,497,521,384,460,Squat
471,609,486,643,523,531,383,518,533,554,604,498,519,383,461,Squat
490,640,477,643,524,531,383,518,533,533,642,485,522,382,467,Squat
501,691,444,643,523,531,383,517,533,510,668,445,522,386,463,Squat
512,719,413,643,523,532,383,518,533,499,675,390,517,381,466,Squat
520,735,400,643,524,532,383,519,533,504,696,359,517,380,471,Squat
523,737,400,643,525,532,383,520,533,506,720,368,521,384,466,Squat
522,751,400,643,525,532,383,520,532,503,724,378,524,382,464,Squat
523,737,404,643,527,532,383,519,532,497,672,363,522,381,461,Squat
522,716,408,643,526,532,383,519,532,496,640,358,519,381,460,Squat
519,700,412,643,526,532,383,519,533,506,626,375,520,382,460,Squat
514,680,426,643,526,532,383,517,533,517,613,384,523,382,463,Squat
501,653,439,643,526,532,383,516,533,547,615,378,523,385,454,Squat
490,631,451,643,524,532,383,516,533,576,607,379,527,385,451,Squat
484,614,459,643,523,532,383,515,533,590,598,390,530,385,456,Squat
482,598,470,643,523,532,383,516,533,600,595,412,526,388,455,Squat
484,589,470,643,522,532,383,516,533,597,604,433,525,388,457,Squat
488,579,465,643,523,532,383,515,533,582,604,435,521,389,453,Squat
500,575,458,643,523,532,383,515,533,565,586,428,518,384,456,Squat
518,582,449,643,522,532,383,514,534,544,588,428,525,383,461,Squat
527,579,439,643,520,532,383,512,536,520,589,414,523,383,462,Squat
528,579,427,643,520,532,383,513,534,514,561,380,518,382,457,Squat
516,574,419,643,520,533,383,518,532,513,552,371,522,387,453,Squat
510,577,420,643,519,533,383,518,533,519,551,385,526,388,450,Squat
502,567,423,643,521,533,383,519,533,527,537,395,526,387,451,Squat
498,547,409,643,522,533,383,519,533,543,528,385,523,388,458,Squat
501,532,399,643,521,533,383,507,534,548,509,380,524,400,454,Squat
500,509,400,643,524,532,384,505,539,547,512,389,527,404,456,Squat
502,509,404,644,516,532,384,515,536,546,516,396,525,408,462,Squat
504,521,397,642,504,536,386,504,531,541,511,394,523,416,466,Squat
509,525,397,641,518,533,392,518,531,532,506,394,521,423,474,Squat
515,525,404,642,520,526,386,538,517,532,500,395,517,425,473,Squat
518,527,405,636,498,530,384,537,525,527,494,395,521,425,465,Squat
518,527,402,638,548,530,393,534,540,519,493,393,520,407,473,Squat
518,528,394,638,539,530,402,556,546,519,488,392,519,398,474,Squat
516,529,382,628,551,541,390,555,540,520,487,404,516,392,474,Squat
511,519,376,635,547,533,392,553,542,523,492,411,520,391,469,Squat
505,501,385,638,551,541,394,563,545,526,493,407,525,388,468,Squat
504,506,396,638,556,541,390,564,545,526,501,401,524,383,477,Squat
496,519,393,634,562,547,391,556,540,537,505,399,526,400,470,Squat
487,518,399,635,562,543,403,550,550,539,500,404,528,419,475,Squat
490,530,420,632,556,543,410,555,548,542,492,415,525,430,484,Squat
498,540,432,630,557,539,392,572,548,534,489,437,531,428,498,Squat
505,543,435,624,556,540,386,569,545,521,499,444,525,421,481,Squat
514,532,439,629,563,538,396,557,546,519,502,422,516,414,483,Squat
523,519,436,630,567,541,427,552,574,506,487,411,516,418,500,Squat
530,489,446,618,558,543,403,570,559,498,470,419,525,414,505,Squat
529,483,436,617,568,553,391,574,547,507,451,394,525,390,504,Squat
521,490,406,621,571,546,405,569,559,518,446,365,526,371,502,Squat
527,512,394,627,569,542,398,570,563,527,465,364,533,364,500,Squat
530,509,381,623,569,559,414,578,566,530,485,353,531,358,504,Squat
527,508,371,617,569,560,408,584,555,529,468,335,523,346,510,Squat
525,486,356,618,578,558,412,589,554,524,461,329,522,339,516,Squat
528,479,344,613,577,560,414,584,561,526,468,329,528,342,520,Squat
539,476,347,618,581,559,414,585,559,523,476,329,534,333,525,Squat
534,491,339,612,587,555,414,593,551,525,488,332,532,330,524,Squat
523,496,323,613,583,559,407,596,543,525,485,332,531,333,523,Squat
519,497,324,606,587,562,413,589,553,524,473,335,529,334,532,Squat
523,502,333,608,587,559,414,591,553,515,472,341,524,344,536,Squat
523,506,341,608,589,556,415,591,551,513,474,342,524,353,533,Squat
521,512,336,610,589,558,417,586,558,518,469,340,528,353,531,Squat
521,508,344,605,587,562,416,585,558,524,465,335,531,357,534,Squat
522,511,358,607,586,563,415,585,557,525,470,343,527,363,534,Squat
524,524,361,608,585,564,414,580,560,523,480,357,525,364,537,Squat
527,525,365,607,582,565,416,577,565,517,486,364,525,363,537,Squat
523,520,375,607,584,566,413,580,564,518,479,363,528,365,532,Squat
524,524,375,609,582,566,414,584,563,508,475,363,527,358,543,Squat
529,522,370,608,578,566,408,588,555,500,475,362,524,368,540,Squat
533,514,368,608,579,566,416,584,561,508,475,361,529,366,532,Squat
538,509,370,611,580,564,414,582,559,510,476,355,535,349,546,Squat
540,511,362,607,581,564,411,583,558,513,476,348,531,346,550,Squat
535,509,352,610,580,562,411,587,553,520,480,341,530,348,541,Squat
530,500,347,610,582,561,411,585,554,521,478,332,530,336,548,Squat
529,509,337,612,580,563,413,583,555,521,469,333,530,334,555,Squat
525,507,334,614,579,563,410,583,556,525,471,330,532,346,543,Squat
525,501,331,611,579,566,410,584,555,518,468,318,527,349,539,Squat
525,506,330,609,575,567,411,582,552,519,468,318,528,351,537,Squat
522,505,335,611,577,565,409,583,553,529,469,323,534,351,541,Squat
518,512,339,611,575,564,409,579,557,525,473,326,532,351,546,Squat
519,516,346,615,578,562,409,577,560,526,480,327,530,351,544,Squat
519,516,351,613,573,565,409,577,561,532,480,335,531,352,539,Squat
516,517,349,613,575,567,407,577,559,531,480,340,529,356,542,Squat
514,515,351,614,572,569,406,580,557,530,482,342,526,361,539,Squat
511,509,356,616,572,568,402,570,560,534,482,352,528,357,534,Squat
513,513,361,616,573,564,403,569,562,525,489,360,527,352,538,Squat
514,518,365,619,574,563,405,571,558,518,486,351,525,360,538,Squat
511,518,365,620,574,562,403,570,557,524,472,355,525,374,527,Squat
510,507,371,619,572,564,401,567,556,533,473,370,532,371,525,Squat
510,501,380,621,567,562,395,562,554,525,483,358,530,368,527,Squat
516,511,376,619,567,563,398,565,551,523,479,358,524,376,523,Squat
511,508,386,624,565,559,399,562,551,534,472,380,531,379,514,Squat
523,495,399,624,567,560,395,559,546,520,484,384,528,369,531,Squat
522,515,386,626,566,556,392,560,545,515,485,372,522,388,526,Squat
513,511,388,627,563,554,391,555,541,525,479,382,522,405,501,Squat
509,483,395,633,556,551,393,548,542,529,492,393,524,398,504,Squat
515,494,391,631,557,551,392,551,541,520,497,372,523,395,520,Squat
508,501,391,629,555,548,387,545,536,527,487,374,522,420,502,Squat
507,497,397,634,545,543,389,539,535,537,483,392,523,430,492,Squat
518,502,394,638,542,544,389,525,531,525,505,399,525,422,516,Squat
515,507,399,632,536,544,389,512,536,523,523,401,523,436,509,Squat
516,501,410,635,539,540,393,504,542,527,521,413,519,454,500,Squat
519,507,414,637,519,537,390,491,532,520,522,417,514,448,503,Squat
519,510,417,636,508,536,386,491,526,515,517,414,512,431,507,Squat
516,509,424,637,509,531,380,502,519,510,507,414,521,420,496,Squat
519,508,425,638,499,533,382,506,527,505,499,411,532,399,495,Squat
523,509,419,642,501,533,381,514,534,504,494,398,540,373,492,Squat
528,504,409,645,507,527,382,510,536,503,483,390,539,366,482,Squat
532,504,398,646,519,525,382,511,534,502,476,381,531,372,476,Squat
533,497,389,646,519,529,382,507,531,506,476,374,520,384,471,Squat
536,491,384,643,518,535,382,512,534,508,480,370,520,391,471,Squat
538,487,381,643,524,535,383,506,534,509,487,368,523,392,466,Squat
538,491,381,643,520,533,383,504,533,511,494,364,526,389,464,Squat
537,500,383,644,520,528,383,500,534,513,494,364,526,384,465,Squat
538,510,385,644,522,526,383,508,533,512,494,367,524,384,470,Squat
537,514,389,644,518,530,384,500,533,511,497,369,524,385,466,Squat
534,517,392,644,519,531,384,504,536,511,497,373,525,385,465,Squat
531,521,391,645,513,532,383,508,535,511,496,373,527,383,466,Squat
530,521,387,644,512,531,383,508,533,511,493,373,527,383,464,Squat
530,517,383,644,512,530,383,508,532,509,491,371,527,382,464,Squat
531,516,382,644,508,530,383,510,532,509,486,368,527,382,464,Squat
531,510,382,644,505,532,383,509,533,510,484,365,525,383,464,Squat
532,507,379,644,513,534,383,508,533,512,483,366,524,385,457,Squat
534,505,376,644,512,534,383,508,531,512,483,366,524,382,460,Squat
536,503,376,644,509,532,383,504,531,513,486,367,524,387,460,Squat
539,504,379,644,516,530,383,508,532,512,487,369,524,384,462,Squat
539,508,380,644,514,530,383,507,532,509,484,370,524,383,463,Squat
537,508,382,644,514,532,383,506,533,508,483,371,524,384,461,Squat
535,509,383,644,516,532,383,508,532,507,484,371,524,384,462,Squat
534,511,385,644,513,532,383,507,531,507,487,368,525,387,464,Squat
533,512,386,644,515,532,383,502,531,506,487,371,524,390,464,Squat
533,511,389,644,515,532,383,507,532,506,486,373,522,388,467,Squat
534,511,389,644,513,532,383,507,532,506,490,376,522,388,466,Squat
535,511,390,644,514,532,384,508,533,505,490,376,522,391,469,Squat
536,507,392,644,513,532,383,502,534,503,489,376,522,397,473,Squat
535,506,394,644,514,533,385,509,532,505,489,379,520,405,477,Squat
531,508,395,643,511,533,385,500,527,507,489,382,517,414,479,Squat
530,507,400,643,509,530,390,514,534,507,491,385,519,417,482,Squat
530,507,405,642,513,528,387,535,533,507,495,393,523,413,480,Squat
534,510,407,641,515,529,380,538,528,505,496,397,521,399,480,Squat
536,511,402,640,524,531,384,515,527,501,496,397,514,395,485,Squat
531,510,400,642,532,533,390,522,538,502,489,397,516,409,491,Squat
530,507,402,639,534,534,390,547,540,505,483,393,522,420,491,Squat
532,511,400,640,537,536,385,538,536,508,483,391,522,422,495,Squat
534,512,398,642,536,527,394,527,544,507,487,393,520,424,508,Squat
535,511,404,637,532,538,390,552,542,508,493,400,522,419,512,Squat
531,513,407,636,535,539,387,545,549,515,499,408,523,407,513,Squat
530,516,409,640,546,542,392,543,548,515,505,413,520,394,515,Squat
529,521,412,633,542,536,395,534,560,512,500,417,527,389,523,Squat
534,512,423,635,541,549,390,560,553,508,498,416,530,388,521,Squat
534,515,424,633,541,549,389,554,546,505,498,415,528,388,518,Squat
529,518,418,638,551,542,398,544,552,505,499,408,526,393,519,Squat
531,512,417,631,549,546,397,547,557,503,485,395,531,397,522,Squat
540,505,413,631,549,549,395,563,559,505,470,387,529,388,529,Squat
545,504,405,631,551,545,399,560,559,508,474,376,529,374,536,Squat
546,508,394,633,549,548,399,566,554,508,490,369,533,364,537,Squat
538,508,375,630,558,553,402,571,559,510,492,357,525,352,539,Squat
535,504,359,627,560,559,400,569,559,518,485,331,528,341,551,Squat
530,506,352,627,564,556,394,564,555,530,478,320,534,341,550,Squat
526,513,344,633,568,548,398,559,556,535,476,313,533,345,545,Squat
529,517,337,631,565,552,395,565,553,522,470,313,528,343,557,Squat
522,505,334,624,561,555,398,572,551,519,465,313,528,350,551,Squat
510,504,332,632,562,550,400,568,552,525,461,316,531,351,546,Squat
518,512,333,625,569,547,400,565,553,522,468,323,526,363,554,Squat
514,510,338,626,568,551,402,563,558,522,473,330,522,375,552,Squat
506,508,344,625,563,550,403,561,557,537,473,347,525,371,552,Squat
511,510,349,628,564,550,399,557,560,533,487,368,530,371,564,Squat
507,514,353,622,566,554,405,561,563,522,494,364,530,378,558,Squat
502,518,351,624,562,555,400,562,556,528,472,360,532,368,561,Squat
507,518,352,623,559,559,399,563,555,526,456,358,533,371,567,Squat
507,520,355,625,560,559,402,565,558,518,462,351,530,372,562,Squat
502,522,352,627,556,561,402,561,561,528,464,352,533,366,562,Squat
507,523,350,625,558,559,402,562,563,531,472,349,539,366,573,Squat
511,519,347,623,560,558,400,565,558,525,473,342,535,369,571,Squat
506,518,339,624,560,558,400,565,556,535,465,340,530,360,571,Squat
507,512,337,627,562,560,401,566,556,539,467,338,534,364,578,Squat
505,519,333,622,564,560,402,569,558,535,468,333,535,365,579,Squat
501,522,335,627,562,560,401,571,559,535,470,329,534,357,580,Squat
502,521,339,623,563,560,403,570,557,545,471,333,538,354,583,Squat
505,525,341,622,565,557,398,569,554,542,474,331,539,359,578,Squat
501,521,346,627,564,558,402,566,558,541,463,326,535,356,582,Squat
500,522,339,625,563,559,402,566,558,544,460,328,535,359,583,Squat
500,520,336,620,563,558,401,568,556,541,468,328,534,360,578,Squat
498,512,346,626,563,561,399,569,551,545,469,326,529,356,577,Squat
494,512,346,624,563,560,397,568,550,552,470,336,532,360,574,Squat
495,512,348,625,566,556,397,564,557,544,484,344,529,367,568,Squat
495,514,348,630,566,556,397,561,559,545,484,339,525,369,564,Squat
499,514,348,624,563,558,399,554,559,543,473,357,530,365,568,Squat
495,502,357,622,563,559,396,556,555,530,482,353,527,375,560,Squat
491,496,368,626,561,559,394,557,554,528,471,339,524,377,551,Squat
503,511,365,626,559,560,391,555,551,540,469,349,532,375,555,Squat
507,510,363,626,560,558,392,552,551,538,487,361,535,382,548,Squat
504,491,380,628,563,553,389,548,548,539,498,353,523,391,536,Squat
505,499,391,631,561,551,391,545,547,538,484,366,517,394,531,Squat
501,510,400,635,560,550,390,542,541,530,488,400,521,399,532,Squat
501,506,411,633,559,546,386,536,537,527,516,394,520,416,523,Squat
503,516,410,631,554,544,389,534,537,532,508,401,522,421,520,Squat
502,523,409,634,551,539,390,529,535,535,488,426,529,424,520,Squat
501,517,422,638,542,539,386,526,536,527,512,417,521,429,511,Squat
506,516,420,635,531,543,385,524,535,528,508,412,514,425,513,Squat
513,515,417,637,533,546,387,516,531,524,490,430,525,421,514,Squat
515,504,417,636,522,544,385,516,532,517,500,412,529,426,501,Squat
521,497,412,638,521,545,387,517,534,518,488,396,520,422,504,Squat
521,503,406,640,527,539,386,510,529,517,468,396,518,422,496,Squat
521,505,406,640,516,529,383,512,524,512,472,388,520,412,496,Squat
521,504,406,640,517,532,383,517,527,512,474,384,520,404,493,Squat
522,509,402,640,521,532,383,514,533,515,478,384,523,392,489,Squat
525,511,401,640,519,534,383,514,533,515,482,382,529,375,490,Squat
529,509,399,643,523,535,383,513,533,516,483,377,529,371,489,Squat
533,508,395,643,519,535,383,513,530,517,484,378,528,377,487,Squat
534,508,394,643,523,531,383,510,529,515,487,375,527,384,483,Squat
533,515,391,643,523,531,383,510,528,514,490,373,527,385,486,Squat
533,519,391,643,519,532,383,507,531,514,488,376,527,385,484,Squat
528,520,392,643,520,533,383,507,532,514,490,382,528,384,483,Squat
528,524,392,643,518,531,382,507,530,512,495,382,528,380,483,Squat
528,531,389,643,515,531,382,504,528,511,496,381,528,378,487,Squat
528,530,388,644,513,531,382,500,530,511,491,383,528,384,482,Squat
528,524,388,644,514,533,382,504,532,510,492,383,528,387,479,Squat
528,521,387,644,514,533,382,506,535,509,488,380,528,382,483,Squat
527,521,386,644,513,531,382,511,534,511,487,381,528,381,478,Squat
527,521,384,644,509,530,382,506,532,511,489,377,527,378,477,Squat
526,521,379,644,519,531,382,508,531,512,488,369,523,378,477,Squat
523,519,375,644,516,532,382,514,528,516,483,365,524,382,474,Squat
521,517,375,644,516,532,382,510,529,521,484,361,525,383,472,Squat
521,514,373,644,518,531,382,509,529,522,479,356,525,382,471,Squat
521,514,372,644,520,528,382,515,532,522,478,355,525,377,481,Squat
521,513,372,644,517,529,382,510,530,523,478,354,526,384,464,Squat
520,512,372,644,517,529,382,509,529,523,481,357,525,380,470,Squat
520,513,372,644,518,531,382,516,529,522,482,361,522,380,474,Squat
520,511,374,643,518,532,382,510,530,521,481,365,521,383,472,Squat
520,512,375,643,520,529,383,510,533,520,483,369,521,378,472,Squat
520,511,377,644,514,529,383,509,533,518,487,372,521,379,473,Squat
520,511,379,644,516,532,383,510,533,518,485,375,521,380,474,Squat
520,511,381,644,518,533,383,512,532,518,484,375,521,380,475,Squat
520,513,382,644,516,532,383,512,531,518,482,376,521,380,473,Squat
520,513,382,644,515,532,383,519,531,518,483,380,524,378,472,Squat
524,515,383,644,518,531,383,514,532,514,483,378,525,378,473,Squat
524,514,384,644,516,532,383,514,533,513,479,378,525,381,473,Squat
527,512,386,644,516,532,383,517,533,513,478,379,525,382,473,Squat
527,513,386,644,519,531,383,516,532,512,480,376,523,385,473,Squat
526,514,386,644,517,531,383,513,530,513,480,376,522,390,473,Squat
526,514,388,644,514,531,383,511,533,516,484,376,525,391,478,Squat
527,514,392,644,513,531,383,507,535,514,488,376,528,394,486,Squat
525,515,397,644,513,531,385,507,538,513,491,381,526,403,487,Squat
525,516,402,643,514,530,386,508,538,515,497,387,518,407,487,Squat
522,519,406,639,516,525,385,502,533,515,502,387,521,409,495,Squat
521,515,410,645,506,526,387,522,530,515,498,386,524,412,487,Squat
526,512,414,641,515,529,390,542,531,514,499,390,526,398,492,Squat
529,514,413,638,528,531,394,546,534,514,501,391,522,391,489,Squat
530,512,407,638,533,531,382,537,533,513,496,391,522,386,488,Squat
527,508,400,640,534,529,386,544,537,513,494,385,523,388,493,Squat
524,508,395,643,539,537,389,540,537,517,486,378,520,399,493,Squat
519,506,391,644,542,531,386,540,537,522,478,378,520,404,495,Squat
515,509,389,632,535,535,395,538,536,522,478,379,525,404,500,Squat
512,508,394,627,552,539,394,554,553,525,479,387,530,401,496,Squat
512,512,393,644,536,533,384,552,543,522,486,396,525,394,500,Squat
514,513,388,644,542,536,388,539,543,518,485,397,519,405,502,Squat
513,509,385,634,551,536,399,547,546,516,480,397,516,417,505,Squat
510,493,389,633,550,542,400,554,546,516,478,397,516,421,509,Squat
513,493,394,629,551,538,392,552,549,512,489,400,519,413,509,Squat
522,501,393,631,548,535,398,545,553,504,498,393,524,398,516,Squat
525,506,394,640,549,541,400,549,567,508,496,386,529,389,517,Squat
528,505,389,631,560,542,399,559,572,510,491,384,529,375,518,Squat
528,513,379,625,556,549,390,579,546,509,499,377,529,363,522,Squat
524,516,380,628,560,559,398,567,561,503,499,368,533,365,530,Squat
527,512,384,626,562,565,404,567,568,504,498,364,537,366,528,Squat
525,512,384,627,559,566,400,580,557,508,498,363,533,360,531,Squat
526,517,376,629,562,560,400,576,543,512,501,362,530,355,536,Squat
527,518,370,629,571,551,399,571,548,512,505,356,528,357,536,Squat
525,517,364,625,573,547,397,564,556,521,507,354,524,355,536,Squat
526,514,362,628,571,546,405,568,557,524,503,351,526,353,540,Squat
526,511,361,623,568,545,400,564,557,522,495,343,526,361,539,Squat
524,511,354,628,568,550,402,565,557,526,485,340,530,361,540,Squat
522,509,352,624,568,552,400,566,559,526,475,338,528,357,545,Squat
522,512,353,624,564,556,403,562,563,520,466,335,529,356,546,Squat
520,513,351,623,564,559,401,561,560,520,462,336,530,356,547,Squat
519,514,347,626,562,557,401,563,559,525,464,337,531,357,551,Squat
515,510,352,625,560,558,404,563,561,525,462,339,534,356,555,Squat
520,516,349,625,558,563,402,562,561,525,464,341,534,360,554,Squat
520,509,348,624,558,562,398,560,556,526,469,348,532,365,551,Squat
523,501,352,626,557,559,403,564,557,523,476,349,531,369,552,Squat
521,507,352,626,557,558,403,565,556,521,468,345,532,371,549,Squat
519,516,349,623,557,559,402,565,556,527,461,347,535,375,550,Squat
518,511,356,628,559,559,399,564,555,523,470,349,531,380,555,Squat
513,520,366,624,560,557,401,563,556,525,478,346,531,379,554,Squat
514,523,371,624,561,559,404,563,556,531,476,359,531,377,561,Squat
516,522,370,622,559,560,400,563,557,524,488,362,526,381,567,Squat
516,517,368,625,561,560,402,565,559,524,489,354,528,381,557,Squat
517,513,367,625,562,559,403,566,559,532,488,354,529,375,557,Squat
516,511,367,625,561,558,402,566,557,531,481,353,530,376,564,Squat
516,513,367,623,560,559,399,567,557,526,479,351,532,373,567,Squat
520,518,365,626,563,557,403,566,558,530,481,350,533,370,566,Squat
515,516,355,626,563,557,407,569,556,533,477,346,537,366,569,Squat
510,514,352,620,565,559,400,567,554,532,473,339,534,358,573,Squat
510,514,345,624,564,559,399,569,555,532,469,334,532,352,570,Squat
510,515,339,626,563,559,402,566,558,539,470,329,532,352,568,Squat
508,513,332,624,563,558,403,569,556,537,472,324,534,358,567,Squat
508,511,335,622,564,560,399,570,556,539,465,321,535,363,563,Squat
508,514,335,625,564,557,403,566,559,541,463,329,536,361,565,Squat
507,518,339,625,565,559,401,565,558,539,468,332,532,365,565,Squat
506,515,349,622,565,558,402,565,560,537,471,333,529,366,562,Squat
507,519,349,625,566,559,398,564,560,541,471,344,531,364,560,Squat
511,523,353,625,562,559,402,562,563,535,484,360,527,366,562,Squat
512,519,361,626,565,555,400,562,561,529,487,354,522,374,557,Squat
508,523,368,625,566,554,398,563,561,532,472,356,525,375,550,Squat
508,524,378,626,566,552,397,562,558,538,476,369,533,373,552,Squat
508,533,383,627,562,554,397,558,558,532,483,359,531,382,547,Squat
505,529,391,628,559,556,396,556,555,529,470,355,528,387,537,Squat
508,525,399,631,560,555,395,559,551,532,467,371,532,382,537,Squat
510,520,403,626,561,553,392,554,550,526,479,401,528,384,538,Squat
512,508,406,631,559,549,391,549,549,520,501,394,518,398,534,Squat
513,509,401,632,558,545,395,550,546,522,491,402,520,403,529,Squat
511,512,397,631,557,545,393,547,544,525,485,419,525,407,526,Squat
508,504,400,631,552,544,387,545,543,521,495,395,517,411,520,Squat
507,502,396,633,549,541,388,540,543,523,483,386,518,407,520,Squat
506,517,385,635,544,541,394,533,550,528,481,394,528,408,511,Squat
507,511,386,636,542,542,386,543,539,522,490,393,529,410,505,Squat
508,504,394,637,529,542,384,537,536,525,491,389,522,407,502,Squat
513,521,382,637,536,546,387,524,536,522,482,397,523,404,519,Squat
513,518,377,641,538,541,390,519,537,517,487,388,519,422,511,Squat
511,502,384,639,533,528,387,527,536,523,482,391,521,432,495,Squat
511,500,395,638,524,526,387,514,538,522,487,397,526,412,504,Squat
516,516,401,639,527,530,385,519,541,522,505,391,531,389,515,Squat
521,522,406,642,524,532,384,520,540,522,506,390,531,375,512,Squat
524,515,408,641,519,537,384,520,538,520,503,387,532,378,504,Squat
524,514,405,642,522,537,384,513,536,520,496,378,532,384,498,Squat
524,517,401,642,518,535,384,515,531,520,485,368,529,388,497,Squat
524,515,396,642,516,531,384,517,531,520,482,368,529,391,496,Squat
523,511,397,643,525,526,383,509,532,520,496,365,526,389,489,Squat
524,515,396,643,519,526,385,502,536,520,504,367,523,384,497,Squat
524,520,396,643,516,526,385,507,537,520,499,375,524,387,490,Squat
524,520,400,644,514,526,384,509,535,520,504,379,524,385,481,Squat
527,522,399,644,511,529,384,505,534,520,506,381,524,379,481,Squat
527,524,394,644,510,529,383,508,534,520,503,380,528,383,476,Squat
526,523,389,644,509,530,383,506,536,519,500,378,529,385,472,Squat
524,519,385,645,510,528,383,511,536,517,497,376,526,384,471,Squat
525,519,384,645,512,528,383,521,531,515,493,373,527,384,470,Squat
522,522,383,645,511,528,383,512,528,515,490,371,530,384,466,Squat
521,524,383,645,509,530,382,509,532,518,492,371,530,383,464,Squat
521,525,383,645,511,531,382,513,535,518,490,371,526,382,464,Squat
519,525,378,645,514,530,383,510,536,521,490,372,524,385,464,Squat
518,518,375,645,513,529,383,506,536,521,493,371,524,388,460,Squat
518,517,372,645,515,528,383,510,535,520,494,369,522,384,464,Squat
518,516,374,645,515,528,383,509,534,520,489,371,522,385,463,Squat
519,517,374,645,513,529,383,508,532,521,492,370,525,383,466,Squat
519,517,375,645,514,529,383,507,532,520,492,369,526,384,468,Squat
518,516,379,645,514,530,383,507,532,520,492,369,525,387,464,Squat
517,516,380,645,511,530,383,504,532,522,491,371,525,385,466,Squat
518,523,381,645,514,528,383,502,532,522,489,371,524,385,466,Squat
518,519,384,645,513,529,383,504,533,521,489,366,524,385,472,Squat
519,514,386,645,507,530,383,504,533,521,495,367,524,389,469,Squat
519,511,388,645,509,531,383,500,534,520,496,371,524,389,468,Squat
519,513,388,645,510,532,384,506,538,517,495,375,524,392,473,Squat
520,511,389,645,509,531,384,504,538,517,496,375,521,399,477,Squat
520,508,394,644,504,531,384,508,537,520,495,376,522,401,480,Squat
518,511,398,644,507,532,386,517,533,522,495,380,524,395,484,Squat
517,512,403,643,509,536,383,520,527,523,493,384,525,389,486,Squat
517,513,407,641,511,537,383,525,527,525,492,390,523,382,488,Squat
515,514,404,642,529,525,381,526,526,525,497,393,520,387,488,Squat
510,511,403,643,533,520,385,519,531,521,495,388,520,402,492,Squat
508,513,399,646,531,520,386,497,535,525,492,386,524,419,497,Squat
507,508,397,645,524,523,386,519,535,528,493,382,526,438,495,Squat
508,506,395,643,520,527,392,517,530,527,494,379,521,439,502,Squat
508,506,394,641,517,530,389,541,535,528,494,377,520,433,498,Squat
507,508,397,634,500,530,389,523,532,527,490,379,523,419,499,Squat
513,510,402,638,539,536,390,528,548,522,490,379,525,408,506,Squat
519,513,402,634,529,532,392,551,549,519,487,383,523,396,512,Squat
525,512,402,639,538,536,384,542,546,515,488,390,521,390,521,Squat
528,515,403,636,541,537,399,550,552,511,493,398,528,388,522,Squat
528,514,408,636,542,542,389,550,554,510,499,408,534,383,523,Squat
528,512,412,637,554,547,386,543,550,513,505,414,532,374,535,Squat
521,503,407,636,550,543,394,551,549,514,500,390,530,368,544,Squat
503,505,402,633,542,544,397,542,559,517,484,383,526,374,545,Squat
497,514,394,634,553,548,396,567,550,514,478,384,523,365,545,Squat
499,529,377,635,557,540,392,558,551,510,485,380,527,361,544,Squat
505,529,364,637,556,545,401,552,558,506,482,374,525,368,543,Squat
507,510,352,632,553,549,395,562,559,500,464,364,525,369,538,Squat
510,481,340,630,551,550,392,561,556,504,450,352,530,364,539,Squat
513,473,328,633,553,557,399,558,559,513,446,347,533,366,546,Squat
516,473,330,630,557,552,397,554,559,512,457,344,535,367,542,Squat
513,487,337,634,554,555,398,562,559,519,465,348,534,357,543,Squat
514,500,345,630,554,557,393,559,554,520,472,357,532,357,551,Squat
511,512,353,630,557,555,399,555,558,512,471,363,535,359,551,Squat
509,516,358,628,559,556,399,558,560,506,475,370,533,359,547,Squat
511,510,360,631,558,553,401,560,560,508,482,363,534,364,545,Squat
517,509,362,629,559,551,398,560,558,515,476,358,530,370,547,Squat
519,508,361,629,558,549,396,561,556,516,472,351,523,370,549,Squat
520,501,365,629,557,549,400,555,557,514,477,346,527,371,553,Squat
524,502,365,629,559,552,400,561,556,515,482,343,531,375,550,Squat
519,513,369,627,560,551,399,558,557,526,474,345,529,372,548,Squat
520,517,368,627,560,554,401,563,556,530,476,347,524,370,552,Squat
523,518,370,627,561,553,402,562,558,525,480,342,526,372,552,Squat
519,516,374,625,559,554,397,561,559,525,477,342,534,372,548,Squat
517,515,378,629,557,556,403,563,562,528,470,341,538,371,552,Squat
521,527,370,628,553,560,400,559,562,526,467,343,534,375,557,Squat
519,518,363,627,558,556,402,564,560,526,473,342,530,371,553,Squat
511,509,360,630,554,557,403,565,559,526,480,345,532,366,552,Squat
513,509,354,627,557,557,402,564,558,524,482,349,535,365,559,Squat
513,512,351,628,557,556,401,566,557,526,483,353,540,368,559,Squat
513,511,350,626,561,555,401,569,557,526,478,352,538,366,562,Squat
512,516,349,626,561,553,401,566,559,526,478,348,536,366,561,Squat
511,512,350,625,561,554,405,568,559,528,480,349,539,359,563,Squat
509,512,352,626,564,553,400,567,558,530,478,351,540,358,564,Squat
509,511,349,626,562,556,399,569,559,529,474,346,540,356,567,Squat
507,514,342,626,564,554,401,568,558,530,475,344,537,357,566,Squat
503,515,334,626,564,553,399,572,553,529,476,335,529,358,561,Squat
499,514,327,628,566,551,403,571,553,534,472,320,531,360,561,Squat
502,488,332,625,565,555,403,571,552,539,469,310,537,364,559,Squat
506,479,340,626,568,552,399,568,551,544,466,313,539,364,561,Squat
506,487,349,626,568,549,403,561,560,548,472,326,539,368,561,Squat
506,493,359,626,565,549,401,560,562,544,477,337,532,366,565,Squat
505,500,363,626,561,556,396,559,562,535,477,342,530,370,559,Squat
505,500,368,627,558,559,397,557,563,538,470,345,530,371,554,Squat
507,496,369,628,552,561,399,556,563,537,466,350,530,374,554,Squat
507,493,368,631,550,561,395,557,558,534,468,351,530,378,548,Squat
507,493,376,630,553,558,397,553,560,535,467,358,532,377,544,Squat
509,498,379,633,554,553,396,552,558,532,469,373,531,379,546,Squat
509,505,380,631,553,553,391,550,553,523,483,374,529,392,538,Squat
507,501,392,632,554,549,393,547,555,522,475,373,527,393,537,Squat
507,504,389,634,557,544,393,544,553,526,472,391,533,393,540,Squat
507,508,385,635,557,542,390,535,549,515,485,400,528,410,526,Squat
502,498,396,632,554,541,388,532,551,517,492,392,523,410,523,Squat
507,497,399,635,550,538,392,529,555,522,487,404,525,407,526,Squat
505,509,396,637,542,539,391,529,548,524,499,411,530,412,529,Squat
506,502,404,636,537,542,388,530,545,522,507,401,528,414,519,Squat
510,500,406,638,534,541,384,530,541,525,496,404,523,402,516,Squat
512,514,394,638,533,540,388,527,540,519,491,402,523,404,514,Squat
512,510,402,640,532,538,387,531,531,513,496,390,522,412,510,Squat
512,505,409,640,526,540,384,530,525,512,482,387,523,408,511,Squat
514,511,406,637,530,538,384,529,525,512,477,394,528,410,504,Squat
521,509,410,638,524,536,385,516,532,511,491,398,528,414,492,Squat
528,505,410,641,526,534,385,518,535,509,497,395,523,407,496,Squat
534,503,412,641,521,532,385,519,533,507,488,398,523,404,497,Squat
535,506,413,641,522,531,384,514,531,503,484,400,523,397,492,Squat
536,506,408,641,521,532,383,513,533,500,482,397,527,387,490,Squat
537,505,404,641,522,530,383,518,533,495,479,392,530,381,489,Squat
537,509,404,642,525,530,383,514,533,495,478,387,530,381,485,Squat
536,514,400,643,525,529,383,515,531,499,476,381,528,385,481,Squat
532,515,395,643,525,527,383,508,529,502,472,375,528,388,479,Squat
530,515,394,643,523,528,383,504,533,504,472,373,524,389,476,Squat
530,514,391,643,521,530,383,506,537,508,480,375,524,388,481,Squat
529,515,393,643,523,530,383,507,534,507,482,376,527,385,487,Squat
528,503,397,644,516,528,383,508,530,508,481,379,529,380,494,Squat
526,503,395,645,505,529,383,511,530,510,481,385,528,376,489,Squat
524,502,391,642,515,532,383,509,533,509,481,385,526,371,487,Squat
522,506,381,643,527,531,383,510,537,506,482,380,528,369,491,Squat
521,505,374,644,518,530,383,506,537,504,479,376,529,371,494,Squat
521,502,369,644,518,530,383,508,532,503,476,374,527,374,493,Squat
519,505,363,644,526,530,383,506,530,504,474,369,527,378,489,Squat
516,504,363,644,523,532,383,505,532,507,473,364,527,382,481,Squat
516,504,362,644,522,533,383,509,533,512,479,363,526,383,480,Squat
515,505,363,644,520,533,383,505,532,513,483,361,526,387,467,Squat
516,507,366,644,516,532,383,511,530,513,482,363,524,385,472,Squat
519,512,368,644,517,533,383,514,530,512,480,367,524,381,474,Squat
521,512,372,644,517,531,383,509,530,510,481,368,524,381,470,Squat
521,507,377,644,523,531,383,512,530,509,481,371,523,379,473,Squat
521,507,380,644,518,530,383,514,530,508,481,373,522,383,469,Squat
523,507,381,644,519,530,383,510,530,507,484,369,522,383,468,Squat
525,511,383,644,521,532,383,512,529,507,487,371,523,381,471,Squat
525,505,387,644,520,532,383,513,529,509,488,373,523,383,468,Squat
523,510,386,644,520,532,383,508,529,510,486,370,524,383,469,Squat
521,512,383,644,521,532,383,507,529,513,482,370,524,383,472,Squat
521,512,383,644,520,533,383,509,530,515,483,370,526,386,472,Squat
525,507,390,644,515,533,383,506,530,515,483,372,524,388,473,Squat
523,523,387,644,517,533,383,505,530,515,478,373,524,388,476,Squat
519,517,375,644,514,534,383,509,533,514,480,378,524,388,477,Squat
523,517,386,643,514,533,383,508,533,512,484,379,524,391,482,Squat
524,503,394,644,516,532,383,508,533,511,481,381,523,392,486,Squat
523,496,393,644,512,535,383,513,533,510,479,384,523,395,487,Squat
518,494,397,642,515,534,387,522,531,511,488,386,525,396,491,Squat
517,496,404,642,515,531,387,527,529,511,493,391,525,393,490,Squat
517,504,410,642,518,528,384,527,527,515,497,398,525,385,488,Squat
518,508,411,642,519,528,383,527,530,519,505,396,522,383,489,Squat
520,504,406,643,522,530,383,525,532,519,503,391,522,397,493,Squat
517,496,400,640,537,533,384,523,535,519,490,386,524,409,499,Squat
514,492,397,640,537,532,383,524,533,522,488,385,520,418,497,Squat
512,493,396,644,529,525,379,534,534,524,490,391,515,418,499,Squat
513,505,395,642,512,529,395,536,540,522,492,394,516,423,502,Squat
512,505,396,640,545,534,411,531,547,519,502,394,518,424,507,Squat
514,504,405,633,534,536,400,548,546,516,499,397,518,420,505,Squat
515,505,411,631,543,535,386,546,539,518,491,399,522,411,506,Squat
519,511,418,636,534,537,395,553,548,518,489,392,527,403,513,Squat
525,504,415,640,540,543,400,543,552,512,487,382,530,402,516,Squat
529,507,408,637,552,544,367,561,537,512,480,384,528,395,514,Squat
528,503,401,631,552,543,389,562,540,511,477,384,526,380,522,Squat
524,507,391,632,550,551,405,557,558,511,488,383,534,375,524,Squat
521,497,393,635,553,551,399,558,562,523,496,383,529,367,521,Squat
523,501,394,636,560,550,388,572,548,521,487,383,529,361,535,Squat
520,509,386,631,557,548,390,561,555,514,490,376,535,374,530,Squat
505,506,373,630,562,558,403,551,565,527,488,362,530,381,532,Squat
507,509,362,629,561,555,395,554,560,532,482,351,524,372,542,Squat
514,512,367,631,551,557,391,565,546,528,479,351,525,362,549,Squat
507,511,376,631,559,550,395,559,549,534,483,355,528,358,544,Squat
505,517,364,630,564,542,401,559,555,535,487,364,523,361,552,Squat
512,514,355,630,557,547,398,562,555,523,495,359,521,368,553,Squat
512,502,351,629,562,544,400,562,555,522,480,353,520,366,548,Squat
507,497,342,629,555,543,397,553,557,525,473,349,525,363,550,Squat
508,506,334,627,560,551,398,561,552,526,483,339,531,362,558,Squat
505,512,330,627,565,555,399,558,559,529,479,326,534,358,560,Squat
504,514,330,623,560,558,400,557,561,537,462,333,535,353,563,Squat
508,510,332,628,560,554,398,559,558,528,461,328,533,352,566,Squat
509,503,334,626,561,553,398,563,555,528,468,321,531,351,561,Squat
509,502,334,626,562,555,401,562,558,529,468,326,528,352,564,Squat
510,502,343,630,561,552,399,561,560,531,470,331,528,357,570,Squat
514,506,354,625,565,555,402,561,562,534,471,336,534,361,568,Squat
514,509,355,627,562,555,401,561,562,536,478,345,529,366,566,Squat
512,509,360,627,560,558,401,564,562,532,479,352,521,369,565,Squat
512,508,366,624,564,556,400,564,559,528,480,354,523,377,564,Squat
511,513,370,626,558,557,397,560,559,531,474,352,526,380,559,Squat
511,521,374,627,561,556,401,561,560,537,474,359,526,383,561,Squat
513,525,384,627,561,556,401,558,561,531,480,361,528,387,561,Squat
512,525,389,627,560,556,400,561,560,531,477,362,528,390,554,Squat
513,523,387,627,557,555,399,554,562,529,472,369,528,389,560,Squat
513,521,378,629,560,555,402,561,558,524,479,365,528,386,564,Squat
513,515,374,626,556,557,399,559,559,531,479,366,527,374,564,Squat
508,515,368,628,558,556,403,559,563,535,486,362,529,367,567,Squat
505,521,353,626,558,553,399,561,560,534,485,351,531,363,566,Squat
500,520,338,625,556,558,396,560,561,538,475,344,532,362,565,Squat
498,508,337,630,553,555,402,559,563,540,469,334,530,361,571,Squat
500,504,329,629,555,557,400,561,559,539,464,326,529,363,568,Squat
500,505,319,627,556,557,402,564,561,539,462,321,530,362,563,Squat
499,495,319,629,557,556,398,560,560,542,461,318,531,363,563,Squat
501,496,322,629,557,557,399,560,563,542,464,316,530,364,568,Squat
503,499,324,629,558,557,400,555,562,543,463,324,530,366,565,Squat
500,494,334,629,557,556,397,558,562,542,470,331,527,362,566,Squat
501,498,343,629,555,557,400,561,565,539,478,336,526,363,567,Squat
505,506,346,630,555,557,395,557,563,541,478,345,526,363,562,Squat
506,503,354,630,558,554,397,556,562,540,481,349,528,364,555,Squat
508,505,362,632,555,553,395,552,561,535,482,348,529,369,552,Squat
508,508,357,632,554,554,394,551,558,533,469,351,531,380,547,Squat
511,501,364,632,556,554,396,552,558,526,467,363,526,385,549,Squat
510,500,376,632,557,551,392,549,553,520,472,365,525,388,539,Squat
510,501,396,632,557,547,392,550,554,524,471,373,528,390,541,Squat
513,519,393,632,556,545,393,548,553,525,479,384,529,402,537,Squat
516,511,410,634,554,541,391,543,549,521,494,393,526,405,533,Squat
516,503,429,634,549,543,392,541,552,526,497,407,523,398,538,Squat
522,514,431,634,550,543,389,533,549,522,496,428,521,404,540,Squat
522,513,433,637,541,540,388,534,544,511,504,422,522,412,531,Squat
525,506,438,637,538,546,388,535,550,508,498,415,524,411,521,Squat
525,511,431,639,540,541,389,534,545,509,484,417,525,411,520,Squat
523,515,423,639,534,542,387,530,538,507,492,403,525,416,514,Squat
522,517,415,640,536,539,386,534,534,509,496,393,525,416,511,Squat
520,519,406,641,533,535,386,525,529,511,490,390,527,421,509,Squat
520,517,410,640,531,534,388,522,532,510,496,394,525,420,515,Squat
523,513,415,640,525,532,386,522,534,513,504,390,521,414,517,Squat
528,516,410,640,520,532,385,508,536,514,501,397,524,410,513,Squat
531,509,412,641,522,530,385,510,540,514,504,404,525,401,514,Squat
531,509,414,643,510,528,383,512,535,512,504,399,524,392,509,Squat
528,520,407,642,515,532,384,512,534,512,494,394,527,383,510,Squat
525,520,401,643,518,528,382,513,531,510,481,390,531,382,504,Squat
522,520,396,643,514,527,383,509,533,510,474,381,530,379,501,Squat
521,522,386,643,518,528,383,514,535,510,473,373,528,379,499,Squat
519,519,376,643,518,527,383,516,533,510,474,366,529,380,496,Squat
514,511,375,644,516,529,383,512,528,514,475,363,529,378,495,Squat
512,515,376,645,513,529,383,505,531,517,473,362,528,378,494,Squat
512,513,383,645,512,529,383,506,536,519,480,366,526,376,493,Squat
512,507,384,643,512,529,384,497,536,519,482,371,526,374,497,Squat
512,513,377,645,512,528,384,503,536,521,482,376,530,377,494,Squat
514,513,374,645,511,527,383,509,535,519,489,384,528,377,491,Squat
517,512,364,644,509,529,383,504,535,513,491,375,524,379,489,Squat
517,518,358,646,512,531,383,507,532,514,484,372,528,382,484,Squat
513,518,359,645,508,531,383,506,531,513,473,372,530,383,487,Squat
512,522,360,644,506,531,383,508,531,512,482,363,529,385,489,Squat
510,528,364,644,507,528,383,513,532,515,478,362,531,383,484,Squat
510,533,367,644,508,529,383,508,532,517,477,364,531,379,484,Squat
511,531,372,645,512,529,383,510,532,517,485,363,530,380,485,Squat
511,528,377,645,508,529,383,515,531,518,486,362,529,381,482,Squat
515,525,381,645,507,529,383,509,532,519,486,366,526,380,479,Squat
519,522,383,644,511,529,383,507,533,519,489,367,525,378,487,Squat
519,520,383,645,513,528,383,512,533,518,490,367,523,381,487,Squat
517,518,385,645,511,526,383,507,533,518,488,369,523,378,484,Squat
517,518,385,645,512,528,383,507,534,518,490,369,525,377,483,Squat
516,515,384,645,513,529,383,514,535,519,489,367,525,380,485,Squat
516,514,381,645,511,530,383,511,532,519,485,367,525,380,483,Squat
516,513,380,645,511,528,383,510,531,519,482,367,526,380,483,Squat
516,512,379,646,512,528,383,513,531,518,481,368,527,380,483,Squat
518,511,379,645,512,529,383,509,532,517,481,370,527,380,485,Squat
520,511,380,645,511,529,383,510,532,514,481,370,527,382,486,Squat
519,511,385,645,511,530,383,513,532,514,480,374,527,383,485,Squat
518,514,390,645,511,531,383,509,532,515,481,378,527,383,485,Squat
518,516,392,645,513,530,383,507,532,515,483,380,527,387,486,Squat
519,512,397,644,512,529,383,503,532,515,479,383,524,392,488,Squat
522,506,398,645,510,530,384,496,533,519,478,386,522,399,494,Squat
521,498,403,645,508,532,384,493,540,521,484,391,517,400,502,Squat
520,497,410,644,507,533,385,512,537,517,484,397,517,397,504,Squat
515,506,410,642,501,533,383,521,532,512,484,400,520,392,499,Squat
511,513,410,643,505,533,387,528,528,511,484,398,525,391,502,Squat
511,518,408,642,517,533,383,526,527,515,486,393,527,397,499,Squat
513,526,403,642,524,531,379,519,524,520,490,394,526,404,500,Squat
513,525,400,644,523,525,388,522,532,521,493,389,523,413,502,Squat
513,520,401,646,512,527,392,542,538,519,492,387,523,414,500,Squat
513,523,401,640,536,527,395,538,536,520,495,389,523,421,499,Squat
517,524,400,636,536,532,385,521,540,527,497,393,519,427,504,Squat
520,523,401,631,549,533,384,539,543,523,492,400,517,426,508,Squat
520,523,407,634,529,529,393,544,548,517,486,403,517,419,508,Squat
527,518,408,646,530,538,408,547,558,508,486,395,520,412,512,Squat
527,516,402,632,556,538,405,543,569,508,486,386,518,401,512,Squat
527,512,395,628,561,542,367,564,538,511,482,389,520,385,522,Squat
521,508,391,632,547,537,391,566,548,512,475,382,524,381,526,Squat
516,506,395,645,550,547,403,555,558,517,475,375,527,378,532,Squat
514,514,392,628,567,548,402,553,562,516,487,382,527,377,534,Squat
515,530,381,633,562,540,390,567,553,515,500,389,527,382,530,Squat
510,529,376,626,564,543,393,566,543,516,492,387,527,387,536,Squat
507,526,381,631,565,545,421,561,560,521,488,385,527,386,543,Squat
508,517,386,633,565,543,406,573,555,524,484,393,522,370,544,Squat
512,518,390,623,559,549,388,573,547,519,489,392,523,362,545,Squat
520,519,387,628,564,552,406,560,560,516,496,384,525,365,546,Squat
522,508,386,625,566,548,399,554,565,521,494,371,527,364,547,Squat
518,508,373,628,563,552,392,563,561,526,476,348,530,353,555,Squat
518,509,357,629,557,560,403,564,565,523,459,325,529,348,555,Squat
514,510,337,625,556,561,402,566,566,528,460,321,527,346,556,Squat
519,507,332,628,559,559,401,564,569,531,469,314,526,348,560,Squat
518,504,325,628,557,562,401,559,569,533,466,305,527,352,562,Squat
514,509,324,627,563,561,401,561,563,537,457,308,529,350,561,Squat
515,517,336,625,562,559,402,563,564,534,459,326,527,353,562,Squat
517,526,337,627,559,558,399,562,564,521,470,337,528,362,557,Squat
510,513,344,624,562,557,402,566,562,519,462,342,532,366,557,Squat
509,513,348,628,560,555,402,558,564,528,461,351,531,374,560,Squat
512,513,351,627,560,557,404,561,565,530,467,357,529,380,560,Squat
509,515,350,622,564,558,404,561,565,525,482,361,526,381,555,Squat
506,516,358,627,560,556,399,559,561,524,480,360,524,380,556,Squat
508,521,361,624,564,556,405,562,560,528,475,357,528,382,560,Squat
510,520,370,623,560,559,403,564,559,528,480,356,531,382,558,Squat
510,523,374,624,560,559,403,561,559,529,484,360,531,381,558,Squat
510,522,370,627,559,558,402,561,561,526,485,360,529,382,562,Squat
515,517,365,627,558,560,404,562,563,524,483,354,527,380,559,Squat
514,513,361,623,558,559,401,566,556,530,476,350,527,379,559,Squat
513,512,361,626,558,559,402,564,558,533,477,348,532,376,562,Squat
515,519,362,623,559,563,403,562,558,531,481,345,533,374,568,Squat
512,523,362,626,556,563,403,567,556,532,473,346,531,369,569,Squat
512,522,364,625,556,562,403,568,555,529,470,350,534,367,572,Squat
510,520,357,623,558,562,404,567,557,526,471,345,535,364,567,Squat
508,517,348,624,560,562,402,567,556,528,472,345,530,358,569,Squat
511,516,342,624,559,559,403,564,560,526,481,339,526,358,570,Squat
511,510,337,626,562,557,405,565,564,534,477,333,528,356,567,Squat
509,511,329,621,560,559,404,566,565,540,476,333,528,356,568,Squat
505,510,331,625,560,560,402,567,566,535,472,323,529,359,567,Squat
507,514,334,623,561,566,399,569,564,533,465,321,532,358,567,Squat
507,514,339,624,560,567,401,564,568,534,455,323,534,360,566,Squat
506,511,344,624,563,565,409,571,563,534,457,326,533,361,562,Squat
508,512,347,623,564,564,404,568,563,532,464,331,528,363,562,Squat
508,516,349,624,566,563,399,570,560,532,472,340,526,366,561,Squat
508,512,353,625,565,564,403,568,564,531,474,348,526,365,563,Squat
510,512,358,618,563,564,399,561,566,531,477,350,526,368,557,Squat
512,519,358,625,564,560,403,565,562,531,472,354,526,374,547,Squat
511,517,365,626,563,561,402,564,562,529,474,362,526,378,545,Squat
511,517,380,628,563,560,398,563,558,524,476,366,527,383,551,Squat
512,525,393,628,563,560,396,561,554,521,475,376,531,388,545,Squat
512,528,401,625,561,556,398,558,553,520,472,394,528,392,541,Squat
514,520,409,624,563,555,397,554,555,514,481,395,523,392,539,Squat
513,523,410,628,559,554,395,551,553,517,487,395,522,401,527,Squat
513,531,419,631,559,552,397,548,553,520,485,408,522,404,534,Squat
514,531,430,631,555,550,400,547,553,521,499,412,524,409,537,Squat
511,513,435,632,551,549,389,538,544,523,501,416,529,413,531,Squat
512,510,434,628,545,552,386,539,543,521,502,423,525,413,527,Squat
517,513,428,634,545,548,389,536,542,517,505,411,522,415,521,Squat
519,509,417,636,544,541,392,538,543,516,498,398,522,418,506,Squat
517,504,405,634,544,543,388,541,540,515,490,391,519,415,504,Squat
515,508,393,638,539,539,386,534,534,517,493,383,520,414,508,Squat
519,516,386,640,534,542,387,531,537,515,490,382,520,417,514,Squat
519,515,383,637,538,541,391,531,538,518,495,380,523,414,504,Squat
517,510,387,638,534,538,386,533,533,530,490,386,524,402,499,Squat
516,526,380,636,528,536,384,526,532,528,485,397,524,394,509,Squat
520,514,379,644,527,535,384,525,532,513,479,393,521,398,511,Squat
516,499,389,644,528,535,386,525,532,503,469,400,520,394,508,Squat
512,506,393,639,528,537,384,525,531,498,468,402,525,384,500,Squat
511,523,394,639,526,533,383,523,531,497,476,397,529,369,505,Squat
511,533,394,643,524,527,383,519,531,500,484,387,527,373,502,Squat
511,534,392,646,530,527,384,523,531,510,487,380,527,381,500,Squat
513,530,391,643,525,530,383,519,529,523,489,375,527,385,493,Squat
516,518,387,643,523,530,384,515,534,532,495,368,525,381,494,Squat
519,509,387,643,520,531,384,508,535,535,492,366,520,382,495,Squat
518,510,390,643,517,530,384,508,535,536,487,368,520,381,495,Squat
514,514,385,643,518,527,384,507,534,531,486,367,521,381,493,Squat
511,518,381,644,515,528,384,506,532,526,487,363,521,383,488,Squat
508,520,380,644,513,529,384,499,534,523,478,363,521,383,488,Squat
508,518,378,644,511,529,384,499,537,521,470,363,523,383,489,Squat
508,513,378,645,513,529,384,503,537,520,469,365,525,383,487,Squat
509,512,381,645,510,529,384,500,535,520,473,365,528,379,487,Squat
511,518,381,645,503,529,383,500,531,524,477,368,530,378,483,Squat
511,516,381,645,507,530,383,508,531,528,481,371,528,376,481,Squat
510,515,381,645,508,531,383,509,531,530,485,373,527,376,481,Squat
510,514,378,645,509,531,382,504,531,525,485,370,524,377,482,Squat
511,511,375,645,510,532,384,506,531,520,481,365,524,379,482,Squat
511,504,375,645,505,531,384,509,528,519,477,364,524,379,481,Squat
511,506,372,645,512,527,384,501,530,520,477,368,522,379,482,Squat
513,510,370,646,515,526,384,500,532,521,481,368,521,379,484,Squat
512,510,373,645,510,530,384,503,533,524,485,369,524,380,482,Squat
512,510,375,645,513,531,384,500,534,524,484,369,525,380,485,Squat
512,512,378,645,512,530,383,500,530,524,482,372,527,380,482,Squat
512,515,380,645,509,530,383,501,530,521,483,372,527,380,480,Squat
512,516,381,645,505,530,384,501,532,520,481,372,527,380,481,Squat
512,516,382,645,507,531,383,505,532,519,481,372,527,380,481,Squat
512,514,383,645,506,532,383,507,532,519,485,372,527,380,481,Squat
512,513,383,645,504,532,383,503,532,519,489,373,524,380,480,Squat
512,512,381,645,506,531,383,502,532,520,490,368,524,380,481,Squat
512,510,381,645,510,530,383,502,532,522,488,367,524,379,483,Squat
513,512,381,645,506,530,383,504,532,526,489,370,525,380,481,Squat
513,512,381,645,509,529,383,505,532,524,487,368,527,380,481,Squat
512,513,381,645,509,529,383,502,534,522,485,368,526,380,480,Squat
512,512,380,645,509,529,383,503,534,522,483,367,526,380,480,Squat
512,515,379,645,509,530,383,503,532,522,481,367,526,380,480,Squat
512,513,379,645,511,530,383,504,532,521,481,368,526,380,482,Squat
512,512,378,645,508,531,383,505,532,520,482,367,526,380,482,Squat
512,512,378,645,508,530,383,505,532,520,482,367,526,379,480,Squat
512,512,378,646,511,528,383,505,533,521,485,369,526,379,482,Squat
512,510,378,645,510,530,383,504,533,521,485,368,526,381,479,Squat
512,509,377,645,509,530,383,504,532,519,487,368,527,381,483,Squat
512,511,378,645,509,529,383,506,531,518,487,369,529,383,482,Squat
512,511,382,645,509,529,383,505,532,517,486,372,530,380,483,Squat
512,511,383,645,507,530,383,505,532,515,485,374,529,380,484,Squat
513,511,383,645,506,530,383,507,532,514,485,375,528,381,487,Squat
513,511,384,647,510,527,383,504,532,514,488,377,527,382,487,Squat
516,509,385,646,512,531,383,501,534,514,489,378,523,386,490,Squat
520,509,387,645,509,534,383,504,534,514,491,378,523,391,491,Squat
522,509,391,645,509,531,383,505,533,513,489,378,524,396,496,Squat
521,508,396,645,509,527,382,507,531,513,487,380,524,396,504,Squat
521,510,403,645,510,527,381,508,532,515,487,384,527,398,508,Squat
521,512,405,645,513,529,382,503,537,516,486,382,527,400,508,Squat
516,511,407,643,513,534,386,511,535,517,482,386,524,397,503,Squat
507,509,409,642,495,541,385,521,529,518,486,395,523,394,501,Squat
500,509,407,640,501,533,387,530,524,521,492,392,529,396,504,Squat
501,507,405,642,514,521,391,531,529,527,492,386,529,403,506,Squat
505,506,403,646,518,519,385,525,534,530,485,393,526,409,513,Squat
508,510,398,643,519,521,380,521,531,526,485,397,523,419,514,Squat
506,513,397,641,509,530,394,525,532,525,488,398,518,423,513,Squat
508,513,399,642,527,538,388,524,541,523,496,405,517,420,509,Squat
510,521,394,640,526,534,383,527,543,518,506,401,520,416,517,Squat
517,520,393,630,526,535,405,524,552,509,504,397,523,405,515,Squat
524,518,393,640,538,537,392,554,558,488,503,394,511,397,522,Squat
526,524,387,640,521,537,379,557,540,482,488,367,516,404,529,Squat
522,527,381,632,553,551,396,547,549,494,475,357,533,400,526,Squat
519,521,373,637,554,543,404,556,559,515,476,354,532,388,534,Squat
516,511,379,633,536,554,385,564,545,526,494,360,524,382,540,Squat
506,509,390,638,551,547,387,558,546,539,506,373,524,379,543,Squat
510,517,400,632,557,543,395,546,551,548,517,391,525,380,554,Squat
524,526,402,639,561,535,389,545,550,537,512,395,526,385,557,Squat
528,525,406,635,553,537,398,543,556,527,489,400,531,378,551,Squat
523,526,402,631,542,540,394,552,553,510,480,410,533,373,551,Squat
522,531,393,636,544,555,402,550,557,497,482,407,533,370,558,Squat
521,535,388,622,550,562,393,558,560,489,487,396,532,366,558,Squat
518,536,377,633,548,563,399,558,562,492,480,387,533,360,558,Squat
528,528,364,629,551,560,396,566,553,494,485,379,533,358,563,Squat
529,516,352,630,564,555,392,564,552,498,496,355,527,355,553,Squat
526,511,341,625,562,561,389,563,555,511,486,338,526,357,555,Squat
529,509,336,629,561,558,401,566,560,517,495,327,527,359,561,Squat
531,498,340,627,559,560,398,560,552,525,507,312,526,358,559,Squat
527,499,344,627,560,561,401,562,554,533,486,309,527,359,555,Squat
527,504,344,629,563,559,399,565,552,532,459,311,527,365,560,Squat
526,508,348,626,562,559,400,563,554,529,467,312,528,368,560,Squat
518,505,363,623,559,559,402,570,551,535,476,319,533,370,558,Squat
517,513,363,626,560,556,399,564,550,535,476,330,531,378,562,Squat
517,516,364,626,558,557,396,560,550,528,475,332,530,380,558,Squat
512,511,376,625,559,559,399,562,549,532,477,339,534,381,552,Squat
511,513,370,622,561,560,402,563,555,531,475,352,532,389,553,Squat
514,516,364,624,559,564,400,562,551,527,483,355,529,391,555,Squat
512,510,372,623,559,563,399,561,554,527,489,360,528,389,553,Squat
512,512,369,625,557,562,403,566,555,527,491,365,530,390,555,Squat
512,513,357,626,563,561,401,568,557,528,490,365,527,389,557,Squat
511,509,361,622,560,564,404,569,556,529,490,357,530,387,557,Squat
510,510,359,619,561,562,402,569,552,529,484,353,530,383,557,Squat
513,514,355,626,562,560,403,569,556,529,475,354,530,382,562,Squat
512,508,360,618,562,565,404,568,556,524,476,355,530,382,563,Squat
510,511,369,620,564,562,405,570,555,520,483,355,530,382,565,Squat
514,516,372,620,564,563,400,575,550,524,488,371,531,381,564,Squat
518,515,371,622,566,563,403,574,554,521,487,371,530,381,567,Squat
518,510,371,620,564,568,406,574,559,519,476,359,532,382,563,Squat
515,507,371,619,564,566,406,576,555,523,471,362,533,382,562,Squat
517,514,371,621,565,567,406,574,555,521,475,365,533,382,562,Squat
517,513,374,618,566,569,406,574,556,519,473,363,533,382,562,Squat
517,513,373,622,565,568,406,574,554,519,470,363,533,382,562,Squat
517,512,372,620,567,567,403,573,554,518,470,362,532,378,562,Squat
520,506,371,617,567,565,407,572,558,515,470,360,531,374,565,Squat
520,510,366,616,567,565,405,572,558,518,474,359,531,370,566,Squat
515,506,363,620,568,564,404,570,559,521,477,358,531,363,571,Squat
516,507,361,621,566,565,404,569,561,522,477,354,532,358,571,Squat
519,507,353,618,566,566,406,571,558,518,475,349,535,355,568,Squat
519,504,344,620,567,564,404,572,554,521,468,340,537,355,568,Squat
517,500,338,621,567,565,404,572,555,523,460,334,536,357,568,Squat
514,500,334,620,566,566,403,571,555,521,460,329,531,357,567,Squat
511,503,331,621,568,562,405,571,556,520,463,327,531,360,566,Squat
510,507,329,622,568,562,404,573,554,523,467,328,531,363,563,Squat
510,506,336,619,567,563,403,573,552,523,469,324,531,362,556,Squat
513,505,347,623,570,560,402,570,555,529,472,326,531,364,558,Squat
518,514,350,619,567,568,401,570,555,528,476,334,524,371,561,Squat
517,512,354,622,562,568,403,568,560,524,483,333,523,372,553,Squat
513,507,371,619,562,568,401,569,560,527,480,340,527,368,550,Squat
516,512,375,621,560,569,397,570,556,530,479,354,528,372,550,Squat
519,511,381,625,559,569,397,559,565,521,481,368,525,374,548,Squat
521,510,400,624,559,569,401,559,566,520,485,374,528,373,543,Squat
524,518,399,626,559,565,398,560,557,516,477,390,530,380,541,Squat
524,518,397,625,560,566,394,563,551,504,480,392,525,388,532,Squat
520,511,402,627,560,564,394,558,553,506,468,388,525,386,536,Squat
522,512,398,627,560,559,394,550,553,513,469,403,532,392,532,Squat
524,508,399,629,556,556,393,554,551,505,490,402,527,399,524,Squat
520,505,399,630,554,555,392,553,550,508,499,389,517,400,519,Squat
517,518,398,634,550,554,394,550,547,512,486,395,519,398,515,Squat
508,522,390,634,556,550,389,544,540,523,491,407,529,409,509,Squat
503,502,390,633,546,545,388,535,542,524,502,395,528,415,514,Squat
507,494,390,636,539,547,390,543,545,527,494,389,525,416,517,Squat
505,508,387,633,546,545,389,541,538,529,483,395,529,417,511,Squat
507,509,397,638,539,543,386,528,538,519,492,390,526,408,508,Squat
515,508,397,638,533,542,386,526,541,516,487,379,524,407,505,Squat
518,511,391,637,523,546,386,526,546,521,479,371,529,408,503,Squat
517,507,393,635,529,546,387,527,544,527,480,370,531,414,504,Squat
517,508,399,640,525,541,387,517,531,527,498,370,528,419,507,Squat
514,513,402,641,528,542,387,510,527,528,506,376,528,416,498,Squat
513,518,409,638,522,538,385,511,530,529,505,387,528,400,498,Squat
513,517,419,637,514,532,384,506,534,527,508,393,526,388,500,Squat
513,512,425,641,521,522,384,515,533,526,511,402,525,381,494,Squat
512,514,422,644,520,522,382,515,528,524,510,416,529,373,496,Squat
512,508,416,644,510,529,381,510,530,520,500,417,530,371,501,Squat
516,498,401,644,517,535,383,510,537,512,486,408,524,378,504,Squat
518,497,384,644,520,534,383,508,539,507,478,395,520,390,494,Squat
516,495,371,643,518,529,384,507,533,510,466,387,524,393,490,Squat
512,496,362,644,520,524,383,510,526,516,464,376,528,389,485,Squat
511,501,359,644,514,527,383,513,523,521,469,360,530,386,480,Squat
507,504,360,644,507,534,383,507,527,527,468,353,530,384,478,Squat
507,508,365,643,510,537,383,511,534,535,471,353,530,379,478,Squat
508,509,370,643,509,535,383,509,536,534,477,353,525,377,481,Squat
510,510,373,644,508,530,383,511,533,531,478,353,523,378,478,Squat
510,509,377,645,509,528,383,514,531,532,478,355,526,378,476,Squat
510,509,380,645,510,530,383,510,530,532,484,356,527,379,474,Squat
510,515,379,645,508,532,383,508,531,532,489,359,525,380,478,Squat
510,518,379,645,506,532,383,507,535,531,487,365,525,380,478,Squat
510,518,379,646,510,532,383,506,534,531,491,367,525,379,479,Squat
510,520,380,644,508,532,383,505,534,531,492,375,525,377,477,Squat
510,520,379,644,505,530,383,505,532,528,492,380,525,379,478,Squat
510,520,379,644,506,529,383,506,532,524,490,379,525,381,476,Squat
510,518,380,646,511,529,383,508,533,523,487,378,526,381,472,Squat
510,519,383,644,507,532,383,509,534,521,487,378,526,381,474,Squat
510,522,384,644,504,533,382,508,534,520,485,377,526,381,474,Squat
511,517,384,642,503,532,382,508,534,520,486,374,525,381,476,Squat
514,512,386,648,509,530,382,510,533,520,485,371,525,383,475,Squat
514,511,387,644,510,529,382,510,533,521,485,372,525,385,474,Squat
515,507,387,644,508,531,382,507,531,522,486,374,523,383,474,Squat
515,507,386,643,508,531,382,510,532,523,492,374,523,383,474,Squat
515,505,386,647,511,530,383,512,532,522,488,372,524,386,476,Squat
514,500,387,646,515,528,381,508,532,522,487,372,524,385,480,Squat
512,504,388,644,512,532,381,515,535,523,486,378,527,381,480,Squat
508,508,389,644,512,533,383,510,538,525,490,380,529,380,479,Squat
507,509,392,645,512,531,382,512,530,524,490,373,533,380,479,Squat
507,507,391,646,512,532,383,511,528,527,496,373,532,380,479,Squat
507,508,384,645,512,532,383,511,532,530,496,374,526,383,478,Squat
508,508,374,643,514,528,383,509,533,527,488,370,519,385,484,Squat
514,508,370,646,517,521,383,509,535,522,482,372,517,394,484,Squat
517,508,373,645,515,522,383,506,535,518,487,371,517,399,485,Squat
518,506,379,643,511,529,383,509,534,519,488,374,519,406,490,Squat
517,510,390,641,511,529,385,518,533,516,485,378,519,410,494,Squat
515,515,403,643,511,528,389,533,528,519,485,378,524,412,488,Squat
511,516,406,644,510,531,391,536,527,525,484,377,525,403,497,Squat
511,513,408,640,522,530,383,531,527,525,487,385,521,398,501,Squat
515,512,408,642,530,528,379,527,535,519,494,391,515,387,509,Squat
520,518,412,640,523,532,387,543,537,511,493,397,519,390,508,Squat
517,514,415,644,539,533,384,536,535,519,489,390,522,398,505,Squat
508,516,406,644,538,530,384,528,536,534,477,379,516,403,508,Squat
499,521,390,644,539,530,396,539,544,541,470,378,518,409,514,Squat
497,519,381,640,526,530,400,536,549,536,480,373,525,414,516,Squat
497,522,380,641,518,539,375,513,539,535,496,378,526,415,517,Squat
500,523,384,641,532,545,381,541,538,534,503,394,522,408,523,Squat
505,530,389,636,530,539,400,531,558,527,502,404,523,400,531,Squat
508,526,395,635,533,534,415,552,555,522,496,411,526,394,532,Squat
513,520,393,633,546,544,388,550,554,515,502,410,525,396,532,Squat
513,516,383,642,532,542,382,542,552,515,520,399,527,390,535,Squat
515,515,379,635,548,542,402,553,564,518,521,388,522,389,533,Squat
514,518,377,632,556,538,396,552,559,516,509,376,521,383,535,Squat
508,517,376,626,557,550,397,561,547,514,506,359,525,372,545,Squat
508,512,384,627,551,545,399,559,559,518,512,361,532,360,555,Squat
517,513,389,637,550,546,394,566,552,518,529,370,535,355,546,Squat
521,516,387,627,559,549,389,568,548,522,523,383,539,352,543,Squat
525,507,388,634,564,548,400,569,557,522,502,386,529,357,548,Squat
521,502,382,627,562,556,400,565,556,516,502,370,527,363,542,Squat
516,494,375,626,566,561,401,565,556,523,486,361,523,368,541,Squat
518,487,368,628,571,556,397,576,546,525,456,358,518,373,544,Squat
520,500,360,625,569,551,404,571,549,521,451,347,520,373,540,Squat
516,501,365,626,564,544,406,568,560,526,456,341,521,376,538,Squat
513,510,365,631,562,544,403,573,557,530,460,345,522,375,538,Squat
510,511,361,624,566,553,403,568,560,528,466,350,525,374,547,Squat
513,508,360,624,570,554,405,564,561,523,463,345,530,377,547,Squat
511,506,360,623,568,552,405,565,560,524,456,348,533,373,547,Squat
512,503,363,626,567,553,403,566,557,532,460,345,535,364,553,Squat
512,507,363,627,566,549,399,566,554,535,480,349,533,368,554,Squat
512,510,358,624,566,551,405,570,554,531,490,354,530,366,555,Squat
518,505,360,625,568,551,405,571,552,530,489,348,532,363,553,Squat
525,503,355,620,563,553,403,571,553,534,484,340,533,368,551,Squat
517,506,357,625,565,553,403,570,553,536,490,344,525,371,547,Squat
503,509,362,622,567,555,404,571,556,538,496,354,522,372,548,Squat
496,519,357,624,565,554,406,570,559,531,500,355,526,372,549,Squat
499,518,359,623,563,558,405,570,560,528,490,354,532,372,549,Squat
507,518,366,622,567,555,405,570,561,535,471,353,533,373,554,Squat
514,515,373,625,565,555,405,568,562,534,463,352,534,375,555,Squat
514,507,374,624,565,556,407,572,562,527,462,346,538,378,547,Squat
507,501,374,625,567,559,405,570,564,530,465,353,536,378,551,Squat
506,502,374,619,568,559,407,571,564,528,481,359,531,378,552,Squat
505,508,372,621,570,552,407,569,565,529,488,360,531,379,551,Squat
501,509,372,624,569,553,408,570,565,533,486,363,529,378,557,Squat
504,508,369,622,571,551,406,569,562,536,494,365,529,376,559,Squat
507,510,362,622,571,550,407,570,565,534,497,360,529,373,556,Squat
502,506,357,617,571,551,405,574,562,536,493,356,527,370,558,Squat
498,511,356,624,569,552,408,568,566,539,485,356,531,370,564,Squat
500,519,356,621,571,550,406,568,563,539,486,355,535,371,561,Squat
499,523,355,624,570,554,410,566,570,539,485,353,530,368,567,Squat
500,522,353,622,569,557,403,572,563,539,482,358,526,369,570,Squat
502,525,346,622,569,554,401,572,561,538,485,351,529,366,564,Squat
493,529,341,621,570,553,406,569,561,544,483,341,532,366,564,Squat
486,540,346,624,568,556,406,570,558,547,471,342,532,364,568,Squat
490,539,354,621,568,559,403,571,556,542,478,346,535,362,566,Squat
488,528,361,619,573,553,403,576,550,534,477,343,532,364,566,Squat
490,514,365,622,572,550,401,574,552,536,470,347,530,361,566,Squat
494,502,361,622,569,554,402,574,552,540,472,350,528,362,567,Squat
496,490,351,624,566,554,404,567,555,545,476,340,530,367,562,Squat
494,491,343,625,564,555,404,568,555,553,475,334,528,370,559,Squat
491,505,338,624,564,555,401,568,554,553,468,333,528,369,563,Squat
491,510,341,628,561,558,400,566,555,546,466,334,529,372,560,Squat
489,519,342,627,560,559,398,555,561,544,466,335,531,375,548,Squat
492,521,345,626,558,555,400,565,554,544,461,343,531,380,549,Squat
499,524,350,630,556,556,399,562,557,540,464,346,529,382,547,Squat
500,533,359,630,554,557,397,559,557,539,465,349,529,383,545,Squat
504,548,370,632,555,552,392,555,556,539,469,357,529,384,539,Squat
507,547,381,631,557,552,396,549,557,534,482,362,527,386,533,Squat
511,537,386,633,553,549,394,552,551,532,488,361,528,392,533,Squat
510,527,385,633,554,548,392,553,550,534,484,362,531,404,528,Squat
509,522,392,633,552,548,390,542,551,536,484,373,524,406,526,Squat
511,515,404,635,549,546,391,542,551,530,490,376,522,410,525,Squat
514,521,405,635,544,544,392,537,547,528,487,380,522,417,518,Squat
513,518,411,635,542,543,390,539,546,526,482,394,523,417,524,Squat
515,515,415,637,544,541,391,536,542,520,492,393,523,417,526,Squat
516,519,416,637,537,540,390,533,543,520,484,400,526,416,518,Squat
516,518,418,638,535,543,388,535,539,520,487,409,531,408,521,Squat
520,517,421,638,529,543,388,529,545,511,497,410,528,400,525,Squat
524,515,419,638,530,548,390,536,546,505,495,408,526,394,523,Squat
526,511,418,637,532,550,385,533,542,504,492,411,528,389,517,Squat
526,501,418,637,529,547,386,541,542,505,503,412,531,375,523,Squat
529,509,410,640,532,547,386,533,538,498,495,405,527,374,521,Squat
529,514,405,640,532,543,388,531,542,496,471,403,526,379,515,Squat
529,505,405,639,536,541,387,538,540,502,460,406,530,372,517,Squat
530,508,401,639,535,535,384,533,532,502,469,403,531,366,516,Squat
530,514,396,641,529,534,384,531,532,503,467,400,532,395,491,Squat
525,506,392,643,533,539,385,523,532,503,456,400,531,403,492,Squat
522,516,388,642,531,538,385,524,532,497,450,395,522,399,491,Squat
518,520,384,642,527,536,384,521,532,496,443,391,516,397,493,Squat
515,521,383,640,526,535,384,517,533,500,444,394,522,393,488,Squat
514,523,383,641,529,529,384,519,535,495,456,392,522,386,487,Squat
514,526,386,643,534,527,383,520,535,493,460,387,521,387,487,Squat
517,532,390,643,530,526,385,515,534,499,465,392,524,386,481,Squat
522,540,388,643,526,526,384,516,533,503,472,397,523,386,483,Squat
525,543,386,643,521,531,383,510,532,503,477,390,521,386,485,Squat
524,541,388,643,523,532,385,510,534,503,479,388,522,387,480,Squat
519,539,386,643,518,531,384,511,534,506,479,383,523,384,478,Squat
516,557,384,643,517,530,384,509,531,507,481,378,519,381,478,Squat
519,574,384,643,515,530,384,512,533,508,480,371,520,381,478,Squat
517,558,385,643,517,531,384,513,533,508,478,365,525,382,475,Squat
517,549,382,643,517,528,384,503,533,510,479,359,525,381,478,Squat
517,544,377,644,515,527,384,502,536,510,474,358,524,381,477,Squat
517,546,375,645,513,528,383,509,536,513,471,363,524,380,476,Squat
516,543,375,643,514,531,383,507,536,513,475,365,524,380,476,Squat
516,539,378,644,517,528,383,511,532,513,477,364,527,382,477,Squat
516,541,377,644,512,529,383,513,529,513,475,361,530,382,477,Squat
515,535,380,644,512,529,383,505,531,513,476,368,528,381,476,Squat
514,525,383,643,511,528,383,509,533,512,474,372,527,379,480,Squat
514,523,383,646,516,525,383,513,533,511,476,375,529,381,477,Squat
514,521,383,645,512,529,383,510,533,509,486,378,529,380,476,Squat
514,516,384,644,510,532,383,510,530,512,500,382,527,381,477,Squat
514,522,382,643,507,531,382,509,532,512,496,378,526,381,479,Squat
513,520,381,647,508,528,382,512,532,512,486,371,528,381,476,Squat
513,512,383,645,511,528,382,512,532,513,484,368,528,381,476,Squat
513,517,379,644,508,532,382,511,533,513,488,367,528,380,474,Squat
513,519,377,644,509,530,382,510,533,509,486,365,528,381,477,Squat
514,514,376,644,507,529,382,513,530,509,488,362,528,381,479,Squat
517,519,373,645,512,526,382,510,529,514,497,363,528,383,476,Squat
517,519,366,644,511,529,382,509,530,515,487,365,528,378,476,Squat
517,511,364,644,507,530,382,512,530,512,473,362,529,376,478,Squat
513,502,367,644,507,530,382,512,532,508,477,362,530,378,480,Squat
511,510,374,646,508,531,383,510,532,509,483,367,533,380,482,Squat
511,521,377,646,512,528,383,510,531,513,482,371,533,381,483,Squat
516,523,378,644,509,531,383,510,530,514,481,371,528,382,485,Squat
522,525,382,645,510,530,383,510,530,511,484,369,528,381,487,Squat
524,520,388,644,511,528,383,508,531,509,485,372,528,381,481,Squat
525,512,393,646,511,529,383,506,533,508,487,373,528,380,487,Squat
528,510,398,646,511,530,383,506,533,508,493,375,529,384,486,Squat
528,512,400,645,511,532,383,505,533,508,494,378,526,387,481,Squat
529,514,404,645,509,531,383,501,534,506,494,381,525,395,482,Squat
533,517,409,645,505,531,379,503,536,501,492,381,528,405,490,Squat
534,509,412,645,501,532,383,508,537,500,493,385,536,420,498,Squat
527,495,419,644,498,536,386,496,535,503,486,398,540,432,501,Squat
525,491,425,645,500,531,383,508,522,506,487,411,533,427,507,Squat
520,501,418,649,499,534,386,500,521,511,494,414,518,424,512,Squat
517,512,411,646,506,532,390,516,525,519,497,415,514,417,513,Squat
515,518,412,640,522,521,392,530,542,519,501,413,522,407,507,Squat
512,519,411,618,545,514,383,522,534,517,505,400,523,400,502,Squat
509,517,406,639,534,512,390,546,531,521,500,392,520,400,499,Squat
510,513,401,654,511,534,385,551,536,523,490,391,523,405,504,Squat
510,510,403,637,547,537,396,537,542,520,477,395,529,402,510,Squat
511,505,413,634,549,531,398,545,555,515,472,399,524,392,521,Squat
514,508,418,639,520,542,382,555,537,506,481,408,527,388,524,Squat
511,504,422,642,544,547,392,560,544,500,481,412,536,386,528,Squat
513,490,427,625,541,551,395,555,548,510,480,413,538,384,529,Squat
519,491,415,636,551,554,402,552,558,523,484,408,533,387,533,Squat
524,495,396,637,567,539,393,561,546,522,484,396,531,385,528,Squat
517,498,376,644,531,539,392,565,533,519,472,378,530,381,526,Squat
503,499,354,630,554,557,400,566,544,518,461,365,531,374,533,Squat
498,509,339,628,561,552,401,564,555,515,445,352,534,368,534,Squat
501,513,336,627,563,556,402,564,561,518,442,346,530,364,532,Squat
506,507,341,622,556,558,398,569,558,518,451,339,525,361,538,Squat
504,507,345,630,568,557,398,570,563,513,465,339,523,363,541,Squat
500,506,355,629,563,555,408,576,558,511,472,341,534,366,532,Squat
492,508,370,624,569,560,400,577,549,514,465,355,543,363,537,Squat
496,509,380,625,568,561,399,574,551,522,466,363,540,367,541,Squat
503,514,378,626,569,556,406,566,556,531,493,379,531,367,544,Squat
511,508,376,620,564,560,405,564,552,523,511,383,521,365,545,Squat
509,495,370,621,563,555,402,571,557,517,508,374,522,361,544,Squat
501,485,363,623,569,550,400,569,561,528,496,365,529,359,551,Squat
504,489,356,624,568,551,406,566,568,536,489,354,530,367,548,Squat
501,502,353,627,562,557,405,565,568,534,479,342,535,360,544,Squat
498,505,357,625,556,565,405,570,568,537,467,338,538,361,549,Squat
494,518,354,624,552,571,405,568,561,539,464,337,535,366,552,Squat
497,521,353,623,561,566,404,565,566,537,459,331,533,377,547,Squat
493,516,354,624,563,564,405,567,562,532,450,325,532,376,542,Squat
490,511,358,625,562,561,402,572,561,532,453,329,527,377,544,Squat
489,514,356,625,559,561,407,569,562,536,469,333,528,379,541,Squat
490,513,360,621,563,560,406,569,557,540,480,338,532,374,542,Squat
493,508,369,625,562,558,404,564,561,545,481,344,527,376,546,Squat
494,515,369,624,562,556,404,569,562,542,489,347,526,375,542,Squat
487,513,367,625,563,560,406,570,561,537,488,354,531,374,544,Squat
487,513,362,620,564,561,405,570,560,537,486,357,527,379,548,Squat
488,518,355,627,559,562,403,566,561,539,488,353,527,375,550,Squat
488,516,355,621,562,566,406,569,560,540,486,352,532,374,549,Squat
487,517,355,626,556,563,406,568,557,537,482,353,536,373,549,Squat
488,521,358,622,559,562,406,568,553,535,480,358,538,373,548,Squat
492,517,363,627,557,562,405,570,555,537,474,363,537,372,551,Squat
497,516,367,620,565,562,404,572,552,536,470,367,535,372,550,Squat
498,512,367,623,564,560,403,573,554,531,472,369,532,370,549,Squat
498,509,368,623,565,557,405,571,559,526,476,371,532,372,550,Squat
496,505,370,624,564,559,404,571,559,529,482,370,532,370,555,Squat
494,510,370,624,565,561,404,568,564,534,477,369,531,368,555,Squat
494,515,370,621,564,564,406,568,564,535,480,368,535,363,558,Squat
491,515,373,622,564,562,403,566,564,530,488,359,530,362,556,Squat
492,524,364,623,562,559,400,570,560,531,492,343,528,360,554,Squat
487,528,350,625,563,559,400,562,564,542,489,333,534,358,553,Squat
485,517,344,621,566,562,406,567,565,544,485,319,537,361,553,Squat
481,505,331,624,562,559,403,567,557,544,485,311,537,362,555,Squat
481,511,327,623,563,560,403,569,550,543,479,311,536,360,555,Squat
481,497,336,622,563,561,398,569,546,543,478,316,536,360,556,Squat
485,496,341,628,562,554,400,570,545,546,476,319,533,362,558,Squat
485,491,349,624,565,553,404,566,548,550,471,326,528,363,556,Squat
485,489,356,625,560,555,402,567,551,548,473,342,528,360,555,Squat
487,486,361,624,562,556,400,564,558,544,476,350,528,364,556,Squat
490,488,367,626,561,557,398,561,556,542,468,353,532,368,552,Squat
492,500,370,626,556,561,399,564,554,542,463,360,536,369,552,Squat
491,504,375,624,559,563,401,562,556,539,461,367,532,373,553,Squat
490,511,378,627,557,561,398,566,550,536,470,375,529,377,549,Squat
493,516,377,624,559,562,399,566,551,536,473,378,529,379,548,Squat
496,511,377,627,557,557,396,564,552,533,468,380,529,384,551,Squat
499,508,377,629,560,556,396,561,554,529,470,372,534,388,544,Squat
500,506,377,627,560,556,396,558,553,530,470,374,536,385,544,Squat
501,507,382,630,557,558,394,559,549,534,471,384,527,385,539,Squat
497,516,387,627,559,559,390,552,550,532,482,383,524,386,536,Squat
498,523,385,630,555,556,390,552,552,533,488,383,530,389,530,Squat
500,520,387,631,555,551,394,547,550,535,488,385,527,395,529,Squat
503,510,387,633,556,552,391,546,546,533,486,379,525,400,524,Squat
502,504,388,635,551,550,390,544,543,532,475,378,527,400,524,Squat
501,503,393,632,547,551,390,540,542,533,472,388,524,403,523,Squat
501,503,399,633,545,546,390,536,539,527,485,385,526,403,520,Squat
501,508,409,634,544,544,386,539,540,525,483,381,531,404,519,Squat
504,513,415,638,542,543,385,538,537,527,482,392,528,406,519,Squat
508,514,420,640,531,543,384,533,534,527,482,404,519,414,507,Squat
511,511,421,638,530,552,385,521,535,525,499,403,514,415,500,Squat
510,509,413,636,532,548,385,531,538,522,511,397,514,422,506,Squat
512,509,406,641,528,543,385,520,536,517,508,394,516,424,516,Squat
512,508,406,642,520,540,389,491,544,516,498,389,521,418,513,Squat
511,508,412,639,526,545,390,504,524,521,487,390,526,408,509,Squat
510,515,414,637,523,540,384,510,515,525,486,395,530,396,513,Squat
513,521,414,641,517,530,385,493,513,525,498,395,528,391,506,Squat
513,525,411,643,506,524,384,487,523,525,499,398,528,383,508,Squat
513,522,407,643,505,525,384,499,534,524,493,400,529,382,501,Squat
513,517,399,644,508,527,384,493,536,519,484,395,532,379,500,Squat
513,515,393,643,499,535,384,493,531,517,477,389,532,379,498,Squat
513,513,387,646,498,536,385,493,527,516,470,386,534,380,496,Squat
513,517,382,646,502,531,383,501,526,516,468,380,535,380,494,Squat
512,522,379,646,501,528,383,498,529,516,470,373,533,380,494,Squat
511,523,379,646,498,531,383,504,534,519,474,372,531,379,494,Squat
514,526,379,643,493,535,383,500,537,521,478,374,531,380,493,Squat
514,520,381,642,496,534,383,499,534,521,484,376,529,382,493,Squat
512,512,387,644,495,534,383,499,531,521,492,379,531,381,493,Squat
513,517,392,644,495,533,382,502,527,522,494,383,533,382,490,Squat
514,534,394,644,497,529,382,494,532,523,490,387,532,382,492,Squat
516,534,391,644,495,530,383,498,534,523,489,384,528,382,490,Squat
512,533,382,644,498,531,383,499,533,521,486,376,526,382,489,Squat
508,537,369,644,503,533,383,498,532,516,471,371,530,381,487,Squat
504,529,365,645,507,532,383,501,530,515,460,367,531,381,484,Squat
504,521,364,645,506,530,383,499,530,514,461,360,531,380,484,Squat
507,520,364,645,509,529,383,497,530,519,466,356,533,379,487,Squat
507,522,365,645,508,527,383,503,532,524,468,357,532,380,483,Squat
506,522,368,644,500,529,383,501,533,527,472,358,527,376,488,Squat
507,520,369,644,504,531,383,496,532,527,480,360,527,375,492,Squat
507,518,371,644,504,532,383,500,529,527,488,360,528,378,492,Squat
506,514,377,644,503,532,383,500,529,529,490,364,528,378,492,Squat
503,511,382,645,502,530,383,496,531,528,485,367,527,373,497,Squat
508,512,385,645,502,528,383,499,531,526,485,371,528,375,496,Squat
508,512,385,645,502,529,383,501,531,525,483,372,531,376,496,Squat
507,515,385,644,503,531,383,498,531,521,478,375,531,376,499,Squat
507,516,384,644,502,531,383,495,528,517,476,371,530,378,497,Squat
505,511,380,645,501,531,383,498,527,518,475,369,533,377,496,Squat
504,511,376,645,505,530,383,497,531,520,474,367,532,377,495,Squat
505,515,376,646,506,529,383,496,534,519,472,362,530,377,495,Squat
506,514,373,646,503,530,384,494,534,520,474,362,530,376,493,Squat
505,514,373,646,503,532,384,494,534,523,476,365,530,375,496,Squat
506,507,372,645,506,532,384,498,533,523,478,368,530,378,497,Squat
508,509,377,645,505,532,384,500,531,520,479,369,531,379,495,Squat
506,528,381,645,503,531,384,499,531,519,479,372,531,378,491,Squat
507,512,383,645,502,529,383,500,532,521,477,375,531,378,493,Squat
510,520,383,645,498,529,383,497,536,521,480,379,530,379,495,Squat
511,532,383,645,500,530,383,501,535,518,480,381,530,378,495,Squat
511,533,386,645,500,530,383,501,535,519,479,379,530,377,488,Squat
511,527,385,645,499,530,383,500,532,522,478,375,531,378,484,Squat
510,525,383,644,498,529,383,501,532,521,478,372,531,381,486,Squat
509,524,382,646,499,528,383,502,532,520,475,370,531,382,486,Squat
514,525,381,644,496,530,383,500,534,519,474,370,530,382,488,Squat
517,521,383,644,497,530,383,499,534,517,474,373,529,386,485,Squat
518,517,388,645,501,528,383,501,533,516,477,376,531,389,485,Squat
518,516,395,644,497,530,383,499,535,515,477,379,532,395,487,Squat
524,520,399,647,499,529,383,498,535,513,479,387,527,405,489,Squat
526,519,407,642,490,534,384,490,534,510,482,390,523,413,494,Squat
525,519,414,641,496,534,384,494,535,511,484,397,522,418,497,Squat
519,520,419,645,503,528,384,499,530,515,485,403,520,419,499,Squat
512,525,424,644,508,524,387,507,533,517,494,409,522,416,499,Squat
508,524,425,640,505,527,388,526,527,517,497,412,529,412,499,Squat
506,523,424,636,524,526,387,519,527,516,499,414,524,409,501,Squat
508,521,417,637,543,524,386,541,534,522,498,422,516,413,501,Squat
509,519,408,644,532,523,382,533,536,523,491,428,513,414,509,Squat
512,512,407,643,522,524,387,531,527,516,489,426,516,412,512,Squat
512,504,409,641,529,532,404,547,544,515,487,423,515,406,506,Squat
513,506,407,630,535,542,395,552,545,512,486,416,520,401,506,Squat
513,513,397,635,554,538,380,545,537,505,489,387,530,399,514,Squat
512,515,390,631,535,542,400,548,550,506,497,351,528,396,515,Squat
508,517,388,646,541,556,399,561,558,520,495,342,520,385,516,Squat
503,520,376,630,550,551,381,562,546,529,486,350,524,378,526,Squat
503,515,379,640,560,547,401,546,552,528,496,345,528,375,522,Squat
503,514,380,615,551,554,401,561,562,535,509,339,524,375,525,Squat
502,515,375,635,563,549,397,563,552,542,500,342,524,379,525,Squat
499,514,373,636,555,547,394,562,549,540,480,348,523,375,527,Squat
495,512,376,633,554,548,405,563,559,535,476,355,525,372,530,Squat
494,511,378,625,558,554,401,566,558,537,483,365,527,369,537,Squat
503,517,372,628,559,550,393,571,551,531,498,365,525,363,549,Squat
511,520,366,629,568,549,408,569,557,522,478,368,527,360,547,Squat
511,512,363,630,566,549,401,568,559,521,463,374,526,357,547,Squat
510,510,355,626,566,558,403,573,561,514,457,376,531,360,548,Squat
505,512,351,620,563,561,408,573,562,510,475,374,536,358,549,Squat
496,523,348,624,569,558,407,579,558,511,497,369,536,351,549,Squat
492,521,344,620,567,560,402,575,557,518,497,368,533,349,555,Squat
501,521,348,625,567,560,402,574,560,528,490,368,531,351,555,Squat
506,519,354,626,568,557,402,569,559,531,485,358,526,355,553,Squat
507,520,354,626,567,559,407,575,561,525,482,348,526,358,550,Squat
507,514,349,622,562,561,407,572,561,524,470,342,532,360,548,Squat
508,507,358,622,563,560,407,575,558,529,472,347,531,366,541,Squat
504,508,366,622,566,559,404,570,559,530,472,332,530,369,542,Squat
502,516,360,626,565,559,409,574,560,536,472,329,525,372,545,Squat
503,515,362,623,564,561,404,569,560,532,453,334,525,375,545,Squat
503,519,373,621,566,562,405,569,560,529,462,336,530,378,546,Squat
503,520,375,623,566,559,403,566,561,526,474,339,533,378,542,Squat
500,514,379,625,561,554,408,570,561,527,476,344,533,378,546,Squat
504,510,374,627,558,554,407,565,565,525,483,352,531,380,547,Squat
505,519,364,624,561,554,408,567,563,525,490,351,530,379,542,Squat
502,516,360,624,562,552,405,568,563,531,492,355,528,376,546,Squat
503,501,365,629,559,554,408,568,564,525,493,360,532,378,549,Squat
504,507,365,622,563,555,407,568,564,521,492,362,533,377,553,Squat
505,515,366,626,560,555,405,570,564,522,488,366,531,375,553,Squat
503,523,369,624,564,555,407,568,565,521,490,366,535,373,555,Squat
505,527,369,622,562,555,407,569,562,519,493,361,538,372,551,Squat
504,518,372,625,562,555,405,569,563,528,487,358,535,372,553,Squat
501,533,368,624,564,556,404,569,563,528,485,358,528,372,555,Squat
504,531,363,625,564,556,405,570,564,521,489,357,529,367,554,Squat
498,519,362,624,566,557,406,569,568,527,487,353,531,365,557,Squat
495,509,361,623,566,557,408,565,568,534,482,353,531,364,560,Squat
495,515,362,624,564,557,404,566,564,534,479,350,535,362,559,Squat
492,515,360,625,562,562,408,571,558,534,476,345,537,360,559,Squat
490,508,359,624,566,558,403,576,549,534,474,349,536,360,560,Squat
490,497,353,624,569,552,402,578,547,530,465,348,533,363,558,Squat
487,487,346,619,570,555,402,576,549,530,464,340,533,362,562,Squat
487,477,345,623,567,552,409,574,554,535,465,339,533,362,557,Squat
486,483,343,626,567,554,407,573,558,539,471,341,531,363,558,Squat
489,501,344,623,568,557,403,575,554,540,477,344,529,364,562,Squat
489,514,347,621,561,566,400,574,554,540,482,341,532,367,557,Squat
484,513,351,623,566,563,404,565,557,544,479,345,531,367,553,Squat
486,501,350,622,567,564,404,569,553,541,474,347,530,375,549,Squat
489,494,349,627,562,560,400,566,554,536,477,348,531,378,553,Squat
486,491,351,627,561,560,404,570,547,535,473,353,531,379,550,Squat
483,485,367,624,564,559,400,567,550,534,467,354,534,378,550,Squat
488,489,375,625,564,560,399,565,552,534,470,352,536,383,544,Squat
492,497,377,625,559,558,398,562,552,538,476,352,532,386,539,Squat
493,494,386,628,555,557,398,561,549,539,477,353,527,390,539,Squat
494,494,388,632,560,555,394,554,552,537,477,353,527,392,538,Squat
494,494,392,629,559,554,395,552,551,539,475,362,527,389,534,Squat
496,491,400,630,555,554,393,551,552,536,478,377,527,391,531,Squat
499,492,401,629,553,554,394,551,551,528,486,381,528,397,524,Squat
499,491,407,633,549,554,392,548,547,526,482,387,528,398,533,Squat
504,494,408,635,549,549,393,546,547,526,477,402,528,406,527,Squat
507,504,402,635,545,549,392,543,543,522,481,405,527,405,519,Squat
505,501,402,633,546,548,389,541,543,521,484,406,526,398,523,Squat
506,499,400,635,543,543,390,543,543,524,484,407,532,398,522,Squat
503,505,396,639,540,543,388,541,541,522,487,406,532,399,507,Squat
504,510,396,636,540,543,386,539,543,520,483,396,529,393,511,Squat
505,507,395,637,534,542,388,533,544,521,479,395,534,397,508,Squat
505,511,394,639,538,540,388,539,543,521,468,397,531,400,508,Squat
508,510,395,639,535,540,384,534,535,512,477,395,528,404,510,Squat
510,512,394,644,533,539,385,521,534,509,478,387,533,410,504,Squat
509,515,392,641,535,537,386,527,539,517,478,389,535,414,500,Squat
507,507,397,641,537,530,386,523,537,526,475,392,527,410,504,Squat
511,511,404,642,527,532,386,515,535,526,487,387,522,401,511,Squat
514,517,404,641,526,528,386,511,533,526,494,390,522,399,505,Squat
513,514,412,640,516,529,383,515,526,526,496,399,525,392,500,Squat
513,515,414,638,515,525,383,510,530,525,501,403,531,388,488,Squat
513,516,414,642,510,524,383,511,535,521,497,400,536,384,482,Squat
513,514,409,644,513,526,384,511,539,516,494,398,536,384,481,Squat
513,514,400,644,513,524,384,513,537,511,486,392,535,385,483,Squat
514,512,389,644,505,526,383,508,533,511,479,385,539,388,479,Squat
514,513,382,644,503,526,383,511,532,511,471,375,540,386,479,Squat
512,515,377,645,505,528,383,511,536,516,465,367,535,381,477,Squat
511,514,373,644,501,530,383,506,539,522,465,365,532,380,477,Squat
510,512,375,641,499,530,383,513,538,522,473,361,529,380,477,Squat
508,509,372,646,510,527,383,514,534,522,478,362,528,380,477,Squat
507,508,370,645,512,527,383,507,534,527,479,366,528,380,471,Squat
507,501,374,645,507,530,383,508,533,530,483,372,531,376,477,Squat
509,498,376,644,511,525,382,514,534,525,483,370,532,377,476,Squat
508,502,376,647,515,524,382,510,534,524,481,369,535,377,477,Squat
508,508,376,646,521,521,382,504,534,525,475,371,535,379,478,Squat
509,511,376,643,511,528,383,506,535,525,475,369,533,379,479,Squat
509,516,376,645,510,527,382,503,535,526,477,364,531,379,478,Squat
508,518,376,643,508,529,383,504,535,529,475,362,532,380,478,Squat
506,519,378,647,513,527,383,505,534,531,476,361,531,380,477,Squat
506,520,378,644,507,529,383,505,534,528,475,358,528,378,476,Squat
508,521,379,644,505,529,383,505,532,528,476,362,528,378,475,Squat
510,522,378,645,506,528,383,508,532,526,476,362,526,382,473,Squat
510,517,377,648,503,533,383,507,532,526,479,364,526,385,469,Squat
510,507,379,646,509,528,383,502,536,526,477,367,528,382,471,Squat
511,506,379,644,506,531,383,509,531,526,476,372,528,380,471,Squat
511,504,379,644,506,530,383,510,529,524,479,372,526,380,473,Squat
511,505,379,643,508,530,382,510,529,522,477,371,526,381,471,Squat
510,505,380,648,511,531,382,511,531,523,475,371,527,381,472,Squat
510,508,380,644,511,530,382,509,531,526,474,373,528,381,471,Squat
510,507,379,644,509,530,382,511,531,523,475,373,528,381,474,Squat
512,510,380,644,509,529,382,511,530,522,476,373,528,383,471,Squat
513,510,382,644,507,529,383,508,531,522,478,374,529,383,470,Squat
513,511,382,647,511,528,383,506,531,521,478,376,529,385,471,Squat
514,512,382,644,508,530,383,506,532,520,477,377,528,383,474,Squat
514,508,386,644,508,530,383,505,533,520,480,381,529,384,473,Squat
516,506,391,644,509,529,383,504,534,519,490,385,530,389,476,Squat
518,508,392,645,504,531,383,505,534,515,488,387,531,392,479,Squat
520,508,396,646,506,530,382,497,539,514,478,387,524,395,480,Squat
520,506,403,644,503,529,383,495,540,517,476,390,516,404,482,Squat
517,509,405,647,503,529,384,495,540,521,487,394,515,409,490,Squat
512,510,409,645,513,532,386,494,536,523,495,397,528,413,496,Squat
509,512,417,641,514,530,389,523,525,518,491,393,540,412,494,Squat
509,513,424,639,512,525,389,535,521,517,490,395,538,407,494,Squat
513,519,417,646,505,518,387,533,531,519,489,398,523,408,494,Squat
511,521,409,647,493,529,384,528,537,523,489,401,514,409,501,Squat
510,519,406,645,528,534,389,527,537,524,489,397,522,401,509,Squat
509,513,406,636,535,531,388,532,532,518,491,400,525,391,500,Squat
512,514,404,616,545,526,392,547,540,507,494,399,516,392,497,Squat
507,519,400,644,534,526,386,547,546,508,497,389,522,400,493,Squat
504,509,397,655,543,532,383,544,538,517,490,378,525,402,501,Squat
507,508,394,631,552,534,388,548,547,523,482,367,520,407,509,Squat
507,501,395,616,556,540,397,550,555,529,481,367,519,407,511,Squat
506,496,391,635,556,544,395,554,551,535,486,371,528,400,516,Squat
504,491,395,648,549,539,393,550,547,538,495,370,527,394,516,Squat
503,497,393,635,546,541,406,548,564,540,498,374,526,387,515,Squat
493,496,387,633,549,546,391,547,559,540,485,383,530,381,523,Squat
490,510,377,637,554,547,395,555,551,539,482,392,526,385,523,Squat
505,542,372,628,543,553,398,555,564,529,484,397,521,383,523,Squat
513,534,375,633,558,550,401,561,563,520,492,395,521,377,522,Squat
517,522,384,630,567,540,391,567,563,522,495,400,526,369,530,Squat
508,527,383,634,558,545,397,568,555,529,487,408,524,362,538,Squat
499,536,383,630,540,564,404,557,559,527,491,388,523,353,537,Squat
497,541,391,630,555,562,399,555,561,527,489,361,526,347,533,Squat
505,531,385,624,557,559,399,562,559,526,477,350,523,347,538,Squat
512,521,377,635,555,555,403,567,565,532,480,342,513,352,541,Squat
506,510,358,627,563,556,404,567,566,537,488,326,514,356,545,Squat
501,517,352,626,561,559,402,565,564,537,493,321,518,357,538,Squat
501,523,349,630,562,556,403,568,564,537,507,324,517,357,537,Squat
503,525,346,625,568,552,402,571,562,538,514,322,522,364,540,Squat
497,526,345,626,568,556,404,568,563,541,499,324,524,365,544,Squat
494,527,348,624,568,552,406,568,563,541,477,330,527,365,544,Squat
490,529,351,626,570,549,405,565,563,541,482,335,528,365,548,Squat
497,536,350,625,565,553,406,566,563,533,486,345,526,366,544,Squat
492,535,350,628,562,549,404,567,563,535,489,354,525,364,540,Squat
483,520,353,626,567,549,402,566,565,543,488,357,518,365,549,Squat
494,513,351,625,566,552,406,565,568,536,488,354,520,368,548,Squat
496,509,354,624,566,549,406,562,569,533,485,344,526,368,544,Squat
486,497,355,626,563,549,404,566,566,540,476,341,523,365,550,Squat
490,508,356,630,561,549,408,563,568,536,473,349,523,367,550,Squat
493,510,358,624,563,555,406,569,564,528,478,348,529,367,545,Squat
488,500,365,624,562,555,404,564,565,532,480,352,528,366,547,Squat
491,501,370,624,564,554,404,567,561,537,484,363,526,369,557,Squat
494,509,368,629,561,553,406,565,565,534,497,367,526,371,551,Squat
493,503,372,625,561,555,407,569,560,534,492,366,525,370,552,Squat
494,502,370,624,566,549,402,568,560,538,485,369,525,372,552,Squat
492,507,365,628,563,553,404,568,560,534,486,365,525,372,551,Squat
487,513,365,625,566,549,405,569,560,533,484,355,525,369,550,Squat
483,513,366,628,564,548,405,566,563,538,476,354,525,366,556,Squat
486,508,363,625,565,551,404,569,561,536,484,349,527,364,558,Squat
486,509,361,628,563,550,401,568,560,539,486,341,530,362,553,Squat
484,517,365,627,565,549,403,569,560,552,478,341,525,362,555,Squat
485,530,358,625,563,549,401,564,564,550,485,343,522,364,560,Squat
487,536,353,625,562,554,402,564,565,544,490,336,526,361,557,Squat
478,528,353,627,561,556,404,568,559,550,485,333,528,362,557,Squat
477,524,354,629,562,555,405,570,557,553,475,339,527,366,559,Squat
477,523,354,627,559,563,402,565,558,549,478,339,529,366,556,Squat
477,519,360,621,566,559,404,567,555,549,478,343,528,369,557,Squat
477,525,359,625,567,553,400,567,553,549,473,349,523,372,555,Squat
474,523,359,627,564,553,398,564,557,547,470,351,522,372,557,Squat
476,518,360,630,562,555,397,563,557,545,470,354,526,373,556,Squat
477,517,366,621,560,562,401,562,556,547,473,361,526,373,554,Squat
479,521,369,628,558,560,397,564,552,546,478,365,526,377,547,Squat
482,519,370,628,555,564,395,563,552,545,479,362,526,381,543,Squat
484,523,367,629,553,563,395,560,552,550,476,365,521,387,545,Squat
486,524,367,630,551,566,397,557,549,544,476,374,522,390,544,Squat
481,520,379,628,558,556,395,554,546,538,477,372,525,389,541,Squat
481,528,385,632,557,559,395,551,549,539,471,376,526,389,538,Squat
481,530,391,630,554,559,392,552,548,540,473,385,523,387,537,Squat
481,529,396,633,542,552,393,548,549,539,483,383,523,386,533,Squat
483,521,402,630,547,558,394,546,551,538,482,377,529,390,527,Squat
487,521,398,629,552,547,391,548,547,540,481,379,527,396,526,Squat
492,511,392,635,549,548,391,546,546,537,480,376,524,395,526,Squat
490,505,386,636,545,547,387,543,544,535,478,371,526,391,524,Squat
488,509,385,638,537,545,390,543,542,538,470,374,528,392,519,Squat
486,515,386,635,544,545,387,540,542,538,474,382,522,390,520,Squat
488,514,389,636,548,543,388,537,542,529,483,382,523,387,518,Squat
488,513,392,636,539,544,389,540,546,531,491,390,531,384,521,Squat
487,516,401,638,540,543,390,540,541,537,490,408,531,383,517,Squat
494,526,402,638,541,543,385,537,536,536,492,405,530,385,503,Squat
496,526,400,640,540,543,382,539,536,540,490,401,527,391,505,Squat
496,521,399,639,537,541,387,529,542,540,494,402,522,401,510,Squat
494,510,400,642,536,542,388,527,541,541,515,392,524,419,501,Squat
492,518,391,645,534,546,383,533,529,535,502,382,529,425,500,Squat
492,514,392,639,533,531,385,515,525,528,493,380,522,420,504,Squat
496,517,398,640,517,536,386,496,530,526,502,364,516,413,501,Squat
496,522,399,636,501,537,387,500,538,531,497,364,519,404,494,Squat
496,518,403,636,518,535,387,500,536,535,491,374,522,389,488,Squat
498,516,408,642,518,522,384,507,526,536,503,380,521,381,486,Squat
503,519,404,644,517,523,382,499,526,537,510,380,520,381,485,Squat
503,513,403,645,521,527,383,498,532,537,502,383,520,383,484,Squat
502,512,401,645,518,534,384,498,539,534,496,384,521,383,484,Squat
501,518,396,644,517,537,384,504,535,534,492,380,524,383,482,Squat
501,521,392,645,520,532,384,508,531,533,488,379,529,381,482,Squat
496,520,387,645,513,531,383,509,527,533,485,377,529,379,482,Squat
495,521,385,644,521,530,383,509,531,533,488,376,527,380,484,Squat
497,523,382,645,515,533,383,508,534,534,487,375,525,381,484,Squat
497,520,378,643,516,530,383,507,534,535,485,376,525,381,480,Squat
495,515,378,644,518,528,383,505,532,536,485,377,525,376,485,Squat
495,517,377,645,515,528,383,508,530,536,488,377,526,379,476,Squat
495,517,376,644,513,529,383,508,530,536,489,376,527,379,476,Squat
493,516,378,644,517,531,383,508,531,538,488,375,527,379,478,Squat
493,518,379,643,516,531,383,510,533,538,488,374,524,377,478,Squat
493,513,378,643,512,530,383,510,532,536,487,369,524,379,478,Squat
493,511,381,643,519,530,383,511,530,536,484,370,526,379,479,Squat
494,519,381,643,515,530,383,512,530,535,484,369,525,380,475,Squat
496,521,381,643,513,528,383,509,533,534,486,368,524,381,475,Squat
495,516,380,645,515,527,383,510,533,535,484,367,526,380,472,Squat
495,516,379,644,516,528,383,509,533,537,486,366,526,379,473,Squat
499,519,380,643,513,529,383,508,533,537,490,365,525,381,473,Squat
501,521,380,645,513,529,383,508,532,536,493,365,523,381,473,Squat
501,517,380,646,517,529,383,508,532,534,492,365,523,381,475,Squat
501,519,381,643,516,530,383,508,533,532,491,367,524,384,472,Squat
501,520,382,643,515,529,383,506,533,527,491,369,526,385,472,Squat
503,520,385,646,514,529,383,506,533,527,491,373,529,384,477,Squat
506,518,390,645,516,528,383,507,533,525,492,378,529,387,479,Squat
510,519,397,644,513,528,382,505,533,517,490,381,528,389,480,Squat
511,517,401,644,508,528,382,507,533,512,489,383,526,394,478,Squat
511,514,405,645,502,531,383,509,535,515,489,386,521,397,481,Squat
512,514,411,645,506,532,384,510,537,520,490,396,522,405,487,Squat
512,513,413,643,512,536,384,509,535,520,499,403,519,405,494,Squat
508,510,417,645,513,530,383,509,533,522,505,403,515,401,498,Squat
507,510,419,641,521,525,381,517,533,521,501,408,520,397,501,Squat
501,515,419,640,517,518,382,523,539,524,505,411,532,402,493,Squat
496,515,420,649,493,529,390,529,533,535,505,409,533,405,499,Squat
494,518,417,641,541,530,392,534,537,535,497,407,525,412,509,Squat
495,519,407,644,533,527,389,517,535,529,488,410,519,421,510,Squat
494,513,402,642,526,527,375,511,536,528,487,410,521,420,512,Squat
492,514,396,639,538,524,395,525,541,533,489,410,522,417,507,Squat
492,518,391,643,529,515,400,553,536,535,489,406,520,419,506,Squat
495,527,382,645,514,526,382,535,540,534,492,395,524,420,511,Squat
498,525,379,639,529,533,379,522,540,535,486,373,525,413,524,Squat
505,523,381,637,531,538,403,552,552,535,482,365,524,410,519,Squat
503,525,385,639,523,534,403,558,552,531,488,369,531,399,527,Squat
500,527,392,642,517,532,377,545,550,534,492,378,537,398,529,Squat
498,522,396,639,554,548,399,553,561,538,493,378,532,394,538,Squat
498,520,394,629,547,553,394,547,562,539,490,381,529,390,554,Squat
503,516,397,635,549,546,383,556,561,532,490,389,534,385,556,Squat
496,517,403,640,547,534,403,555,564,530,495,390,541,378,551,Squat
487,521,399,637,548,539,392,550,550,538,495,387,541,373,555,Squat
487,529,390,636,558,548,400,558,552,543,495,381,535,365,557,Squat
496,528,382,633,552,547,394,559,549,539,495,364,528,363,557,Squat
495,527,366,632,551,539,395,556,554,540,493,350,528,362,556,Squat
490,512,361,635,554,538,391,557,556,544,487,343,533,360,561,Squat
489,493,367,633,559,534,402,556,565,545,488,337,536,365,564,Squat
502,507,362,635,548,546,398,558,564,545,487,332,532,360,559,Squat
499,503,367,632,548,558,399,558,567,544,481,332,528,358,569,Squat
497,511,361,631,543,562,401,568,559,539,478,337,526,363,567,Squat
493,511,356,633,550,560,398,557,555,536,481,341,526,360,564,Squat
490,515,354,630,554,552,398,562,554,539,478,352,532,368,571,Squat
492,509,354,631,554,549,399,561,559,536,480,356,535,377,560,Squat
494,510,354,633,557,547,404,560,562,545,489,352,531,378,559,Squat
499,514,352,626,558,556,402,556,563,542,481,353,527,376,560,Squat
496,507,359,631,555,552,398,557,558,530,476,350,531,376,558,Squat
488,506,361,631,552,551,396,552,563,533,474,346,530,374,562,Squat
486,512,358,630,554,561,403,558,561,544,473,353,524,371,571,Squat
497,514,356,626,560,556,401,551,567,537,484,362,526,369,565,Squat
493,511,356,633,554,552,401,550,569,538,497,351,530,368,562,Squat
484,507,357,628,554,556,405,559,571,549,486,351,530,370,567,Squat
488,512,351,631,549,559,399,556,569,545,481,355,533,375,563,Squat
492,511,357,626,553,556,401,562,560,540,489,345,535,379,559,Squat
494,512,360,631,551,555,402,559,565,543,483,348,530,381,562,Squat
493,517,363,628,554,559,404,563,563,542,480,348,525,386,563,Squat
491,521,361,629,557,557,397,561,562,540,480,346,532,388,559,Squat
486,520,365,629,557,556,404,562,562,543,482,346,529,386,563,Squat
488,519,370,625,560,556,404,564,562,544,487,357,527,387,567,Squat
496,519,376,626,559,559,404,569,563,540,500,361,531,388,564,Squat
495,519,379,628,558,559,403,569,562,540,503,361,531,386,566,Squat
493,521,378,628,556,560,405,567,563,545,495,366,530,383,571,Squat
491,532,373,625,558,563,400,564,560,543,494,363,533,382,569,Squat
491,536,364,627,559,559,404,566,559,541,491,354,537,379,566,Squat
487,527,362,626,556,559,399,567,555,549,484,352,532,379,568,Squat
486,521,360,628,558,559,405,562,562,550,484,354,530,376,571,Squat
487,522,355,627,558,561,401,560,560,547,487,352,529,373,568,Squat
483,522,356,626,558,558,402,560,563,547,478,352,525,372,566,Squat
469,517,356,626,555,559,403,563,561,546,470,356,530,367,573,Squat
466,513,352,628,556,559,401,562,562,544,472,355,535,367,573,Squat
481,494,352,626,557,557,398,564,559,542,467,343,534,365,573,Squat
491,509,360,628,557,560,400,560,563,551,461,346,531,370,577,Squat
501,502,363,625,559,560,404,562,563,548,468,341,532,374,575,Squat
503,498,362,626,558,559,401,565,556,546,478,337,532,373,568,Squat
497,494,368,629,558,562,399,566,550,551,475,350,527,371,569,Squat
488,503,371,623,557,561,402,567,549,547,477,355,524,375,570,Squat
482,515,363,622,562,553,401,565,552,543,482,348,524,375,563,Squat
481,522,357,625,561,552,400,564,553,546,476,351,526,372,570,Squat
486,523,360,630,561,548,402,562,556,548,476,357,527,377,567,Squat
492,527,359,628,557,554,399,563,556,543,481,354,530,378,559,Squat
488,525,356,627,559,556,396,562,556,546,472,357,530,378,562,Squat
483,523,363,627,554,559,400,563,557,549,468,369,528,381,562,Squat
489,524,369,631,553,555,399,564,555,538,473,364,529,382,555,Squat
490,531,369,628,555,560,396,562,554,535,468,357,532,381,550,Squat
487,526,372,630,557,557,395,562,553,540,458,358,530,378,556,Squat
490,519,375,630,554,558,395,556,556,543,463,365,527,380,551,Squat
496,520,375,630,552,559,400,563,555,539,473,366,527,380,544,Squat
495,509,379,631,559,557,395,562,552,541,478,375,525,381,538,Squat
495,505,388,628,557,559,397,562,552,541,482,380,521,386,539,Squat
499,511,394,632,552,556,391,554,553,536,484,374,521,395,532,Squat
503,514,397,634,548,550,394,558,549,535,479,378,529,399,535,Squat
501,517,405,635,558,549,393,553,551,534,481,385,531,403,536,Squat
499,517,406,628,562,550,395,550,550,533,493,384,525,410,523,Squat
495,520,393,634,549,551,388,548,545,532,491,383,524,409,527,Squat
494,516,391,637,532,544,391,544,549,531,485,383,525,402,538,Squat
494,517,392,640,532,552,392,540,551,530,483,380,524,406,530,Squat
491,515,393,632,558,540,390,533,546,532,485,382,527,408,519,Squat
490,518,398,637,543,542,388,531,546,535,485,387,529,397,540,Squat
496,525,403,637,535,543,388,530,549,531,484,394,529,396,537,Squat
498,529,403,638,522,548,388,537,543,528,493,391,532,407,520,Squat
492,516,407,640,542,545,386,530,539,535,492,394,530,407,521,Squat
496,514,404,639,542,540,386,530,540,535,488,396,526,401,534,Squat
502,525,392,638,529,542,385,522,538,530,490,390,526,401,537,Squat
501,516,392,638,528,540,388,520,536,527,483,388,522,406,526,Squat
497,511,396,640,522,541,385,521,534,524,479,388,520,404,514,Squat
495,517,393,642,533,538,384,520,532,526,480,387,520,395,510,Squat
497,517,389,640,519,538,384,516,535,532,479,387,524,384,511,Squat
500,512,386,639,524,538,384,517,535,531,477,388,527,380,510,Squat
499,507,387,642,516,531,383,522,531,526,475,387,523,384,491,Squat
497,514,388,646,526,534,383,523,527,526,466,390,523,385,487,Squat
500,517,388,642,518,540,383,512,529,524,467,393,523,379,497,Squat
506,516,385,640,519,540,384,516,535,519,468,388,523,386,490,Squat
505,513,386,644,526,536,384,515,533,519,466,386,525,390,487,Squat
502,514,391,644,520,532,384,517,528,519,466,385,526,383,488,Squat
504,514,395,644,519,534,383,516,526,519,470,385,526,383,481,Squat
506,520,393,644,517,538,383,516,529,520,477,386,525,386,483,Squat
506,517,394,642,520,539,383,511,530,522,482,386,523,390,479,Squat
506,517,395,643,524,532,385,514,529,520,484,383,523,386,480,Squat
506,519,393,644,525,530,384,515,525,519,487,382,524,386,478,Squat
506,516,393,644,520,528,384,511,527,521,489,380,524,384,476,Squat
508,514,389,644,516,533,383,511,532,523,488,377,524,384,473,Squat
507,513,386,643,521,537,383,513,532,523,483,372,524,383,472,Squat
506,510,384,642,524,534,383,515,530,525,483,367,527,382,469,Squat
505,510,382,643,515,532,383,514,526,525,483,365,527,381,471,Squat
502,512,380,643,519,532,383,513,526,526,483,364,526,381,471,Squat
502,512,377,643,521,532,383,512,528,526,480,363,526,381,469,Squat
502,509,376,643,517,532,383,516,530,526,480,363,526,381,470,Squat
502,510,373,643,521,532,383,510,531,526,479,363,526,381,474,Squat
502,513,372,643,520,532,383,504,531,526,478,363,527,382,478,Squat
502,516,372,643,513,532,383,509,530,526,478,365,527,383,469,Squat
506,514,375,643,512,532,383,509,530,527,479,368,525,379,472,Squat
509,511,380,643,515,532,383,505,531,528,481,370,531,378,485,Squat
507,510,385,643,515,532,383,504,531,527,481,370,529,386,483,Squat
497,513,385,643,515,531,383,507,531,526,483,370,527,387,488,Squat
494,516,385,643,515,528,383,506,533,523,484,375,527,382,486,Squat
497,513,385,644,512,528,383,507,533,517,485,384,528,381,484,Squat
502,512,389,644,514,530,383,509,534,513,486,386,528,385,485,Squat
507,508,392,644,512,534,383,509,534,513,482,385,527,393,488,Squat
513,506,392,644,512,534,383,507,534,514,480,386,524,404,490,Squat
517,505,392,644,512,531,383,506,534,519,484,385,520,416,493,Squat
518,507,397,644,512,527,383,499,535,520,489,382,520,423,497,Squat
517,509,405,644,505,525,385,490,533,521,489,385,521,423,501,Squat
512,512,415,640,517,529,386,506,534,521,493,392,525,425,499,Squat
513,519,425,639,523,530,387,538,532,519,495,398,521,424,505,Squat
516,521,428,640,510,530,386,545,525,518,494,398,522,429,507,Squat
515,514,433,640,528,532,388,537,519,522,491,407,526,426,511,Squat
516,511,435,643,531,526,394,534,539,528,492,413,524,420,514,Squat
520,511,429,637,518,525,390,542,543,526,492,415,519,411,509,Squat
516,503,424,640,535,531,385,532,535,517,497,418,520,399,520,Squat
508,494,418,640,527,529,386,536,540,511,500,419,522,396,522,Squat
503,499,409,638,532,536,392,551,549,506,498,416,524,397,523,Squat
498,506,400,634,544,548,388,549,553,504,497,409,524,401,533,Squat
498,499,393,639,551,545,386,546,548,504,493,396,522,394,536,Squat
493,503,383,640,547,546,394,550,547,506,491,385,527,390,539,Squat
487,500,380,631,533,549,392,552,551,513,488,370,535,382,541,Squat
488,499,380,639,549,558,401,557,554,525,493,363,531,375,539,Squat
496,506,374,637,556,544,392,563,545,522,490,357,524,374,545,Squat
493,504,361,632,550,558,391,555,540,521,487,351,522,374,543,Squat
489,492,355,627,542,557,391,563,543,521,489,352,527,365,546,Squat
489,475,354,639,551,558,395,559,550,525,495,351,534,360,556,Squat
490,469,354,630,546,557,397,566,549,522,488,354,533,354,564,Squat
495,479,364,634,556,552,396,561,544,523,481,356,534,357,559,Squat
503,505,372,631,555,550,395,557,544,531,478,369,538,355,564,Squat
505,515,370,634,552,556,395,563,550,540,485,380,531,356,573,Squat
509,510,371,633,552,555,397,562,554,527,497,368,528,362,567,Squat
496,497,378,629,554,556,399,561,557,527,478,365,524,362,565,Squat
479,499,376,632,561,556,397,555,560,535,467,362,520,360,569,Squat
477,507,367,628,556,555,397,553,561,537,475,358,524,368,565,Squat
488,518,355,631,555,555,395,557,558,531,481,351,528,367,562,Squat
481,505,360,628,555,555,396,552,560,537,479,339,524,369,567,Squat
496,494,365,631,548,561,398,552,557,547,468,331,522,376,564,Squat
500,489,358,630,547,559,395,551,554,545,473,324,528,373,555,Squat
486,478,361,632,543,560,397,551,553,548,479,329,525,375,567,Squat
477,484,364,627,544,563,398,552,557,545,482,337,525,381,566,Squat
491,507,352,634,546,557,396,552,547,545,486,339,521,377,557,Squat
484,511,349,631,547,554,393,553,551,549,484,347,522,378,565,Squat
477,503,353,630,547,559,401,559,557,547,487,346,528,383,564,Squat
482,512,345,628,549,556,396,556,555,538,484,345,525,383,562,Squat
483,510,346,631,551,554,398,556,553,538,479,348,526,382,562,Squat
480,507,358,630,551,557,394,552,557,546,482,348,531,384,565,Squat
490,512,358,630,553,553,399,560,554,547,490,343,529,385,563,Squat
484,525,359,632,553,552,398,556,554,547,496,342,527,383,563,Squat
476,524,369,628,553,553,399,557,555,547,497,346,526,382,570,Squat
481,525,368,631,554,556,396,555,556,549,502,354,525,383,566,Squat
484,517,370,627,556,560,397,559,558,548,502,357,531,380,570,Squat
482,506,380,629,553,558,400,556,559,550,497,360,530,381,572,Squat
483,504,379,629,551,558,396,557,559,550,491,364,527,381,575,Squat
487,509,369,629,553,558,396,556,560,545,489,361,532,373,571,Squat
477,505,371,627,556,557,400,563,556,547,481,358,533,370,575,Squat
476,504,371,629,554,556,402,566,554,547,478,364,529,370,573,Squat
476,506,363,629,557,557,397,566,553,542,484,362,529,368,568,Squat
475,498,362,628,557,555,395,557,549,548,485,357,527,367,574,Squat
475,488,362,626,561,548,399,554,560,551,489,352,527,369,572,Squat
476,494,357,629,559,546,402,558,563,550,493,350,527,371,568,Squat
474,499,358,629,557,554,400,558,565,552,495,346,524,375,570,Squat
470,501,355,629,556,555,398,555,564,554,493,348,523,376,571,Squat
474,499,357,629,554,556,400,554,566,549,492,347,525,379,566,Squat
479,494,363,627,557,556,399,559,563,550,489,345,524,377,565,Squat
479,493,372,630,553,560,398,559,560,556,481,348,519,379,568,Squat
486,490,378,628,554,562,397,558,564,554,482,353,520,383,567,Squat
486,503,372,633,560,550,398,556,561,553,487,358,526,384,567,Squat
478,510,373,629,556,556,401,560,553,554,483,360,528,384,570,Squat
475,516,378,626,556,556,397,561,550,555,486,359,527,383,565,Squat
477,530,374,630,555,558,398,556,555,555,485,360,526,379,560,Squat
476,528,371,629,553,556,393,558,548,554,483,362,526,383,564,Squat
475,524,368,633,549,557,393,556,554,551,480,360,527,383,563,Squat
472,519,366,629,551,556,398,549,556,546,480,356,527,386,554,Squat
471,513,366,632,551,554,393,548,552,548,478,358,528,385,561,Squat
472,515,365,636,548,552,389,557,547,550,479,359,528,390,556,Squat
474,512,364,634,546,553,394,550,551,548,488,358,523,389,552,Squat
473,505,364,636,551,550,391,548,547,551,491,361,520,391,546,Squat
469,519,355,633,548,550,392,542,547,558,490,367,523,393,545,Squat
465,510,354,635,547,552,389,541,549,549,489,367,527,400,540,Squat
472,501,366,636,542,544,392,543,547,544,489,362,531,406,537,Squat
483,499,377,637,540,546,387,535,547,546,484,363,528,406,541,Squat
491,502,384,639,539,546,391,542,549,546,482,371,525,408,538,Squat
485,500,392,640,535,545,388,529,541,545,492,371,528,402,534,Squat
480,502,401,638,539,542,387,531,544,549,497,377,528,395,534,Squat
482,511,406,637,532,544,388,532,546,546,502,380,526,399,529,Squat
490,517,404,637,534,544,386,534,545,540,504,380,526,401,529,Squat
488,508,408,641,529,542,387,533,540,543,496,383,525,399,525,Squat
491,499,412,642,529,541,385,525,538,542,490,392,525,398,523,Squat
496,503,407,642,526,540,384,528,537,536,492,388,528,405,522,Squat
501,507,405,636,525,539,384,526,537,534,487,386,526,411,522,Squat
500,496,408,641,526,531,389,528,537,534,483,397,525,414,518,Squat
498,497,408,647,529,532,384,520,528,532,484,399,527,411,515,Squat
499,507,406,644,522,528,385,511,530,527,485,398,528,404,517,Squat
499,511,412,640,518,532,385,507,532,527,492,403,530,390,523,Squat
499,502,416,639,517,529,385,505,537,523,494,406,533,384,519,Squat
501,500,412,643,510,530,383,501,538,520,492,400,535,384,513,Squat
504,507,405,642,515,527,384,501,535,520,491,396,530,383,516,Squat
509,509,399,646,509,522,383,507,531,517,491,391,526,387,512,Squat
510,499,395,646,509,526,382,504,531,513,490,387,527,388,507,Squat
507,499,394,646,508,526,382,509,531,514,486,383,532,383,507,Squat
505,503,389,645,507,526,382,507,533,517,485,382,532,379,506,Squat
508,502,386,645,504,526,382,507,536,519,490,382,529,377,508,Squat
511,500,386,645,506,527,383,507,535,516,492,382,529,376,508,Squat
511,504,386,645,510,528,383,505,531,516,484,384,528,377,507,Squat
511,508,388,645,512,528,383,509,529,513,481,383,530,379,503,Squat
511,505,388,645,507,528,383,509,530,513,480,381,532,380,503,Squat
509,502,391,644,505,528,383,510,533,512,479,379,531,382,498,Squat
509,500,396,646,508,529,383,513,532,512,479,378,529,385,489,Squat
509,502,396,645,510,528,383,511,532,515,485,379,528,380,491,Squat
510,505,393,643,509,529,382,508,530,517,486,380,527,379,490,Squat
508,503,388,643,507,531,382,509,531,517,486,379,528,380,491,Squat
507,498,387,645,509,529,382,513,531,519,488,378,528,383,485,Squat
507,498,385,647,516,524,385,511,531,521,487,376,528,383,484,Squat
507,498,383,644,512,527,384,506,532,519,481,373,526,379,484,Squat
504,499,382,644,512,530,383,507,531,521,480,371,528,378,486,Squat
504,504,377,644,511,530,383,507,531,523,482,373,528,380,485,Squat
503,504,374,646,512,528,383,508,532,523,481,368,527,381,482,Squat
498,499,374,646,517,526,383,508,532,525,479,367,529,377,482,Squat
496,500,377,644,513,529,383,509,531,530,478,366,529,377,486,Squat
498,503,377,644,511,528,382,509,531,527,478,363,527,381,489,Squat
501,505,377,646,511,527,382,508,532,524,477,362,527,384,485,Squat
499,502,381,647,511,527,383,508,532,525,476,365,528,378,494,Squat
500,505,381,644,510,529,383,507,532,525,483,371,527,383,487,Squat
502,503,385,644,509,529,383,508,532,520,488,374,526,383,492,Squat
503,498,389,644,508,529,384,506,530,522,487,375,527,384,493,Squat
506,500,390,648,511,528,383,503,530,527,485,378,526,388,494,Squat
508,498,393,645,511,527,382,508,533,531,484,377,523,390,499,Squat
506,497,397,645,514,530,383,511,536,527,479,381,525,390,503,Squat
504,501,395,645,514,530,383,514,535,522,479,387,525,395,503,Squat
500,504,400,645,516,527,384,514,534,522,483,390,529,400,508,Squat
498,509,403,642,517,526,384,513,535,522,480,389,537,404,511,Squat
499,512,407,641,515,527,382,508,528,520,475,388,538,409,509,Squat
499,510,409,643,513,527,384,513,527,522,478,389,528,414,504,Squat
497,516,412,646,506,530,387,520,527,529,485,395,515,417,505,Squat
501,523,412,648,502,534,382,511,526,534,496,407,510,422,509,Squat
501,520,410,642,512,534,387,520,536,526,503,418,516,426,518,Squat
501,511,410,639,521,530,383,505,531,519,514,427,521,427,522,Squat
502,508,417,636,507,535,391,526,540,520,517,434,525,422,514,Squat
501,503,425,640,527,530,392,530,549,522,507,433,525,411,527,Squat
498,508,423,643,526,527,388,542,541,522,491,424,528,405,539,Squat
508,508,414,639,536,529,382,523,530,518,484,419,531,410,531,Squat
522,506,380,640,532,535,385,548,537,517,495,402,526,404,519,Squat
506,476,380,632,533,540,397,533,549,532,493,381,524,377,534,Squat
491,470,390,643,557,543,391,551,546,547,479,365,524,378,540,Squat
483,490,394,635,542,541,396,550,552,551,475,366,522,384,540,Squat
476,523,385,643,530,548,383,541,538,547,480,371,516,380,543,Squat
463,516,392,633,536,562,390,550,551,543,480,370,519,380,544,Squat
464,517,389,635,547,549,393,549,546,543,468,362,524,381,546,Squat
476,510,386,638,542,558,404,553,554,539,465,349,526,377,549,Squat
486,487,386,626,535,556,394,560,548,536,465,342,527,375,544,Squat
488,479,379,640,534,558,394,560,545,541,470,344,524,375,549,Squat
493,481,369,635,545,559,400,571,550,542,476,346,525,372,552,Squat
493,488,363,630,548,557,390,562,544,537,477,344,533,366,552,Squat
485,495,363,631,556,557,392,560,544,540,473,349,538,360,552,Squat
481,492,371,630,562,557,393,561,542,548,480,356,527,357,560,Squat
486,489,368,627,562,557,398,559,555,543,483,361,524,356,560,Squat
481,491,363,629,563,562,398,563,558,540,475,363,528,352,571,Squat
475,484,364,629,556,558,391,560,554,545,469,372,533,356,566,Squat
480,488,361,626,559,551,401,563,553,543,469,368,534,365,553,Squat
478,490,351,634,555,548,398,557,557,539,461,357,536,359,552,Squat
471,484,355,630,557,551,400,558,558,544,449,358,532,362,565,Squat
475,488,353,632,549,551,394,564,555,542,453,354,531,369,561,Squat
478,493,350,630,554,553,398,557,556,542,454,341,529,367,551,Squat
469,485,348,624,557,563,399,560,558,549,453,349,529,373,558,Squat
469,485,346,626,559,559,401,562,559,544,470,361,534,380,556,Squat
474,491,346,630,556,551,396,559,553,539,484,352,534,372,549,Squat
471,488,360,632,554,552,394,566,548,554,472,352,527,372,563,Squat
468,493,361,629,557,558,405,573,550,553,477,359,526,377,566,Squat
471,500,362,626,558,561,399,558,546,540,499,352,528,380,554,Squat
472,504,364,623,556,565,392,555,546,546,495,352,526,375,552,Squat
470,500,371,631,551,561,397,556,555,560,493,357,526,378,560,Squat
472,506,372,630,545,562,402,564,554,554,491,339,529,380,557,Squat
469,503,375,626,549,565,398,563,550,556,479,330,529,376,562,Squat
466,506,379,627,551,565,396,559,551,555,467,342,525,377,568,Squat
471,513,380,627,549,565,397,559,553,548,473,352,524,376,563,Squat
471,509,366,628,555,565,399,558,554,545,476,348,532,365,564,Squat
466,499,364,625,557,559,401,561,551,552,470,349,531,367,573,Squat
467,493,363,629,554,557,396,560,552,555,467,349,532,367,573,Squat
469,504,359,628,552,561,397,559,553,553,474,344,529,365,570,Squat
467,505,356,627,556,559,399,560,554,558,470,347,524,363,574,Squat
462,501,351,628,556,558,401,563,556,556,469,357,524,367,573,Squat
462,499,353,627,556,561,397,565,556,547,473,356,527,370,567,Squat
466,500,350,628,556,561,393,562,551,548,473,354,529,374,564,Squat
474,503,352,627,557,557,397,560,552,554,466,355,527,376,568,Squat
475,502,361,627,551,560,403,565,552,554,475,360,522,379,568,Squat
476,511,370,630,549,565,398,568,547,546,478,357,521,382,563,Squat
473,519,374,627,556,561,395,566,544,547,471,360,522,376,568,Squat
470,515,381,628,563,556,396,559,546,556,472,365,524,375,573,Squat
471,515,384,626,559,556,401,563,549,554,477,368,526,375,568,Squat
468,512,385,628,558,556,396,560,554,554,483,367,525,370,568,Squat
466,506,380,627,554,560,396,558,558,555,476,367,523,373,566,Squat
468,505,374,629,553,562,394,551,560,550,472,364,528,377,564,Squat
472,505,367,629,553,562,393,556,551,549,469,353,527,376,556,Squat
470,501,362,629,552,562,398,555,558,556,464,350,523,375,566,Squat
464,497,361,627,555,562,397,558,553,552,464,349,526,377,564,Squat
463,503,356,631,550,559,393,558,547,548,473,345,529,375,553,Squat
458,499,356,630,551,554,392,554,547,554,472,347,528,372,556,Squat
464,499,356,635,542,555,392,552,546,556,476,357,527,378,554,Squat
470,498,353,632,552,555,395,555,545,547,485,354,527,381,546,Squat
468,498,356,633,550,553,392,552,547,546,478,352,528,378,548,Squat
464,498,359,635,557,553,389,553,543,552,473,357,525,384,543,Squat
471,508,361,634,552,554,388,542,549,547,479,366,524,395,533,Squat
474,510,371,635,544,549,391,551,551,544,488,363,527,403,528,Squat
474,508,379,636,542,555,388,544,546,547,486,364,521,408,532,Squat
477,512,389,638,546,549,390,541,545,541,480,381,519,413,531,Squat
476,515,400,640,543,546,388,530,540,533,495,391,521,412,529,Squat
476,507,422,640,527,541,388,522,541,534,510,402,530,412,533,Squat
479,511,431,637,532,545,390,535,546,544,510,412,533,419,529,Squat
488,516,427,640,546,536,387,530,545,547,510,409,529,422,518,Squat
490,506,429,643,518,539,386,525,540,545,509,400,523,420,518,Squat
495,496,436,641,519,555,387,509,541,541,507,400,520,423,522,Squat
501,501,426,638,519,547,386,509,541,529,501,401,524,429,521,Squat
502,498,423,638,510,544,387,514,538,522,493,403,523,419,516,Squat
499,492,430,641,518,539,387,513,528,522,486,410,523,408,510,Squat
498,495,424,644,512,525,383,510,523,523,492,414,528,398,505,Squat
496,504,416,642,510,516,383,505,525,524,499,412,526,388,504,Squat
497,501,410,642,514,517,383,510,533,523,499,406,529,384,505,Squat
500,490,405,644,511,526,385,509,542,522,490,397,530,383,502,Squat
502,492,400,644,511,529,384,508,539,523,483,393,530,383,497,Squat
501,490,394,644,511,529,384,509,536,525,478,388,529,382,498,Squat
498,489,388,646,513,525,383,507,531,529,476,383,532,382,499,Squat
499,496,383,645,514,522,383,507,530,527,472,378,530,383,496,Squat
498,501,382,645,513,521,383,511,533,527,476,374,529,381,495,Squat
497,509,383,644,513,525,383,506,536,527,480,373,529,379,498,Squat
498,509,386,644,510,529,383,500,534,528,478,374,530,379,497,Squat
498,507,386,643,506,530,382,505,533,523,480,374,531,381,493,Squat
495,507,386,647,505,528,383,503,534,523,482,374,531,378,495,Squat
495,511,386,646,505,527,383,502,534,527,482,376,529,382,490,Squat
500,512,386,645,500,527,382,508,534,525,487,376,526,378,498,Squat
500,510,385,643,501,529,384,506,536,524,490,375,527,380,490,Squat
499,508,385,647,506,528,384,506,531,527,490,376,527,377,494,Squat
497,509,383,644,508,529,383,507,531,528,491,377,527,379,494,Squat
497,509,383,644,508,531,383,510,531,528,493,378,527,378,495,Squat
495,507,383,644,507,528,383,510,531,528,490,375,527,378,493,Squat
492,508,382,645,504,530,383,508,531,529,485,372,527,379,492,Squat
491,508,380,647,513,525,383,508,532,531,484,371,527,377,492,Squat
491,509,376,643,508,529,383,510,532,531,482,371,525,377,493,Squat
491,508,373,645,506,530,383,507,532,532,479,370,525,377,493,Squat
492,506,374,644,509,530,383,508,532,532,479,366,529,377,491,Squat
490,505,376,647,511,528,383,507,531,534,476,364,529,376,493,Squat
489,504,375,645,513,526,383,507,532,536,475,365,528,374,496,Squat
490,503,375,645,510,528,383,506,532,535,475,364,529,377,495,Squat
489,502,376,645,509,529,383,505,531,534,476,363,529,379,489,Squat
488,502,377,644,509,529,383,508,529,534,477,363,526,378,490,Squat
491,502,380,646,512,529,383,505,528,535,481,364,524,375,492,Squat
493,501,381,643,510,528,383,505,531,538,484,364,523,375,492,Squat
497,502,383,644,506,529,383,506,534,537,484,365,524,377,493,Squat
499,504,384,644,508,529,383,508,536,536,483,366,527,379,490,Squat
497,503,384,647,509,529,384,509,533,533,480,369,529,379,487,Squat
495,506,383,646,510,528,383,508,530,533,477,371,529,379,490,Squat
493,507,379,644,509,530,383,510,530,532,475,373,529,379,489,Squat
494,510,376,644,509,530,383,509,531,529,472,374,529,380,488,Squat
496,509,376,644,509,530,383,509,533,527,472,374,528,382,488,Squat
498,509,380,645,511,530,384,509,530,528,472,374,528,380,490,Squat
498,508,384,644,510,530,384,509,530,529,475,375,527,380,490,Squat
501,507,385,644,510,531,384,509,532,529,479,377,527,383,487,Squat
504,505,388,644,510,531,383,507,534,524,481,379,527,383,489,Squat
508,505,393,645,511,529,384,508,532,524,481,382,524,389,493,Squat
515,507,397,645,511,527,381,503,529,521,481,387,519,399,498,Squat
518,510,397,643,511,529,380,501,531,513,484,383,517,410,496,Squat
512,506,401,646,511,529,382,493,536,511,488,382,525,416,496,Squat
507,508,404,647,492,535,385,497,540,515,491,386,529,415,506,Squat
504,511,409,643,494,538,386,487,538,516,492,387,530,412,497,Squat
506,517,414,643,503,534,389,517,531,518,493,391,521,399,511,Squat
509,515,419,643,511,529,390,545,524,521,497,397,514,399,510,Squat
512,513,415,644,504,524,381,536,525,522,503,405,515,404,513,Squat
508,509,415,646,510,526,381,520,527,520,507,408,521,405,523,Squat
508,505,413,636,532,531,389,534,540,520,497,408,524,406,525,Squat
508,500,410,635,547,533,393,541,540,521,488,407,530,402,522,Squat
505,507,405,645,536,527,386,542,534,524,485,405,535,392,524,Squat
496,511,408,648,522,529,385,545,530,532,482,400,528,385,532,Squat
490,518,409,642,543,532,390,544,542,530,476,394,527,385,536,Squat
486,522,406,637,544,539,387,542,541,525,475,391,529,386,534,Squat
482,514,407,629,547,540,385,534,534,526,478,391,529,381,540,Squat
479,504,406,641,542,532,385,545,539,527,483,386,528,380,540,Squat
482,504,399,646,526,530,392,535,552,532,485,374,522,379,536,Squat
484,514,381,638,547,543,393,540,556,539,490,367,526,381,539,Squat
481,510,365,635,544,545,388,538,549,546,495,358,526,388,536,Squat
482,512,348,637,546,542,390,543,542,543,493,355,522,394,541,Squat
485,502,348,630,532,548,392,551,546,540,491,355,525,398,538,Squat
486,499,351,646,534,556,394,557,544,539,488,352,532,397,541,Squat
486,495,351,635,549,550,394,556,549,547,482,345,525,396,540,Squat
478,506,340,630,542,554,399,554,558,536,479,340,519,389,541,Squat
471,501,347,632,550,547,398,554,549,527,470,340,528,385,540,Squat
471,505,357,628,560,547,391,554,540,530,470,355,531,385,545,Squat
481,509,366,632,553,545,393,560,544,537,483,369,526,384,546,Squat
490,513,364,636,553,545,396,555,553,522,502,347,525,375,545,Squat
488,504,372,634,552,542,400,551,560,515,480,340,526,370,547,Squat
490,500,378,630,554,546,399,559,559,525,470,350,529,372,551,Squat
495,509,379,633,553,546,392,560,549,526,495,356,526,367,550,Squat
503,512,382,633,551,549,395,564,549,520,515,364,527,364,547,Squat
507,512,389,630,554,550,395,564,550,519,513,372,533,361,555,Squat
499,508,398,630,556,552,399,570,550,529,509,382,526,362,564,Squat
497,507,395,632,556,552,402,567,554,528,509,386,525,361,568,Squat
504,509,386,629,558,559,400,568,554,520,495,383,528,359,568,Squat
503,504,382,627,555,558,399,566,551,519,480,378,527,365,559,Squat
502,502,378,629,553,552,400,566,547,527,468,376,534,372,552,Squat
498,502,368,632,556,549,404,571,546,527,468,365,532,374,552,Squat
498,501,366,625,562,553,400,571,548,527,457,355,527,380,552,Squat
499,499,367,628,561,555,399,570,546,526,452,351,526,377,549,Squat
501,497,364,627,563,553,401,568,547,523,454,354,526,378,549,Squat
499,491,361,625,561,555,402,569,549,524,464,354,526,377,554,Squat
494,495,359,624,565,555,406,571,547,528,474,357,530,372,553,Squat
492,501,364,627,561,557,401,570,545,529,479,353,530,367,551,Squat
491,505,364,622,564,558,401,564,551,534,475,355,530,366,555,Squat
490,507,362,625,564,559,400,572,552,532,477,354,532,363,559,Squat
487,507,361,626,559,560,402,567,556,529,478,349,536,361,558,Squat
487,506,360,625,561,561,402,569,551,535,473,351,533,361,557,Squat
489,502,357,623,559,565,401,567,555,533,473,346,529,361,561,Squat
486,502,350,623,560,566,404,571,552,532,473,340,528,357,563,Squat
484,502,347,625,563,559,402,572,551,536,471,339,531,356,566,Squat
481,500,347,625,566,557,400,575,549,539,472,338,531,355,568,Squat
479,502,345,621,564,560,404,571,555,538,475,333,533,355,566,Squat
476,502,344,619,568,560,399,570,553,545,475,329,533,354,571,Squat
475,501,347,623,568,556,402,567,554,550,470,332,532,357,568,Squat
476,504,346,625,568,555,401,571,554,546,473,335,530,362,565,Squat
476,499,348,623,567,561,401,568,552,540,471,335,532,363,564,Squat
477,496,348,623,564,560,401,568,549,544,468,340,527,368,564,Squat
478,499,349,624,567,558,401,569,546,544,471,343,526,371,558,Squat
478,502,349,624,567,556,403,571,545,542,475,343,529,372,559,Squat
478,502,356,622,567,557,398,570,543,544,474,346,526,377,560,Squat
478,500,360,624,564,556,397,570,541,544,474,356,525,378,558,Squat
478,498,364,625,562,557,399,566,544,540,482,356,530,380,556,Squat
478,495,371,623,562,560,399,566,543,542,479,356,529,381,555,Squat
481,499,375,628,561,558,400,562,549,546,477,359,522,383,553,Squat
485,503,380,627,563,556,399,562,549,542,480,362,522,382,550,Squat
482,500,384,624,557,564,394,561,550,545,481,365,528,383,548,Squat
484,503,382,627,556,563,395,560,555,548,476,367,523,389,548,Squat
489,506,382,626,553,562,395,550,561,542,478,374,524,389,550,Squat
488,504,382,631,552,563,396,563,549,535,478,370,527,387,541,Squat
483,502,384,631,547,568,394,557,547,543,469,379,521,389,547,Squat
485,505,381,629,546,566,391,556,543,541,471,384,518,398,536,Squat
485,506,381,629,554,559,390,548,543,532,479,370,526,401,538,Squat
485,507,385,633,552,551,392,549,545,532,476,370,530,407,536,Squat
487,510,386,634,552,549,391,550,545,537,480,376,527,402,531,Squat
487,509,392,632,547,553,392,540,548,539,482,369,526,396,531,Squat
487,509,396,636,542,553,388,534,543,546,485,373,526,398,533,Squat
489,519,396,634,542,553,388,537,543,545,483,386,521,400,531,Squat
487,516,399,636,541,548,389,534,539,537,497,391,519,398,527,Squat
486,511,402,638,536,547,387,532,541,535,498,386,528,397,521,Squat
490,511,401,637,533,551,386,532,540,538,485,384,529,394,524,Squat
492,511,402,636,532,549,389,537,541,537,487,391,524,398,517,Squat
492,512,404,637,533,545,387,540,533,533,496,386,523,397,512,Squat
494,508,402,642,535,540,384,537,532,534,493,386,525,395,512,Squat
490,506,401,642,535,540,382,537,530,535,487,393,522,397,511,Squat
490,506,400,640,535,539,386,529,534,534,497,391,527,401,511,Squat
490,507,400,636,533,538,384,532,536,528,487,387,535,402,511,Squat
494,509,406,637,536,538,384,530,533,527,473,390,533,402,511,Squat
497,502,404,645,531,539,386,522,526,527,475,396,525,404,509,Squat
499,504,402,645,517,542,385,513,529,532,481,396,522,402,504,Squat
500,504,399,640,516,539,385,509,529,534,480,394,525,393,510,Squat
499,500,400,637,521,531,385,511,531,533,477,392,529,395,500,Squat
497,504,400,639,520,527,384,512,526,526,478,391,530,390,497,Squat
497,507,400,644,513,530,382,512,526,520,477,393,529,384,498,Squat
498,510,398,644,515,530,383,505,532,516,473,398,528,378,497,Squat
501,506,393,644,513,530,383,503,534,512,474,399,528,376,497,Squat
496,507,388,644,516,527,382,508,531,514,478,396,530,381,495,Squat
491,510,387,646,518,527,383,510,526,522,485,396,533,384,489,Squat
490,506,387,646,515,531,383,506,525,526,487,393,536,383,488,Squat
494,503,387,645,511,534,383,508,529,527,483,385,531,382,485,Squat
495,495,387,647,516,535,383,509,532,526,469,383,523,379,485,Squat
497,481,386,644,516,533,385,507,531,525,467,380,523,379,484,Squat
497,480,383,643,515,530,383,504,529,525,474,376,526,380,484,Squat
493,484,382,642,513,530,383,509,528,527,478,370,527,382,481,Squat
491,487,382,647,517,528,382,510,529,532,477,361,531,382,483,Squat
491,490,382,643,516,530,382,511,529,534,481,356,530,377,489,Squat
492,493,382,643,510,533,383,506,530,532,482,355,530,379,480,Squat
491,493,382,643,505,530,383,507,530,532,483,357,527,375,485,Squat
490,497,382,643,496,530,383,507,532,532,485,359,527,379,480,Squat
490,500,382,647,501,529,383,508,532,536,489,364,526,379,478,Squat
488,499,381,645,502,533,383,510,532,538,492,367,525,379,479,Squat
488,494,381,643,505,534,383,509,532,536,490,371,525,379,481,Squat
489,492,381,643,503,531,382,509,531,533,488,369,529,382,479,Squat
486,491,380,646,507,528,383,509,530,531,483,367,531,382,480,Squat
483,499,379,645,513,526,383,508,530,531,476,367,527,376,479,Squat
484,500,383,643,512,529,383,508,532,533,475,369,528,378,480,Squat
492,502,381,645,511,529,382,507,532,531,477,368,528,382,480,Squat
494,503,375,645,510,529,382,507,533,531,479,369,526,384,479,Squat
492,496,377,648,512,529,383,508,532,531,480,373,525,380,480,Squat
491,496,380,644,510,530,383,506,530,531,480,373,526,379,480,Squat
491,500,382,644,508,530,383,506,529,530,483,376,527,380,482,Squat
494,506,386,644,508,529,383,508,532,529,483,378,529,386,479,Squat
495,505,390,646,507,530,383,509,532,530,480,377,530,385,488,Squat
498,504,393,646,511,528,383,506,531,533,478,377,532,394,481,Squat
499,506,393,644,511,528,383,506,530,535,478,377,530,401,491,Squat
505,510,395,644,507,526,382,507,531,532,478,379,521,409,494,Squat
510,508,400,648,501,529,383,505,531,527,477,384,514,410,505,Squat
508,510,407,648,507,527,380,493,533,524,476,393,517,412,501,Squat
500,510,416,644,510,534,382,505,535,523,480,398,525,412,497,Squat
492,510,415,639,512,532,385,518,531,521,484,403,522,414,501,Squat
488,509,409,638,506,527,390,522,533,519,497,398,516,415,505,Squat
488,512,403,645,495,534,399,532,537,519,498,395,518,417,505,Squat
493,507,397,646,518,527,384,521,536,523,499,398,523,421,505,Squat
494,501,399,640,525,521,378,535,527,529,501,394,521,418,509,Squat
497,497,402,641,527,519,395,530,542,534,494,377,522,419,509,Squat
497,497,399,641,526,526,392,551,537,531,479,381,517,414,518,Squat
497,494,395,637,536,532,395,554,539,525,478,398,513,408,525,Squat
498,490,403,633,536,533,402,531,546,523,482,407,510,399,529,Squat
503,481,411,641,550,536,382,534,546,524,491,413,516,394,522,Squat
503,485,412,640,536,530,390,553,551,526,491,422,518,383,529,Squat
491,494,422,637,542,542,392,545,557,519,494,425,526,380,528,Squat
495,505,416,635,550,545,401,546,566,514,505,412,537,383,536,Squat
495,525,398,634,545,548,389,556,558,518,492,404,538,381,536,Squat
493,519,393,638,552,548,395,571,546,525,480,397,528,373,539,Squat
492,515,392,619,547,554,398,554,555,523,479,386,530,378,537,Squat
492,514,371,638,557,547,407,567,556,531,477,372,531,374,543,Squat
493,514,365,634,551,551,397,577,554,537,467,362,533,371,532,Squat
488,511,365,628,555,551,405,574,555,540,463,342,524,369,534,Squat
481,513,363,629,565,546,404,573,551,542,459,342,518,366,542,Squat
496,515,351,629,562,553,405,570,554,534,466,351,516,362,548,Squat
498,506,346,632,562,549,397,568,558,518,472,341,526,354,544,Squat
489,489,357,632,565,545,401,580,552,525,453,334,535,344,551,Squat
494,493,364,626,560,552,400,577,551,538,430,339,534,347,549,Squat
501,504,364,623,562,560,405,579,557,529,442,337,535,345,549,Squat
498,499,366,625,564,562,405,574,563,536,466,337,529,344,553,Squat
502,510,361,626,562,567,407,571,565,533,467,344,524,347,553,Squat
496,509,360,627,562,560,405,575,556,532,464,343,518,353,552,Squat
491,507,361,626,563,562,406,572,557,529,453,343,533,360,545,Squat
499,505,363,623,564,559,405,572,556,536,458,351,528,365,543,Squat
498,512,351,625,565,557,404,569,559,537,470,353,521,373,545,Squat
493,510,348,625,563,551,407,572,560,530,474,352,530,376,544,Squat
491,514,351,629,564,549,406,567,562,524,463,349,531,374,542,Squat
490,515,358,628,564,544,404,564,560,527,453,354,528,373,548,Squat
490,519,362,629,561,550,404,564,563,528,459,359,530,372,547,Squat
490,517,366,621,566,550,409,570,561,522,468,368,532,371,546,Squat
487,512,372,625,564,553,402,569,557,521,477,368,524,366,549,Squat
488,514,368,623,567,553,404,568,561,529,477,367,524,366,547,Squat
491,509,365,626,564,553,405,570,561,528,481,370,530,369,547,Squat
488,504,369,621,565,556,406,571,557,526,485,371,530,372,548,Squat
489,502,371,629,563,549,404,574,553,530,488,370,529,374,546,Squat
495,509,367,627,563,557,404,574,552,527,485,365,533,374,544,Squat
487,506,366,623,564,557,405,573,552,530,479,359,530,373,549,Squat
484,507,369,623,564,555,405,572,550,534,473,354,530,374,551,Squat
489,513,370,625,562,556,404,572,548,529,474,353,527,371,549,Squat
486,508,369,626,559,558,405,574,549,531,476,352,527,369,553,Squat
477,505,368,625,563,558,401,576,545,538,476,352,532,363,556,Squat
476,507,363,624,562,556,405,571,550,540,479,353,538,360,556,Squat
478,503,360,624,558,558,406,573,549,545,483,345,537,358,557,Squat
478,504,358,624,559,560,404,574,549,558,470,343,531,363,554,Squat
476,504,349,628,559,557,403,579,536,556,461,336,529,369,556,Squat
467,496,348,623,565,554,402,572,538,551,461,331,525,375,561,Squat
461,494,344,629,564,554,403,565,550,543,466,334,521,373,561,Squat
459,490,348,629,562,555,404,564,558,534,475,336,524,370,557,Squat
456,488,360,623,562,560,407,570,564,541,480,342,529,369,558,Squat
460,491,367,615,569,559,406,577,564,550,485,350,532,371,560,Squat
465,492,367,619,563,565,404,573,564,554,495,347,528,370,558,Squat
467,491,365,625,562,564,404,573,562,555,501,342,523,372,556,Squat
466,488,361,627,558,565,406,571,558,554,500,348,522,372,556,Squat
469,493,357,626,557,565,405,575,556,547,493,354,526,372,551,Squat
473,495,358,628,563,561,404,573,556,541,494,349,526,372,550,Squat
472,498,363,624,563,558,403,573,558,541,491,343,525,375,546,Squat
477,506,358,627,564,553,404,574,556,543,467,343,526,379,548,Squat
482,507,359,626,563,555,401,573,559,546,482,366,531,381,543,Squat
481,500,366,626,561,554,404,568,560,555,487,361,532,381,551,Squat
481,505,371,629,560,556,401,568,555,550,473,356,528,380,546,Squat
485,519,378,627,562,556,402,570,550,543,478,363,528,374,539,Squat
483,519,385,631,557,551,399,570,547,543,485,373,527,376,537,Squat
482,507,390,629,561,551,399,567,551,546,491,382,525,383,535,Squat
485,495,395,631,557,546,393,561,551,542,475,386,528,390,533,Squat
488,494,394,632,556,550,396,558,555,542,474,385,529,397,524,Squat
491,493,390,633,555,554,393,558,552,542,482,382,525,401,525,Squat
493,493,390,635,553,552,394,555,549,539,473,379,525,408,528,Squat
496,499,387,635,548,549,390,550,545,532,470,378,530,411,529,Squat
494,496,390,637,545,548,392,546,545,535,473,383,531,410,527,Squat
488,493,398,636,544,546,393,551,543,540,474,388,528,406,526,Squat
486,491,407,636,544,545,390,540,539,542,483,392,523,410,523,Squat
490,499,408,638,541,540,388,541,540,538,496,401,522,413,518,Squat
493,502,411,636,538,539,386,536,540,531,500,401,523,412,523,Squat
493,493,417,639,535,537,386,528,538,531,496,402,523,411,529,Squat
495,494,418,639,529,537,389,519,544,530,491,405,523,408,514,Squat
492,499,421,639,525,538,388,519,540,529,494,407,524,402,518,Squat
492,501,421,639,514,536,384,513,533,529,497,405,522,399,517,Squat
494,502,416,639,515,536,385,508,535,529,495,401,523,395,513,Squat
497,501,415,642,521,532,386,514,530,530,490,400,530,397,509,Squat
503,497,413,646,513,526,383,508,529,534,485,393,530,394,511,Squat
508,498,411,641,507,525,384,500,531,537,483,384,531,389,513,Squat
512,491,406,644,515,521,384,504,530,535,476,382,536,389,506,Squat
510,490,406,644,506,527,383,504,529,530,471,382,539,387,500,Squat
502,492,403,644,507,527,382,504,528,524,472,385,535,385,499,Squat
494,498,395,644,500,531,383,502,528,522,473,385,527,380,500,Squat
492,502,385,647,506,529,383,500,532,519,470,386,525,380,496,Squat
491,504,382,645,494,531,384,493,539,519,470,388,527,378,499,Squat
495,509,381,643,492,529,382,495,535,520,477,386,528,378,497,Squat
496,505,381,644,492,531,385,490,535,525,481,384,526,375,499,Squat
499,500,382,648,502,529,384,497,531,529,481,382,527,379,491,Squat
500,495,381,643,500,532,383,491,531,531,481,377,530,376,498,Squat
501,502,380,644,506,531,382,494,530,531,482,372,526,380,490,Squat
501,502,379,641,505,532,384,497,535,527,479,367,526,380,494,Squat
495,504,378,651,514,527,384,500,534,523,472,366,526,378,494,Squat
492,506,376,644,515,526,384,501,530,525,471,365,527,381,492,Squat
492,507,375,646,511,530,384,505,530,526,474,369,527,381,493,Squat
495,510,373,646,511,529,381,507,530,523,479,370,530,380,493,Squat
493,504,377,644,504,529,383,505,531,524,480,370,527,378,492,Squat
493,508,380,649,512,524,383,505,531,529,479,373,524,374,498,Squat
495,511,378,644,502,531,383,503,532,530,482,375,526,376,496,Squat
492,513,379,644,506,530,383,501,534,530,487,376,528,377,497,Squat
493,516,382,644,506,527,381,504,534,528,488,373,529,380,497,Squat
489,515,384,646,504,528,384,502,533,530,484,373,529,378,497,Squat
489,517,384,647,509,526,383,498,534,533,482,369,529,376,495,Squat
491,513,384,644,505,532,383,495,535,536,482,368,528,378,495,Squat
491,508,382,644,505,530,383,496,535,537,487,370,528,378,499,Squat
491,504,379,644,503,528,383,500,535,535,481,373,530,378,498,Squat
488,500,379,648,506,528,383,500,533,535,468,374,530,376,499,Squat
487,500,378,645,510,528,383,498,533,535,462,376,529,377,495,Squat
486,502,376,644,509,529,382,500,533,536,458,376,529,377,500,Squat
486,501,375,644,508,528,383,500,535,535,458,375,528,380,499,Squat
488,499,375,645,509,527,383,503,535,535,460,374,528,379,496,Squat
488,499,377,646,513,526,383,504,533,536,457,372,527,378,495,Squat
488,496,379,644,512,526,383,504,532,537,460,372,527,378,496,Squat
489,494,380,644,508,529,382,507,532,537,462,372,527,378,497,Squat
489,494,381,645,507,531,383,507,533,536,465,375,528,379,498,Squat
490,498,383,645,508,530,383,506,532,536,464,373,530,379,498,Squat
490,500,383,645,508,529,383,507,532,538,467,373,529,379,497,Squat
492,500,384,645,509,529,383,507,532,538,477,375,529,379,496,Squat
492,503,384,645,509,529,383,504,532,536,473,375,529,378,499,Squat
492,506,383,645,509,529,383,504,533,537,463,380,529,378,501,Squat
494,505,382,645,509,529,383,504,533,536,458,383,528,380,496,Squat
497,508,382,645,509,529,383,503,533,533,457,379,529,381,489,Squat
495,508,382,645,510,529,383,507,530,533,450,375,529,380,491,Squat
492,506,384,645,511,529,383,508,530,534,448,374,526,382,493,Squat
496,504,385,645,508,529,383,508,530,529,453,375,525,383,494,Squat
497,502,387,645,509,529,383,508,532,526,462,377,526,384,497,Squat
497,501,388,645,509,529,382,506,530,525,457,379,522,390,498,Squat
502,502,391,645,509,528,380,501,527,523,456,383,517,396,501,Squat
504,498,396,646,497,529,384,491,534,523,455,388,517,405,502,Squat
501,495,401,646,502,531,384,486,539,524,457,396,521,415,504,Squat
501,494,402,645,507,531,384,498,540,525,465,401,522,426,503,Squat
501,495,405,644,510,531,385,508,529,525,471,409,516,439,504,Squat
501,497,409,644,514,530,383,523,510,521,475,413,512,446,514,Squat
501,500,414,646,502,530,381,533,504,516,479,417,509,444,520,Squat
504,502,424,652,498,534,381,518,521,513,483,422,509,432,522,Squat
511,506,433,648,511,531,404,506,559,512,491,428,518,421,522,Squat
518,507,424,635,524,520,391,538,545,508,499,421,527,411,508,Squat
509,514,409,618,530,527,394,542,532,508,488,412,524,386,515,Squat
498,497,416,643,515,545,399,542,542,522,496,404,525,367,531,Squat
496,509,419,649,548,537,376,535,535,533,503,399,529,366,535,Squat
494,528,414,611,557,529,386,557,543,530,501,397,526,374,533,Squat
490,527,417,575,565,544,390,551,549,531,499,395,523,379,529,Squat
493,527,411,689,538,548,391,554,543,533,491,395,526,379,534,Squat
499,525,403,655,564,537,391,560,549,533,483,387,521,392,534,Squat
495,511,382,621,559,553,393,553,550,528,478,370,521,380,542,Squat
485,477,376,635,554,558,403,552,548,533,464,365,519,379,541,Squat
490,463,370,622,563,549,394,563,542,535,466,365,522,376,538,Squat
495,479,358,631,551,552,399,563,546,535,477,363,514,368,548,Squat
491,482,348,633,554,540,393,575,538,533,472,367,521,365,553,Squat
491,502,340,631,559,556,403,562,557,528,467,360,533,361,546,Squat
482,519,332,622,554,561,406,560,570,536,463,351,532,356,547,Squat
485,511,333,623,558,559,404,562,567,538,461,348,527,359,555,Squat
504,490,344,632,562,561,390,579,542,531,463,349,524,364,556,Squat
507,490,341,629,563,568,393,588,534,526,478,339,526,366,561,Squat
497,508,356,625,564,565,403,579,551,527,471,331,526,365,564,Squat
494,519,366,622,567,566,407,571,555,534,477,329,526,363,561,Squat
497,535,370,622,566,569,403,571,561,537,493,332,521,358,559,Squat
495,519,384,625,558,568,406,567,558,544,506,346,518,359,568,Squat
497,509,399,622,560,572,402,565,556,543,503,361,520,371,564,Squat
500,521,391,618,564,565,404,564,558,538,504,370,523,373,558,Squat
498,522,391,630,556,558,397,563,554,533,494,373,526,376,557,Squat
494,520,390,622,564,556,403,564,559,533,482,369,522,381,554,Squat
490,519,374,624,560,561,402,562,562,532,475,360,522,381,550,Squat
485,516,358,621,567,556,405,566,564,530,468,352,527,381,553,Squat
487,503,353,622,562,560,399,564,563,533,467,348,526,383,553,Squat
492,503,347,624,560,559,401,564,566,534,472,346,523,378,554,Squat
489,497,348,629,553,559,407,559,569,534,477,349,523,378,555,Squat
489,498,349,620,561,564,403,567,563,538,482,351,523,376,559,Squat
489,507,349,622,562,564,398,570,559,541,487,349,524,374,560,Squat
488,511,353,624,564,561,401,565,560,541,490,352,530,371,560,Squat
483,515,361,623,559,562,409,565,561,540,489,353,530,371,565,Squat
483,520,367,624,562,562,405,565,557,540,490,351,526,371,564,Squat
486,520,369,623,566,560,402,569,554,541,490,354,525,370,566,Squat
483,514,372,620,566,561,403,568,558,543,494,358,523,375,566,Squat
483,514,372,621,562,562,405,569,558,543,494,357,521,377,564,Squat
483,512,370,622,564,560,405,571,558,541,492,351,525,377,566,Squat
484,510,369,622,566,562,401,571,559,544,489,346,525,374,568,Squat
482,505,367,620,567,563,402,572,560,547,487,345,524,373,567,Squat
476,506,365,620,564,562,405,567,559,547,483,344,528,366,573,Squat
467,509,363,621,566,562,406,569,559,548,477,346,533,364,576,Squat
468,507,363,623,564,565,402,572,556,548,479,352,537,361,575,Squat
475,513,357,622,562,566,398,569,551,549,480,349,533,362,575,Squat
473,509,358,621,567,560,400,570,550,554,473,339,528,364,576,Squat
469,503,362,620,568,560,408,568,555,553,467,335,529,371,573,Squat
467,497,357,621,570,561,403,568,556,551,476,339,528,372,570,Squat
466,495,350,626,566,561,401,570,552,553,485,341,522,372,571,Squat
469,496,350,622,565,561,400,575,550,558,490,344,522,376,570,Squat
471,505,350,618,561,565,402,564,557,556,491,347,530,376,568,Squat
468,507,355,624,563,563,406,571,557,555,490,347,531,378,565,Squat
469,504,359,626,557,565,399,568,553,561,483,348,528,378,563,Squat
471,506,359,623,555,569,399,569,552,559,478,354,529,379,559,Squat
470,506,368,624,560,562,400,560,554,554,475,356,528,382,558,Squat
470,513,371,621,560,563,404,566,553,551,467,356,524,381,558,Squat
470,518,368,631,551,560,399,564,549,554,462,362,524,378,558,Squat
469,509,371,628,553,562,396,561,553,551,469,365,528,384,545,Squat
474,506,372,627,553,561,394,557,555,546,473,361,531,383,547,Squat
476,501,372,628,549,559,397,555,557,547,468,360,526,385,552,Squat
479,496,382,632,550,562,399,554,558,541,466,363,528,384,541,Squat
477,501,393,632,550,559,394,561,548,537,473,369,527,378,536,Squat
478,507,401,634,555,554,388,554,544,541,474,376,527,384,534,Squat
465,504,407,628,553,555,389,551,549,545,472,381,531,388,540,Squat
470,490,415,633,550,550,390,551,549,547,469,388,523,401,533,Squat
479,512,419,637,542,553,392,550,546,549,500,410,523,406,525,Squat
489,507,407,636,542,555,390,539,547,534,507,410,523,412,521,Squat
488,493,399,636,545,544,388,534,546,529,510,401,528,420,521,Squat
488,500,387,636,543,539,387,536,539,527,480,390,532,421,515,Squat
483,521,377,642,537,541,388,535,540,530,470,375,525,419,509,Squat
481,520,383,639,541,547,393,539,541,533,481,373,520,414,516,Squat
485,528,384,634,535,543,386,536,534,530,505,381,520,412,515,Squat
494,529,394,636,532,542,386,523,535,524,520,395,524,406,518,Squat
499,524,402,644,523,537,389,532,540,523,525,405,531,404,509,Squat
498,527,405,642,524,540,386,528,533,532,520,406,527,402,505,Squat
498,523,406,640,520,540,386,523,533,535,514,402,527,397,504,Squat
496,520,410,639,515,539,385,524,533,534,509,397,531,395,501,Squat
490,512,406,641,524,530,384,518,531,530,501,391,535,397,497,Squat
487,517,405,644,524,523,384,520,530,525,496,388,535,391,498,Squat
486,517,401,644,528,522,384,511,527,520,491,390,534,389,494,Squat
490,519,395,644,519,527,385,512,532,522,492,390,533,386,491,Squat
491,507,393,641,511,533,384,510,533,525,491,390,531,384,491,Squat
493,505,396,642,511,530,383,510,530,524,493,387,531,386,487,Squat
495,509,392,644,510,526,383,510,528,523,496,382,533,384,485,Squat
494,501,392,644,503,526,383,508,526,527,500,381,531,382,485,Squat
493,496,394,644,503,529,383,503,527,528,503,378,531,382,480,Squat
495,504,392,644,496,534,383,505,530,528,503,371,528,380,481,Squat
493,501,391,643,495,535,382,504,534,529,500,366,527,379,482,Squat
495,498,389,644,496,532,384,496,534,530,499,370,528,381,478,Squat
498,500,388,647,509,525,384,489,532,527,499,370,533,381,475,Squat
495,504,383,646,505,529,382,498,529,528,497,369,533,380,478,Squat
494,504,383,645,504,529,383,497,530,528,494,363,533,383,473,Squat
494,506,380,646,507,529,383,496,531,530,492,358,533,381,468,Squat
490,506,379,645,508,530,385,497,532,532,489,358,532,380,473,Squat
488,502,380,645,507,532,382,501,531,530,491,359,528,382,474,Squat
492,516,379,645,506,531,383,498,532,527,492,362,526,381,472,Squat
496,521,389,646,509,527,383,499,534,531,491,366,531,381,470,Squat
496,510,397,646,504,527,383,501,532,534,490,370,529,380,476,Squat
496,507,394,646,505,527,383,497,532,533,495,377,530,383,479,Squat
500,506,388,646,504,527,383,496,533,526,505,379,532,384,475,Squat
501,496,383,646,502,528,383,499,533,520,503,380,532,383,472,Squat
500,505,379,646,500,529,383,500,534,522,498,380,532,383,470,Squat
499,513,378,644,499,530,383,499,534,523,500,378,531,383,473,Squat
499,513,377,644,501,530,384,501,533,523,500,370,531,385,477,Squat
499,513,376,644,499,530,383,501,534,524,498,367,530,388,474,Squat
501,512,377,646,500,530,383,503,533,526,499,367,530,389,475,Squat
499,515,381,645,500,531,382,501,533,526,502,368,530,388,478,Squat
499,520,384,644,500,532,382,501,533,529,504,369,528,386,487,Squat
508,519,391,644,498,532,382,503,533,531,505,369,525,390,485,Squat
516,513,400,644,505,527,383,502,533,531,508,372,525,393,483,Squat
506,510,409,644,510,526,382,503,538,530,504,377,522,397,489,Squat
500,511,410,644,511,526,383,502,542,526,506,383,522,405,498,Squat
493,513,409,644,518,524,383,506,535,526,518,390,524,409,501,Squat
492,512,404,643,512,527,385,505,525,526,524,392,529,409,502,Squat
489,507,401,647,501,533,382,509,519,527,509,387,527,413,503,Squat
490,506,401,642,511,533,385,516,522,529,492,379,519,415,508,Squat
494,516,396,640,522,529,389,533,529,532,485,368,522,417,511,Squat
492,509,393,643,518,523,387,525,533,537,480,369,521,416,509,Squat
482,509,395,645,520,523,387,528,534,541,496,375,517,408,511,Squat
481,508,400,645,511,527,383,509,530,542,507,382,520,402,512,Squat
482,526,403,637,522,532,387,533,537,541,496,390,525,400,515,Squat
491,528,407,635,537,531,396,539,544,534,487,393,523,401,519,Squat
494,521,408,641,532,527,395,548,537,530,483,389,521,396,522,Squat
495,514,407,641,521,537,396,546,546,529,476,385,526,393,520,Squat
496,509,407,639,547,535,389,544,551,534,475,391,527,394,525,Squat
501,514,399,637,547,538,385,548,550,529,479,398,525,391,524,Squat
499,514,396,636,553,542,388,552,549,525,486,397,523,384,528,Squat
491,515,396,637,538,552,395,539,555,529,485,402,525,382,525,Squat
493,517,395,638,537,553,387,550,556,527,490,408,529,380,526,Squat
493,521,386,634,544,549,399,558,556,523,496,413,529,376,530,Squat
490,511,384,635,549,557,398,556,555,519,499,417,532,370,533,Squat
491,500,382,630,551,553,399,566,550,514,499,416,535,366,531,Squat
497,501,377,629,541,564,395,567,553,511,493,411,530,361,529,Squat
497,505,376,633,551,560,396,576,550,511,486,394,526,360,529,Squat
494,500,376,634,555,551,401,568,549,514,480,371,529,363,527,Squat
497,506,369,633,552,561,399,570,550,519,477,351,527,361,528,Squat
494,510,360,627,557,561,401,573,549,532,477,346,524,361,531,Squat
496,505,367,628,563,553,405,569,558,535,488,348,527,363,530,Squat
498,505,375,632,562,549,398,569,556,532,490,346,526,364,534,Squat
496,512,377,631,566,546,399,568,556,536,485,347,525,362,544,Squat
498,513,377,631,563,546,402,570,553,539,481,347,525,365,536,Squat
496,513,372,625,569,546,401,570,555,536,481,347,526,365,536,Squat
488,509,371,627,568,545,404,571,552,534,480,346,529,362,538,Squat
483,497,373,627,567,545,402,566,557,541,480,346,529,364,539,Squat
486,505,368,631,566,545,405,566,561,544,480,346,529,360,539,Squat
481,506,363,624,566,552,404,565,562,546,482,341,529,356,544,Squat
479,507,363,624,564,558,404,567,559,550,480,342,529,354,547,Squat
479,513,353,626,557,553,397,563,555,548,481,345,530,354,543,Squat
477,506,348,629,557,552,405,569,556,548,484,347,532,355,546,Squat
474,498,349,629,558,553,398,565,556,555,477,347,532,358,551,Squat
475,504,353,626,560,554,405,565,559,557,472,343,532,361,549,Squat
477,515,353,629,557,549,402,565,557,556,470,336,530,363,552,Squat
476,512,352,632,554,555,405,569,557,555,468,337,528,367,551,Squat
476,511,349,627,556,560,401,563,558,551,470,343,532,371,547,Squat
470,511,351,628,559,557,402,567,558,549,477,340,529,375,552,Squat
466,514,352,626,560,558,402,568,558,553,479,338,524,379,550,Squat
477,513,358,628,561,557,403,569,557,554,485,344,526,379,553,Squat
473,514,359,627,560,558,401,563,559,553,490,350,527,374,555,Squat
470,511,371,627,557,558,403,567,555,559,490,359,526,374,559,Squat
469,509,378,624,560,560,400,569,551,554,493,356,527,368,556,Squat
462,502,382,623,558,561,403,567,553,549,492,356,525,365,556,Squat
464,495,384,627,562,557,400,570,546,554,491,362,520,365,555,Squat
467,492,375,622,562,561,403,568,551,558,489,363,522,365,556,Squat
467,489,362,623,562,560,399,564,553,560,485,356,527,365,556,Squat
459,483,354,626,563,557,402,564,553,558,478,350,529,367,554,Squat
458,485,350,625,556,557,404,566,553,556,475,350,529,367,552,Squat
460,492,348,625,556,562,404,568,550,555,475,349,529,366,556,Squat
458,494,346,621,559,564,398,568,552,551,471,344,525,368,553,Squat
460,494,348,628,564,560,402,568,555,547,471,343,525,368,549,Squat
465,496,351,622,565,561,403,571,552,548,473,343,525,367,552,Squat
464,497,356,620,562,566,402,570,551,552,462,347,524,368,552,Squat
469,498,362,621,564,564,401,573,551,565,484,378,524,371,550,Squat
471,505,370,622,566,559,403,571,552,562,490,357,524,370,545,Squat
471,509,377,628,564,561,402,573,547,556,497,352,524,370,551,Squat
472,509,385,622,566,561,403,568,553,558,501,360,524,370,545,Squat
474,515,383,621,565,562,396,569,546,554,504,365,528,373,541,Squat
473,507,386,623,566,560,400,569,547,551,497,363,527,375,541,Squat
476,502,384,624,563,562,402,564,553,551,487,362,526,376,541,Squat
480,502,379,624,563,561,397,565,548,549,485,362,527,373,537,Squat
477,497,381,624,562,561,397,564,550,547,488,364,530,375,532,Squat
476,496,384,626,561,559,400,565,550,546,490,368,531,380,529,Squat
479,500,384,622,564,561,398,561,552,544,495,373,529,382,528,Squat
484,501,384,625,562,557,391,564,548,543,497,372,532,385,526,Squat
487,497,385,631,555,556,394,564,548,543,492,376,532,389,523,Squat
484,499,385,631,555,559,401,559,554,545,490,375,530,395,515,Squat
485,501,388,630,557,556,397,559,548,546,493,373,528,399,521,Squat
492,503,386,629,559,553,389,551,545,544,496,377,528,405,524,Squat
489,505,383,635,546,548,389,549,548,542,496,376,528,405,525,Squat
483,504,391,638,545,545,394,552,547,542,490,376,528,408,525,Squat
480,505,399,635,551,547,393,546,547,544,481,379,530,407,523,Squat
480,505,403,633,546,548,391,543,551,544,485,387,533,400,530,Squat
479,502,408,634,543,549,390,540,549,543,498,389,532,399,519,Squat
478,502,414,638,541,549,389,535,546,547,502,394,527,398,522,Squat
479,507,415,636,543,549,392,546,544,550,506,402,526,397,524,Squat
480,509,410,639,536,546,385,538,534,550,513,400,525,393,515,Squat
474,499,412,639,535,544,388,530,542,555,510,397,524,393,509,Squat
469,501,411,637,539,536,392,539,543,558,501,393,525,398,509,Squat
476,512,403,635,533,533,382,530,537,555,500,384,530,402,512,Squat
482,513,395,639,531,531,383,524,541,550,493,374,533,402,508,Squat
480,506,396,646,525,534,387,519,539,553,481,373,529,397,502,Squat
480,502,399,641,521,535,390,526,534,550,474,377,527,393,498,Squat
485,509,395,635,529,531,386,519,530,546,482,378,526,392,501,Squat
489,508,390,640,520,526,384,518,535,542,482,380,527,392,499,Squat
490,504,390,642,520,527,384,516,532,542,482,381,529,392,493,Squat
488,507,393,642,524,524,385,520,530,542,484,383,529,387,489,Squat
487,513,398,642,515,527,385,517,528,542,489,388,526,382,492,Squat
491,516,397,644,514,528,383,512,534,539,493,391,526,381,487,Squat
490,519,393,644,518,525,383,509,539,537,493,390,530,380,490,Squat
487,519,390,644,515,523,384,514,534,537,488,388,532,382,482,Squat
486,519,382,644,517,520,383,512,532,538,487,389,529,380,489,Squat
486,518,375,645,515,524,383,514,533,538,483,386,532,380,484,Squat
484,512,374,644,514,528,383,507,536,538,477,383,532,379,488,Squat
484,511,377,645,512,528,381,513,534,537,476,383,530,378,487,Squat
486,516,377,645,511,525,380,511,534,536,481,383,525,376,484,Squat
485,514,381,646,512,522,382,510,532,538,483,383,524,375,484,Squat
484,510,384,643,507,527,382,510,530,540,480,383,524,379,482,Squat
484,510,387,643,507,530,382,509,531,537,483,380,525,382,485,Squat
485,506,398,643,504,529,382,509,533,536,486,377,524,383,483,Squat
486,498,404,649,509,527,385,508,535,536,488,375,527,381,481,Squat
489,502,399,644,510,527,385,508,534,536,489,375,530,377,476,Squat
490,502,390,644,505,527,384,503,532,535,491,372,525,373,479,Squat
491,498,384,644,506,527,383,501,532,534,489,363,525,382,473,Squat
493,497,377,646,510,528,382,508,534,534,484,360,527,384,472,Squat
491,497,373,645,516,525,385,504,534,535,484,361,530,384,472,Squat
490,501,374,643,515,529,384,505,531,537,486,364,530,382,474,Squat
489,509,375,643,513,528,384,506,531,537,491,364,527,383,475,Squat
490,508,379,646,507,528,383,502,533,536,494,365,526,383,475,Squat
490,506,384,648,510,528,384,507,533,535,493,369,524,382,474,Squat
491,506,388,647,513,529,384,506,534,533,493,374,524,385,476,Squat
494,508,393,645,512,532,384,507,532,533,495,379,526,390,479,Squat
499,506,397,643,511,529,383,507,532,532,497,383,524,394,482,Squat
502,508,400,646,503,530,383,506,532,530,494,384,523,397,485,Squat
499,509,406,645,507,528,384,500,538,529,490,384,526,403,487,Squat
494,511,411,644,508,528,384,503,538,529,489,388,530,406,488,Squat
490,513,414,644,509,527,384,507,535,529,494,391,530,411,489,Squat
489,514,416,644,513,524,384,507,531,528,500,393,528,411,498,Squat
492,512,411,645,499,532,382,516,525,528,499,395,526,405,504,Squat
492,509,410,644,503,536,380,514,529,531,492,398,527,394,504,Squat
489,502,412,643,513,531,390,529,539,536,486,405,529,387,505,Squat
487,497,408,636,517,527,389,530,538,539,489,409,527,391,503,Squat
487,503,401,640,523,523,389,529,541,542,495,408,520,399,507,Squat
491,509,394,643,519,524,391,535,540,545,496,403,518,410,507,Squat
490,509,392,639,545,530,380,546,526,546,489,399,522,420,510,Squat
487,511,391,645,546,522,378,542,519,542,485,394,531,426,509,Squat
483,513,392,643,534,526,387,531,544,540,482,389,537,430,511,Squat
486,516,396,640,529,536,399,541,534,540,479,382,525,427,511,Squat
492,515,396,640,527,534,395,529,543,540,476,372,516,413,522,Squat
501,507,404,637,538,541,380,549,537,538,473,378,521,401,531,Squat
498,507,403,632,540,543,384,559,533,528,476,391,525,387,534,Squat
488,491,403,635,534,541,391,550,543,526,489,398,524,378,537,Squat
479,485,407,641,533,550,430,538,579,529,492,396,519,370,545,Squat
476,489,407,627,553,552,449,563,596,535,487,386,522,368,544,Squat
471,503,391,626,539,565,330,531,521,535,486,379,529,371,532,Squat
473,507,375,630,567,549,356,576,510,539,497,373,527,365,536,Squat
468,501,367,635,555,538,420,551,571,542,505,361,528,365,542,Squat
468,499,362,637,557,544,411,560,566,542,499,349,532,361,546,Squat
473,498,360,633,559,545,394,573,551,544,480,337,535,359,547,Squat
480,488,364,631,555,556,397,564,552,547,467,339,528,353,552,Squat
481,498,362,630,554,552,396,565,546,549,466,349,525,353,550,Squat
475,507,359,634,559,546,392,566,541,544,468,356,528,361,548,Squat
471,517,358,633,560,547,396,568,549,537,468,355,530,356,555,Squat
479,517,357,630,560,549,399,563,552,542,460,362,532,357,552,Squat
487,482,370,627,568,547,401,570,550,545,468,371,530,357,549,Squat
489,460,378,628,560,550,399,571,550,536,477,353,525,360,551,Squat
488,470,375,627,563,551,401,570,554,539,448,351,525,363,551,Squat
483,481,368,627,563,553,400,564,557,541,424,365,531,370,545,Squat
479,488,370,625,566,553,402,565,556,536,443,367,532,375,547,Squat
481,494,366,623,563,551,405,568,556,538,479,364,531,375,546,Squat
484,499,359,634,553,547,398,561,553,539,481,360,532,376,546,Squat
479,489,358,631,557,552,394,561,555,540,475,359,531,377,552,Squat
477,485,361,626,557,554,406,568,558,543,473,355,528,377,551,Squat
486,484,366,625,556,553,401,566,555,542,472,354,530,373,549,Squat
486,488,368,630,556,553,400,559,560,539,470,354,533,373,552,Squat
481,505,372,628,557,557,402,565,558,543,470,356,532,371,551,Squat
476,510,373,628,556,560,398,568,554,543,476,355,529,373,553,Squat
479,505,371,624,559,558,404,564,553,540,481,353,532,369,556,Squat
481,501,366,628,556,558,399,563,558,543,476,354,532,371,558,Squat
479,493,368,627,561,554,405,563,560,548,476,350,533,370,552,Squat
483,496,372,628,561,551,402,565,556,542,480,345,537,370,550,Squat
480,499,363,627,561,555,405,569,561,540,483,348,537,373,554,Squat
476,495,361,625,562,557,402,564,558,543,476,352,538,373,553,Squat
480,491,363,626,562,555,403,572,556,538,475,355,539,371,551,Squat
479,500,365,623,563,555,406,567,562,539,480,353,534,372,558,Squat
481,503,367,626,560,556,404,568,559,541,482,359,537,374,557,Squat
488,504,366,626,564,551,404,569,561,534,485,368,544,369,556,Squat
482,499,364,627,565,548,406,571,561,535,488,367,536,368,559,Squat
477,495,371,626,563,551,403,570,558,547,481,365,529,368,562,Squat
476,502,365,626,568,551,406,570,558,545,477,365,535,364,560,Squat
472,502,366,627,564,555,402,571,558,541,481,364,534,363,561,Squat
469,502,375,623,566,553,403,567,561,543,486,361,531,367,558,Squat
472,501,371,628,560,546,407,570,559,544,482,354,536,365,559,Squat
473,497,367,623,567,550,405,568,565,546,480,343,537,367,559,Squat
471,495,369,627,558,558,401,561,568,553,477,336,532,367,562,Squat
474,497,366,626,559,557,406,575,553,553,476,339,534,371,551,Squat
470,503,363,627,560,557,406,571,556,553,481,339,531,369,551,Squat
466,507,365,628,558,558,399,569,556,557,482,343,533,372,551,Squat
464,510,364,626,563,555,403,568,560,556,480,346,534,372,551,Squat
461,503,362,624,560,560,407,569,557,556,478,349,530,374,554,Squat
462,501,366,626,561,559,403,571,552,559,473,349,530,376,557,Squat
470,505,368,627,562,559,399,569,556,558,470,359,529,377,554,Squat
471,511,367,628,564,556,397,569,554,555,474,360,529,379,550,Squat
465,510,378,628,563,556,405,572,552,557,473,365,529,383,548,Squat
465,506,380,627,561,561,399,570,546,556,473,368,529,382,547,Squat
466,510,379,624,566,554,399,567,545,555,480,369,529,386,545,Squat
468,500,379,628,564,551,396,564,549,553,483,370,525,393,538,Squat
470,503,380,630,558,553,397,565,547,551,482,370,522,397,540,Squat
467,506,381,629,562,550,396,561,545,551,481,370,525,400,541,Squat
468,507,383,632,562,553,391,558,548,550,481,371,527,404,536,Squat
466,500,385,632,557,557,393,548,549,549,484,373,529,406,528,Squat
463,506,388,635,549,552,393,550,544,554,487,378,524,407,541,Squat
465,508,390,634,545,553,389,546,538,556,486,379,525,406,537,Squat
474,511,393,630,549,551,388,542,543,547,489,378,528,398,528,Squat
471,506,401,638,537,544,392,537,545,548,489,378,531,393,522,Squat
468,509,406,640,541,545,392,538,541,554,485,381,528,393,520,Squat
471,513,407,631,539,544,386,531,541,557,485,384,525,400,521,Squat
475,513,401,635,533,543,386,535,544,549,490,381,529,400,520,Squat
475,501,398,638,541,540,384,532,540,545,487,379,527,400,514,Squat
478,496,399,646,536,536,386,530,538,547,482,392,522,402,510,Squat
481,499,398,642,533,541,387,527,536,539,480,400,519,404,508,Squat
481,501,395,637,529,541,382,525,532,536,481,394,524,402,511,Squat
485,504,400,636,525,538,385,521,539,539,476,393,527,408,504,Squat
484,507,403,641,533,534,387,513,538,541,480,405,530,406,496,Squat
484,509,407,644,528,530,387,525,526,538,486,406,530,401,495,Squat
487,513,404,643,515,534,383,512,518,536,484,404,528,398,495,Squat
491,513,404,640,512,532,384,511,521,535,485,406,527,393,499,Squat
497,505,401,640,510,529,383,506,526,528,482,408,527,389,491,Squat
497,509,399,641,517,525,384,505,532,525,479,404,528,381,502,Squat
496,504,400,644,513,522,383,505,528,521,476,399,529,379,497,Squat
496,505,399,643,509,525,381,500,526,514,476,394,528,380,489,Squat
494,501,397,646,498,531,382,498,526,513,474,393,526,373,494,Squat
493,499,400,646,500,534,384,493,533,517,469,391,524,372,490,Squat
499,508,394,644,491,539,380,499,539,521,473,388,524,374,490,Squat
499,502,392,644,485,537,382,497,538,524,477,383,526,382,484,Squat
497,492,394,649,496,534,384,498,530,528,473,377,527,382,484,Squat
493,492,393,647,505,530,383,498,524,531,473,372,524,384,480,Squat
498,500,385,645,500,535,382,502,527,529,473,372,524,380,483,Squat
497,501,387,645,509,532,381,513,525,524,473,373,524,378,481,Squat
494,500,394,644,511,530,384,509,530,524,470,373,524,382,477,Squat
492,504,390,647,511,529,384,503,530,524,474,374,525,379,481,Squat
492,502,389,643,513,529,384,506,530,525,475,374,527,380,483,Squat
497,501,390,645,508,533,383,503,530,528,475,375,527,383,479,Squat
499,500,387,645,504,533,381,509,529,527,477,376,525,379,481,Squat
495,500,386,643,499,534,384,504,530,529,479,376,528,379,482,Squat
494,504,384,645,503,533,384,501,530,534,478,376,527,384,481,Squat
494,508,380,644,506,531,384,498,531,531,479,378,526,384,480,Squat
489,507,376,646,506,531,384,501,532,526,480,377,528,381,482,Squat
484,503,375,646,508,529,383,503,530,529,476,377,528,380,486,Squat
482,501,376,646,507,533,383,506,530,534,474,377,528,378,483,Squat
483,506,375,644,507,533,383,507,532,534,475,375,529,373,482,Squat
478,502,378,644,507,533,383,509,530,537,473,373,531,371,480,Squat
473,499,379,644,509,530,381,517,526,542,473,371,529,375,480,Squat
476,503,376,644,514,526,384,510,533,545,475,366,526,377,484,Squat
479,503,372,644,519,524,383,509,532,545,474,361,524,380,489,Squat
483,495,372,643,517,526,383,510,532,543,470,357,526,387,490,Squat
492,495,373,646,512,530,383,510,531,536,468,357,529,391,489,Squat
494,497,377,645,511,529,383,510,532,531,469,358,525,393,495,Squat
494,500,387,645,508,529,383,512,534,531,469,364,521,402,497,Squat
498,505,398,645,506,529,383,507,531,530,473,374,521,407,505,Squat
499,510,406,643,505,529,382,507,529,523,480,382,525,415,498,Squat
498,511,414,644,498,530,382,505,532,523,490,392,523,415,507,Squat
497,514,417,645,500,530,381,503,530,531,500,397,524,409,505,Squat
492,512,417,643,514,530,380,527,517,534,503,401,527,400,506,Squat
487,509,418,642,521,526,389,531,513,531,498,405,526,402,506,Squat
490,505,418,641,516,523,390,531,515,527,497,409,518,401,509,Squat
496,508,412,650,503,531,404,526,550,525,499,412,519,405,507,Squat
499,507,407,638,532,527,397,538,557,525,501,406,525,408,504,Squat
493,508,397,629,544,518,388,537,542,522,490,402,526,408,507,Squat
491,509,392,624,548,525,387,543,522,515,486,394,526,404,505,Squat
494,508,396,644,524,539,389,548,538,511,487,388,526,399,509,Squat
499,514,401,661,510,555,390,539,548,514,487,387,526,395,514,Squat
501,517,399,634,551,542,390,546,549,521,491,391,522,387,519,Squat
497,506,400,631,534,538,394,557,540,521,498,391,520,383,521,Squat
493,502,402,607,565,548,396,561,547,525,493,392,526,379,520,Squat
493,502,390,643,558,541,392,556,551,534,488,395,525,380,516,Squat
490,492,384,659,538,548,390,547,555,531,486,389,522,380,521,Squat
488,489,382,624,554,550,397,561,549,529,480,380,526,374,523,Squat
491,495,383,632,551,556,395,559,553,531,466,373,518,380,522,Squat
501,507,385,632,561,554,399,562,557,519,454,378,523,375,529,Squat
505,497,394,630,560,551,394,564,555,504,471,365,538,371,525,Squat
500,497,390,635,550,551,393,561,553,508,467,349,533,359,543,Squat
492,507,375,633,544,552,395,567,552,539,459,348,527,352,551,Squat
487,511,374,636,548,556,404,571,554,549,473,357,528,350,541,Squat
482,508,378,627,565,552,400,571,546,541,507,371,528,355,544,Squat
482,512,385,635,559,555,399,570,542,540,518,363,524,364,545,Squat
487,506,372,627,558,557,395,567,548,543,505,365,523,366,536,Squat
492,518,366,632,554,555,400,566,548,533,488,367,525,368,536,Squat
479,512,364,627,559,554,399,570,545,533,486,361,528,373,540,Squat
481,502,362,628,557,555,398,568,550,534,474,356,527,376,541,Squat
482,508,358,629,556,555,399,569,551,529,460,351,528,371,543,Squat
480,519,357,631,557,557,402,569,551,534,457,346,527,370,543,Squat
477,503,361,627,559,554,399,561,547,538,462,348,525,371,539,Squat
479,508,360,627,558,555,397,563,548,532,464,351,528,370,537,Squat
474,512,358,625,565,551,401,562,550,534,471,353,527,370,544,Squat
474,505,361,628,559,552,401,560,552,538,475,358,529,372,538,Squat
479,509,363,631,549,557,397,561,549,539,482,359,532,367,543,Squat
477,516,360,629,556,557,392,557,547,545,485,358,530,371,546,Squat
480,513,365,627,552,557,399,560,552,544,482,363,528,373,538,Squat
485,514,362,630,544,549,401,561,550,538,485,361,528,369,545,Squat
481,523,358,636,546,549,399,560,549,541,476,355,529,370,547,Squat
480,519,362,628,555,555,398,564,549,541,470,351,534,373,545,Squat
476,522,365,626,558,554,399,566,551,536,474,347,536,371,550,Squat
477,529,365,629,552,556,402,570,552,537,471,346,529,375,549,Squat
481,529,368,628,548,557,400,566,556,536,471,347,529,371,546,Squat
485,527,368,633,547,559,401,565,558,535,480,340,529,366,551,Squat
480,522,370,625,559,558,403,568,553,546,482,339,528,368,555,Squat
478,517,370,628,554,559,399,567,551,548,490,349,529,368,551,Squat
484,519,370,628,557,558,401,567,553,541,499,354,528,367,546,Squat
482,514,370,628,557,556,401,569,552,542,495,348,527,367,561,Squat
479,515,369,627,560,555,402,570,553,550,478,352,532,363,555,Squat
478,520,364,625,565,552,402,569,554,546,474,353,535,363,555,Squat
471,518,370,628,561,554,404,570,554,541,481,358,533,363,558,Squat
470,519,369,625,561,556,401,568,555,544,482,361,531,365,555,Squat
475,514,364,626,560,556,401,572,553,545,475,358,531,364,554,Squat
470,512,360,627,557,559,401,565,554,545,474,348,529,364,554,Squat
466,515,356,628,558,554,405,572,550,550,472,343,528,365,555,Squat
462,508,355,627,561,558,399,571,549,553,468,347,528,365,551,Squat
470,508,356,624,560,558,399,568,549,548,474,351,528,368,551,Squat
467,509,356,626,563,556,399,567,551,551,476,350,528,369,553,Squat
463,511,361,625,559,559,401,569,552,554,473,351,529,369,550,Squat
465,515,364,630,558,559,401,568,550,547,477,355,530,369,546,Squat
465,516,367,625,562,558,401,570,546,543,480,350,530,369,544,Squat
465,516,367,629,562,555,403,566,550,547,476,348,525,371,546,Squat
468,514,366,625,565,556,401,568,551,553,480,350,525,372,541,Squat
471,517,361,627,559,556,400,564,558,548,489,349,526,369,539,Squat
471,519,361,627,559,556,401,562,559,549,487,350,523,375,544,Squat
473,518,369,630,555,561,399,563,557,551,485,357,529,378,538,Squat
482,523,370,627,556,562,397,562,560,542,487,358,530,377,537,Squat
479,521,369,630,553,561,395,560,557,540,480,356,529,372,534,Squat
477,517,376,627,555,560,398,563,553,541,469,359,529,376,529,Squat
477,520,379,631,554,557,400,561,552,541,470,371,530,380,523,Squat
481,518,381,629,553,558,394,560,552,537,484,375,525,382,523,Squat
478,517,383,631,558,553,393,559,549,539,482,377,524,388,522,Squat
483,510,385,633,560,551,389,554,547,537,477,385,528,395,515,Squat
484,507,386,633,559,550,394,556,547,531,479,380,530,398,516,Squat
486,504,398,632,553,550,393,554,544,533,473,379,523,406,516,Squat
488,506,400,636,550,549,392,552,542,537,473,388,516,404,513,Squat
490,505,392,635,552,548,390,545,544,532,484,396,520,402,507,Squat
481,503,396,637,542,552,386,538,544,533,497,401,522,405,515,Squat
483,515,413,633,543,551,390,539,540,535,496,408,523,410,523,Squat
495,533,410,633,541,549,387,532,541,530,498,407,528,413,514,Squat
494,516,407,638,525,541,389,543,546,530,492,395,537,410,511,Squat
492,514,415,645,521,538,389,531,544,533,484,395,540,407,501,Squat
494,519,412,642,529,545,388,532,542,531,485,394,539,395,514,Squat
497,525,408,633,536,551,385,535,528,528,484,392,533,396,504,Squat
495,517,405,638,535,538,389,537,528,526,485,387,529,396,496,Squat
489,515,406,642,534,529,387,541,527,528,482,383,531,389,501,Squat
489,512,403,642,532,529,383,528,529,533,484,384,529,384,507,Squat
497,516,399,639,530,534,384,525,539,534,490,382,528,387,503,Squat
500,505,396,636,527,533,385,524,538,536,492,380,532,390,497,Squat
500,500,398,644,526,530,386,522,537,539,490,380,537,388,496,Squat
497,503,396,644,521,533,385,527,531,539,492,381,538,388,496,Squat
496,507,395,642,522,531,384,527,527,538,494,378,538,388,496,Squat
495,505,390,642,519,532,384,529,525,536,487,376,538,388,496,Squat
493,507,389,642,517,530,384,524,523,533,477,375,534,385,495,Squat
494,511,389,642,514,528,384,520,528,528,477,378,535,381,494,Squat
492,510,385,644,512,529,384,515,532,526,482,379,537,378,494,Squat
490,505,384,644,507,531,385,514,536,527,482,381,535,377,489,Squat
493,502,387,644,498,531,383,520,532,526,486,380,529,377,491,Squat
495,500,385,645,498,530,383,511,531,524,492,377,529,377,484,Squat
500,499,384,645,499,530,382,515,529,525,494,378,528,376,490,Squat
501,503,384,643,501,530,383,515,526,525,491,377,524,380,479,Squat
501,502,384,643,493,530,382,509,527,523,490,374,523,386,472,Squat
501,508,381,648,495,527,382,509,525,523,488,369,525,382,476,Squat
503,508,381,644,497,532,382,503,527,524,484,369,527,382,472,Squat
506,506,381,644,501,533,382,499,532,526,483,369,528,382,472,Squat
504,508,383,646,504,534,384,488,538,526,485,369,528,383,469,Squat
502,511,388,647,505,532,385,489,541,523,479,369,530,384,467,Squat
502,521,389,647,512,530,385,498,537,523,478,368,532,385,465,Squat
503,528,388,645,506,530,384,499,532,520,478,368,529,383,461,Squat
501,530,387,644,502,531,384,504,528,520,476,368,525,382,460,Squat
502,528,383,644,503,532,383,511,529,522,476,368,523,384,460,Squat
505,527,374,643,504,532,383,509,529,523,481,369,524,384,464,Squat
504,523,369,643,501,530,383,508,531,527,484,369,525,387,464,Squat
506,506,369,646,510,529,383,508,532,527,482,370,527,388,466,Squat
506,508,369,647,516,525,383,503,536,524,479,367,528,384,468,Squat
505,517,375,646,517,526,383,501,537,524,479,369,531,384,471,Squat
505,523,380,645,509,527,383,500,534,524,478,374,532,385,467,Squat
501,522,386,645,510,529,383,503,530,523,477,378,530,380,470,Squat
498,522,392,645,509,533,383,507,531,523,479,379,526,383,470,Squat
499,524,393,644,508,533,383,505,535,520,480,381,525,384,468,Squat
502,519,393,644,503,529,383,503,535,519,485,382,526,381,471,Squat
503,513,393,644,502,526,383,507,535,523,486,381,528,386,478,Squat
503,513,392,644,507,528,383,507,533,528,484,378,527,393,480,Squat
503,512,389,644,508,528,383,506,530,530,481,377,524,401,481,Squat
503,512,389,647,507,526,383,506,531,530,486,375,519,408,488,Squat
506,515,394,645,507,526,383,506,535,529,485,379,515,412,492,Squat
509,518,394,643,508,531,383,500,537,521,484,384,515,408,489,Squat
505,516,403,644,505,528,383,498,536,518,487,391,518,399,489,Squat
497,515,410,644,507,527,385,504,532,518,490,397,528,399,495,Squat
492,516,416,644,515,526,385,518,530,518,494,405,531,407,495,Squat
495,518,416,638,524,526,387,533,531,517,499,403,525,406,501,Squat
495,515,414,637,535,526,391,540,533,517,496,399,528,407,496,Squat
496,511,412,641,530,525,386,525,530,525,491,399,535,407,493,Squat
494,510,403,649,517,524,384,531,535,531,491,396,534,396,493,Squat
493,507,405,645,528,522,387,535,541,543,495,387,524,402,508,Squat
497,504,402,637,538,528,394,539,545,550,487,386,523,402,514,Squat
508,506,394,636,538,538,393,541,540,538,471,390,516,397,512,Squat
503,510,395,637,532,532,384,540,540,530,471,391,518,398,511,Squat
491,510,386,639,544,539,393,536,547,527,474,390,523,397,513,Squat
484,516,372,643,548,539,396,546,553,514,466,386,527,389,520,Squat
487,514,378,637,536,538,391,557,544,504,465,376,524,384,518,Squat
492,518,385,634,532,549,396,546,557,508,471,365,527,382,517,Squat
499,510,376,633,538,556,391,553,551,514,481,363,532,383,515,Squat
497,506,363,635,547,540,400,551,563,526,498,371,530,381,521,Squat
490,494,370,637,548,538,393,558,549,529,508,370,526,383,530,Squat
494,486,378,635,551,542,396,558,558,528,516,371,529,383,528,Squat
501,496,381,633,552,549,396,554,558,527,513,377,527,373,532,Squat
508,525,392,631,554,553,400,561,565,531,511,392,513,364,531,Squat
490,555,418,633,553,551,400,565,559,535,511,402,518,362,541,Squat
485,517,428,634,548,548,398,561,559,536,526,405,534,358,539,Squat
486,531,413,635,554,550,403,563,570,534,514,414,536,355,540,Squat
487,550,413,628,566,549,402,566,568,527,487,416,526,353,542,Squat
491,554,403,625,557,553,395,571,547,532,485,391,531,352,540,Squat
485,543,386,630,557,555,404,575,549,533,472,365,530,352,539,Squat
483,542,366,633,555,555,401,572,547,536,454,336,524,351,535,Squat
477,531,356,625,568,550,401,573,544,540,437,310,524,354,538,Squat
468,530,358,624,569,545,404,572,545,545,426,300,522,361,540,Squat
474,516,356,624,570,549,400,569,547,556,437,309,519,366,535,Squat
476,527,350,626,569,547,405,573,549,556,463,328,515,367,539,Squat
471,516,361,627,567,547,403,570,551,561,486,349,521,371,542,Squat
465,511,358,627,568,544,399,567,553,556,483,363,522,378,544,Squat
469,505,355,630,562,552,401,562,557,551,478,366,525,377,541,Squat
464,508,354,621,569,552,403,567,551,546,479,356,524,374,540,Squat
460,508,354,629,562,556,400,564,551,549,467,344,521,372,547,Squat
451,517,343,623,559,566,399,562,554,555,448,346,523,368,545,Squat
449,533,344,623,558,563,407,564,554,556,462,336,518,370,554,Squat
452,542,354,624,557,562,398,563,550,560,488,343,518,370,545,Squat
464,528,352,624,565,558,399,569,555,553,502,355,525,367,541,Squat
465,520,357,628,557,561,400,566,554,556,497,354,526,367,550,Squat
465,507,372,624,557,564,405,567,551,560,477,351,528,372,547,Squat
476,511,377,624,555,564,403,572,542,551,474,358,529,373,542,Squat
475,521,369,622,559,563,404,578,541,546,485,357,530,370,543,Squat
472,529,368,619,568,556,405,576,546,557,483,360,530,372,546,Squat
474,527,373,624,562,556,403,576,550,556,464,361,530,373,544,Squat
475,525,377,626,562,555,409,574,555,548,468,360,531,371,545,Squat
472,523,380,623,565,557,405,576,554,551,476,369,530,368,548,Squat
473,518,385,621,566,561,404,572,558,551,485,380,530,367,546,Squat
477,520,384,622,566,561,407,575,555,547,480,375,528,364,550,Squat
475,528,379,623,562,563,405,574,558,553,480,369,526,364,546,Squat
469,524,378,623,565,560,401,577,554,553,480,365,528,356,555,Squat
452,523,370,624,567,555,405,570,554,555,484,362,532,353,556,Squat
444,520,361,619,567,557,409,577,554,561,481,359,531,356,557,Squat
456,517,352,622,567,560,403,581,546,559,466,353,531,357,555,Squat
469,509,341,621,573,552,403,579,545,558,460,348,529,359,557,Squat
467,502,341,621,568,554,408,575,549,566,461,347,526,360,557,Squat
466,497,351,622,565,556,407,577,553,571,457,341,526,361,554,Squat
469,497,353,626,561,559,406,574,562,568,458,337,524,363,557,Squat
467,509,359,621,563,566,406,570,565,571,462,339,522,364,558,Squat
465,514,374,623,564,565,407,570,564,572,468,346,524,366,553,Squat
468,528,379,621,566,566,404,576,559,568,470,348,526,368,553,Squat
468,533,378,621,567,563,401,575,555,566,466,348,522,372,551,Squat
468,530,383,626,565,559,405,570,556,567,462,351,519,373,550,Squat
468,532,383,619,568,557,409,567,558,564,461,356,520,372,545,Squat
466,535,379,624,567,556,399,570,550,561,467,364,520,376,546,Squat
461,532,380,626,569,556,397,569,553,559,471,374,522,381,544,Squat
466,519,387,623,565,557,400,562,559,554,475,379,521,382,545,Squat
470,526,381,626,567,553,400,569,547,552,474,379,521,384,541,Squat
469,521,381,627,561,557,397,567,545,554,469,379,525,393,540,Squat
468,514,390,630,558,554,394,561,549,554,471,382,526,403,531,Squat
470,505,393,627,560,553,392,556,548,549,479,384,517,402,537,Squat
470,504,392,630,557,555,392,559,543,548,477,386,518,408,536,Squat
470,501,396,634,555,557,392,554,541,546,472,388,523,408,530,Squat
468,502,403,634,548,558,392,546,544,549,475,387,522,405,530,Squat
466,505,409,635,544,556,392,545,541,555,479,391,519,408,527,Squat
469,510,410,631,547,550,392,542,541,555,481,397,520,408,528,Squat
468,509,404,637,538,545,391,536,543,550,485,392,520,411,518,Squat
467,505,398,636,537,547,388,534,538,550,483,386,519,408,515,Squat
467,502,392,638,532,545,386,530,538,552,477,390,523,405,520,Squat
467,501,387,635,525,545,388,530,540,545,476,389,519,404,521,Squat
472,495,385,634,527,540,384,522,538,539,476,385,522,396,519,Squat
474,493,382,643,526,537,387,525,538,536,468,395,528,390,515,Squat
466,488,389,643,527,537,385,528,530,539,470,399,526,385,513,Squat
464,489,395,639,519,539,384,523,531,544,480,399,521,389,517,Squat
471,500,392,641,524,537,384,525,534,542,486,391,521,398,507,Squat
475,505,392,641,522,530,383,519,536,541,489,385,526,395,514,Squat
477,501,392,645,518,531,384,513,539,541,487,380,526,398,504,Squat
479,504,392,642,528,533,385,509,537,544,490,379,526,394,503,Squat
481,501,396,643,517,532,385,515,528,542,488,377,527,389,510,Squat
485,507,402,642,508,533,384,516,524,540,483,379,526,386,507,Squat
489,510,403,643,512,525,383,508,524,537,487,384,523,383,506,Squat
489,516,404,643,507,527,383,504,529,531,485,383,523,380,506,Squat
488,516,409,642,506,529,383,506,529,531,486,387,527,380,503,Squat
491,519,408,643,508,531,384,507,531,529,489,393,531,380,501,Squat
494,514,409,643,503,532,383,507,529,525,494,393,529,382,498,Squat
492,515,409,645,509,530,383,506,526,524,489,384,525,379,498,Squat
492,510,399,645,509,529,381,504,529,527,482,384,527,375,501,Squat
497,507,392,645,506,529,385,492,536,528,480,386,531,376,499,Squat
496,503,393,644,504,529,384,498,535,526,481,385,529,379,492,Squat
493,502,395,647,507,532,383,507,529,525,482,384,525,381,487,Squat
493,501,390,646,508,532,382,503,529,526,482,383,525,379,487,Squat
493,499,389,644,501,536,384,501,528,527,480,382,527,382,484,Squat
492,499,389,644,501,532,384,498,534,526,480,379,527,380,481,Squat
488,496,385,647,502,529,384,506,533,528,479,378,525,379,479,Squat
490,496,381,645,506,527,383,505,531,531,479,377,525,381,480,Squat
491,497,381,644,505,529,382,508,530,529,478,376,528,384,478,Squat
491,499,379,645,504,532,382,509,529,528,478,371,528,381,478,Squat
487,495,379,644,504,532,382,506,532,529,476,367,528,381,479,Squat
487,498,382,648,511,527,383,509,531,532,475,370,529,383,477,Squat
490,503,380,644,511,529,383,505,530,529,477,373,528,381,481,Squat
488,504,381,644,504,529,383,504,532,525,478,373,528,381,486,Squat
483,505,383,646,504,528,382,505,533,528,480,372,528,380,488,Squat
483,507,383,646,506,530,382,507,533,531,480,371,531,379,485,Squat
483,505,386,644,510,529,384,505,532,531,480,370,533,379,486,Squat
481,501,389,644,506,529,383,501,534,530,483,373,533,382,487,Squat
480,498,391,645,506,527,383,503,537,534,489,376,528,390,489,Squat
484,497,394,647,503,530,384,506,537,537,491,377,522,395,498,Squat
493,496,389,645,506,530,384,507,532,535,488,375,517,401,499,Squat
500,494,390,644,507,529,384,507,529,532,485,376,517,409,499,Squat
500,489,398,643,511,526,383,508,531,531,487,385,520,417,500,Squat
498,493,407,645,506,522,382,506,538,531,492,391,517,420,511,Squat
496,501,413,646,506,524,380,505,536,526,492,391,524,420,511,Squat
496,508,419,643,510,531,381,513,526,526,487,395,535,405,502,Squat
495,512,421,642,512,531,390,520,523,522,486,401,535,384,495,Squat
485,516,422,633,517,530,397,532,526,521,490,404,525,381,494,Squat
485,504,424,636,517,523,400,524,541,523,489,408,518,397,502,Squat
489,509,410,651,510,526,388,539,545,526,487,401,517,412,509,Squat
489,519,401,637,529,535,379,551,530,534,485,394,522,417,512,Squat
488,514,403,638,557,536,383,544,526,538,482,388,523,417,507,Squat
490,515,399,643,549,533,394,536,547,535,489,388,518,412,514,Squat
493,504,400,647,522,533,387,548,539,530,498,387,519,412,517,Squat
495,504,395,635,525,543,390,549,540,529,494,388,524,405,520,Squat
492,509,385,630,558,537,395,558,543,528,487,387,526,391,533,Squat
491,508,389,632,552,538,410,553,552,526,483,387,526,383,518,Squat
492,499,390,637,541,540,394,559,542,524,481,382,531,374,523,Squat
488,500,389,635,534,546,392,554,546,526,476,379,537,369,528,Squat
470,498,384,633,562,541,398,556,554,527,467,375,531,365,533,Squat
466,503,387,632,554,541,401,571,548,526,468,370,526,362,532,Squat
473,509,392,623,559,553,394,570,545,523,473,372,529,363,534,Squat
483,513,388,628,567,549,396,578,550,526,478,371,525,364,536,Squat
489,513,378,637,558,549,402,574,556,537,481,379,525,360,541,Squat
484,503,370,630,550,560,403,574,554,537,486,382,529,357,549,Squat
473,495,371,632,566,547,398,581,544,536,492,378,527,358,553,Squat
468,490,385,632,573,545,398,584,545,540,478,382,524,361,544,Squat
474,505,383,627,572,551,404,573,553,536,472,384,527,358,542,Squat
470,513,377,621,566,555,407,571,557,527,475,376,519,362,546,Squat
463,511,374,627,565,556,403,569,554,534,467,365,519,362,542,Squat
469,511,366,628,560,556,406,567,561,535,466,358,521,359,546,Squat
467,502,360,628,561,556,405,575,551,536,471,350,521,360,560,Squat
469,492,358,628,558,554,399,581,544,545,473,342,522,367,547,Squat
474,496,356,625,562,555,406,565,559,540,481,342,527,368,544,Squat
470,509,355,627,566,548,406,569,555,537,485,332,530,370,550,Squat
467,517,358,627,562,547,403,568,557,549,471,334,527,376,550,Squat
468,524,357,626,569,542,405,572,556,551,469,342,527,373,547,Squat
474,519,360,627,565,545,401,572,555,543,482,346,526,373,554,Squat
469,511,361,626,562,549,408,572,556,549,474,350,524,376,552,Squat
469,507,371,627,563,549,404,567,559,553,466,355,528,372,549,Squat
472,516,366,627,561,547,403,569,560,547,477,358,532,368,558,Squat
465,512,373,628,556,547,405,575,557,547,482,355,529,372,560,Squat
464,514,376,626,562,547,406,578,555,554,468,355,530,375,555,Squat
471,513,374,629,563,551,404,571,562,552,458,358,532,375,555,Squat
471,511,370,623,563,557,407,574,563,551,464,358,532,375,557,Squat
468,508,372,626,561,553,404,571,560,551,462,358,530,377,555,Squat
466,508,376,630,563,549,409,574,556,552,460,361,529,379,552,Squat
465,511,380,626,563,552,408,572,559,546,467,361,527,379,557,Squat
464,515,383,626,566,551,407,571,560,546,470,360,526,382,555,Squat
467,515,385,625,570,546,405,572,559,548,467,363,528,383,553,Squat
467,517,383,625,570,546,408,574,558,545,472,366,525,381,557,Squat
458,517,378,625,569,546,406,575,558,548,478,366,526,380,559,Squat
460,513,379,625,569,547,401,571,563,553,483,369,530,375,558,Squat
465,516,376,624,569,546,406,569,565,550,486,372,529,372,561,Squat
456,513,379,624,568,548,408,568,565,553,487,372,526,370,566,Squat
452,514,378,623,567,548,406,571,562,561,485,370,526,365,565,Squat
454,513,370,626,567,548,402,570,560,560,485,369,526,361,565,Squat
450,513,363,625,564,551,405,573,560,559,487,362,523,361,568,Squat
444,513,360,625,566,551,406,575,557,564,479,356,524,362,565,Squat
447,510,357,626,564,551,406,571,558,569,476,355,530,362,564,Squat
447,509,352,624,564,553,406,571,556,568,475,347,529,365,567,Squat
447,506,356,626,566,551,403,573,554,569,470,335,528,366,566,Squat
451,511,351,626,564,552,401,577,551,571,464,331,531,366,565,Squat
448,520,342,624,567,552,410,575,555,569,467,338,531,366,565,Squat
442,514,352,624,565,553,406,574,557,565,469,338,526,370,567,Squat
442,510,359,625,567,549,399,579,553,569,464,342,530,368,563,Squat
449,510,359,629,569,549,402,564,556,566,468,348,530,371,558,Squat
448,509,363,621,569,557,404,569,546,566,481,351,530,369,560,Squat
448,508,368,625,566,550,404,570,552,571,479,352,530,374,555,Squat
451,509,371,627,570,551,399,572,555,574,478,354,530,378,553,Squat
455,508,373,625,562,559,395,572,551,573,485,357,530,385,551,Squat
455,505,376,628,560,563,404,565,553,570,483,356,530,393,546,Squat
459,504,379,625,555,565,399,567,546,564,476,359,529,395,541,Squat
463,505,381,632,556,559,396,567,545,556,474,362,527,395,542,Squat
463,507,390,630,558,558,393,563,548,555,476,367,524,402,537,Squat
466,512,402,627,556,558,393,556,549,556,481,375,523,402,536,Squat
472,520,403,631,553,559,393,561,541,554,490,380,525,402,535,Squat
472,516,406,630,555,556,395,558,540,556,498,381,526,402,535,Squat
467,511,412,633,547,553,390,545,541,558,504,386,528,404,532,Squat
470,510,413,633,544,552,394,544,545,553,509,387,527,407,525,Squat
471,512,407,633,547,547,391,549,539,552,503,387,528,405,531,Squat
471,508,404,636,541,546,389,545,537,550,496,390,529,404,526,Squat
472,504,403,638,545,545,388,537,543,546,493,386,528,406,521,Squat
473,506,401,634,539,544,388,538,540,546,490,384,522,403,518,Squat
474,504,402,637,540,542,390,538,538,547,487,389,521,400,521,Squat
475,505,404,641,540,540,389,544,535,545,489,389,523,406,520,Squat
477,506,408,637,535,541,384,533,536,547,493,393,523,410,520,Squat
479,506,416,637,533,537,384,533,538,546,496,403,527,409,520,Squat
484,508,418,637,533,536,388,529,533,540,503,409,531,401,517,Squat
485,510,418,642,534,529,380,517,533,538,504,409,533,397,513,Squat
484,514,421,641,531,530,382,515,538,540,499,410,538,392,505,Squat
486,522,419,639,524,531,395,526,541,538,497,410,536,386,502,Squat
489,531,414,639,520,534,392,528,535,537,495,410,531,384,499,Squat
492,533,411,642,516,536,382,521,534,533,492,408,531,388,492,Squat
490,526,405,646,514,534,382,519,531,532,490,404,531,389,491,Squat
485,522,396,645,517,535,385,522,529,534,485,399,531,388,492,Squat
488,522,390,643,514,536,382,522,522,535,484,392,531,390,493,Squat
492,518,384,643,517,530,384,519,528,535,487,382,531,389,488,Squat
491,517,382,644,513,526,384,517,530,535,482,373,527,380,494,Squat
490,512,384,644,513,524,383,516,531,537,479,368,526,379,486,Squat
492,519,384,645,516,524,383,513,528,537,483,367,530,377,485,Squat
487,516,386,645,508,527,383,514,528,539,486,371,529,377,485,Squat
482,519,386,644,501,531,382,514,530,539,489,369,524,377,482,Squat
482,512,392,640,490,536,382,508,531,541,493,369,523,376,483,Squat
483,514,392,646,495,531,383,504,532,541,492,368,526,379,480,Squat
480,512,390,644,498,529,383,503,535,541,493,369,530,381,481,Squat
478,513,385,646,505,528,383,505,534,540,497,369,529,382,479,Squat
482,517,383,645,501,530,382,507,530,535,495,366,528,378,479,Squat
482,515,385,643,497,532,384,500,529,536,487,365,528,378,478,Squat
481,513,384,649,509,530,386,496,530,537,483,367,528,380,476,Squat
483,516,380,645,511,531,383,491,533,536,485,370,528,381,477,Squat
482,514,377,644,510,529,382,503,535,535,486,372,528,383,477,Squat
482,513,376,646,506,530,382,510,533,535,487,368,528,382,480,Squat
483,513,374,646,507,530,383,507,531,535,488,368,527,382,477,Squat
486,512,374,647,516,530,383,505,529,537,488,371,527,380,479,Squat
488,512,377,644,513,531,382,508,532,537,492,371,528,383,478,Squat
490,512,381,645,506,529,382,513,535,537,492,371,528,383,478,Squat
491,512,385,645,505,527,382,511,534,537,488,372,527,384,483,Squat
491,512,392,645,507,527,383,510,531,535,489,373,527,388,483,Squat
493,515,397,645,508,530,383,507,531,534,493,378,526,389,486,Squat
497,517,401,644,508,530,383,501,535,529,494,383,525,393,486,Squat
499,515,407,644,507,529,382,502,534,527,493,387,526,396,493,Squat
499,511,414,644,497,530,382,505,534,528,492,391,524,400,496,Squat
503,515,414,646,504,529,382,493,547,527,495,396,519,401,494,Squat
501,515,415,645,508,531,384,504,536,526,499,398,520,405,496,Squat
492,513,419,642,514,533,382,508,535,529,496,402,530,412,502,Squat
485,513,416,642,515,530,385,510,536,531,499,402,530,414,507,Squat
482,517,413,646,508,529,387,519,532,530,499,395,519,411,507,Squat
487,513,412,643,523,518,393,516,523,534,497,390,511,403,512,Squat
493,512,410,642,521,520,390,521,527,539,493,389,515,399,506,Squat
491,516,404,643,523,523,385,524,537,540,493,392,522,403,505,Squat
484,517,390,640,494,532,386,535,534,537,496,393,525,402,508,Squat
479,516,390,640,527,537,396,533,535,533,496,387,523,398,514,Squat
476,513,397,634,527,528,373,527,535,531,489,378,522,402,519,Squat
480,513,410,635,543,535,381,545,530,535,482,375,523,402,522,Squat
486,516,417,645,544,529,394,549,540,539,489,386,523,396,525,Squat
484,517,416,646,529,527,392,550,548,538,505,392,519,389,534,Squat
479,502,415,640,546,537,398,548,554,543,502,393,519,390,532,Squat
478,503,405,628,559,533,388,538,549,543,482,396,524,389,529,Squat
472,508,389,631,552,543,381,551,538,538,479,399,521,385,534,Squat
467,525,385,637,554,533,392,556,546,538,487,399,521,389,534,Squat
475,539,382,647,535,526,395,553,546,539,491,398,528,384,539,Squat
480,534,371,633,553,543,414,548,573,534,480,392,528,374,543,Squat
481,505,370,634,556,542,401,547,563,534,473,374,524,368,539,Squat
468,505,370,626,547,541,373,559,540,535,464,360,519,366,540,Squat
465,515,375,629,565,548,407,561,551,534,465,343,524,362,544,Squat
470,535,373,629,549,549,401,569,555,537,464,338,528,357,544,Squat
474,538,385,638,550,561,391,574,548,539,473,340,525,361,546,Squat
474,522,383,628,552,553,400,565,557,550,489,344,527,362,546,Squat
471,513,378,632,564,551,402,576,547,548,489,346,525,364,545,Squat
467,493,373,628,562,555,401,573,544,549,489,347,520,364,548,Squat
472,487,367,628,563,554,391,573,541,553,488,350,518,365,543,Squat
471,499,361,628,562,558,399,571,548,548,485,359,522,365,548,Squat
459,500,369,629,564,556,401,570,545,546,479,366,522,370,551,Squat
459,497,377,627,557,555,404,579,539,546,466,376,521,370,549,Squat
470,503,377,629,561,557,399,571,548,541,469,381,522,366,549,Squat
464,498,374,629,562,555,400,569,548,545,469,375,528,370,549,Squat
457,490,372,627,560,555,404,570,542,541,452,370,524,368,551,Squat
450,489,360,625,555,555,403,566,545,542,449,370,524,365,551,Squat
456,494,356,625,557,553,398,565,546,544,457,367,524,367,550,Squat
459,501,355,631,558,555,403,567,547,546,458,360,531,368,545,Squat
457,505,360,626,559,556,401,571,545,545,452,355,522,366,552,Squat
458,510,368,626,559,558,402,570,549,550,467,349,515,368,550,Squat
465,511,362,624,559,560,398,566,550,552,469,349,522,373,548,Squat
467,508,361,628,557,560,401,570,551,545,463,351,528,373,547,Squat
466,506,366,627,556,563,403,570,550,546,460,350,526,377,546,Squat
466,517,369,624,560,562,402,570,552,550,460,354,528,377,545,Squat
468,533,375,627,558,561,401,571,551,541,461,351,531,377,545,Squat
468,527,382,626,555,560,406,572,550,541,457,347,527,377,544,Squat
466,521,377,626,560,560,402,573,549,543,453,353,526,376,544,Squat
467,513,376,627,559,561,404,573,551,543,465,358,526,375,549,Squat
467,508,381,626,561,559,403,574,547,547,472,363,529,376,549,Squat
469,509,382,625,560,559,405,573,549,547,470,373,529,371,548,Squat
467,514,380,625,562,559,404,572,551,547,477,377,529,366,553,Squat
463,511,383,627,560,557,405,574,550,551,483,380,536,365,555,Squat
456,505,378,623,563,558,407,576,548,548,477,380,532,363,554,Squat
455,507,372,621,563,561,403,576,546,548,469,377,531,362,554,Squat
453,509,368,625,564,560,402,573,548,551,460,368,529,362,560,Squat
453,508,365,624,563,559,406,573,547,549,453,362,528,360,556,Squat
452,499,365,625,559,562,406,576,547,550,452,358,531,362,557,Squat
448,497,362,626,560,563,403,571,554,555,458,352,530,363,559,Squat
448,495,362,624,562,559,403,576,549,560,458,350,530,367,557,Squat
451,499,362,623,564,557,406,578,546,557,461,345,529,367,555,Squat
456,500,362,627,558,559,408,578,548,561,465,343,527,368,556,Squat
455,503,363,623,563,562,403,576,549,567,467,343,527,372,559,Squat
451,505,366,622,562,561,401,573,553,568,470,347,535,372,556,Squat
450,510,369,622,566,556,408,577,552,561,474,352,535,373,553,Squat
450,510,379,625,565,558,408,577,554,558,475,354,531,375,555,Squat
449,517,379,628,565,557,403,577,551,562,470,358,531,379,550,Squat
448,520,377,623,560,558,399,578,547,561,470,356,533,378,553,Squat
449,514,376,623,565,557,406,571,553,557,469,355,528,378,552,Squat
454,506,375,627,562,561,407,572,547,557,465,359,527,380,548,Squat
457,501,375,624,564,557,404,573,549,555,470,369,530,380,545,Squat
458,496,378,628,562,559,403,575,548,552,477,369,529,380,551,Squat
460,498,380,622,562,558,398,572,553,554,469,369,528,380,541,Squat
461,504,382,628,563,554,404,565,561,555,467,371,530,382,541,Squat
463,504,386,629,557,558,403,570,549,553,472,373,529,383,542,Squat
462,503,389,627,556,562,397,567,550,554,470,377,529,388,536,Squat
465,506,387,630,554,560,388,560,555,550,469,382,529,389,531,Squat
463,505,387,630,559,550,393,559,552,546,469,382,528,394,533,Squat
462,504,390,633,557,546,397,562,545,550,466,387,529,401,533,Squat
463,503,390,635,553,545,397,554,552,545,468,392,529,402,532,Squat
465,506,388,631,554,548,392,548,552,540,473,387,529,398,525,Squat
465,503,389,638,548,545,390,543,551,542,465,382,529,398,524,Squat
461,493,395,637,543,547,396,546,548,549,465,385,529,402,521,Squat
463,498,398,635,544,549,393,542,544,549,479,386,528,406,520,Squat
470,501,393,633,544,544,390,545,539,549,485,384,522,406,521,Squat
472,500,395,637,539,542,387,537,539,546,480,384,520,405,521,Squat
474,492,405,639,540,542,389,538,538,541,483,386,524,407,515,Squat
478,494,410,643,531,538,384,530,538,538,485,387,528,403,516,Squat
482,502,407,641,533,541,384,524,543,533,481,388,528,401,504,Squat
479,499,413,636,532,539,390,528,544,534,481,392,527,398,510,Squat
479,498,416,641,529,534,388,533,532,537,483,391,526,403,504,Squat
482,506,411,641,523,540,385,527,530,537,489,392,527,403,503,Squat
485,506,406,640,526,535,383,521,534,535,490,387,527,399,502,Squat
485,501,406,638,526,532,385,524,533,535,490,386,529,394,499,Squat
489,501,406,642,518,533,384,518,525,533,488,390,529,386,500,Squat
492,503,406,644,520,527,384,512,525,533,489,391,529,381,502,Squat
492,501,408,644,508,526,383,512,527,531,485,391,530,379,503,Squat
492,503,410,643,509,530,382,510,530,530,483,395,533,381,497,Squat
491,503,406,643,513,528,382,509,535,525,485,395,533,383,493,Squat
491,504,403,644,512,526,382,506,532,523,484,392,531,383,492,Squat
491,500,400,645,511,525,384,491,536,523,480,390,531,383,493,Squat
492,499,396,645,510,524,384,506,538,524,477,390,531,381,496,Squat
492,498,391,645,501,528,384,508,538,524,474,387,531,381,497,Squat
492,496,387,644,497,532,383,512,533,523,474,384,530,382,493,Squat
495,495,385,646,505,531,382,506,529,523,474,381,529,382,498,Squat
495,492,385,645,506,535,382,511,532,528,479,382,531,380,499,Squat
494,495,383,644,503,532,382,512,532,527,476,377,529,378,496,Squat
489,498,385,644,507,524,382,511,533,527,476,372,528,376,496,Squat
486,501,386,647,513,521,382,507,532,528,477,372,528,374,502,Squat
485,503,386,645,508,523,382,508,533,531,478,376,530,373,503,Squat
488,503,384,645,504,527,385,499,537,532,481,377,531,377,494,Squat
486,503,384,644,502,529,381,497,534,533,483,374,531,378,488,Squat
483,503,384,647,501,530,383,497,538,537,480,374,530,373,493,Squat
481,500,382,645,500,528,384,499,538,540,480,374,530,376,488,Squat
481,498,379,645,501,526,384,497,535,538,479,372,530,382,481,Squat
480,497,375,645,503,528,382,506,533,533,476,367,530,378,483,Squat
476,495,373,646,503,529,383,508,534,533,473,365,529,377,483,Squat
477,496,372,645,507,528,383,506,532,536,471,364,529,380,483,Squat
481,498,371,643,505,527,383,506,531,533,473,363,532,380,487,Squat
481,494,372,645,502,525,383,506,531,532,476,362,530,383,485,Squat
482,497,377,647,505,525,383,507,533,535,476,364,529,383,483,Squat
487,501,379,646,508,527,383,506,533,533,477,367,531,382,488,Squat
490,502,383,644,505,530,383,503,533,533,482,369,530,386,484,Squat
490,501,389,645,505,528,383,504,533,532,484,372,525,387,487,Squat
494,501,393,645,499,527,383,504,533,531,487,377,522,394,488,Squat
499,503,397,647,500,528,383,504,532,528,489,382,522,403,491,Squat
499,507,401,645,503,529,383,502,532,527,489,387,523,416,491,Squat
497,507,406,644,509,531,383,498,534,526,489,390,520,434,497,Squat
498,507,411,643,512,527,382,509,534,526,492,394,527,441,506,Squat
498,509,415,647,501,524,382,512,535,524,495,400,531,433,505,Squat
498,506,422,643,503,524,385,505,537,517,492,401,521,413,499,Squat
500,507,433,644,502,526,389,497,539,515,490,405,516,393,508,Squat
500,507,436,642,487,532,398,511,538,519,489,412,519,384,512,Squat
504,519,429,640,490,540,394,517,530,526,495,424,523,390,508,Squat
508,523,416,638,515,530,382,526,525,520,510,425,518,395,505,Squat
500,518,409,630,549,533,389,552,531,516,503,415,518,389,515,Squat
495,510,411,640,567,526,390,548,534,520,487,401,522,396,514,Squat
491,511,411,647,536,517,390,546,543,524,481,392,528,402,514,Squat
491,520,406,638,549,532,386,569,533,523,478,387,522,399,516,Squat
488,509,412,637,550,538,391,548,541,524,470,378,526,394,527,Squat
487,495,422,638,542,543,401,564,551,529,469,377,525,391,529,Squat
488,487,425,639,545,540,391,556,544,526,475,382,522,382,531,Squat
486,485,421,638,545,540,388,551,542,529,486,391,526,375,533,Squat
482,484,417,635,544,546,400,559,554,539,490,405,526,372,533,Squat
472,481,407,630,548,552,402,561,556,544,492,409,524,371,534,Squat
467,488,392,634,546,545,396,557,553,541,492,401,528,368,540,Squat
462,506,376,635,549,543,397,552,557,546,489,386,535,369,535,Squat
458,507,365,629,544,555,397,561,554,554,484,380,534,367,537,Squat
458,516,356,631,556,551,402,559,564,553,483,371,529,364,542,Squat
451,508,355,630,553,543,404,573,553,548,480,358,525,364,542,Squat
448,504,352,633,557,551,399,573,548,538,474,345,528,365,540,Squat
448,499,345,630,562,551,404,570,557,539,474,341,528,364,546,Squat
449,493,348,628,558,556,404,574,556,549,476,348,530,368,545,Squat
453,491,361,625,562,552,406,581,550,554,486,347,532,370,550,Squat
456,487,357,627,564,552,403,577,553,553,497,340,532,367,546,Squat
457,491,357,628,565,551,408,580,552,557,499,340,529,366,543,Squat
456,488,365,625,563,555,403,584,551,559,492,340,527,365,546,Squat
447,495,369,624,566,555,407,577,552,561,490,340,527,370,546,Squat
447,501,365,624,567,559,406,581,552,559,491,343,524,370,548,Squat
448,503,369,623,567,556,407,577,556,557,491,346,527,367,549,Squat
448,505,376,626,567,556,408,576,558,560,490,347,531,370,546,Squat
449,498,375,626,561,557,410,577,558,560,486,346,529,368,547,Squat
449,494,375,624,563,562,409,576,558,561,485,346,527,369,547,Squat
448,491,381,622,563,562,409,580,557,567,485,350,527,374,545,Squat
445,493,379,620,565,561,411,574,553,566,486,357,526,373,545,Squat
447,505,376,626,566,559,409,576,551,564,486,355,526,373,548,Squat
447,509,379,622,566,558,407,577,553,564,483,355,530,377,545,Squat
446,506,382,622,566,556,408,577,554,560,479,361,528,377,546,Squat
448,499,383,620,568,556,410,583,554,555,478,362,527,378,547,Squat
449,497,380,623,568,557,408,580,555,557,474,360,529,377,548,Squat
453,494,380,622,567,557,411,578,561,559,473,362,530,375,547,Squat
452,494,380,621,567,559,408,581,557,557,481,367,531,377,548,Squat
451,500,382,621,566,561,411,578,559,560,487,369,531,376,549,Squat
452,504,385,620,568,560,409,583,553,561,489,372,532,374,549,Squat
455,506,386,623,568,560,412,578,559,557,493,372,535,370,553,Squat
451,505,388,620,566,561,410,575,558,559,493,372,534,368,555,Squat
451,508,389,622,565,557,410,578,558,562,490,373,532,366,552,Squat
451,511,389,622,566,556,412,576,559,562,489,374,530,365,553,Squat
448,509,392,619,568,556,412,575,559,566,492,375,528,366,555,Squat
443,509,390,623,565,558,410,574,561,570,487,372,527,364,557,Squat
443,512,384,620,567,558,406,588,551,569,484,366,530,359,559,Squat
438,508,379,621,568,557,409,583,557,567,482,358,532,359,559,Squat
433,507,375,621,569,556,413,583,559,570,479,351,532,360,558,Squat
431,505,374,620,566,561,409,584,557,573,475,346,531,361,564,Squat
432,503,368,619,568,559,410,583,556,575,479,341,527,363,557,Squat
430,505,362,617,569,558,412,581,556,577,483,340,526,362,560,Squat
428,505,358,624,568,560,412,580,556,580,484,342,526,363,555,Squat
427,505,358,623,569,559,412,578,560,580,486,344,523,365,554,Squat
428,508,359,618,570,560,408,580,557,581,485,344,523,367,554,Squat
430,510,360,620,568,560,408,571,561,581,485,347,526,371,551,Squat
430,510,362,619,570,558,411,580,557,577,485,350,528,372,552,Squat
430,510,363,622,568,558,403,579,554,577,487,350,529,375,547,Squat
433,512,363,625,567,557,408,575,560,571,484,350,528,375,548,Squat
437,510,369,623,566,555,406,572,557,565,480,350,527,372,551,Squat
440,509,370,623,564,560,412,574,558,564,480,350,526,371,549,Squat
440,509,374,624,566,556,404,577,550,567,482,354,525,373,544,Squat
441,511,381,626,565,557,400,576,552,571,493,366,526,376,542,Squat
445,509,386,628,559,558,395,572,555,569,501,370,528,380,542,Squat
445,508,388,623,560,557,409,571,554,566,505,373,528,387,538,Squat
448,514,385,627,561,559,401,569,550,562,503,373,527,389,536,Squat
455,513,386,628,565,556,398,570,552,559,496,376,527,396,533,Squat
460,508,389,631,557,553,395,563,556,561,495,378,525,399,536,Squat
460,506,392,634,552,554,393,562,550,560,488,376,523,401,531,Squat
458,513,390,630,555,556,394,560,544,561,488,378,526,401,529,Squat
458,517,393,631,553,556,396,557,549,560,495,380,526,406,525,Squat
459,516,401,631,550,553,394,547,546,560,497,382,521,406,522,Squat
458,517,403,636,553,549,395,550,544,559,496,382,522,407,525,Squat
462,516,403,637,551,545,391,548,540,558,496,384,525,409,519,Squat
467,513,403,638,542,548,389,545,537,556,496,384,525,407,513,Squat
468,508,409,638,541,546,387,540,539,556,493,388,522,407,518,Squat
468,507,413,633,539,545,392,539,539,558,492,392,521,406,518,Squat
473,512,413,630,540,539,388,539,532,556,500,396,526,405,512,Squat
478,510,413,638,530,541,384,530,536,551,499,392,529,400,504,Squat
479,506,418,642,533,539,384,531,535,550,492,394,526,402,509,Squat
477,508,419,640,523,541,390,528,534,550,487,397,524,402,506,Squat
480,512,415,632,526,536,386,530,527,545,488,399,528,399,504,Squat
482,511,411,644,520,533,386,521,527,540,487,399,531,400,499,Squat
483,512,413,644,518,534,385,517,527,539,486,401,534,394,499,Squat
485,512,408,642,519,530,386,506,531,538,486,400,535,392,495,Squat
490,511,408,641,522,525,383,511,526,535,487,396,535,387,495,Squat
495,509,408,645,516,524,384,515,524,532,486,396,531,386,496,Squat
498,506,406,644,514,528,385,504,527,532,487,394,526,384,492,Squat
501,505,404,644,513,529,383,504,530,533,489,394,525,379,491,Squat
501,506,402,644,507,528,383,500,535,531,492,395,529,378,491,Squat
499,509,402,645,510,522,382,503,534,531,492,393,530,378,488,Squat
496,508,402,645,499,530,382,500,533,532,491,392,528,381,483,Squat
498,506,402,641,490,537,383,503,528,527,491,387,526,380,486,Squat
495,509,400,640,481,543,380,503,533,527,488,383,529,379,486,Squat
491,511,393,647,492,533,382,508,533,530,486,383,532,379,486,Squat
494,508,390,646,501,530,383,507,529,529,486,381,530,380,486,Squat
496,507,386,645,502,529,384,508,525,528,483,379,530,380,485,Squat
496,506,386,645,506,529,383,503,524,532,481,374,528,381,487,Squat
496,508,384,647,511,530,378,507,532,536,477,371,527,381,487,Squat
495,512,381,645,514,528,384,510,534,536,477,370,526,380,490,Squat
492,512,381,646,510,529,383,507,533,536,481,369,528,376,491,Squat
491,516,381,646,508,529,384,504,530,536,481,369,528,379,488,Squat
490,521,380,645,502,531,383,499,530,536,481,369,528,379,491,Squat
488,520,376,644,505,531,381,506,532,537,483,369,528,379,491,Squat
493,518,374,645,505,529,383,509,535,537,484,368,528,379,492,Squat
493,518,373,645,505,529,383,507,533,536,481,364,528,379,496,Squat
491,515,373,645,507,527,384,506,533,535,479,364,530,373,500,Squat
490,514,373,645,508,528,383,506,532,535,479,364,530,370,502,Squat
493,514,375,644,507,529,383,507,532,533,481,365,528,371,498,Squat
493,516,378,644,505,529,383,507,532,531,483,366,528,371,494,Squat
492,512,382,644,504,528,383,507,533,531,481,369,529,374,493,Squat
493,511,384,646,503,530,383,504,533,533,480,373,530,381,488,Squat
496,511,381,646,507,530,383,508,534,530,481,372,533,381,491,Squat
495,507,381,646,510,529,383,509,532,530,477,372,530,383,486,Squat
493,505,384,646,511,528,383,509,530,530,477,374,525,383,492,Squat
496,507,388,646,506,529,383,510,531,526,478,378,524,389,484,Squat
505,509,388,645,509,529,383,505,534,521,482,380,522,396,483,Squat
507,509,390,645,513,527,383,498,536,521,482,383,519,404,488,Squat
507,509,397,645,512,526,383,499,536,521,486,388,516,412,491,Squat
508,510,402,645,501,528,381,495,540,517,489,388,521,415,487,Squat
504,509,409,644,502,531,382,506,537,516,492,390,528,412,486,Squat
500,511,416,644,509,530,384,505,534,519,495,393,524,408,487,Squat
499,515,420,645,515,527,384,507,533,530,498,391,516,403,495,Squat
503,519,416,641,515,525,398,522,528,530,497,391,516,407,498,Squat
507,513,414,645,504,528,393,540,524,519,488,394,525,410,497,Squat
506,511,409,643,520,522,384,521,541,511,486,395,530,410,497,Squat
503,506,408,641,535,517,386,539,541,512,484,393,527,406,498,Squat
504,512,396,642,524,527,387,552,525,516,477,388,529,401,503,Squat
503,514,390,639,511,547,389,544,533,520,476,388,531,394,507,Squat
500,517,394,640,527,546,388,552,531,520,484,392,528,389,511,Squat
498,516,404,638,543,530,388,538,536,521,495,402,528,388,507,Squat
497,519,405,635,543,521,394,548,547,522,499,411,528,384,517,Squat
494,518,410,643,524,528,396,539,558,527,500,419,527,383,516,Squat
492,516,405,640,555,533,388,564,537,528,498,420,527,382,515,Squat
495,514,391,632,558,536,390,559,548,529,493,414,527,378,524,Squat
490,500,386,633,554,541,397,538,560,529,488,408,537,382,522,Squat
490,516,391,633,560,538,391,562,547,525,477,396,529,383,517,Squat
494,523,393,634,552,536,393,562,547,523,460,383,520,380,520,Squat
488,526,385,643,541,549,396,563,548,530,455,358,527,380,526,Squat
472,518,375,631,565,546,398,556,556,540,487,333,528,382,530,Squat
466,512,375,630,558,548,397,566,552,545,478,327,523,374,531,Squat
474,508,373,636,554,549,399,569,546,548,471,339,524,368,541,Squat
481,501,379,625,558,548,400,567,553,559,492,359,528,366,544,Squat
482,492,383,631,560,555,403,569,551,565,523,371,529,365,536,Squat
481,493,384,630,556,549,398,567,547,563,522,384,528,368,540,Squat
480,496,381,633,552,553,402,574,547,558,515,388,534,366,545,Squat
471,507,375,630,562,548,399,568,553,557,512,373,532,362,540,Squat
466,516,371,631,562,549,404,565,562,557,496,358,531,363,547,Squat
470,508,373,627,559,553,404,572,551,554,474,355,533,363,543,Squat
470,503,368,626,558,555,399,565,552,549,463,346,529,364,543,Squat
470,505,365,627,558,556,403,569,557,552,460,340,524,367,544,Squat
475,500,363,632,558,551,402,571,555,557,466,346,523,366,545,Squat
478,506,354,627,563,550,406,569,560,552,468,341,527,364,546,Squat
467,507,361,628,562,554,403,575,554,553,467,344,531,363,549,Squat
465,515,369,625,565,554,400,574,552,560,462,355,531,367,547,Squat
461,526,368,625,562,556,404,570,555,560,478,359,531,369,546,Squat
464,523,373,623,563,552,408,572,553,559,484,360,530,369,547,Squat
462,517,371,624,560,554,402,567,553,559,480,360,526,372,547,Squat
463,514,369,623,562,557,406,572,554,560,471,363,526,375,546,Squat
467,502,369,626,563,556,400,567,555,559,461,362,527,374,546,Squat
467,499,369,625,562,558,405,571,555,559,460,364,527,374,546,Squat
463,503,367,627,559,561,404,569,556,561,470,370,530,374,549,Squat
462,505,363,625,558,565,404,573,554,560,479,369,533,376,547,Squat
459,507,363,624,559,564,404,572,557,556,473,368,532,376,551,Squat
462,504,372,623,561,563,408,575,555,560,466,367,527,376,549,Squat
470,504,376,623,560,562,404,573,553,563,466,364,527,377,546,Squat
471,508,374,626,560,560,405,572,555,557,466,359,535,374,549,Squat
466,507,372,623,560,562,405,572,554,556,462,354,533,374,551,Squat
461,511,372,623,560,560,407,571,558,558,466,355,531,373,553,Squat
462,515,372,625,564,557,405,574,556,558,477,359,536,369,554,Squat
466,515,371,624,560,560,407,573,557,558,485,361,533,365,557,Squat
463,512,378,624,561,561,406,576,556,562,481,363,531,364,561,Squat
461,514,379,623,565,560,405,574,558,564,479,364,530,364,559,Squat
457,516,374,624,563,562,407,573,558,563,477,365,527,360,557,Squat
451,514,373,620,560,563,408,574,557,563,476,368,523,357,556,Squat
452,512,373,627,562,562,404,572,556,563,477,371,526,359,563,Squat
451,509,369,624,563,561,406,577,552,567,475,366,534,365,561,Squat
446,506,363,621,565,561,404,582,546,571,466,363,536,366,568,Squat
445,500,363,624,566,561,408,579,551,571,469,358,529,367,564,Squat
447,516,364,620,569,558,407,575,547,572,471,352,527,372,561,Squat
450,496,368,623,570,553,403,573,547,574,467,350,528,372,560,Squat
450,496,367,622,570,554,406,573,550,570,462,357,525,375,556,Squat
450,490,364,621,565,557,407,570,560,569,464,354,526,377,559,Squat
447,501,364,622,568,557,400,572,567,571,465,356,526,377,557,Squat
447,505,369,622,564,565,406,565,570,565,467,355,526,376,555,Squat
450,513,370,627,559,574,404,572,560,563,469,359,526,376,555,Squat
451,516,373,618,563,569,403,569,556,568,474,366,526,376,555,Squat
452,520,377,622,566,560,403,571,553,569,474,369,521,380,552,Squat
452,522,382,624,566,561,396,572,554,571,473,368,520,385,551,Squat
456,519,387,621,563,558,404,569,558,575,472,370,523,390,548,Squat
460,514,388,627,565,556,400,568,550,570,473,373,525,391,548,Squat
463,511,387,628,563,558,399,566,554,562,472,369,525,392,548,Squat
464,512,386,626,562,553,400,564,555,559,464,370,526,394,539,Squat
464,512,389,629,560,553,395,564,549,560,463,378,526,396,545,Squat
458,512,391,626,559,556,399,566,548,558,466,381,529,397,540,Squat
455,516,386,628,560,551,396,557,547,558,473,378,528,401,535,Squat
458,522,382,633,557,549,393,556,542,560,479,382,527,398,539,Squat
458,522,387,631,552,551,391,553,543,560,484,384,527,397,538,Squat
459,519,392,637,544,552,394,554,541,560,487,389,527,400,531,Squat
464,515,392,631,550,549,392,551,536,559,483,392,526,401,529,Squat
466,513,390,634,546,545,391,545,541,555,482,389,526,401,529,Squat
465,511,394,636,540,547,391,544,542,555,479,384,525,401,525,Squat
465,511,395,636,537,547,389,544,541,553,475,383,524,400,516,Squat
469,509,396,635,538,545,388,536,539,549,478,383,527,394,517,Squat
469,511,397,639,535,543,388,539,536,549,481,383,521,391,521,Squat
472,506,406,638,532,542,388,538,537,552,481,383,516,394,518,Squat
477,511,408,638,531,541,386,534,533,550,483,389,520,398,515,Squat
480,513,399,640,531,539,384,532,535,545,488,392,530,396,518,Squat
480,507,401,640,523,541,385,522,540,545,485,395,534,392,510,Squat
479,511,405,641,529,531,385,528,541,546,479,395,531,386,511,Squat
478,517,409,643,529,523,384,528,531,543,482,394,533,385,510,Squat
477,518,411,643,518,533,384,519,529,544,489,393,534,392,519,Squat
484,516,407,640,506,541,383,521,529,543,491,399,528,408,501,Squat
490,519,398,640,513,544,382,520,533,538,488,396,527,411,495,Squat
491,521,400,643,519,534,383,515,534,534,483,388,531,398,504,Squat
494,514,399,645,513,527,385,511,530,535,482,392,530,384,512,Squat
494,511,398,644,512,524,383,507,525,530,475,389,525,379,508,Squat
495,509,400,643,511,524,384,513,517,525,481,386,525,378,506,Squat
498,507,403,643,505,529,383,500,525,524,485,390,528,373,507,Squat
498,507,403,643,503,533,383,502,531,527,487,391,527,371,502,Squat
498,507,404,643,505,531,382,509,536,529,492,389,527,375,498,Squat
498,509,403,643,505,528,383,509,536,529,497,387,529,381,493,Squat
497,508,398,644,503,526,383,499,532,533,495,385,531,381,492,Squat
496,508,393,647,513,528,383,502,533,535,490,380,527,381,485,Squat
496,510,389,645,513,528,383,513,532,533,484,375,524,381,479,Squat
491,510,385,645,511,528,382,515,526,531,482,370,525,374,495,Squat
487,510,384,646,508,529,380,518,525,535,479,369,524,385,477,Squat
493,514,380,645,510,529,384,511,529,539,478,373,522,383,477,Squat
496,516,378,645,505,528,384,505,529,536,481,372,523,380,475,Squat
491,511,383,645,498,528,382,509,530,535,481,370,526,379,478,Squat
490,512,385,645,503,526,383,507,533,540,478,370,526,383,475,Squat
490,515,383,644,500,530,383,502,531,540,477,370,526,381,474,Squat
485,516,381,643,501,533,383,504,527,538,479,368,525,380,473,Squat
486,515,381,645,505,532,383,501,530,538,479,368,526,382,472,Squat
493,520,380,646,509,527,383,503,530,539,479,369,526,382,470,Squat
491,518,379,645,511,527,383,500,532,536,479,370,526,382,470,Squat
486,515,379,645,512,527,383,503,530,536,479,370,526,383,468,Squat
485,519,378,645,512,527,383,500,530,536,476,370,526,381,468,Squat
486,519,378,644,510,529,383,502,531,537,478,370,527,382,469,Squat
484,514,380,644,512,528,383,503,533,537,479,371,527,384,471,Squat
487,512,380,644,511,528,383,507,532,537,479,373,526,385,471,Squat
490,509,382,644,506,529,383,507,531,535,479,373,528,383,476,Squat
495,509,385,645,505,527,383,509,530,533,478,373,528,387,474,Squat
499,507,388,645,508,527,384,507,529,532,477,376,528,392,477,Squat
502,507,393,645,507,529,383,506,529,527,482,380,524,396,478,Squat
505,508,400,643,505,529,383,498,532,522,484,385,519,403,481,Squat
505,510,406,644,506,529,383,496,534,520,485,390,518,407,484,Squat
502,514,412,649,488,531,380,505,534,524,487,396,518,403,489,Squat
498,521,416,647,491,537,381,511,537,528,491,401,525,400,495,Squat
497,520,419,648,508,536,383,495,543,532,495,404,533,392,501,Squat
491,521,423,644,513,539,383,499,539,532,494,406,527,388,497,Squat
486,514,426,639,511,531,384,513,536,533,493,411,512,387,499,Squat
484,516,421,639,516,513,397,532,532,534,492,412,513,396,498,Squat
487,516,411,643,518,517,390,546,521,539,491,410,520,406,505,Squat
486,524,399,644,530,532,382,531,522,540,487,405,519,415,505,Squat
485,516,395,634,549,531,381,522,528,532,482,398,517,417,502,Squat
480,518,394,636,530,526,387,534,536,524,471,382,517,413,506,Squat
478,516,390,649,530,533,391,535,539,526,457,369,520,415,499,Squat
483,522,388,646,539,529,386,524,539,535,463,370,524,405,509,Squat
484,518,391,635,543,536,387,540,536,537,478,379,526,401,517,Squat
474,520,396,624,550,527,398,531,555,538,489,386,530,395,521,Squat
469,516,402,633,541,525,397,550,544,537,501,386,537,386,533,Squat
479,509,399,647,524,543,391,554,542,540,503,384,533,384,536,Squat
474,508,384,638,553,545,391,560,543,542,488,376,527,382,531,Squat
474,501,380,637,546,550,400,552,558,547,469,383,525,380,530,Squat
471,505,380,629,550,546,404,561,560,550,469,385,526,383,540,Squat
468,509,386,632,552,547,390,555,551,553,481,385,532,382,545,Squat
473,517,388,640,535,551,388,560,549,549,491,381,533,379,535,Squat
478,520,390,637,548,554,396,562,560,550,486,373,530,375,537,Squat
475,510,398,634,550,557,402,561,561,563,487,370,526,372,547,Squat
468,506,395,626,551,553,404,568,555,582,483,372,529,369,546,Squat
480,513,384,625,556,557,394,576,549,570,491,370,531,371,544,Squat
469,514,383,625,556,557,401,573,553,542,481,358,542,371,549,Squat
449,520,383,635,548,547,406,570,552,533,472,356,524,370,546,Squat
449,508,386,637,565,544,400,562,546,533,466,361,522,373,555,Squat
458,494,383,626,563,550,403,575,547,539,483,363,536,368,553,Squat
462,500,359,625,570,546,404,568,551,529,497,350,538,367,552,Squat
453,498,358,630,563,536,412,572,561,530,483,342,530,369,560,Squat
458,484,364,623,564,545,406,577,557,552,480,347,531,369,558,Squat
467,488,353,622,562,551,403,577,558,563,490,347,530,365,558,Squat
466,490,351,623,564,563,406,574,563,558,499,355,535,363,560,Squat
463,489,361,627,557,568,407,572,566,553,496,367,538,369,561,Squat
464,501,376,625,557,566,407,571,566,551,490,378,538,373,559,Squat
463,512,376,627,561,565,405,577,560,552,480,378,536,374,557,Squat
467,509,380,622,565,560,404,575,555,546,468,372,532,373,563,Squat
466,498,376,625,561,556,409,575,555,544,458,362,535,375,562,Squat
465,492,382,626,566,555,407,573,555,550,457,361,533,377,558,Squat
455,538,378,625,567,552,407,574,554,548,456,366,526,376,557,Squat
457,496,377,619,566,555,410,575,559,552,455,358,523,377,568,Squat
461,498,374,621,569,552,408,574,555,562,452,358,526,380,559,Squat
468,515,374,622,568,554,406,569,555,563,452,365,529,378,560,Squat
466,516,375,624,563,561,410,576,561,553,465,363,528,378,561,Squat
462,510,383,620,564,560,408,579,556,557,461,359,526,382,559,Squat
456,515,385,621,568,560,405,582,547,561,445,361,526,380,560,Squat
457,527,378,620,569,562,408,578,551,554,449,359,526,380,564,Squat
454,518,377,618,568,561,410,580,553,556,455,361,527,381,561,Squat
454,516,374,624,567,560,408,583,548,560,452,364,527,380,560,Squat
457,515,373,620,568,561,408,583,545,556,454,366,523,376,566,Squat
454,517,375,617,569,559,406,581,546,559,460,365,525,377,565,Squat
452,528,372,620,572,557,410,580,549,566,460,365,530,376,563,Squat
452,531,370,619,570,559,408,579,547,564,463,372,528,376,563,Squat
446,528,376,621,566,563,411,577,550,563,467,372,526,378,567,Squat
446,532,371,620,568,560,412,582,550,568,460,371,530,377,567,Squat
453,537,363,619,570,561,403,580,551,565,451,370,529,372,566,Squat
452,534,365,621,567,568,407,576,563,564,447,367,527,371,573,Squat
447,535,371,617,565,565,411,577,559,564,442,364,532,368,564,Squat
450,530,371,619,564,567,407,582,548,561,442,363,535,368,569,Squat
448,533,367,618,570,565,406,588,546,563,446,364,530,364,569,Squat
446,526,375,618,566,566,406,582,556,565,452,367,531,364,565,Squat
449,523,374,615,570,561,413,570,557,565,454,363,534,365,564,Squat
450,524,367,619,574,555,412,586,545,571,464,362,531,366,563,Squat
449,519,371,621,572,560,408,585,552,573,460,359,530,369,557,Squat
449,515,380,613,572,560,410,582,555,569,463,360,533,368,555,Squat
451,520,369,620,571,553,409,577,558,564,460,360,533,371,554,Squat
449,516,368,621,575,555,414,581,558,566,459,362,533,378,550,Squat
450,510,372,623,571,557,408,577,561,563,465,367,538,381,547,Squat
452,512,370,621,575,555,409,576,562,557,467,360,538,384,540,Squat
452,510,373,622,567,555,402,576,554,553,458,359,532,389,540,Squat
454,510,380,623,571,559,402,575,557,546,462,364,527,392,545,Squat
465,508,386,620,569,558,410,576,558,542,473,366,527,387,543,Squat
472,514,384,624,571,551,403,572,556,542,479,371,531,383,547,Squat
468,508,392,628,567,558,401,575,554,548,486,379,531,381,537,Squat
465,508,403,626,569,553,398,575,550,555,497,388,526,387,543,Squat
463,514,404,624,568,547,404,572,554,556,505,391,527,391,537,Squat
466,513,400,627,565,547,401,561,556,559,500,392,531,392,529,Squat
470,515,396,633,556,546,397,564,552,558,491,387,527,396,530,Squat
461,513,395,633,550,554,394,557,554,559,481,382,523,401,536,Squat
457,512,395,631,554,554,402,557,552,562,478,381,527,407,534,Squat
463,514,388,631,553,548,394,554,546,557,474,374,527,404,530,Squat
465,516,384,635,544,546,390,547,550,552,470,369,527,401,526,Squat
460,506,392,638,541,545,391,543,554,556,465,377,529,403,524,Squat
458,512,400,636,539,543,394,541,548,555,473,385,529,407,519,Squat
464,518,399,633,544,544,392,538,545,555,483,385,528,408,514,Squat
470,522,398,637,539,538,388,535,543,553,479,386,526,407,512,Squat
470,515,403,640,535,537,386,530,538,551,478,386,525,408,517,Squat
473,513,402,641,528,532,389,528,539,549,478,386,524,408,513,Squat
480,512,397,638,527,537,387,530,539,544,481,389,525,397,515,Squat
484,507,403,642,536,535,383,522,536,537,483,389,526,391,504,Squat
478,508,410,640,521,536,385,519,537,540,481,393,524,382,514,Squat
477,510,415,643,522,536,388,525,538,545,485,401,521,386,511,Squat
486,514,415,641,520,537,385,528,530,541,494,405,523,390,499,Squat
489,515,415,641,516,534,383,525,529,538,498,401,525,388,497,Squat
481,516,415,644,522,532,382,514,533,542,493,398,525,383,508,Squat
473,515,411,644,515,528,387,517,540,548,492,397,527,380,519,Squat
472,519,402,643,515,530,383,525,532,549,493,394,529,384,513,Squat
478,518,393,645,517,530,383,513,534,546,489,386,528,384,513,Squat
477,511,390,645,512,530,383,509,534,544,479,382,523,379,516,Squat
477,511,392,644,514,528,383,512,533,546,474,385,521,378,516,Squat
478,514,391,643,507,526,385,503,533,541,476,380,525,378,516,Squat
477,520,387,644,507,524,384,503,531,541,474,378,526,380,513,Squat
478,518,386,644,508,524,384,504,532,541,468,377,524,380,509,Squat
480,513,387,644,510,524,384,504,532,541,467,376,524,374,511,Squat
481,514,385,644,506,524,385,494,535,546,473,373,528,372,513,Squat
482,510,385,644,503,525,384,494,536,549,473,375,529,381,495,Squat
481,512,385,644,503,525,385,486,538,549,475,377,529,381,493,Squat
476,513,387,645,507,525,385,482,539,549,477,379,525,379,487,Squat
478,513,391,647,505,525,385,486,537,548,474,380,527,376,491,Squat
483,521,388,645,502,526,384,487,539,546,474,383,531,373,497,Squat
480,524,385,644,495,530,384,497,538,544,479,383,531,380,489,Squat
479,522,388,644,502,528,384,503,536,543,477,379,529,385,483,Squat
482,523,387,644,501,526,382,500,536,541,478,375,528,380,487,Squat
482,528,381,647,506,520,383,503,537,541,479,374,530,383,479,Squat
481,522,381,645,504,520,382,506,535,542,484,373,530,380,485,Squat
479,522,380,645,503,523,383,507,535,544,486,374,529,381,483,Squat
480,527,381,643,502,523,383,509,533,542,489,372,529,381,482,Squat
482,524,380,643,499,524,383,507,534,539,487,368,529,384,483,Squat
482,522,382,647,505,524,384,503,535,539,485,370,527,387,484,Squat
485,517,384,645,506,525,384,503,535,539,486,372,527,384,490,Squat
485,512,386,645,505,525,384,503,535,538,487,375,528,386,488,Squat
486,510,395,646,504,524,384,502,533,537,489,380,528,388,493,Squat
494,511,405,646,503,524,383,502,534,538,490,385,524,390,490,Squat
498,526,412,646,504,525,383,501,538,536,494,390,520,389,493,Squat
502,530,416,646,506,528,383,501,538,535,497,393,523,394,496,Squat
503,533,424,646,506,528,385,501,537,535,499,394,527,397,498,Squat
500,534,428,645,502,528,384,501,533,538,501,395,527,400,500,Squat
493,537,426,646,511,523,381,508,535,536,500,394,525,406,496,Squat
485,538,419,642,515,525,383,507,537,532,494,387,526,406,502,Squat
478,541,409,642,517,527,383,502,537,531,484,383,532,410,504,Squat
477,540,405,642,518,524,383,513,539,531,482,383,526,412,508,Squat
477,543,398,646,506,517,388,521,541,531,488,383,516,408,513,Squat
477,548,398,647,516,521,387,530,537,529,493,383,522,409,513,Squat
483,537,396,644,518,527,381,517,530,533,500,383,525,412,510,Squat
488,534,387,639,524,522,389,529,529,539,505,388,515,410,507,Squat
479,531,382,641,523,516,387,538,529,541,519,385,513,401,522,Squat
467,537,379,645,513,525,387,554,526,545,518,370,523,398,529,Squat
466,543,379,647,530,541,403,562,543,555,504,365,534,392,523,Squat
474,542,387,634,538,531,405,522,559,558,501,373,536,379,518,Squat
474,533,390,633,538,523,381,544,526,551,505,374,524,379,522,Squat
468,519,406,632,536,530,390,557,526,555,505,383,529,369,530,Squat
469,518,402,644,515,543,410,560,545,558,496,385,539,362,533,Squat
460,505,394,633,544,542,418,556,574,560,492,385,536,371,523,Squat
457,502,397,633,555,541,370,551,549,550,487,384,527,373,521,Squat
453,500,407,634,552,548,380,570,513,537,480,376,520,377,524,Squat
460,515,402,633,546,540,407,563,544,538,476,367,519,385,524,Squat
482,572,395,640,561,542,408,565,560,540,485,366,524,388,527,Squat
494,543,379,627,559,542,395,557,564,538,519,374,528,383,534,Squat
489,537,374,630,559,543,395,572,551,531,540,381,532,380,534,Squat
487,529,375,627,560,541,406,577,554,531,544,381,527,379,533,Squat
484,540,378,632,563,543,407,580,557,535,529,377,527,377,525,Squat
494,545,381,631,570,549,414,588,555,532,525,376,525,368,539,Squat
498,550,373,621,568,551,407,580,560,532,542,373,523,364,537,Squat
482,545,373,621,571,549,400,580,554,538,539,373,526,364,536,Squat
479,543,378,624,569,550,406,587,546,542,519,368,532,362,535,Squat
484,541,389,624,573,547,400,591,541,541,515,365,531,366,532,Squat
485,540,398,622,570,556,411,585,552,542,522,358,528,364,536,Squat
491,540,394,621,571,552,411,577,564,548,510,358,528,368,541,Squat
486,536,393,626,566,549,412,580,557,544,495,359,525,368,536,Squat
480,528,395,632,561,552,414,578,561,533,486,352,525,366,535,Squat
474,547,378,626,566,559,411,584,556,532,475,345,525,365,542,Squat
470,543,378,622,570,561,410,582,554,540,468,348,525,370,540,Squat
467,547,376,619,571,557,410,578,555,544,484,356,528,366,540,Squat
474,536,370,619,571,550,409,577,549,544,492,363,526,365,544,Squat
470,524,365,623,572,546,410,576,550,546,493,365,527,365,541,Squat
468,518,366,624,575,544,409,575,554,543,495,367,525,363,541,Squat
466,518,362,619,573,549,401,578,548,537,490,359,522,359,547,Squat
463,516,356,617,572,550,406,583,550,544,479,353,526,361,548,Squat
461,516,356,622,573,553,412,579,558,550,476,353,531,359,547,Squat
465,518,363,619,568,560,411,580,559,549,488,353,526,358,548,Squat
463,526,358,621,570,558,411,578,559,551,500,350,527,359,548,Squat
465,519,362,619,568,561,409,582,556,555,499,350,533,358,543,Squat
472,519,362,619,569,558,404,588,546,552,494,345,534,359,546,Squat
467,519,360,622,570,559,413,581,551,554,493,342,535,366,545,Squat
466,517,364,620,570,560,411,582,550,556,489,338,534,366,542,Squat
473,527,361,619,568,557,411,584,547,550,486,339,533,364,549,Squat
472,533,360,618,570,558,411,581,551,546,490,334,531,364,552,Squat
468,521,367,622,573,555,406,587,547,552,484,337,529,366,548,Squat
471,526,368,623,574,554,411,581,554,555,483,344,532,361,547,Squat
469,535,361,617,571,555,412,580,556,552,492,346,538,361,545,Squat
461,529,365,619,572,552,411,579,555,552,491,339,535,361,550,Squat
458,526,365,619,572,553,408,589,551,557,482,334,531,365,555,Squat
455,531,362,622,573,548,405,583,546,565,485,339,533,365,556,Squat
458,529,357,620,575,547,410,584,543,559,494,349,533,363,551,Squat
454,521,357,618,574,550,409,582,543,550,497,351,529,364,558,Squat
449,509,358,621,576,546,411,576,554,554,489,356,530,368,557,Squat
448,509,364,617,572,556,412,576,553,559,484,360,530,369,551,Squat
453,522,361,620,570,561,410,577,552,555,490,358,526,369,549,Squat
460,515,361,619,569,564,415,576,557,554,488,357,525,370,547,Squat
457,499,363,622,569,564,406,587,547,557,487,366,524,370,545,Squat
461,499,368,625,569,566,410,582,547,554,491,369,524,370,546,Squat
462,525,370,614,568,567,411,581,543,552,493,365,525,373,542,Squat
466,515,376,616,570,562,405,580,542,550,487,363,526,374,540,Squat
472,514,381,622,569,563,406,578,547,547,488,351,525,378,540,Squat
470,525,387,618,571,563,395,588,539,552,478,348,525,380,534,Squat
469,513,388,616,571,562,403,580,544,553,470,366,527,379,535,Squat
474,521,394,619,571,559,405,576,549,551,490,360,524,383,537,Squat
474,523,398,618,573,556,406,580,541,556,487,359,525,387,534,Squat
476,524,396,622,571,556,407,578,544,560,486,365,530,386,538,Squat
476,517,390,629,564,555,399,570,551,550,486,368,529,387,525,Squat
472,516,391,628,567,554,396,571,546,546,487,372,523,400,524,Squat
469,521,393,625,567,555,397,569,548,552,482,379,524,406,528,Squat
468,520,390,626,565,555,402,572,547,549,485,387,527,405,529,Squat
475,518,384,628,561,553,395,565,541,542,492,384,526,400,526,Squat
474,512,384,634,555,553,390,556,547,544,489,385,527,399,517,Squat
469,503,395,635,559,550,395,552,551,549,485,391,530,397,524,Squat
467,513,399,635,552,550,398,551,545,550,493,394,531,401,526,Squat
468,520,398,628,552,550,394,547,541,552,498,396,531,403,516,Squat
475,519,400,629,542,545,388,550,542,549,498,397,527,405,509,Squat
473,514,399,637,539,544,389,538,543,544,493,389,522,400,518,Squat
470,511,402,639,539,541,394,543,543,547,487,386,523,404,515,Squat
474,512,400,640,534,542,388,545,531,551,484,383,528,404,507,Squat
482,511,400,634,540,543,384,533,537,549,489,382,532,401,505,Squat
481,506,405,635,536,534,388,526,550,547,492,382,528,399,507,Squat
477,505,412,644,527,534,393,531,542,551,490,383,528,402,509,Squat
485,508,409,643,532,533,387,525,531,551,490,388,531,403,498,Squat
491,511,407,638,522,533,384,522,531,543,494,387,535,397,498,Squat
487,506,406,638,518,532,385,519,532,539,490,387,537,395,499,Squat
480,501,405,641,517,528,387,516,531,539,486,389,536,395,498,Squat
487,511,401,642,512,521,383,520,524,537,490,394,533,393,494,Squat
493,513,398,643,518,518,383,507,525,534,494,394,532,382,499,Squat
492,508,404,647,516,521,383,508,530,537,490,396,534,369,510,Squat
485,503,404,648,515,524,385,503,536,539,488,400,531,372,508,Squat
484,504,403,647,509,520,384,508,542,543,492,407,526,372,508,Squat
481,507,401,644,498,523,381,509,537,545,498,416,524,373,504,Squat
484,507,405,642,485,526,381,507,531,537,498,418,529,371,499,Squat
485,503,417,644,487,533,383,497,538,537,496,415,532,371,491,Squat
489,496,429,646,492,532,382,496,543,542,487,415,536,375,491,Squat
492,503,426,644,492,531,387,490,546,549,478,413,530,380,488,Squat
488,500,428,643,498,523,383,492,540,554,477,415,529,391,472,Squat
484,503,429,646,500,524,383,506,534,554,483,407,531,388,473,Squat
479,515,430,647,509,528,384,508,533,551,487,403,529,376,485,Squat
483,533,415,646,519,525,382,511,532,544,488,400,529,377,477,Squat
476,526,401,644,517,522,385,512,530,542,488,400,522,377,474,Squat
481,530,400,644,512,523,384,517,529,534,482,394,525,368,494,Squat
477,534,392,647,512,525,383,514,530,528,494,378,527,386,477,Squat
467,543,386,646,512,526,383,507,533,533,499,365,524,389,465,Squat
462,578,380,644,511,527,380,510,536,550,514,368,527,366,474,Squat
459,571,387,645,508,526,383,507,540,564,541,363,532,370,476,Squat
455,570,395,645,505,528,387,503,539,568,546,342,531,388,464,Squat
448,572,384,645,509,527,384,501,534,577,534,331,529,390,463,Squat
450,570,381,643,509,526,382,506,532,581,526,326,532,388,464,Squat
457,577,380,646,511,526,382,509,537,579,522,332,528,387,465,Squat
461,576,373,647,509,531,384,511,538,581,528,352,527,394,459,Squat
459,573,376,646,511,532,383,511,535,570,540,368,530,391,456,Squat
466,558,385,643,511,532,384,512,531,561,545,368,526,390,459,Squat
476,565,370,642,512,529,384,512,530,557,533,371,524,393,450,Squat
473,578,358,644,511,528,385,514,532,552,527,376,524,389,447,Squat
478,555,369,644,515,528,384,516,532,556,523,362,522,389,445,Squat
473,551,364,644,518,529,384,518,533,564,517,348,524,389,446,Squat
461,554,351,643,520,529,384,515,533,568,517,345,524,393,448,Squat
463,563,354,643,520,529,381,522,533,578,525,351,524,394,446,Squat
464,563,361,648,511,533,381,520,534,583,522,346,527,390,450,Squat
463,559,366,647,515,534,385,514,538,583,517,339,526,396,443,Squat
465,559,368,645,515,533,384,514,536,583,520,342,522,395,438,Squat
474,560,370,645,513,529,384,513,535,583,529,348,521,387,447,Squat
475,570,375,645,514,529,384,512,535,583,530,346,527,382,458,Squat
466,566,378,645,512,531,384,510,534,583,521,340,528,390,450,Squat
459,553,381,644,513,531,382,505,535,586,520,343,528,386,450,Squat
462,558,389,644,514,532,382,507,537,586,523,356,531,386,450,Squat
461,563,392,644,515,532,382,512,537,579,524,357,530,385,451,Squat
457,567,390,644,518,532,383,510,537,578,515,359,527,388,448,Squat
457,549,401,644,515,532,384,508,537,576,510,369,525,388,454,Squat
459,545,405,643,512,532,383,508,537,577,511,383,528,393,449,Squat
462,546,403,644,510,530,383,508,537,572,508,387,529,393,450,Squat
465,547,409,645,514,530,383,507,537,570,507,393,529,388,455,Squat
469,540,408,645,514,531,383,507,537,566,513,403,529,390,455,Squat
474,526,407,644,514,532,383,506,537,564,510,410,527,390,453,Squat
478,529,410,644,513,532,383,506,537,554,501,412,526,386,453,Squat
481,538,408,644,513,531,383,507,536,551,499,404,528,386,450,Squat
483,539,404,644,514,529,383,507,536,550,504,402,524,384,456,Squat
484,529,403,645,513,530,383,507,536,549,500,395,517,383,455,Squat
482,526,404,645,516,530,383,510,536,551,491,388,519,385,450,Squat
486,540,400,645,518,531,382,515,536,550,492,388,524,381,450,Squat
485,549,394,644,517,531,382,515,536,548,503,386,531,379,460,Squat
481,545,392,644,517,530,383,516,536,551,504,377,532,388,454,Squat
484,530,395,644,516,530,383,516,536,552,500,376,528,392,452,Squat
484,535,390,644,518,530,383,517,536,552,502,377,524,386,454,Squat
485,544,386,644,520,528,383,517,536,551,506,375,525,381,461,Squat
488,547,385,644,519,528,383,518,536,549,506,372,526,388,452,Squat
487,542,384,644,518,529,383,519,536,547,507,375,528,390,455,Squat
485,546,382,644,521,532,383,519,536,548,504,373,529,388,455,Squat
484,548,384,644,524,533,383,519,536,550,502,372,528,386,454,Squat
485,544,385,644,527,531,383,519,536,549,507,374,527,385,457,Squat
484,542,386,644,529,529,383,521,535,549,515,374,528,389,455,Squat
484,540,386,643,528,528,383,521,534,549,515,374,532,390,454,Squat
484,538,386,643,527,529,384,521,534,549,510,375,530,387,453,Squat
485,531,385,643,528,531,384,524,535,547,509,370,525,385,454,Squat
485,531,384,643,529,531,384,527,535,546,507,361,528,385,456,Squat
485,529,382,642,528,531,384,527,534,549,502,366,528,385,457,Squat
485,528,382,642,526,530,384,528,532,550,506,371,528,384,458,Squat
486,528,382,642,527,530,384,525,533,550,509,370,527,386,457,Squat
486,531,384,642,528,530,384,525,534,547,507,365,530,387,461,Squat
486,529,387,643,526,530,384,525,535,547,508,370,531,388,456,Squat
486,534,387,643,524,530,384,521,536,546,508,373,529,384,461,Squat
486,530,387,643,524,531,384,520,537,545,507,370,528,386,459,Squat
486,528,390,643,527,532,384,520,536,543,503,369,528,387,460,Squat
486,530,393,643,529,531,385,519,536,541,507,369,527,385,459,Squat
484,532,392,642,528,531,384,519,534,540,509,371,525,383,462,Squat
484,527,391,642,527,531,384,520,534,540,504,373,522,386,459,Squat
484,530,394,641,527,530,384,521,535,540,504,372,524,388,461,Squat
483,530,391,642,525,529,384,521,538,543,509,374,528,390,462,Squat
483,529,391,642,525,529,384,522,539,547,510,374,531,387,456,Squat
480,523,393,644,521,531,384,526,536,549,507,372,534,383,478,Squat
481,527,393,643,527,530,384,527,533,548,506,376,529,376,462,Squat
477,530,389,641,528,529,383,535,533,545,504,376,522,356,478,Squat
472,537,384,643,530,529,386,537,534,549,503,375,524,367,495,Squat
473,532,381,643,535,531,386,539,530,549,497,372,527,374,492,Squat
476,534,375,640,540,531,387,540,526,547,498,369,528,376,466,Squat
478,535,369,640,542,526,384,538,522,547,497,363,526,384,465,Squat
477,535,364,640,539,526,384,534,524,550,495,358,529,383,464,Squat
473,534,363,641,538,526,385,530,528,551,493,357,532,383,461,Squat
474,533,366,641,533,525,385,526,532,553,500,360,531,396,457,Squat
477,544,370,641,524,525,384,521,537,551,504,364,532,399,470,Squat
481,543,376,641,518,529,384,521,541,545,505,362,527,389,467,Squat
486,538,382,644,515,534,383,522,539,542,501,359,523,372,468,Squat
490,540,385,645,516,537,383,521,534,536,503,365,523,373,465,Squat
489,538,387,644,516,537,383,520,532,537,512,372,527,378,465,Squat
490,533,388,644,521,532,383,522,532,540,518,373,525,383,472,Squat
492,533,388,644,526,529,384,523,532,541,516,374,526,384,471,Squat
492,535,388,643,529,528,385,523,532,541,514,374,529,384,467,Squat
491,533,391,641,528,531,385,524,532,541,510,374,528,382,469,Squat
492,536,392,642,528,533,384,525,534,537,504,372,530,383,473,Squat
492,539,392,643,528,532,384,526,534,534,506,376,529,385,463,Squat
494,538,389,643,526,531,384,527,532,533,504,377,527,385,464,Squat
492,535,389,643,523,531,384,527,531,533,502,374,527,385,467,Squat
490,539,390,644,520,531,384,526,532,535,499,371,526,382,466,Squat
492,539,389,644,520,531,384,523,534,537,503,373,528,372,474,Squat
494,536,389,643,519,532,384,522,535,539,507,373,528,368,473,Squat
495,530,389,644,520,532,384,522,536,539,507,372,528,378,470,Squat
496,529,388,644,522,532,384,520,534,539,507,372,528,387,461,Squat
494,531,386,643,523,532,384,519,533,539,508,372,526,386,459,Squat
492,531,385,643,523,531,384,519,534,540,505,371,526,386,455,Squat
490,533,384,643,522,531,384,519,535,540,504,373,527,386,453,Squat
492,533,382,643,524,531,384,519,535,537,507,371,527,387,450,Squat
490,534,382,643,523,531,384,520,535,537,506,370,527,386,451,Squat
489,531,382,643,521,532,384,522,534,539,504,370,526,385,454,Squat
489,531,382,643,520,532,384,523,534,541,503,371,526,390,449,Squat
491,532,382,643,521,531,384,523,534,540,505,374,526,390,447,Squat
491,529,383,643,522,531,384,523,534,540,509,369,525,388,451,Squat
491,529,384,643,522,530,384,521,534,541,508,369,524,390,453,Squat
490,532,384,643,522,531,384,520,534,543,508,369,524,398,436,Squat
488,531,383,643,521,531,384,518,533,543,508,369,526,387,444,Squat
487,532,385,643,521,531,384,517,534,545,506,367,526,390,444,Squat
487,534,386,643,521,531,384,517,535,547,507,367,526,394,442,Squat
488,530,385,643,521,531,384,517,535,547,508,370,526,391,442,Squat
488,528,386,643,520,531,384,517,535,547,506,370,528,394,442,Squat
487,527,386,643,519,531,384,517,535,549,507,372,524,394,441,Squat
485,529,388,643,519,532,384,517,535,549,505,372,524,394,441,Squat
485,524,389,643,520,532,384,518,535,548,505,374,525,396,438,Squat
486,524,387,643,520,531,384,518,534,545,508,377,526,396,439,Squat
486,524,385,643,520,532,384,518,534,545,506,374,528,397,440,Squat
483,523,385,643,520,531,384,518,534,545,500,374,528,398,441,Squat
480,526,387,643,520,531,384,518,534,547,503,374,528,400,441,Squat
480,528,389,643,520,531,384,518,534,550,508,377,528,396,443,Squat
480,531,391,643,519,531,384,518,534,550,509,377,527,395,440,Squat
479,531,394,643,519,532,384,518,534,550,507,378,529,393,449,Squat
477,531,399,643,520,532,384,518,534,552,509,381,526,397,442,Squat
478,536,402,643,521,532,384,518,534,556,516,386,521,388,445,Squat
478,537,401,643,521,532,384,518,534,556,519,390,524,387,447,Squat
481,532,401,643,521,532,384,518,534,553,520,394,528,388,447,Squat
484,529,398,643,521,532,384,518,534,548,518,392,528,386,454,Squat
480,526,397,643,521,531,384,518,534,548,517,391,528,392,447,Squat
477,528,397,643,520,531,384,517,534,550,516,391,525,390,446,Squat
476,538,390,643,520,531,384,517,534,553,513,384,520,388,447,Squat
472,543,386,643,520,532,384,517,534,553,510,379,523,389,447,Squat
469,536,381,643,520,532,384,517,534,556,512,374,527,387,452,Squat
464,540,378,643,520,532,384,518,533,561,513,369,527,387,455,Squat
461,541,379,643,520,532,384,520,533,567,513,363,526,387,454,Squat
460,548,379,643,521,531,384,520,533,572,515,360,526,385,456,Squat
459,550,381,643,521,531,384,520,533,576,519,360,525,385,460,Squat
459,548,384,643,521,531,384,519,533,579,521,360,524,384,457,Squat
459,551,385,643,521,531,384,519,534,579,526,361,524,383,463,Squat
459,550,388,643,521,531,384,518,534,580,528,365,524,385,455,Squat
459,550,391,643,521,531,384,517,534,580,526,368,524,384,460,Squat
459,550,392,643,520,531,384,516,534,580,526,371,524,384,463,Squat
457,554,392,643,519,531,384,516,534,580,529,376,526,379,468,Squat
456,550,392,643,519,531,384,516,534,580,529,378,528,377,472,Squat
455,548,394,643,519,531,384,516,534,580,526,378,528,379,472,Squat
455,548,394,643,519,531,384,516,534,580,527,379,528,376,474,Squat
455,550,396,643,519,531,384,516,535,580,526,380,525,372,466,Squat
455,548,395,643,519,531,384,516,535,580,522,380,524,376,464,Squat
438,471,388,582,444,476,333,461,465,518,463,354,463,351,429,Squat
466,496,400,625,476,511,365,488,503,552,493,370,504,373,446,Squat
475,510,395,639,486,523,376,494,516,562,505,374,518,383,451,Squat
479,516,395,643,491,526,379,496,522,564,511,376,522,389,451,Squat
479,523,389,643,493,528,379,497,522,561,516,380,524,389,451,Squat
479,524,385,643,493,528,381,497,524,558,514,383,524,390,450,Squat
483,518,387,643,493,528,381,497,524,556,516,384,526,391,448,Squat
484,518,387,643,495,530,381,497,524,553,516,387,528,392,447,Squat
488,515,391,643,497,530,381,498,524,553,518,386,528,392,446,Squat
493,514,390,644,494,529,382,498,522,548,513,384,523,389,449,Squat
492,510,388,644,494,529,382,498,522,547,511,383,523,389,449,Squat
496,500,388,644,492,529,382,498,522,547,513,380,521,390,447,Squat
501,491,388,644,493,529,382,498,522,546,510,376,521,390,448,Squat
499,471,390,644,493,529,382,498,522,545,506,372,520,389,448,Squat
503,454,391,644,492,529,382,498,522,546,484,370,520,389,448,Squat
509,459,382,644,492,529,382,498,522,545,472,368,521,389,449,Squat
510,471,372,644,492,529,382,498,522,537,468,368,521,389,448,Squat
510,480,371,644,492,529,382,498,522,534,471,368,521,388,450,Squat
524,488,376,644,492,529,382,498,522,525,471,371,522,389,449,Squat
537,491,383,644,492,529,382,498,522,510,475,378,523,389,449,Squat
553,498,390,644,492,529,382,498,523,495,474,384,523,388,446,Squat
564,498,396,644,492,529,382,498,522,481,473,388,524,386,450,Squat
572,495,403,644,492,529,382,498,522,472,471,387,524,386,451,Squat
573,493,405,644,492,529,382,497,522,471,472,384,523,389,450,Squat
571,490,403,645,492,529,382,497,522,471,477,383,523,389,450,Squat
567,488,402,645,492,529,382,497,522,474,477,383,523,390,447,Squat
563,491,400,645,492,529,382,498,522,479,474,383,522,390,447,Squat
557,493,395,645,493,529,382,499,522,484,476,382,522,390,447,Squat
552,493,389,645,493,529,382,499,522,489,481,380,522,390,447,Squat
549,496,386,645,493,529,382,499,523,494,481,376,522,390,448,Squat
549,499,384,645,493,529,382,499,523,494,480,373,522,390,448,Squat
549,495,382,645,492,529,382,499,523,492,479,373,522,390,448,Squat
552,491,383,645,492,529,382,499,523,492,482,372,522,388,449,Squat
554,492,383,645,492,529,382,499,523,492,481,368,522,388,449,Squat
556,494,383,645,492,529,382,499,523,489,479,367,522,388,449,Squat
556,491,384,645,492,529,382,499,523,487,482,369,522,389,449,Squat
556,486,387,645,493,529,382,499,523,487,481,373,522,389,448,Squat
555,489,387,645,493,529,382,499,523,487,477,374,522,388,448,Squat
555,492,387,645,493,529,382,499,522,488,475,374,522,388,448,Squat
554,490,387,645,493,529,382,499,522,490,477,373,522,388,452,Squat
553,489,387,645,493,529,382,499,522,490,478,373,522,388,451,Squat
552,490,387,645,493,529,382,499,522,491,478,373,522,388,449,Squat
550,492,386,645,493,529,382,499,522,491,480,373,522,387,449,Squat
550,492,385,645,493,529,382,499,522,492,480,373,522,388,450,Squat
550,492,386,645,493,529,382,499,522,494,480,373,522,388,451,Squat
549,491,386,645,493,529,382,499,522,495,482,372,522,388,451,Squat
549,489,386,645,493,528,382,499,522,496,485,372,522,388,451,Squat
548,489,386,645,493,528,382,499,522,498,484,371,522,388,451,Squat
545,489,386,645,493,528,382,499,523,498,483,370,522,388,451,Squat
544,489,383,645,493,528,382,499,523,499,479,370,522,388,451,Squat
544,486,383,645,493,528,382,500,522,500,480,371,522,388,451,Squat
544,486,383,645,493,528,382,500,522,500,480,370,522,388,451,Squat
544,488,382,645,493,528,382,501,522,500,480,370,522,388,451,Squat
545,487,384,645,494,528,382,501,522,500,481,369,522,388,451,Squat
545,485,382,645,494,528,382,501,522,500,481,369,522,388,451,Squat
547,485,382,645,494,528,382,501,522,499,481,369,522,388,452,Squat
546,489,381,645,494,528,382,501,522,497,480,368,522,387,452,Squat
546,489,381,645,494,529,382,501,522,496,480,369,522,387,451,Squat
545,490,380,645,494,529,382,501,522,495,480,373,522,387,451,Squat
543,494,381,645,495,529,382,500,522,499,480,372,523,386,451,Squat
542,491,382,645,495,529,382,500,522,506,481,371,523,387,450,Squat
540,490,387,645,495,529,382,500,522,510,484,371,523,387,451,Squat
535,486,390,645,494,529,382,500,522,513,486,370,523,386,454,Squat
529,483,387,645,494,529,382,500,522,516,485,370,523,387,452,Squat
522,487,383,645,494,529,382,500,522,519,484,369,523,387,452,Squat
515,488,382,645,494,529,382,500,522,524,487,370,523,387,453,Squat
511,489,380,645,495,529,382,501,522,531,492,369,523,387,453,Squat
507,489,376,645,495,529,382,501,522,539,491,365,523,387,453,Squat
507,489,376,645,495,529,382,501,522,539,489,367,524,388,453,Squat
510,489,377,645,495,529,382,501,521,539,491,368,524,388,454,Squat
513,488,379,645,496,529,382,501,521,539,488,368,525,388,455,Squat
515,493,382,645,496,529,382,501,521,538,489,368,525,387,455,Squat
517,491,382,645,496,529,382,501,521,535,489,368,526,387,457,Squat
520,486,379,645,495,529,382,501,522,532,491,368,527,385,460,Squat
520,483,379,645,495,528,382,501,522,531,489,367,527,385,459,Squat
522,488,381,645,491,529,382,501,522,530,492,365,527,385,458,Squat
522,494,377,644,489,530,382,501,521,527,492,365,527,385,458,Squat
522,494,376,644,490,528,382,498,521,527,494,363,526,385,459,Squat
522,495,377,642,487,528,382,494,521,529,495,362,524,385,462,Squat
522,496,380,643,492,529,382,491,524,528,498,361,523,387,464,Squat
527,498,382,643,498,530,377,484,526,527,493,363,516,392,462,Squat
533,502,382,645,500,532,376,489,520,527,488,368,505,396,460,Squat
535,500,383,646,503,533,367,497,516,526,484,370,500,393,462,Squat
533,501,386,648,503,538,362,502,516,525,479,374,505,382,461,Squat
530,509,386,648,504,543,373,511,514,525,480,375,515,374,460,Squat
528,510,383,648,503,541,398,498,502,521,478,376,524,369,457,Squat
526,512,381,645,499,536,427,463,488,515,475,377,525,374,460,Squat
516,515,376,645,494,535,423,464,492,510,469,377,519,387,457,Squat
508,516,371,643,487,536,400,484,510,508,469,377,514,394,458,Squat
500,512,371,643,481,536,377,599,533,508,478,378,509,391,469,Squat
498,510,377,644,478,538,344,616,553,514,487,378,507,385,473,Squat
500,513,385,646,481,536,376,465,523,524,492,378,512,373,471,Squat
502,514,388,646,482,532,360,523,539,537,500,381,529,359,489,Squat
507,515,380,645,483,526,389,482,530,545,506,379,532,374,471,Squat
502,516,379,649,477,527,380,499,523,555,512,377,540,392,465,Squat
493,515,378,655,475,529,381,499,520,565,516,376,547,395,464,Squat
488,510,375,661,483,532,378,499,527,575,521,371,544,382,468,Squat
487,511,376,653,466,526,379,499,535,580,526,370,537,365,471,Squat
487,513,373,637,457,529,378,501,530,579,530,369,533,362,466,Squat
492,511,372,635,481,518,381,505,527,574,535,359,533,366,460,Squat
497,502,370,619,484,521,383,503,529,572,535,352,534,377,456,Squat
502,505,367,617,501,536,382,499,529,573,528,348,538,388,459,Squat
506,508,362,623,553,560,383,498,523,573,525,348,539,396,463,Squat
504,507,360,658,668,540,379,500,518,578,523,349,528,396,461,Squat
493,507,357,672,448,502,376,500,523,581,521,356,516,373,464,Squat
495,508,356,669,556,499,381,504,521,574,521,363,523,366,464,Squat
492,508,360,643,497,516,382,498,519,559,526,355,531,379,470,Squat
491,506,364,646,494,541,382,493,525,551,533,354,525,389,469,Squat
494,506,369,641,491,537,383,492,528,547,524,358,516,406,466,Squat
496,509,375,643,483,526,383,477,527,548,514,366,514,406,470,Squat
500,507,389,643,481,530,378,489,525,549,513,377,515,402,474,Squat
505,509,399,641,486,534,380,505,528,546,515,385,516,395,475,Squat
507,509,404,642,491,535,383,511,538,542,516,390,514,389,478,Squat
508,504,413,644,502,538,388,507,531,541,517,396,508,389,478,Squat
507,503,415,645,503,537,400,502,515,540,517,404,508,391,475,Squat
509,506,415,643,499,534,402,521,500,537,513,405,512,405,473,Squat
515,506,415,640,497,532,399,528,498,529,503,402,513,424,476,Squat
519,509,418,634,495,544,369,509,530,522,497,401,512,434,488,Squat
520,506,432,643,533,544,372,490,524,524,495,407,511,434,487,Squat
520,507,438,642,522,547,376,523,527,522,492,420,515,424,486,Squat
519,506,432,641,526,544,390,532,524,517,496,423,520,418,488,Squat
518,500,433,640,525,542,383,517,521,516,497,422,520,412,493,Squat
515,496,433,634,509,549,383,517,528,521,501,418,514,415,490,Squat
514,505,429,640,536,554,384,532,528,522,493,418,518,408,493,Squat
515,509,421,635,535,557,386,540,528,517,488,416,526,397,497,Squat
513,506,417,635,540,555,385,540,529,520,491,407,525,399,493,Squat
515,508,411,634,535,555,385,543,529,522,502,398,522,399,495,Squat
514,511,403,634,539,557,390,547,531,524,511,388,525,398,504,Squat
513,518,391,631,543,557,388,547,536,526,510,386,527,396,504,Squat
509,514,379,627,548,557,386,544,539,533,518,380,522,383,503,Squat
510,509,372,631,548,561,389,551,539,541,523,373,518,376,507,Squat
516,509,365,628,558,563,392,554,541,537,518,367,520,373,507,Squat
518,506,364,626,553,566,393,558,539,529,517,360,525,370,507,Squat
516,502,359,621,556,570,391,561,539,526,513,353,528,365,512,Squat
514,498,358,626,562,565,394,565,536,526,510,351,528,363,512,Squat
512,506,352,623,568,562,396,568,534,526,502,346,528,365,510,Squat
511,513,350,619,573,560,398,571,538,531,494,342,527,363,512,Squat
508,511,351,618,576,561,400,571,535,535,501,343,530,360,518,Squat
508,508,351,618,580,562,400,576,531,538,512,343,533,359,521,Squat
509,505,351,617,582,562,403,578,526,539,518,339,533,355,522,Squat
510,510,353,616,581,564,403,580,524,539,519,338,534,358,524,Squat
510,504,356,610,578,567,404,581,530,539,531,334,534,357,526,Squat
507,498,350,609,581,567,404,580,531,539,526,327,532,352,530,Squat
502,503,347,612,574,559,408,578,534,543,519,329,533,344,534,Squat
500,512,344,609,579,564,405,579,535,546,513,332,534,334,539,Squat
500,509,347,608,582,571,405,582,533,545,516,331,541,325,542,Squat
501,508,343,612,579,559,407,585,531,544,527,331,548,316,543,Squat
505,504,337,609,581,569,405,587,530,543,517,326,548,308,542,Squat
509,494,330,610,584,569,405,589,528,542,507,321,546,300,546,Squat
510,487,324,613,584,561,407,591,527,539,507,317,543,298,543,Squat
516,484,308,613,586,565,407,593,520,534,515,308,543,301,538,Squat
520,482,296,612,582,557,407,591,521,531,512,297,541,308,533,Squat
522,484,295,612,582,559,407,588,522,530,507,295,539,317,532,Squat
521,494,305,613,582,564,407,587,519,532,510,294,539,325,530,Squat
519,505,318,613,578,562,405,584,523,532,517,297,538,334,530,Squat
516,515,326,615,577,562,405,581,520,533,518,307,538,341,530,Squat
514,515,332,616,576,562,405,579,520,532,523,314,538,348,528,Squat
514,512,339,617,575,559,401,574,526,532,523,324,535,353,523,Squat
514,509,346,618,575,558,400,574,523,533,518,331,530,356,520,Squat
518,510,354,619,574,557,399,573,525,534,513,340,528,360,524,Squat
517,513,362,621,571,558,399,572,527,533,514,348,528,365,524,Squat
515,511,368,623,569,560,397,571,528,533,513,352,530,368,522,Squat
512,511,370,624,567,560,397,565,534,532,512,357,530,373,519,Squat
509,504,378,624,565,560,395,563,535,529,511,359,529,378,517,Squat
509,508,386,626,560,560,395,563,534,528,511,366,528,384,514,Squat
512,507,388,628,561,559,394,556,538,528,517,372,527,387,514,Squat
516,504,395,628,558,558,392,555,539,528,520,376,526,387,512,Squat
520,499,400,631,555,558,392,555,539,529,517,377,525,390,512,Squat
523,501,402,631,555,558,390,553,539,527,516,377,524,393,513,Squat
527,503,402,634,550,554,389,550,540,527,515,380,522,395,508,Squat
529,505,397,634,546,552,386,544,540,526,512,384,522,400,507,Squat
525,508,396,636,542,550,386,547,539,522,512,384,521,407,501,Squat
519,509,399,636,537,548,386,545,535,521,512,386,518,410,498,Squat
519,512,401,636,534,543,385,530,539,520,511,388,519,413,498,Squat
518,512,401,637,531,541,386,527,537,519,508,391,522,416,497,Squat
518,514,404,638,527,539,385,534,532,519,507,397,522,416,492,Squat
521,514,404,638,520,539,386,524,533,519,510,402,521,414,492,Squat
522,513,406,640,518,539,384,515,539,518,512,401,519,412,493,Squat
522,512,410,642,515,539,385,515,534,516,509,403,518,412,489,Squat
523,514,411,641,511,535,385,514,533,514,506,406,519,408,493,Squat
525,512,412,642,501,540,386,507,532,514,504,403,522,403,492,Squat
529,509,413,644,506,537,382,513,530,512,502,402,521,401,483,Squat
532,507,412,642,501,536,384,505,531,509,503,398,520,400,481,Squat
534,507,412,642,502,533,383,508,528,506,505,395,519,398,484,Squat
534,506,409,643,499,526,382,508,525,505,508,394,519,398,479,Squat
535,507,407,642,496,520,382,507,523,505,507,391,519,397,478,Squat
535,509,403,643,492,520,383,499,524,506,507,387,519,396,480,Squat
535,508,402,644,489,525,387,488,531,508,511,383,522,389,481,Squat
536,506,403,645,491,526,382,497,531,509,513,382,522,386,475,Squat
537,507,401,642,475,531,381,498,528,509,514,380,523,386,475,Squat
537,509,397,639,467,533,383,491,523,506,515,377,527,385,478,Squat
538,509,393,637,463,525,385,486,526,505,516,377,526,390,478,Squat
538,509,392,640,470,524,386,479,528,507,515,375,525,394,477,Squat
538,510,392,641,476,524,388,479,531,509,515,374,523,389,482,Squat
538,512,394,642,487,524,383,494,530,512,515,375,523,388,478,Squat
538,513,396,643,487,520,388,482,524,512,517,375,523,388,481,Squat
538,512,398,642,491,517,384,499,528,512,521,375,524,388,488,Squat
538,511,400,642,504,518,381,499,529,512,520,378,522,392,488,Squat
534,511,400,643,502,520,388,493,526,512,519,380,524,403,484,Squat
532,512,400,643,491,519,384,501,535,511,520,382,523,413,484,Squat
531,512,403,636,490,526,385,504,530,511,517,384,519,424,480,Squat
530,510,408,640,497,533,389,501,527,511,515,390,518,427,485,Squat
527,511,414,636,511,534,384,512,529,512,515,398,522,417,488,Squat
532,510,417,642,519,542,383,518,534,512,517,405,524,421,476,Squat
537,505,416,639,522,540,386,514,534,510,515,404,524,417,486,Squat
537,504,418,635,508,535,383,514,531,510,513,405,522,412,491,Squat
536,502,416,639,510,536,387,520,538,513,510,405,517,413,486,Squat
536,501,412,641,529,546,385,532,528,511,503,405,521,409,484,Squat
538,500,410,637,524,544,387,550,536,506,498,400,519,408,482,Squat
533,500,408,635,549,558,388,541,541,501,495,395,519,397,491,Squat
525,505,403,630,545,557,387,540,539,502,495,395,518,389,492,Squat
525,507,401,636,537,558,387,541,543,507,495,394,517,387,485,Squat
529,509,398,632,553,560,390,549,540,509,495,388,520,382,486,Squat
529,513,391,625,559,562,390,550,537,510,502,378,526,372,495,Squat
526,505,386,631,554,565,389,553,539,515,507,375,530,369,489,Squat
529,495,377,628,559,561,392,558,540,518,512,370,529,373,483,Squat
531,498,370,624,564,561,395,561,540,514,513,360,528,369,496,Squat
521,505,368,621,564,561,394,560,541,515,512,354,524,360,498,Squat
518,504,361,625,565,562,394,564,539,523,511,347,517,350,492,Squat
522,510,350,623,573,557,395,568,538,524,508,339,516,348,493,Squat
525,510,345,620,576,556,396,571,541,522,512,332,520,352,498,Squat
524,504,348,619,579,557,397,573,540,521,517,330,521,353,500,Squat
521,510,347,620,581,556,398,573,534,522,515,334,522,359,501,Squat
519,515,342,617,585,554,399,576,537,527,511,332,522,364,503,Squat
519,511,342,616,586,566,402,574,533,532,510,332,523,365,504,Squat
517,506,340,613,573,560,402,577,538,537,510,335,525,361,511,Squat
512,509,344,615,580,562,402,573,528,540,512,341,531,355,512,Squat
506,513,345,613,583,577,403,576,528,540,515,346,533,346,516,Squat
506,510,340,612,569,555,400,576,535,539,514,347,531,341,516,Squat
508,503,339,611,578,558,403,576,531,535,509,344,530,340,516,Squat
513,499,342,614,585,564,403,578,528,532,502,339,530,340,514,Squat
518,503,340,613,577,557,402,580,524,529,499,331,530,338,516,Squat
520,503,339,611,582,558,403,580,522,526,499,325,534,337,514,Squat
521,499,339,612,583,563,402,582,525,526,507,320,538,330,516,Squat
519,500,342,614,577,560,402,580,526,528,514,317,538,322,516,Squat
518,503,340,613,576,560,401,578,529,530,516,316,533,314,516,Squat
519,499,336,616,578,561,401,578,527,532,514,315,532,310,516,Squat
524,495,336,615,575,557,401,579,522,531,513,310,531,314,514,Squat
531,493,331,617,577,555,401,579,521,529,509,304,535,324,513,Squat
534,498,324,617,579,552,401,578,520,527,504,304,535,333,513,Squat
534,500,322,617,577,556,401,576,522,526,501,309,534,340,513,Squat
530,502,325,618,577,559,401,576,521,526,501,318,534,344,511,Squat
525,507,333,619,577,559,400,572,524,523,504,328,534,347,513,Squat
522,511,345,619,575,558,397,570,527,520,507,336,532,351,515,Squat
522,508,351,621,571,560,397,569,528,520,510,344,531,354,515,Squat
524,507,359,625,572,557,396,569,529,522,511,349,530,358,514,Squat
525,506,369,621,571,557,395,569,529,523,511,354,528,360,514,Squat
527,503,374,624,566,556,395,565,531,524,508,359,528,364,516,Squat
526,505,374,626,565,556,394,564,533,526,503,359,526,367,515,Squat
523,505,380,627,564,554,393,559,535,528,505,361,525,370,514,Squat
523,503,380,628,558,558,391,554,540,525,507,361,525,374,513,Squat
523,501,381,630,555,562,390,553,539,524,503,361,525,379,509,Squat
524,501,384,632,552,560,389,550,539,524,500,366,526,383,509,Squat
526,497,388,633,550,557,389,552,540,524,499,369,523,389,506,Squat
525,498,392,633,544,560,387,549,540,522,502,371,522,392,506,Squat
523,498,396,635,545,553,387,548,536,521,507,376,520,396,501,Squat
524,498,399,635,540,550,384,545,537,521,508,381,519,399,498,Squat
524,501,400,635,530,549,384,539,535,521,508,388,522,406,498,Squat
524,504,404,635,532,547,385,534,537,518,508,391,522,413,498,Squat
524,507,408,636,533,539,385,534,537,517,509,395,519,421,498,Squat
524,513,403,639,525,536,387,519,535,516,507,397,518,426,500,Squat
522,513,401,639,512,536,387,512,534,516,509,397,518,429,500,Squat
521,514,402,640,511,538,384,504,534,516,509,396,519,425,498,Squat
522,516,405,642,503,538,387,494,536,516,509,397,518,420,494,Squat
523,514,408,641,501,539,386,488,539,515,509,398,518,410,496,Squat
527,514,409,644,491,537,385,488,541,513,509,397,519,403,491,Squat
532,513,411,641,490,539,385,491,535,510,509,398,522,393,490,Squat
535,511,413,641,488,532,385,492,528,506,509,395,522,391,489,Squat
537,509,414,640,492,528,387,488,518,503,509,394,522,391,485,Squat
539,509,414,643,495,522,384,500,525,503,509,393,524,395,480,Squat
542,509,412,644,495,514,384,493,522,503,509,388,524,398,480,Squat
543,503,408,643,497,515,385,494,526,502,509,387,520,397,482,Squat
543,505,406,644,490,523,384,487,528,501,509,386,519,393,481,Squat
543,504,404,642,480,531,383,488,533,501,509,384,520,390,476,Squat
543,507,401,643,474,535,383,489,530,501,509,381,525,384,481,Squat
542,507,400,641,472,532,383,489,529,501,509,381,530,379,487,Squat
542,505,400,641,470,527,383,488,530,501,510,379,528,379,489,Squat
542,505,398,643,481,527,385,484,525,501,510,379,527,381,482,Squat
542,506,395,644,485,527,383,496,526,503,510,377,527,381,481,Squat
542,505,391,645,490,527,383,493,525,503,510,376,525,381,483,Squat
542,504,389,642,480,527,383,491,527,504,512,373,525,381,488,Squat
542,503,385,643,486,524,383,488,527,506,511,372,524,381,486,Squat
541,504,385,645,494,521,383,496,530,506,510,370,526,381,484,Squat
540,504,383,644,494,522,383,494,530,506,508,369,526,385,486,Squat
540,504,382,644,493,524,387,486,529,505,508,368,527,392,491,Squat
537,507,385,638,477,522,385,489,532,505,508,371,524,400,488,Squat
537,508,388,640,495,531,384,496,532,510,506,376,518,404,484,Squat
537,508,391,642,494,532,386,493,532,510,506,380,520,409,487,Squat
535,507,398,639,482,524,387,498,531,509,509,384,520,420,481,Squat
530,510,408,638,505,534,385,504,533,509,512,393,522,419,481,Squat
530,512,412,641,522,539,385,512,532,512,509,399,524,416,477,Squat
535,510,413,641,510,535,384,507,529,510,508,402,525,408,481,Squat
540,508,416,640,523,544,383,521,537,503,507,403,524,403,483,Squat
541,505,416,637,515,543,385,515,531,497,508,401,519,411,479,Squat
541,506,417,642,518,545,385,518,531,497,505,399,520,409,486,Squat
537,507,417,636,527,549,383,531,538,497,499,399,523,401,486,Squat
537,509,414,643,521,544,383,524,537,503,500,398,521,406,479,Squat
540,504,411,638,532,549,386,524,530,502,507,393,525,401,490,Squat
535,506,411,632,541,547,387,541,537,500,511,390,527,396,491,Squat
531,504,408,637,539,547,388,541,544,505,508,389,523,398,483,Squat
534,505,399,633,541,549,388,542,543,510,505,385,519,391,484,Squat
538,506,393,635,551,559,391,550,545,510,504,379,522,384,487,Squat
538,503,389,626,560,565,389,549,543,508,505,375,525,373,486,Squat
540,501,381,628,562,561,389,551,543,509,504,373,523,375,483,Squat
543,501,371,625,564,563,393,558,544,508,502,367,525,379,487,Squat
537,501,369,626,566,564,395,562,540,505,494,361,531,375,494,Squat
529,503,369,624,561,565,391,559,540,507,492,360,532,367,492,Squat
529,507,361,626,565,561,392,563,541,512,495,356,526,364,492,Squat
529,503,354,619,572,561,393,564,539,513,500,351,521,359,501,Squat
522,498,353,621,572,562,396,571,540,513,501,349,523,357,505,Squat
523,497,357,621,571,559,397,566,538,514,505,348,525,355,506,Squat
527,506,352,620,575,557,397,568,541,519,507,345,523,355,506,Squat
527,510,351,617,577,558,399,572,537,524,508,340,523,355,512,Squat
524,507,351,614,575,563,401,570,539,527,504,339,527,354,517,Squat
519,506,351,614,575,568,401,570,539,528,505,339,530,349,522,Squat
514,515,351,615,574,570,400,570,536,530,508,342,533,338,524,Squat
514,514,349,613,576,566,400,575,534,528,512,343,535,330,524,Squat
512,508,342,610,577,564,402,577,532,524,510,338,535,328,524,Squat
514,510,334,612,581,563,401,583,531,524,505,334,531,324,522,Squat
520,506,328,612,586,557,403,583,526,527,503,324,530,319,524,Squat
525,499,321,610,585,557,405,585,525,527,508,312,529,318,526,Squat
527,505,313,610,587,559,405,586,525,531,520,302,529,317,524,Squat
528,505,306,610,588,556,405,586,525,535,518,297,532,317,528,Squat
526,508,306,613,588,558,405,585,527,537,516,296,532,322,524,Squat
524,508,311,612,586,562,405,584,527,537,515,298,532,327,523,Squat
522,508,314,613,586,558,405,582,527,537,514,304,532,332,523,Squat
520,503,323,613,584,559,405,582,523,533,517,309,533,338,523,Squat
521,504,332,613,584,559,404,581,526,529,521,313,531,342,521,Squat
521,507,341,613,581,559,404,580,522,528,518,318,531,344,519,Squat
521,508,349,615,579,559,403,579,525,530,517,326,531,345,520,Squat
520,504,356,619,578,558,400,577,527,531,520,333,530,348,521,Squat
522,507,360,619,577,558,398,571,531,532,522,341,530,351,521,Squat
523,507,362,621,571,562,398,568,535,531,524,345,529,355,522,Squat
523,509,366,622,571,560,397,569,532,527,529,350,528,365,517,Squat
523,503,371,622,570,557,397,569,532,523,532,355,528,373,512,Squat
524,501,377,625,569,556,396,564,537,523,524,361,527,380,510,Squat
525,508,382,626,564,558,396,560,541,521,521,366,527,385,510,Squat
525,511,389,626,564,557,394,559,540,520,516,365,525,388,509,Squat
527,506,389,630,557,556,392,557,541,520,506,369,523,388,512,Squat
527,508,392,631,555,555,391,554,541,522,503,374,523,392,507,Squat
525,511,392,632,549,554,390,550,540,522,505,377,521,394,502,Squat
525,513,395,633,546,552,387,545,540,524,505,379,520,399,499,Squat
525,511,400,634,541,550,387,542,539,524,508,386,520,403,498,Squat
526,510,401,637,539,546,386,539,538,521,504,386,520,408,499,Squat
526,508,405,636,538,543,386,534,538,521,494,388,520,414,500,Squat
527,508,403,636,528,541,389,527,538,519,489,390,519,418,498,Squat
527,506,403,637,523,539,387,523,535,519,490,390,519,419,493,Squat
529,502,405,638,515,540,386,522,535,518,489,393,519,415,495,Squat
528,501,407,642,516,538,384,514,535,518,490,398,520,409,497,Squat
528,508,407,642,512,537,384,515,531,516,491,401,521,406,497,Squat
530,510,409,641,504,537,387,508,532,513,495,400,523,403,497,Squat
530,509,411,640,493,541,386,505,538,512,492,399,523,400,495,Squat
530,507,408,644,502,535,384,505,530,511,491,401,522,402,487,Squat
532,504,408,642,498,532,386,503,528,511,493,397,522,397,489,Squat
536,503,411,644,495,524,382,505,525,509,495,393,522,395,486,Squat
538,502,412,643,491,523,386,493,527,506,499,392,523,393,482,Squat
539,509,411,646,494,525,382,505,523,506,502,390,525,388,479,Squat
542,507,407,646,493,530,381,496,525,506,507,387,527,386,477,Squat
545,506,404,641,483,532,382,499,523,506,508,382,527,386,477,Squat
545,510,399,641,479,527,384,490,526,506,515,377,526,387,477,Squat
544,510,395,640,468,523,383,488,526,506,522,375,525,388,477,Squat
541,512,391,637,458,524,383,488,527,503,525,375,525,385,476,Squat
540,511,389,639,463,532,383,494,526,500,525,374,524,380,476,Squat
541,517,384,640,469,533,383,487,526,499,522,372,523,379,472,Squat
541,513,383,643,479,528,385,486,527,499,521,370,523,380,468,Squat
541,509,383,644,482,524,384,487,525,501,520,369,524,382,471,Squat
544,509,381,644,482,525,384,486,524,502,517,369,525,383,471,Squat
544,507,381,644,482,528,384,484,525,502,517,369,525,386,470,Squat
543,506,381,644,484,530,383,487,526,503,519,369,525,387,465,Squat
542,502,381,644,484,529,383,486,526,503,519,369,525,383,465,Squat
542,500,382,644,485,528,383,488,526,506,517,369,526,383,466,Squat
541,503,382,644,485,526,383,490,527,506,515,369,526,383,467,Squat
541,500,381,644,483,526,384,488,526,505,514,368,526,383,469,Squat
541,501,381,643,482,527,383,490,526,505,513,368,524,385,467,Squat
539,496,383,643,481,527,383,487,527,506,509,365,524,384,467,Squat
539,496,383,643,482,528,383,490,527,506,513,365,524,383,467,Squat
539,502,384,643,484,527,383,492,527,507,512,365,524,382,468,Squat
539,505,383,643,482,527,383,489,527,508,516,367,524,383,468,Squat
539,503,383,643,480,529,383,490,526,508,520,368,523,385,469,Squat
539,503,382,643,484,529,383,490,527,508,516,371,523,387,469,Squat
538,509,383,643,486,529,383,492,527,508,516,371,523,384,470,Squat
538,510,383,643,487,526,383,493,527,508,516,371,524,384,469,Squat
538,510,382,644,489,526,383,494,526,506,516,371,524,387,470,Squat
539,508,382,644,488,526,385,494,527,505,515,371,524,392,473,Squat
539,504,385,644,487,528,384,495,526,506,514,371,523,396,475,Squat
538,502,389,643,489,529,386,492,529,507,513,373,521,397,478,Squat
535,502,390,641,491,532,384,498,528,509,512,376,520,399,478,Squat
534,502,394,645,497,529,382,502,526,509,514,379,523,398,480,Squat
530,503,396,640,497,532,385,505,528,510,515,379,525,395,482,Squat
530,503,400,642,503,532,383,510,528,510,515,382,524,397,482,Squat
531,503,402,643,509,533,385,507,528,510,516,382,523,402,481,Squat
534,500,402,642,506,532,384,519,530,510,515,382,523,406,483,Squat
536,500,400,639,514,536,383,522,530,513,512,385,519,409,483,Squat
536,500,397,640,517,538,384,517,534,514,511,387,518,415,483,Squat
535,500,400,640,522,541,387,517,539,513,511,387,522,415,488,Squat
533,502,405,636,524,542,384,525,537,511,511,390,520,411,490,Squat
530,505,408,638,534,544,385,531,535,511,511,395,518,405,490,Squat
527,508,410,638,529,544,386,530,535,510,511,396,520,400,490,Squat
527,508,413,638,534,546,386,535,539,509,511,395,523,396,495,Squat
531,509,414,635,542,548,385,536,540,510,511,394,521,393,491,Squat
535,508,412,633,545,551,387,542,540,513,506,394,521,391,490,Squat
542,508,405,634,548,552,390,545,540,511,508,390,521,393,490,Squat
544,505,400,628,557,552,392,553,539,506,508,385,521,391,496,Squat
537,502,401,630,557,554,391,551,538,505,507,382,525,383,499,Squat
533,503,393,630,554,561,391,552,542,509,505,381,525,380,493,Squat
537,506,379,629,560,557,394,556,544,511,504,375,524,370,497,Squat
540,506,374,626,566,557,392,557,544,511,502,369,519,369,500,Squat
541,502,373,625,570,559,394,565,542,511,500,363,518,368,503,Squat
538,497,374,622,564,566,394,567,541,511,502,362,521,368,503,Squat
535,499,371,620,571,563,395,569,541,512,502,358,527,370,505,Squat
533,504,370,621,576,560,398,571,543,512,504,353,535,361,514,Squat
532,504,367,618,576,560,397,571,541,515,504,348,530,361,512,Squat
531,502,362,617,580,558,399,571,544,519,507,345,525,359,517,Squat
528,503,358,617,580,561,401,575,546,523,506,340,525,362,521,Squat
528,503,354,617,580,560,402,575,543,524,507,338,529,362,523,Squat
528,498,352,614,582,561,403,574,541,526,509,338,532,364,524,Squat
528,498,352,612,584,559,404,576,542,527,508,338,531,362,525,Squat
524,497,352,604,586,562,407,577,544,527,508,341,531,361,529,Squat
524,494,351,611,586,552,406,581,536,524,506,341,532,359,533,Squat
522,499,348,608,589,549,408,583,534,523,507,341,532,354,536,Squat
521,496,349,608,587,549,407,583,535,524,502,341,536,348,539,Squat
521,493,352,608,585,548,406,583,538,524,502,341,536,342,542,Squat
520,495,352,612,584,558,407,582,539,524,508,340,534,337,544,Squat
520,494,352,613,585,562,406,582,541,526,519,337,537,330,545,Squat
520,495,347,612,581,559,405,585,535,526,512,332,540,323,545,Squat
525,497,337,613,580,560,404,584,538,528,505,326,540,319,544,Squat
529,498,325,612,583,555,404,584,534,531,507,320,540,320,540,Squat
532,504,314,612,584,553,406,584,532,527,514,311,538,324,539,Squat
535,498,305,614,582,554,406,582,534,523,509,301,533,329,539,Squat
535,495,304,615,583,555,404,583,532,521,501,299,532,331,538,Squat
536,493,309,615,583,555,405,581,529,522,496,301,532,334,539,Squat
535,500,318,616,582,555,402,578,534,523,498,305,535,339,537,Squat
531,506,326,617,583,552,402,578,530,522,500,310,538,342,536,Squat
528,504,336,617,576,553,401,575,533,521,502,318,539,347,533,Squat
531,499,347,620,574,557,400,572,534,521,499,328,538,348,533,Squat
532,504,352,622,574,555,398,571,533,519,501,335,534,351,531,Squat
532,502,356,622,571,557,396,569,533,519,505,340,529,357,530,Squat
528,499,360,623,572,554,395,567,534,519,508,347,527,360,528,Squat
524,498,365,625,564,559,395,557,540,519,508,352,528,366,518,Squat
528,503,370,626,558,562,393,558,540,517,512,356,528,373,514,Squat
533,503,375,629,564,554,391,559,537,512,517,357,527,379,515,Squat
536,503,385,627,560,553,393,558,537,512,516,360,524,388,512,Squat
535,504,394,631,558,552,391,551,540,512,515,365,519,395,506,Squat
538,503,396,631,552,554,390,547,542,516,512,372,520,394,506,Squat
535,502,401,634,551,550,388,546,542,516,511,378,523,394,505,Squat
534,500,406,634,547,550,388,546,542,516,512,379,522,394,498,Squat
530,503,410,637,541,551,387,536,544,516,513,384,521,397,493,Squat
527,504,410,636,538,550,384,531,545,516,506,389,520,402,494,Squat
529,501,408,638,538,545,385,534,539,515,506,392,520,409,494,Squat
531,502,407,638,533,539,387,528,538,512,503,390,521,412,496,Squat
530,505,408,638,523,538,387,526,536,512,500,389,521,414,493,Squat
530,509,411,639,521,538,386,520,537,512,498,391,521,414,491,Squat
533,506,411,642,525,537,384,521,534,512,498,394,523,412,491,Squat
533,509,410,642,523,535,385,517,534,508,503,394,523,414,489,Squat
534,509,410,640,507,536,386,507,533,508,505,394,523,415,491,Squat
535,509,412,639,499,541,383,507,533,508,504,397,522,417,489,Squat
535,508,412,639,491,541,386,502,530,508,503,397,522,416,487,Squat
536,510,413,640,491,535,386,502,526,508,499,398,521,410,482,Squat
538,509,411,644,495,524,384,506,517,505,499,399,521,401,481,Squat
540,507,411,641,487,518,384,503,518,504,502,399,524,392,481,Squat
542,507,410,642,485,520,385,490,523,500,502,398,523,386,480,Squat
545,510,406,642,485,528,385,487,528,498,502,397,522,385,476,Squat
546,503,400,642,484,533,386,484,527,498,499,393,522,385,472,Squat
546,499,396,641,476,532,384,482,528,498,496,389,524,385,472,Squat
546,506,393,640,462,526,382,488,523,497,496,385,526,384,473,Squat
545,508,388,638,459,526,384,485,522,495,496,381,523,384,475,Squat
546,506,389,640,469,530,385,483,523,494,496,380,521,384,474,Squat
547,507,389,641,475,534,385,482,526,495,496,377,516,384,471,Squat
548,507,389,643,481,534,385,480,526,498,497,377,516,382,470,Squat
547,506,390,643,483,530,384,484,523,502,498,374,520,382,470,Squat
547,506,388,644,485,527,384,484,522,505,500,371,521,382,470,Squat
547,507,387,644,483,529,384,484,523,505,501,368,521,382,470,Squat
546,507,384,643,480,532,384,487,524,504,501,367,521,382,472,Squat
546,507,384,643,480,532,383,490,525,503,498,365,521,382,471,Squat
544,509,382,643,481,531,383,492,525,501,497,364,522,383,471,Squat
544,510,382,643,479,528,383,491,525,501,496,364,522,383,473,Squat
544,510,382,643,480,527,383,491,523,502,495,364,521,383,474,Squat
544,509,382,643,483,529,385,488,523,506,497,366,520,384,474,Squat
544,509,383,643,484,533,384,491,523,508,498,370,520,384,472,Squat
544,509,384,643,486,533,384,492,523,509,500,373,520,384,471,Squat
544,507,385,644,491,533,384,496,523,509,501,374,520,386,473,Squat
545,506,386,644,487,531,384,489,525,507,500,374,520,393,477,Squat
543,506,389,642,487,531,387,487,528,505,499,376,520,401,481,Squat
540,506,397,642,488,528,384,500,522,505,496,381,520,411,483,Squat
536,508,404,642,491,529,386,497,523,505,496,384,521,417,488,Squat
532,509,409,638,492,529,387,501,526,506,500,389,521,421,490,Squat
531,509,413,641,501,530,387,509,527,508,502,395,519,420,492,Squat
529,507,417,636,507,538,383,518,526,510,507,402,518,417,493,Squat
529,508,419,644,520,534,384,516,532,510,510,405,518,420,490,Squat
533,508,421,633,511,544,385,516,536,510,512,404,518,417,490,Squat
537,506,424,641,534,543,385,526,533,508,511,405,522,414,496,Squat
537,506,424,635,521,547,386,528,535,506,509,404,525,413,496,Squat
538,506,423,634,525,550,386,531,535,506,505,403,522,411,492,Squat
539,504,419,631,542,551,388,536,537,505,503,401,524,395,499,Squat
539,501,415,639,549,546,386,539,540,500,503,396,525,385,504,Squat
540,504,408,634,545,552,386,543,540,500,498,393,521,378,503,Squat
542,504,397,635,550,552,386,548,540,501,498,387,522,376,500,Squat
544,506,387,630,556,555,390,557,535,502,501,380,527,379,504,Squat
543,501,382,628,561,555,391,552,542,502,500,376,529,381,508,Squat
541,497,380,627,559,556,390,551,543,505,498,374,525,378,508,Squat
542,501,370,628,563,561,392,555,545,508,499,367,522,374,507,Squat
546,501,368,626,567,561,393,560,545,507,499,360,521,371,514,Squat
545,503,368,624,565,561,394,560,545,508,498,355,520,370,522,Squat
541,501,369,620,562,566,394,561,546,512,497,354,524,363,529,Squat
536,504,368,623,567,567,394,562,541,517,495,353,529,358,526,Squat
535,509,365,621,572,567,396,568,541,520,497,352,534,358,526,Squat
531,509,364,618,575,564,400,569,544,521,498,349,536,354,531,Squat
529,506,361,615,577,568,398,571,538,522,495,348,534,354,530,Squat
529,505,353,614,577,567,400,575,535,520,493,346,531,353,530,Squat
530,503,350,613,581,561,401,577,535,516,493,341,529,353,529,Squat
531,497,349,612,585,557,403,579,533,516,495,338,529,350,531,Squat
531,500,348,611,587,557,405,581,534,519,494,337,528,346,535,Squat
530,496,345,611,584,554,404,581,533,524,493,337,528,334,539,Squat
528,497,344,609,587,553,403,582,528,526,495,335,533,325,538,Squat
526,503,337,611,586,557,405,582,531,528,505,328,536,322,536,Squat
524,506,330,610,586,554,405,582,530,531,506,321,536,319,536,Squat
523,501,324,610,585,557,404,583,529,534,499,316,536,317,536,Squat
526,500,319,612,586,557,404,583,529,534,493,311,534,320,535,Squat
528,496,315,611,585,560,404,582,532,532,494,303,535,325,532,Squat
528,504,312,614,582,562,403,583,526,532,490,297,535,325,530,Squat
527,507,311,613,584,561,403,582,529,532,491,298,534,329,528,Squat
524,509,312,613,584,558,403,582,525,534,498,298,532,330,530,Squat
522,509,317,613,581,558,403,580,526,536,501,304,532,333,530,Squat
522,511,321,614,581,558,403,580,523,539,501,313,532,338,530,Squat
525,510,326,614,581,558,403,577,528,536,505,321,531,342,530,Squat
525,507,331,616,581,557,401,575,528,534,511,326,531,347,526,Squat
529,506,339,618,579,558,400,574,528,534,510,330,530,351,522,Squat
530,503,348,618,575,561,398,573,530,533,503,335,528,355,522,Squat
526,501,357,622,572,560,397,570,533,531,500,340,527,360,518,Squat
523,504,368,622,572,559,395,568,533,535,498,345,527,363,515,Squat
522,511,376,623,568,561,395,564,534,535,501,351,527,366,516,Squat
522,514,379,625,563,561,395,562,536,534,508,356,525,374,515,Squat
522,516,382,626,560,561,394,560,538,532,509,361,524,382,514,Squat
522,516,389,626,559,561,393,556,539,528,511,362,522,389,510,Squat
523,516,395,629,559,557,391,553,539,527,507,367,521,392,507,Squat
526,511,395,631,555,556,391,549,538,526,502,372,521,395,508,Squat
527,509,399,631,549,554,387,547,538,523,504,375,521,400,507,Squat
526,510,404,632,549,550,387,543,540,521,508,379,519,403,505,Squat
526,510,407,635,543,547,384,542,537,521,510,385,515,404,502,Squat
526,509,409,636,538,544,386,536,536,521,508,390,514,406,501,Squat
526,510,411,637,535,544,386,531,535,521,508,395,516,409,501,Squat
526,508,413,637,533,542,386,527,535,517,511,399,516,413,499,Squat
528,508,411,640,526,541,386,520,537,517,509,401,516,418,496,Squat
528,508,411,640,519,541,384,517,533,515,506,403,516,420,492,Squat
530,512,410,639,510,543,384,514,530,512,504,405,517,421,494,Squat
530,511,410,638,506,543,387,501,536,511,503,405,519,419,494,Squat
529,512,412,642,499,543,383,500,536,511,501,405,519,414,491,Squat
533,515,409,641,498,541,383,506,528,511,499,405,519,410,488,Squat
534,515,408,641,491,536,387,498,524,509,496,401,519,403,490,Squat
534,512,408,639,492,528,385,497,519,508,499,397,519,396,485,Squat
534,512,408,643,494,525,385,496,519,508,499,394,520,388,482,Squat
537,515,405,643,488,530,383,500,519,506,503,390,520,381,483,Squat
539,513,405,645,492,535,384,495,523,505,503,387,521,380,479,Squat
540,511,401,644,492,534,384,489,526,504,501,384,521,382,479,Squat
541,511,396,643,490,531,383,489,524,503,502,381,519,384,479,Squat
541,510,392,643,489,526,383,492,518,502,502,378,518,385,478,Squat
541,507,391,644,489,528,384,490,517,502,502,378,518,387,474,Squat
541,507,388,645,483,528,383,486,517,503,502,375,521,386,475,Squat
541,509,386,639,465,531,384,480,523,505,504,372,524,384,479,Squat
540,510,384,636,456,537,385,477,526,505,504,370,524,383,480,Squat
539,511,384,638,463,538,385,476,525,506,503,369,524,381,480,Squat
536,511,383,642,473,534,385,479,522,508,503,369,523,379,476,Squat
536,510,381,643,479,529,385,480,522,510,503,368,522,377,474,Squat
536,509,378,646,485,528,384,484,522,510,504,365,522,379,474,Squat
539,506,378,645,484,530,384,483,524,510,505,364,522,381,476,Squat
539,505,379,644,482,531,384,480,525,510,502,364,521,385,474,Squat
539,507,379,644,480,531,384,483,523,509,502,363,523,385,478,Squat
539,508,379,642,478,529,384,485,523,509,503,363,525,383,480,Squat
534,508,382,642,479,528,384,487,523,509,504,364,525,381,480,Squat
534,509,382,642,481,529,384,484,523,510,504,368,522,384,480,Squat
536,509,383,642,481,530,384,484,525,510,505,371,521,389,483,Squat
536,507,388,642,484,530,385,491,525,510,507,373,524,391,486,Squat
536,507,391,641,483,530,381,500,521,510,507,377,525,397,493,Squat
536,510,393,640,484,529,384,485,522,508,507,380,523,405,494,Squat
532,508,398,639,494,528,388,493,526,508,508,384,520,410,493,Squat
531,508,403,641,502,524,382,502,525,509,508,389,519,423,485,Squat
528,508,409,636,497,528,394,487,531,509,509,393,522,424,489,Squat
530,510,413,643,519,531,384,516,531,510,509,398,519,422,488,Squat
534,508,414,639,515,536,382,521,530,510,511,401,515,423,487,Squat
534,507,415,638,517,540,386,513,537,508,511,403,515,428,489,Squat
534,503,418,635,519,546,386,521,537,507,509,401,515,422,493,Squat
534,505,418,637,517,550,387,528,532,505,504,399,519,421,484,Squat
537,508,418,638,542,546,387,523,532,503,498,396,524,409,485,Squat
539,508,417,634,548,546,386,544,530,499,498,394,527,392,494,Squat
535,502,417,634,534,551,387,535,534,502,499,391,527,387,491,Squat
537,501,418,632,554,548,385,536,540,504,501,391,525,382,493,Squat
543,501,414,633,556,554,388,550,538,507,503,391,524,385,491,Squat
543,504,407,627,557,555,390,549,539,507,507,388,524,384,497,Squat
540,499,397,627,556,563,390,554,545,507,504,385,527,376,499,Squat
536,502,389,627,564,563,389,555,547,507,496,384,526,366,491,Squat
540,510,380,627,566,562,393,558,547,504,495,377,525,365,494,Squat
544,507,377,623,569,565,393,563,546,501,497,369,522,369,496,Squat
543,507,370,619,571,568,396,567,546,499,500,361,525,367,500,Squat
538,511,363,621,576,563,397,571,540,498,497,359,530,364,504,Squat
536,509,360,621,576,565,400,572,537,500,494,357,536,361,505,Squat
535,507,360,616,581,568,398,573,536,508,495,352,537,355,505,Squat
530,507,354,617,585,567,400,574,534,517,503,348,536,352,510,Squat
526,504,349,614,578,556,400,578,534,522,509,343,536,352,511,Squat
524,506,343,613,578,557,403,571,534,526,510,341,536,350,512,Squat
524,506,342,612,585,557,402,575,533,527,509,341,533,348,515,Squat
527,505,342,612,581,551,402,578,539,526,508,339,532,349,513,Squat
529,498,344,610,586,551,402,580,535,520,507,334,529,350,513,Squat
532,498,343,608,586,546,405,579,534,517,503,331,532,345,517,Squat
534,501,343,609,587,549,407,582,528,517,499,326,537,335,520,Squat
532,502,346,608,588,555,405,584,528,519,498,323,539,323,522,Squat
528,512,341,610,589,555,404,585,524,520,502,318,539,313,522,Squat
528,506,335,609,589,559,404,584,522,521,501,316,538,308,520,Squat
530,498,330,612,589,558,404,584,527,521,505,314,540,310,518,Squat
534,499,322,612,587,561,404,584,521,520,507,304,538,315,513,Squat
538,495,314,611,589,554,403,583,523,520,505,297,536,320,513,Squat
540,490,310,612,589,552,405,583,519,518,500,299,536,329,513,Squat
539,488,312,611,587,552,403,580,522,518,493,300,534,336,513,Squat
535,494,321,613,586,553,403,579,523,519,490,304,534,340,513,Squat
530,502,329,613,586,551,400,577,526,522,496,311,534,340,517,Squat
526,501,339,614,578,560,399,574,528,524,505,319,534,345,517,Squat
526,500,345,619,577,564,398,572,530,525,509,329,531,349,516,Squat
528,503,352,618,577,559,398,572,527,523,508,336,531,353,521,Squat
531,509,358,619,574,559,398,570,527,521,507,342,528,362,518,Squat
531,505,362,619,574,557,397,569,529,521,507,348,528,367,516,Squat
530,508,367,621,571,558,396,567,530,520,511,353,528,371,517,Squat
532,510,371,622,570,556,395,561,535,519,511,352,526,374,518,Squat
530,510,377,624,568,555,394,562,536,519,510,356,526,379,515,Squat
530,506,382,625,563,556,394,562,531,521,507,362,527,380,519,Squat
532,509,385,627,560,557,391,553,535,521,510,367,527,384,515,Squat
532,507,390,628,559,558,391,554,538,521,510,370,525,388,509,Squat
532,501,395,631,559,558,391,552,538,521,512,377,524,387,509,Squat
531,505,395,632,555,557,387,547,541,520,507,378,525,388,510,Squat
529,510,396,633,549,557,389,550,540,519,498,378,523,388,508,Squat
529,510,398,635,547,552,387,542,541,519,496,381,524,390,505,Squat
529,511,399,635,542,551,386,539,541,514,502,380,525,394,509,Squat
530,507,400,637,541,548,386,540,539,513,503,378,524,402,510,Squat
529,506,402,637,535,544,387,535,538,513,500,381,523,404,506,Squat
529,509,403,638,530,541,381,522,542,514,494,385,521,406,501,Squat
533,504,404,638,522,543,386,525,536,515,497,386,521,408,503,Squat
532,501,406,641,526,538,387,514,536,513,499,386,522,405,508,Squat
533,502,407,640,518,539,383,523,534,513,504,390,522,405,505,Squat
534,506,406,640,517,538,384,523,531,513,507,393,521,410,495,Squat
534,505,406,641,510,537,386,502,532,512,502,394,521,413,489,Squat
534,504,404,641,502,538,385,502,535,512,500,396,521,413,490,Squat
534,504,401,643,502,537,381,508,535,509,500,396,521,411,490,Squat
534,505,402,641,494,535,385,500,528,506,500,397,523,405,490,Squat
534,505,403,641,491,531,386,495,526,504,499,396,526,397,490,Squat
534,503,403,643,492,524,387,491,526,504,500,396,526,391,485,Squat
537,503,400,642,493,520,389,480,529,506,501,392,526,388,480,Squat
539,502,399,643,491,522,386,484,531,507,500,387,526,387,480,Squat
539,498,397,643,488,527,383,494,532,507,495,382,526,384,481,Squat
540,497,396,646,486,529,379,498,520,506,494,379,526,385,478,Squat
540,500,393,643,481,528,383,494,519,505,497,375,528,383,480,Squat
540,499,392,640,469,528,383,485,524,504,497,371,527,383,481,Squat
538,496,392,638,459,530,384,484,530,504,498,370,524,384,478,Squat
537,499,393,640,463,533,384,481,528,504,498,370,520,382,474,Squat
538,502,393,642,476,530,384,480,525,505,501,372,519,377,475,Squat
539,503,391,643,479,529,386,478,525,507,505,372,520,375,475,Squat
539,500,387,643,481,528,384,482,525,508,508,370,521,379,470,Squat
541,499,383,643,485,525,384,482,526,510,506,370,526,383,469,Squat
541,503,378,643,482,527,384,485,527,510,504,367,527,384,469,Squat
539,508,375,643,477,532,384,489,526,507,501,367,527,385,469,Squat
539,510,374,642,478,532,384,490,526,505,500,366,527,384,471,Squat
539,511,375,642,479,531,384,490,526,504,499,365,526,386,470,Squat
539,510,377,641,478,531,384,489,526,504,499,366,524,386,470,Squat
539,510,382,644,485,531,384,492,525,505,499,368,523,386,470,Squat
540,507,384,644,490,531,383,491,525,507,502,372,523,386,470,Squat
541,504,385,644,492,529,383,490,527,507,504,375,520,388,469,Squat
542,503,389,644,497,529,383,496,526,507,503,376,519,393,470,Squat
542,502,392,644,493,528,383,496,526,506,503,378,519,398,475,Squat
541,504,395,643,493,527,383,502,524,504,503,380,519,400,480,Squat
536,505,399,641,494,529,387,499,526,503,503,383,521,400,478,Squat
534,505,404,644,502,529,384,506,527,503,501,388,524,398,477,Squat
534,508,405,641,497,533,384,508,527,506,501,389,524,396,483,Squat
534,505,406,641,505,535,384,513,527,508,501,389,524,400,479,Squat
534,503,404,643,510,536,380,519,523,510,502,390,523,412,479,Squat
533,502,403,642,503,533,389,497,534,510,503,389,524,418,485,Squat
529,502,407,639,514,542,385,517,532,510,504,389,519,419,484,Squat
528,505,408,640,523,540,383,527,531,512,504,394,516,417,481,Squat
529,505,411,638,524,543,383,514,543,511,506,395,519,417,483,Squat
532,503,414,638,523,538,389,527,536,506,510,394,517,415,493,Squat
532,502,420,630,529,547,389,526,536,509,511,395,516,408,488,Squat
531,507,421,639,546,542,385,530,538,512,505,401,517,400,481,Squat
534,505,417,638,540,546,388,538,534,512,504,401,522,399,486,Squat
537,505,411,633,544,547,392,546,534,507,506,394,524,401,491,Squat
536,501,406,631,551,547,388,551,529,507,503,388,524,401,487,Squat
533,502,400,626,552,551,390,550,534,509,497,388,525,391,485,Squat
533,509,390,631,558,553,390,545,538,512,496,385,525,386,484,Squat
536,508,385,626,567,554,392,554,541,511,492,377,525,380,488,Squat
538,502,382,629,569,556,392,557,543,511,495,371,521,375,485,Squat
543,500,379,623,567,562,392,560,540,513,497,367,521,374,491,Squat
545,505,374,624,572,561,394,562,541,512,495,367,528,371,501,Squat
540,505,373,620,571,567,395,565,542,510,494,363,531,366,504,Squat
535,501,373,620,572,568,395,567,542,512,495,361,529,361,502,Squat
533,502,368,619,580,563,398,567,544,514,496,359,529,354,510,Squat
526,504,363,617,583,565,395,574,545,516,498,356,531,352,513,Squat
523,502,359,616,579,565,399,570,539,518,498,353,526,354,512,Squat
524,506,352,615,576,556,399,574,537,522,499,348,523,358,512,Squat
528,504,349,612,583,551,402,575,538,523,501,341,524,361,514,Squat
530,502,346,612,591,555,402,576,535,525,502,336,530,362,514,Squat
530,500,341,612,581,553,402,579,537,526,502,331,533,363,516,Squat
531,503,341,608,587,555,401,578,537,525,501,326,530,361,519,Squat
532,503,343,609,586,563,404,577,528,525,499,325,529,352,526,Squat
529,498,350,609,582,563,404,576,532,526,498,330,534,338,531,Squat
524,498,351,610,580,563,402,576,536,528,498,333,536,320,535,Squat
524,502,344,612,582,564,402,578,536,530,502,333,537,307,532,Squat
526,497,334,610,585,554,402,579,532,530,506,328,537,296,530,Squat
529,492,328,610,588,546,401,582,524,529,508,319,537,299,525,Squat
536,482,317,612,590,545,401,581,527,525,502,308,538,309,525,Squat
542,481,309,612,591,547,401,580,526,520,494,298,538,320,525,Squat
543,483,308,612,590,550,401,579,528,518,486,293,538,329,523,Squat
540,486,316,614,587,555,401,579,529,519,488,294,538,331,524,Squat
536,498,324,613,586,555,401,577,529,517,499,302,538,335,527,Squat
532,498,332,615,583,556,401,574,528,517,504,312,536,341,522,Squat
529,500,340,615,582,556,401,576,525,520,504,319,532,348,521,Squat
530,505,343,615,580,552,399,571,531,521,508,327,529,351,524,Squat
531,499,347,617,578,553,399,571,526,519,515,333,528,359,517,Squat
535,494,354,617,578,550,397,569,529,517,518,339,527,362,516,Squat
539,502,361,619,575,552,396,567,534,517,511,345,527,367,516,Squat
540,503,366,623,570,557,395,564,536,518,506,346,527,373,517,Squat
538,498,372,623,568,560,392,558,539,518,501,352,528,377,515,Squat
534,493,379,622,568,557,395,564,535,518,501,359,528,380,514,Squat
534,493,384,625,565,556,393,558,535,516,504,364,528,381,513,Squat
534,494,388,627,561,557,393,559,538,515,503,367,528,384,510,Squat
534,495,392,625,559,556,393,559,536,515,502,370,528,385,509,Squat
536,493,393,625,558,556,390,552,536,515,500,372,528,383,511,Squat
537,499,393,630,557,554,392,555,536,515,496,376,527,383,511,Squat
537,502,397,634,552,551,387,543,540,513,498,379,523,383,512,Squat
537,501,402,633,546,555,388,550,540,512,501,383,523,386,508,Squat
536,504,402,633,547,556,387,542,540,509,499,383,523,389,502,Squat
540,504,402,634,543,554,387,542,540,506,501,385,525,388,504,Squat
542,499,400,637,543,549,387,539,535,505,502,386,527,390,507,Squat
542,502,395,637,540,545,387,526,538,507,499,382,524,395,505,Squat
542,505,393,638,537,544,382,535,545,510,495,381,520,398,500,Squat
540,505,392,637,535,544,385,549,536,511,496,381,520,398,500,Squat
536,509,395,637,533,539,387,530,537,511,497,381,522,398,498,Squat
535,510,399,640,532,537,385,524,532,511,500,386,522,398,493,Squat
536,508,401,640,527,536,382,520,534,511,501,388,522,399,495,Squat
536,503,404,639,522,535,385,519,536,510,502,388,522,405,496,Squat
540,504,406,640,521,536,384,519,534,510,500,390,522,409,494,Squat
541,506,401,642,518,536,383,518,532,510,497,390,522,413,490,Squat
541,506,399,640,507,538,384,509,532,510,498,386,522,411,492,Squat
538,507,399,640,500,542,387,501,535,510,498,385,524,406,495,Squat
536,508,402,640,497,538,384,501,533,510,496,385,524,401,491,Squat
536,509,405,641,496,531,384,504,529,510,496,387,522,396,486,Squat
538,508,405,641,492,529,382,506,523,510,500,388,522,391,484,Squat
540,506,405,642,490,528,382,505,522,510,505,387,522,386,485,Squat
542,502,404,643,492,531,384,497,524,510,503,386,523,386,483,Squat
543,501,404,643,486,531,383,497,526,508,498,384,523,388,481,Squat
543,501,402,642,484,531,383,495,526,507,496,382,525,385,480,Squat
543,502,400,642,483,531,383,493,525,505,497,380,525,382,479,Squat
543,504,396,642,483,532,383,494,524,504,498,377,525,380,476,Squat
543,505,392,644,488,533,383,497,522,505,497,377,523,379,475,Squat
543,503,388,644,493,532,383,495,521,505,499,375,520,379,475,Squat
544,500,384,644,493,530,383,491,521,505,498,372,519,381,476,Squat
544,500,383,645,495,531,383,488,522,505,498,370,518,383,475,Squat
544,503,383,645,494,533,384,482,524,507,500,367,519,386,473,Squat
545,505,383,645,494,533,385,481,525,509,502,367,523,381,477,Squat
545,508,383,644,489,533,385,485,523,509,503,367,526,381,475,Squat
544,508,383,643,484,533,383,488,521,510,502,367,524,382,472,Squat
540,508,379,643,479,534,383,489,521,510,502,366,524,382,471,Squat
538,507,378,643,479,534,383,493,520,509,502,366,524,381,473,Squat
537,506,378,643,482,533,383,493,521,507,501,365,522,381,474,Squat
537,504,378,643,484,533,383,492,522,507,501,365,520,381,474,Squat
539,502,379,643,486,533,383,490,522,507,504,365,520,381,473,Squat
540,502,380,643,489,531,383,490,522,509,507,367,521,381,474,Squat
540,502,381,643,492,531,384,489,523,510,508,367,522,381,474,Squat
538,503,381,643,492,531,383,493,522,511,508,368,524,381,475,Squat
538,506,381,643,492,531,383,495,522,511,508,368,524,381,475,Squat
536,506,381,643,493,531,383,496,522,512,504,368,524,381,475,Squat
535,507,382,644,496,531,383,497,522,512,503,367,522,381,475,Squat
536,507,381,644,498,531,383,501,522,512,502,367,522,382,474,Squat
539,506,381,644,496,532,383,499,522,511,502,367,521,385,475,Squat
539,504,381,644,493,531,383,506,520,511,501,367,523,389,478,Squat
537,504,383,644,496,532,382,507,519,511,500,367,524,391,478,Squat
536,505,386,643,501,532,384,499,524,511,501,368,523,389,479,Squat
535,506,390,643,503,531,382,506,526,513,503,372,520,387,479,Squat
535,506,392,643,503,533,382,506,525,515,505,374,519,389,480,Squat
533,506,392,643,507,533,386,505,524,515,508,376,522,387,484,Squat
532,505,394,642,513,533,383,510,525,514,510,377,523,389,480,Squat
534,505,394,643,516,533,382,513,529,514,506,377,523,392,481,Squat
537,507,392,643,511,533,384,513,531,511,506,376,521,398,482,Squat
537,503,393,640,517,538,385,520,531,510,506,375,520,402,485,Squat
535,502,396,642,523,541,382,521,528,510,503,378,521,406,483,Squat
535,507,397,638,521,543,383,526,528,510,503,380,525,406,483,Squat
536,508,400,642,520,544,387,526,531,509,505,380,526,406,487,Squat
537,506,402,633,530,545,385,530,530,509,505,382,526,404,488,Squat
537,505,404,640,533,542,387,530,533,510,504,386,527,399,487,Squat
537,506,404,640,538,546,385,535,531,511,504,390,525,397,484,Squat
541,509,403,633,539,547,385,535,534,507,504,389,523,401,487,Squat
542,506,406,635,544,547,390,539,535,502,504,388,523,396,494,Squat
542,502,409,635,549,543,388,531,539,501,501,390,521,398,489,Squat
542,503,407,633,542,548,385,549,532,501,500,391,523,396,491,Squat
543,505,407,632,553,548,387,547,535,500,502,389,523,389,497,Squat
543,503,406,631,557,549,389,550,538,500,501,387,523,383,501,Squat
543,502,404,630,557,552,391,551,539,500,499,385,522,382,501,Squat
541,501,399,628,559,552,391,552,539,504,499,381,522,382,500,Squat
542,505,391,629,564,552,392,550,542,508,501,378,523,384,500,Squat
542,502,387,625,562,554,393,555,541,508,501,373,526,382,507,Squat
541,500,383,627,560,559,395,556,540,508,500,368,529,384,505,Squat
541,508,375,623,567,560,394,558,543,508,497,365,529,383,506,Squat
541,506,366,624,564,561,392,564,541,508,496,363,529,382,512,Squat
538,501,367,621,570,564,396,568,541,507,494,361,529,377,525,Squat
532,504,372,616,569,564,398,567,543,508,495,362,531,366,529,Squat
530,505,372,623,570,567,397,570,544,510,496,364,529,360,523,Squat
531,501,368,618,572,565,396,573,538,513,499,363,526,358,525,Squat
534,497,366,615,576,562,396,574,541,514,506,358,527,365,530,Squat
535,495,366,615,577,559,405,575,542,513,505,353,531,373,534,Squat
535,492,368,613,584,562,409,573,545,512,497,352,530,370,536,Squat
534,501,362,616,580,560,406,580,540,514,499,352,530,365,541,Squat
531,507,358,615,583,552,400,585,531,516,500,352,532,364,544,Squat
527,507,358,612,583,554,403,583,532,517,500,350,537,365,539,Squat
526,507,358,610,582,555,408,582,534,517,499,350,540,365,538,Squat
529,509,357,610,584,550,407,582,539,519,495,348,540,365,538,Squat
532,503,357,604,581,556,407,581,540,517,496,346,536,365,541,Squat
535,498,357,609,590,547,413,581,544,517,497,345,535,364,543,Squat
535,498,359,609,591,542,415,582,542,516,500,345,535,362,548,Squat
537,498,361,609,588,555,414,586,534,516,504,344,536,358,547,Squat
536,501,360,609,587,560,410,589,523,518,507,344,536,351,546,Squat
536,498,357,606,588,557,410,586,534,522,503,343,537,344,549,Squat
535,498,355,613,590,550,400,586,532,524,502,338,539,341,550,Squat
536,508,351,610,586,555,401,587,528,525,502,333,540,335,551,Squat
535,508,348,610,585,551,404,586,525,524,497,328,540,334,548,Squat
537,503,343,612,588,547,403,584,528,519,494,322,539,334,546,Squat
539,499,338,611,588,552,404,584,530,514,492,317,537,341,541,Squat
541,501,333,611,586,554,405,583,529,512,491,312,537,346,538,Squat
544,506,330,611,587,550,405,583,526,511,487,309,536,350,536,Squat
542,507,331,612,585,553,405,583,524,510,486,312,534,351,532,Squat
537,509,336,614,583,556,403,580,530,513,495,320,534,350,534,Squat
533,509,344,615,578,560,403,577,530,514,502,331,534,354,533,Squat
533,512,348,615,579,558,401,576,531,514,507,338,534,354,535,Squat
536,508,354,616,579,554,401,576,528,514,508,346,533,357,535,Squat
535,502,359,615,579,555,401,572,529,514,505,352,531,362,532,Squat
531,501,361,618,575,557,400,571,529,513,501,354,531,362,528,Squat
530,504,362,619,575,559,397,570,530,514,500,357,530,362,528,Squat
530,503,363,620,573,558,396,568,530,514,500,357,530,366,527,Squat
529,507,366,621,571,558,396,566,531,514,502,356,529,372,524,Squat
529,510,372,621,570,557,396,564,533,516,501,356,526,377,525,Squat
532,504,375,622,567,555,395,564,530,517,502,360,525,381,527,Squat
532,508,377,622,566,554,395,563,532,517,506,361,525,381,524,Squat
529,511,381,625,563,556,393,559,533,516,508,359,523,382,518,Squat
531,510,384,625,559,560,393,556,535,517,506,359,523,382,521,Squat
531,507,385,629,558,558,391,554,536,519,505,361,525,384,521,Squat
530,510,388,629,556,558,389,553,536,520,504,366,523,387,517,Squat
530,512,390,632,555,558,389,548,538,520,508,368,521,388,517,Squat
532,512,390,632,546,558,390,544,539,520,506,371,521,392,516,Squat
532,517,390,633,546,556,388,543,537,517,505,373,523,395,511,Squat
531,514,392,633,543,553,387,543,536,517,502,374,523,396,510,Squat
531,511,392,635,542,548,387,541,535,517,502,379,523,396,512,Squat
529,511,395,635,539,545,387,540,535,517,502,381,523,395,509,Squat
528,511,400,637,537,545,387,531,534,517,502,385,522,391,508,Squat
532,514,401,640,535,542,384,530,535,517,505,387,522,393,503,Squat
534,509,400,640,529,544,383,529,535,514,507,390,522,398,503,Squat
537,507,398,640,529,541,383,521,530,511,505,390,523,408,500,Squat
538,507,396,640,520,540,385,526,527,510,504,387,523,413,496,Squat
538,509,395,638,512,542,385,521,526,510,501,386,522,415,496,Squat
535,510,395,641,509,544,386,510,529,510,498,388,522,413,496,Squat
535,511,396,640,499,543,385,505,534,510,502,388,520,408,491,Squat
534,509,398,641,500,542,381,505,532,510,505,388,521,401,495,Squat
534,509,399,642,498,535,383,509,526,510,506,388,521,394,498,Squat
536,507,402,640,494,532,387,494,523,510,510,388,523,390,507,Squat
539,506,404,643,497,527,386,496,522,510,510,389,523,390,505,Squat
541,504,405,642,490,525,384,493,524,510,510,388,524,393,499,Squat
544,505,405,642,485,527,385,486,523,510,508,385,524,393,499,Squat
544,506,405,640,479,533,384,485,527,510,506,383,527,388,502,Squat
544,508,406,644,478,531,383,485,526,510,505,383,531,381,502,Squat
544,509,402,641,473,527,384,486,525,507,505,381,533,376,507,Squat
544,510,400,641,468,530,384,485,525,505,505,378,534,374,509,Squat
544,508,396,641,470,534,384,488,524,503,504,375,531,376,506,Squat
544,507,393,642,477,534,384,488,523,503,502,372,526,379,501,Squat
544,505,389,642,477,532,384,488,524,504,502,371,521,378,497,Squat
545,502,386,643,485,530,384,483,525,507,502,369,520,378,495,Squat
546,501,385,645,489,529,384,487,524,508,503,368,523,378,497,Squat
546,501,385,645,491,529,384,487,524,508,504,366,525,379,496,Squat
546,501,384,647,493,528,384,488,524,508,503,364,528,378,496,Squat
544,502,384,648,495,527,384,490,526,508,502,363,528,376,495,Squat
543,504,384,653,497,525,381,498,526,506,501,363,532,375,499,Squat
542,504,384,644,485,530,381,499,526,503,500,363,531,375,499,Squat
542,503,382,639,471,538,382,500,524,503,501,363,525,379,489,Squat
543,504,382,640,478,542,382,492,528,507,503,365,520,382,484,Squat
546,505,381,636,483,527,384,486,527,510,504,368,519,387,485,Squat
546,505,381,637,492,520,385,487,533,511,506,368,520,391,481,Squat
545,506,385,641,476,536,379,506,533,511,507,372,525,389,482,Squat
544,510,389,645,485,541,381,509,517,509,507,374,528,387,489,Squat
539,512,394,648,507,529,386,485,521,507,505,377,526,388,489,Squat
534,511,398,645,496,518,392,469,523,505,504,378,526,393,484,Squat
533,511,400,647,501,520,392,473,511,504,500,379,528,392,487,Squat
532,513,403,645,505,523,370,526,518,503,498,381,525,393,489,Squat
534,512,403,641,495,537,381,503,525,507,499,382,520,398,488,Squat
537,509,402,641,501,536,382,506,539,510,502,385,523,401,488,Squat
536,506,401,646,516,532,385,503,534,512,506,386,526,397,486,Squat
536,506,400,639,519,546,383,511,538,515,509,387,525,394,481,Squat
539,507,395,640,527,546,381,513,534,517,509,388,520,402,481,Squat
540,505,389,635,503,533,385,511,534,514,510,384,518,410,487,Squat
535,503,389,640,477,522,386,522,532,513,512,382,518,412,491,Squat
527,506,390,642,517,554,383,529,527,513,509,382,522,411,488,Squat
522,510,387,639,543,550,381,521,530,512,503,381,527,411,489,Squat
525,515,388,636,532,553,388,523,538,508,503,379,530,406,496,Squat
526,515,391,634,542,544,386,535,534,504,505,377,523,406,493,Squat
527,510,394,632,536,548,383,538,531,507,503,380,515,403,492,Squat
531,509,393,634,544,550,388,539,536,512,504,381,514,403,491,Squat
541,504,393,632,548,552,392,542,538,514,503,381,514,404,495,Squat
542,502,397,628,559,551,393,552,532,512,506,381,519,395,502,Squat
532,506,405,631,555,553,392,555,535,513,506,385,522,389,496,Squat
530,508,406,628,551,562,388,556,536,518,504,389,523,379,500,Squat
534,509,401,628,561,559,390,553,541,518,505,386,523,377,503,Squat
537,509,400,626,566,558,391,560,542,513,500,380,523,376,503,Squat
538,509,397,624,567,562,393,561,540,507,495,380,526,379,506,Squat
540,509,392,623,569,565,396,568,536,505,490,378,529,377,505,Squat
541,507,389,622,567,566,395,567,534,504,487,377,531,371,508,Squat
542,507,384,618,574,564,397,569,538,504,487,374,533,367,512,Squat
542,504,379,618,582,561,397,572,536,504,490,370,529,365,515,Squat
544,503,375,614,583,561,397,574,537,505,493,367,527,359,522,Squat
541,504,372,615,579,552,398,575,539,505,494,366,525,356,526,Squat
540,506,366,615,581,563,401,574,539,508,496,362,525,351,527,Squat
537,510,361,614,586,565,401,577,532,511,498,357,530,350,529,Squat
537,509,356,610,578,555,403,579,532,513,500,352,535,347,530,Squat
534,505,352,611,582,549,403,580,529,513,499,347,539,347,529,Squat
534,509,349,611,587,556,404,582,528,515,500,338,540,349,530,Squat
537,509,341,608,584,562,405,578,526,517,498,333,537,350,532,Squat
539,506,336,608,585,553,403,581,520,517,493,327,534,347,534,Squat
537,501,331,609,585,550,404,579,527,519,495,321,536,345,536,Squat
536,501,331,610,581,563,403,577,524,519,497,316,538,336,538,Squat
536,504,332,611,582,563,404,579,526,518,500,315,538,326,537,Squat
536,504,332,610,582,561,401,580,527,519,503,314,538,320,539,Squat
536,499,330,612,581,563,400,579,525,522,503,311,538,320,539,Squat
539,502,325,613,584,562,402,580,521,522,502,306,535,322,537,Squat
541,496,322,612,584,557,402,581,520,522,502,301,535,327,537,Squat
541,494,321,613,581,556,402,579,522,523,501,302,535,333,536,Squat
541,501,321,614,585,553,402,581,519,522,500,301,537,340,536,Squat
540,505,327,613,584,555,403,582,517,520,501,305,537,343,538,Squat
539,509,332,614,581,558,402,578,520,521,503,315,537,346,540,Squat
536,513,339,615,579,559,401,578,521,521,506,326,537,351,539,Squat
533,512,346,616,578,559,401,575,523,517,511,335,537,355,536,Squat
532,511,352,616,577,559,401,574,521,517,511,342,536,355,536,Squat
532,513,358,618,576,557,399,572,523,519,506,347,533,360,536,Squat
533,510,364,618,575,558,398,570,524,521,502,352,532,364,534,Squat
533,504,370,620,574,557,398,570,524,521,506,355,530,368,530,Squat
535,504,374,620,570,558,397,568,527,522,509,358,529,374,527,Squat
535,508,375,621,569,556,395,565,531,521,509,357,528,380,526,Squat
532,507,378,623,566,554,395,564,532,520,508,357,527,385,520,Squat
528,509,382,624,562,557,394,558,533,518,507,359,526,390,517,Squat
530,509,385,627,559,557,393,558,535,518,507,363,526,390,520,Squat
534,508,387,627,554,559,392,554,539,518,511,368,526,392,520,Squat
532,506,392,630,550,558,390,549,540,518,513,372,525,389,516,Squat
531,506,400,633,549,558,389,550,539,518,513,375,526,384,514,Squat
533,511,399,632,547,557,387,546,539,518,512,378,526,383,513,Squat
533,511,398,635,541,554,386,546,539,518,511,378,526,390,509,Squat
532,511,398,635,538,550,388,546,539,518,508,378,524,393,508,Squat
532,512,398,636,530,551,386,538,541,518,503,379,525,396,508,Squat
530,514,397,637,531,552,385,533,536,514,506,379,523,401,501,Squat
525,514,401,637,530,545,385,531,539,514,507,384,521,402,498,Squat
528,515,402,638,523,542,387,528,540,514,507,388,524,400,500,Squat
531,516,402,639,522,540,384,519,539,514,509,388,522,403,492,Squat
535,514,402,641,525,535,384,525,539,516,508,389,521,404,490,Squat
540,514,401,641,521,534,384,517,535,514,509,392,521,404,491,Squat
539,514,399,640,513,535,384,514,537,510,509,387,520,409,489,Squat
535,515,400,643,516,534,384,512,539,509,511,385,520,409,486,Squat
535,516,400,646,513,535,384,506,539,509,509,385,520,404,485,Squat
535,516,398,644,507,539,383,503,543,509,507,385,522,397,490,Squat
537,515,398,642,492,539,384,498,539,508,509,383,525,395,485,Squat
538,515,401,642,493,535,384,495,535,505,511,384,526,396,481,Squat
541,515,402,642,490,532,384,495,530,505,511,385,526,397,475,Squat
541,517,402,641,487,525,384,497,527,505,511,386,526,397,474,Squat
541,515,402,641,490,518,385,496,521,504,511,385,523,394,474,Squat
542,513,400,640,495,526,386,494,518,504,511,385,521,394,473,Squat
542,513,399,643,501,521,387,492,516,504,511,385,521,394,472,Squat
542,513,396,640,489,518,396,474,526,504,512,383,523,391,473,Squat
542,513,395,636,472,531,372,500,542,504,512,381,523,388,472,Squat
542,512,392,639,465,554,385,493,532,504,511,381,525,383,470,Squat
541,513,390,647,493,542,380,512,535,503,511,378,526,381,466,Squat
541,515,387,652,510,525,379,508,528,503,511,377,527,381,465,Squat
541,513,386,646,498,518,382,503,526,502,511,374,526,384,463,Squat
541,508,382,646,492,522,382,507,525,501,510,370,522,387,462,Squat
543,507,378,645,495,531,384,499,527,501,507,368,522,390,465,Squat
544,506,377,645,498,535,382,504,528,503,507,366,522,392,466,Squat
544,507,378,644,491,534,382,500,528,504,507,365,523,388,468,Squat
541,507,379,642,488,529,384,498,529,506,508,365,524,385,469,Squat
540,508,380,645,491,524,383,503,528,506,508,367,525,384,469,Squat
538,507,384,644,494,526,385,500,526,506,509,368,524,379,473,Squat
536,506,387,646,494,529,382,504,525,507,509,369,522,382,469,Squat
539,508,385,644,496,531,380,509,525,507,509,370,521,383,471,Squat
540,508,383,644,496,530,382,500,526,509,509,370,523,383,470,Squat
540,508,383,644,496,529,385,498,528,509,509,368,524,383,467,Squat
539,509,383,646,500,527,382,506,528,511,507,368,524,383,468,Squat
539,509,382,645,502,531,382,507,528,512,507,368,524,386,470,Squat
540,509,381,642,495,534,384,500,528,509,507,366,523,391,473,Squat
540,509,383,644,499,534,385,499,531,507,506,366,521,395,473,Squat
540,510,388,642,498,537,383,505,531,507,504,367,519,397,473,Squat
542,512,393,645,506,534,383,506,531,506,503,369,521,395,479,Squat
541,512,399,642,506,536,384,510,528,504,504,374,524,392,478,Squat
540,509,406,642,511,536,383,513,529,505,508,379,526,389,479,Squat
539,509,409,643,514,537,382,516,529,505,508,383,524,393,479,Squat
541,509,409,641,510,539,384,513,530,505,510,385,522,396,484,Squat
541,509,409,643,519,540,384,516,532,504,510,385,522,401,486,Squat
540,509,406,642,515,540,385,514,534,504,509,386,520,409,487,Squat
538,509,401,640,517,539,385,516,535,507,509,387,519,412,490,Squat
536,511,400,638,512,545,386,511,536,510,511,388,519,412,490,Squat
536,511,402,638,515,548,385,521,536,511,510,391,519,409,490,Squat
536,511,402,636,522,549,384,526,537,511,510,392,521,404,496,Squat
536,510,404,636,526,550,385,525,537,508,510,394,521,408,488,Squat
537,511,407,635,531,551,384,532,538,508,508,393,521,406,492,Squat
537,513,407,635,538,549,388,540,534,507,504,392,524,400,497,Squat
535,509,406,635,538,550,386,534,535,507,502,389,524,397,494,Squat
533,509,403,632,539,551,387,537,540,509,500,388,523,388,496,Squat
536,509,395,633,545,549,388,537,542,510,500,383,519,384,498,Squat
540,509,390,629,548,556,389,540,543,510,502,378,518,384,496,Squat
540,508,387,629,552,558,389,540,543,510,499,375,523,382,493,Squat
540,507,384,628,552,562,389,547,543,510,497,371,529,382,496,Squat
540,506,382,629,556,564,392,554,545,509,493,368,530,384,494,Squat
541,506,382,626,561,567,392,556,544,507,494,368,527,380,500,Squat
541,507,382,621,560,567,392,554,546,507,495,368,526,375,505,Squat
536,507,382,622,559,571,394,558,545,507,496,370,526,369,507,Squat
535,509,382,622,566,569,395,563,544,507,495,369,528,364,509,Squat
539,503,380,621,569,570,395,564,546,507,498,367,526,359,510,Squat
543,500,378,618,573,569,395,568,546,508,501,364,527,357,514,Squat
544,502,376,618,578,570,396,569,549,510,500,364,532,359,519,Squat
540,502,375,616,580,569,398,572,541,510,499,361,535,357,522,Squat
536,508,371,615,575,566,400,574,538,510,497,358,531,354,527,Squat
536,508,362,613,577,561,399,574,543,511,498,355,527,355,524,Squat
536,504,357,612,581,557,400,573,539,512,499,351,527,356,526,Squat
535,503,354,614,581,561,401,574,540,515,501,346,528,358,521,Squat
536,507,350,612,580,560,402,577,541,515,504,340,534,351,522,Squat
538,509,345,611,582,555,404,574,531,517,499,332,539,339,526,Squat
539,505,335,609,581,563,403,574,533,521,497,328,542,328,526,Squat
536,499,331,610,578,566,401,573,535,526,494,325,541,318,524,Squat
539,507,322,613,578,570,401,575,535,525,498,321,536,314,523,Squat
542,507,311,609,577,568,400,578,533,521,500,315,532,314,526,Squat
541,501,310,611,579,564,399,577,534,517,493,310,532,315,527,Squat
540,503,308,613,583,562,401,580,531,513,498,303,535,318,527,Squat
540,511,312,613,582,565,402,579,526,513,501,295,540,322,525,Squat
544,512,318,612,582,564,402,580,529,513,500,295,542,330,527,Squat
544,504,326,611,581,564,402,579,526,513,501,295,538,336,525,Squat
544,499,333,611,581,564,401,576,527,517,506,302,533,341,524,Squat
546,502,336,613,579,566,400,573,530,519,509,311,531,347,526,Squat
545,502,339,615,579,563,400,573,530,519,511,320,529,354,525,Squat
540,498,347,617,574,569,399,570,534,516,513,328,528,357,523,Squat
539,499,353,617,573,565,398,569,536,516,512,337,529,360,529,Squat
539,505,358,618,572,564,398,568,534,514,504,343,532,366,527,Squat
535,504,367,619,572,563,397,564,537,513,501,348,533,368,524,Squat
535,504,373,620,567,564,396,563,535,514,503,355,533,367,523,Squat
538,501,378,621,566,562,395,559,538,515,505,361,530,370,520,Squat
540,498,380,621,566,556,394,559,540,515,508,364,525,373,520,Squat
540,498,384,622,563,555,392,555,539,514,512,366,523,376,520,Squat
540,498,390,625,562,554,391,558,541,514,509,368,523,377,519,Squat
540,509,393,628,560,553,392,555,542,512,506,368,524,379,514,Squat
541,511,396,628,556,555,392,550,543,512,508,369,527,380,514,Squat
541,510,398,631,554,556,390,548,544,511,509,364,526,386,511,Squat
542,514,398,632,553,559,387,539,546,509,509,362,525,393,507,Squat
540,510,401,633,551,558,387,549,545,510,510,366,525,395,508,Squat
539,508,405,634,545,558,387,543,546,513,508,374,525,398,511,Squat
539,511,405,634,539,556,387,540,545,511,512,377,524,401,508,Squat
539,511,405,635,538,550,387,531,540,510,520,384,522,401,508,Squat
541,511,404,636,534,545,383,518,547,510,517,391,522,401,507,Squat
542,511,401,637,533,544,387,535,540,509,513,391,519,403,500,Squat
541,509,400,638,531,542,384,526,539,509,513,391,520,400,500,Squat
541,509,398,638,528,541,385,531,538,509,510,395,523,399,500,Squat
540,512,397,640,525,540,386,520,537,507,507,395,524,393,502,Squat
540,512,396,640,523,539,383,523,535,507,505,396,522,395,500,Squat
539,510,396,643,522,537,384,510,538,507,506,394,520,403,501,Squat
536,511,398,641,512,539,383,514,535,505,504,389,520,407,496,Squat
536,515,402,642,509,539,384,502,538,505,503,386,521,413,503,Squat
538,515,402,642,505,538,382,513,536,505,503,387,524,412,505,Squat
538,514,404,640,495,534,385,507,531,505,504,387,524,408,499,Squat
538,515,404,641,489,531,387,497,524,506,509,386,524,398,499,Squat
539,515,406,640,487,529,393,482,529,507,509,386,526,387,504,Squat
540,514,406,642,490,525,385,479,541,507,510,386,525,382,502,Squat
541,514,405,644,492,525,381,500,528,505,514,385,524,384,492,Squat
542,513,401,643,491,528,386,495,525,505,514,384,524,384,483,Squat
545,513,396,645,484,528,384,486,527,505,510,380,526,383,485,Squat
545,511,392,642,479,529,381,496,524,503,508,376,526,383,482,Squat
545,509,391,642,477,530,383,497,523,502,508,375,526,382,480,Squat
545,508,388,643,477,531,380,497,526,502,508,372,523,380,479,Squat
545,507,384,641,475,530,383,489,524,502,507,371,521,381,479,Squat
545,505,384,641,477,530,385,488,526,502,507,371,520,382,476,Squat
544,505,384,641,479,530,384,489,526,502,508,371,522,382,471,Squat
545,507,385,642,484,531,384,490,526,502,509,370,526,378,477,Squat
548,507,385,644,486,531,382,497,525,501,509,367,529,378,476,Squat
548,507,385,644,486,530,382,495,527,499,506,366,528,382,472,Squat
548,507,384,644,491,529,382,497,527,499,505,364,524,386,467,Squat
548,509,381,645,490,528,382,497,526,499,505,364,524,386,471,Squat
548,509,381,644,487,529,382,494,526,499,505,364,523,385,474,Squat
546,509,381,644,487,529,382,491,530,499,508,365,523,384,473,Squat
545,511,381,644,486,530,382,493,527,500,508,367,523,383,473,Squat
544,513,382,644,484,529,384,490,526,502,510,370,523,383,473,Squat
543,511,382,644,483,528,384,489,527,503,511,370,523,383,473,Squat
542,510,384,644,482,528,385,497,522,503,511,372,524,381,473,Squat
542,511,384,645,485,530,383,500,522,503,511,372,524,383,471,Squat
543,511,385,644,484,530,383,495,527,501,511,372,521,385,473,Squat
545,511,387,644,480,531,383,490,529,501,510,371,516,390,473,Squat
546,509,387,642,482,530,385,485,530,501,508,371,514,393,477,Squat
545,508,390,642,487,531,385,484,526,501,508,373,520,397,478,Squat
541,509,394,643,488,528,386,488,522,501,508,377,525,398,479,Squat
540,512,397,642,486,529,384,502,525,501,508,378,525,403,479,Squat
540,514,398,643,496,529,383,499,528,501,507,380,522,413,480,Squat
540,511,401,641,498,527,384,500,527,504,507,384,519,420,487,Squat
539,511,405,641,507,531,385,501,529,507,507,388,519,429,484,Squat
538,512,410,640,509,530,384,517,527,507,509,394,517,430,485,Squat
538,514,415,639,517,533,385,515,531,507,510,397,516,429,488,Squat
537,514,416,638,519,542,385,521,533,507,511,401,522,424,495,Squat
532,508,422,631,511,552,390,507,538,507,511,403,529,414,490,Squat
534,508,428,636,515,554,388,516,540,507,508,404,528,399,485,Squat
539,511,426,636,534,553,384,532,542,505,505,404,526,393,491,Squat
543,509,420,635,542,548,386,533,542,500,506,402,526,400,493,Squat
543,503,416,630,538,552,388,533,541,495,507,397,526,401,493,Squat
543,502,413,633,555,549,389,538,543,491,502,395,524,392,491,Squat
546,504,406,631,560,547,389,551,543,493,496,394,519,389,491,Squat
551,502,395,629,559,549,388,545,544,498,500,394,519,386,496,Squat
553,497,390,624,567,551,392,551,546,499,508,390,522,378,497,Squat
549,496,389,627,568,554,391,554,546,498,505,386,524,368,499,Squat
548,503,386,624,569,559,392,558,542,498,501,383,524,363,500,Squat
549,509,383,625,569,562,391,559,544,499,502,377,528,364,505,Squat
549,508,380,620,568,569,393,565,541,497,500,370,533,367,509,Squat
544,500,378,618,574,565,395,568,541,493,497,361,535,366,511,Squat
542,499,374,618,578,564,399,570,545,493,496,358,532,361,514,Squat
545,510,365,616,583,563,397,574,539,497,494,354,527,358,519,Squat
546,507,363,617,587,564,399,574,538,502,495,349,526,363,523,Squat
543,498,362,611,583,559,399,575,538,506,501,348,530,366,526,Squat
538,503,361,610,589,560,401,574,543,509,506,343,535,364,528,Squat
535,505,361,609,588,564,404,578,541,511,508,338,536,357,533,Squat
533,503,362,601,579,559,403,576,529,515,505,336,536,351,535,Squat
530,504,357,612,587,551,405,577,535,519,504,335,533,348,536,Squat
529,501,352,610,584,563,404,580,532,519,508,332,531,348,536,Squat
531,496,351,603,576,566,404,579,534,520,507,330,531,350,536,Squat
536,496,349,606,584,558,404,578,537,520,505,330,535,349,535,Squat
539,496,347,609,589,556,405,580,538,520,507,335,537,345,537,Squat
538,495,343,604,586,556,407,581,530,520,504,333,537,338,541,Squat
534,500,338,608,585,558,405,583,518,520,503,332,539,328,543,Squat
530,508,332,611,587,563,403,584,526,518,503,330,541,322,545,Squat
528,511,322,610,585,565,404,585,527,518,502,322,540,321,545,Squat
533,508,313,609,587,560,405,587,527,516,506,315,540,325,546,Squat
540,498,309,609,586,558,405,587,526,512,505,308,539,332,543,Squat
542,501,308,611,588,557,405,587,524,515,502,304,536,333,542,Squat
546,504,305,611,586,557,405,585,524,519,502,306,538,335,544,Squat
547,500,306,611,585,556,404,582,525,522,505,309,538,341,542,Squat
544,510,313,612,583,556,404,581,527,522,511,312,538,348,539,Squat
541,511,328,615,581,558,404,579,527,522,511,317,538,352,540,Squat
539,508,335,614,581,554,403,578,526,525,503,324,538,358,539,Squat
534,507,337,616,577,558,403,575,528,528,500,331,538,363,537,Squat
535,506,344,617,577,559,401,574,531,525,501,341,537,367,537,Squat
536,507,357,618,573,562,399,571,531,520,501,346,534,372,537,Squat
539,503,370,618,573,559,397,568,534,519,502,351,534,377,534,Squat
539,499,379,619,573,557,397,567,535,520,499,353,533,379,532,Squat
538,498,393,621,573,556,397,565,535,520,500,354,531,379,530,Squat
541,502,409,621,572,552,396,565,535,521,501,354,531,375,532,Squat
543,511,417,622,567,552,396,562,537,522,506,355,530,374,532,Squat
544,515,425,624,567,551,394,558,541,522,512,355,530,376,527,Squat
546,501,426,624,566,549,392,559,538,522,515,356,530,376,524,Squat
544,504,429,628,565,549,393,558,538,521,517,360,530,379,518,Squat
542,512,422,628,562,549,393,552,540,520,518,365,529,376,515,Squat
540,507,409,632,557,554,390,552,541,520,519,365,527,375,511,Squat
539,504,403,632,553,557,388,551,543,520,516,367,525,384,508,Squat
537,498,392,634,549,557,388,550,543,516,513,372,526,391,507,Squat
536,508,381,635,546,556,388,545,544,516,513,377,525,391,509,Squat
537,509,371,635,539,553,387,539,545,514,512,382,523,401,500,Squat
533,501,370,636,535,550,386,539,542,515,510,383,521,406,496,Squat
530,504,370,637,534,545,387,534,542,516,507,389,520,405,494,Squat
527,510,369,637,531,542,386,531,542,513,509,392,520,406,497,Squat
528,512,375,637,529,538,385,524,538,511,505,390,523,412,493,Squat
528,510,383,638,522,535,387,519,538,510,499,393,525,413,493,Squat
528,511,394,639,520,536,385,519,537,510,497,394,525,413,492,Squat
532,515,402,640,517,538,383,521,534,510,502,394,525,414,492,Squat
534,513,405,641,512,536,383,512,535,510,504,393,522,414,488,Squat
532,514,408,642,505,535,384,508,535,511,504,392,519,407,486,Squat
532,512,409,644,501,537,386,500,535,511,508,390,518,407,483,Squat
535,513,406,640,489,536,385,502,533,511,510,388,519,407,484,Squat
535,516,404,638,486,531,388,486,531,508,510,386,519,406,480,Squat
536,518,406,639,482,527,384,494,526,507,506,386,521,400,481,Squat
536,517,406,639,482,525,387,483,526,505,505,386,524,392,480,Squat
537,515,406,641,485,525,390,480,529,504,505,386,524,384,478,Squat
540,514,406,641,480,528,389,476,534,504,506,386,524,379,477,Squat
541,512,401,643,482,531,384,472,539,503,507,384,527,378,472,Squat
543,510,399,646,484,530,377,501,524,502,507,384,527,377,476,Squat
546,510,393,642,479,527,378,507,517,499,507,380,526,382,475,Squat
544,510,388,642,479,528,382,498,519,498,510,376,522,387,470,Squat
544,507,385,643,481,531,383,493,526,497,513,373,520,385,468,Squat
544,507,384,646,486,529,383,492,531,497,510,370,519,385,469,Squat
545,506,382,643,482,530,384,485,530,497,509,370,519,385,470,Squat
545,506,382,644,484,528,385,485,525,498,511,370,522,386,470,Squat
545,507,383,644,483,527,384,483,525,501,512,370,526,385,471,Squat
545,510,385,644,485,527,386,482,529,503,511,368,527,384,470,Squat
544,511,387,644,489,525,384,486,531,505,510,368,527,381,468,Squat
542,511,387,645,487,525,385,483,529,505,508,370,526,380,469,Squat
541,509,387,645,489,528,383,489,529,504,506,370,526,384,470,Squat
541,509,387,644,488,528,383,491,526,499,506,370,524,388,473,Squat
541,508,386,643,487,528,383,488,527,497,505,370,524,391,476,Squat
540,507,388,642,476,528,385,485,527,497,505,372,523,391,476,Squat
539,506,392,643,488,529,383,492,527,501,506,374,523,393,476,Squat
540,508,394,644,494,526,383,492,527,503,508,375,524,399,483,Squat
542,509,394,644,493,521,386,484,530,504,508,376,522,410,486,Squat
540,507,398,641,481,523,385,488,530,505,511,379,521,419,484,Squat
535,509,402,639,497,529,388,487,531,509,511,383,520,415,488,Squat
534,512,405,640,500,529,386,500,531,512,511,388,519,411,482,Squat
534,512,409,638,510,534,383,514,528,511,513,393,522,410,484,Squat
536,512,412,643,526,533,385,515,530,507,513,396,523,417,484,Squat
537,510,412,639,511,535,384,522,532,502,513,395,523,420,488,Squat
537,508,413,636,518,544,388,507,535,501,510,393,523,426,491,Squat
536,510,413,636,526,546,385,524,532,501,505,395,525,425,492,Squat
535,514,413,637,520,548,389,508,542,501,504,395,525,416,491,Squat
538,510,414,635,528,549,386,520,545,502,506,396,523,401,490,Squat
540,508,415,633,545,553,384,530,545,501,508,400,522,390,493,Squat
541,509,415,632,540,553,385,537,540,499,508,402,527,385,496,Squat
543,505,414,637,547,551,386,545,543,495,506,400,531,382,499,Squat
544,500,409,630,557,552,387,541,546,495,503,393,525,384,497,Squat
547,503,397,632,556,551,389,548,544,498,501,388,518,385,502,Squat
548,501,389,624,562,556,389,547,547,500,501,383,516,380,507,Squat
544,493,389,625,563,559,392,550,547,500,501,379,519,370,507,Squat
546,490,389,626,565,561,392,555,545,500,497,375,523,362,510,Squat
550,497,380,624,569,563,394,559,547,500,502,369,528,365,515,Squat
548,503,373,618,570,569,395,563,545,501,504,362,536,365,521,Squat
539,499,369,617,575,567,396,568,542,502,499,355,540,356,528,Squat
534,504,365,619,572,565,395,568,542,506,497,346,538,348,524,Squat
535,512,357,618,575,564,396,570,540,512,492,341,531,348,527,Squat
535,513,353,617,581,564,398,573,543,514,492,339,526,352,532,Squat
537,502,351,615,584,559,400,574,541,510,500,338,530,357,536,Squat
538,496,350,613,587,557,403,576,540,508,505,342,530,359,536,Squat
538,497,350,610,585,562,404,576,534,508,503,338,530,356,538,Squat
537,500,349,609,588,555,404,580,532,512,503,338,532,352,543,Squat
534,502,350,609,589,553,407,581,537,519,504,339,532,352,544,Squat
534,504,353,607,591,554,404,579,530,523,505,341,534,347,549,Squat
529,508,351,602,589,554,404,580,532,524,509,342,534,342,551,Squat
522,509,345,605,586,555,406,580,536,524,510,339,533,335,553,Squat
516,505,339,612,584,560,405,581,535,528,506,338,538,327,559,Squat
516,506,337,609,585,561,403,579,542,532,499,332,539,326,556,Squat
520,507,330,612,584,560,404,580,536,532,496,323,539,329,554,Squat
528,502,324,610,587,562,403,579,537,527,496,315,538,338,551,Squat
536,496,319,609,588,559,405,583,534,524,494,307,536,343,549,Squat
538,495,316,607,588,558,405,584,528,525,488,303,532,344,549,Squat
533,500,319,611,590,555,405,582,530,529,495,303,531,346,549,Squat
528,505,323,610,587,556,405,582,529,530,500,307,533,347,556,Squat
526,512,333,612,587,553,405,581,531,530,506,313,534,352,549,Squat
526,517,342,612,584,556,404,580,527,530,514,322,534,354,548,Squat
526,518,352,614,585,552,402,578,531,532,518,331,534,357,545,Squat
525,513,356,614,580,555,401,575,532,535,515,334,532,360,543,Squat
525,512,356,617,578,557,401,574,534,536,512,338,532,362,541,Squat
525,511,356,618,578,555,401,573,535,535,507,344,530,366,539,Squat
524,506,356,620,576,554,400,571,536,530,504,344,529,372,534,Squat
524,503,358,620,571,558,398,569,538,527,499,344,529,379,530,Squat
524,499,361,620,571,553,396,566,541,527,500,346,529,381,530,Squat
524,501,365,622,568,556,397,564,542,525,501,351,526,383,527,Squat
524,508,369,622,566,558,396,560,543,525,504,356,526,382,526,Squat
524,507,375,626,563,558,395,558,543,528,508,363,527,381,527,Squat
524,505,379,627,559,557,393,555,543,528,510,367,526,381,523,Squat
526,504,384,628,558,558,391,552,546,526,511,370,526,382,519,Squat
526,503,387,629,557,557,390,551,545,525,509,376,526,383,517,Squat
528,506,390,630,554,555,392,550,545,523,505,378,525,384,514,Squat
530,507,390,632,550,552,389,550,543,520,505,377,524,388,512,Squat
530,507,391,633,549,550,389,545,544,518,504,377,524,392,510,Squat
531,506,392,635,544,547,388,545,543,518,500,381,523,396,509,Squat
531,504,392,636,538,548,386,539,542,517,503,380,523,399,505,Squat
530,504,398,636,535,548,386,532,544,513,505,378,523,401,504,Squat
532,506,404,637,533,545,385,531,541,513,503,381,523,400,497,Squat
534,516,404,639,529,542,385,532,540,514,503,383,523,401,491,Squat
535,514,405,639,525,541,385,526,538,515,508,383,522,401,491,Squat
539,508,403,640,525,540,385,522,540,516,510,383,522,401,498,Squat
537,505,401,641,524,538,384,521,538,515,507,383,519,408,490,Squat
535,510,399,642,519,536,386,515,537,514,509,383,517,410,484,Squat
536,514,395,642,517,536,385,511,535,513,509,386,519,411,488,Squat
537,514,396,639,499,541,384,508,534,509,509,386,522,412,489,Squat
537,510,402,639,499,536,386,495,538,505,509,388,521,412,484,Squat
539,511,408,641,497,532,388,498,532,505,505,393,521,405,480,Squat
544,516,411,641,494,527,385,505,524,505,503,394,522,395,478,Squat
547,516,412,642,490,526,386,505,516,502,504,394,521,386,478,Squat
549,508,411,644,493,526,385,499,516,501,505,393,521,385,477,Squat
550,506,410,643,488,530,385,493,523,501,505,391,521,387,478,Squat
551,508,405,642,482,534,384,487,527,500,502,387,521,387,477,Squat
551,511,400,642,478,532,383,490,526,500,501,383,521,386,477,Squat
551,511,398,638,466,531,386,484,524,500,500,383,523,381,482,Squat
551,510,397,638,462,531,385,482,522,500,499,379,524,379,477,Squat
549,509,397,640,472,532,385,482,523,499,497,378,521,380,471,Squat
549,509,395,642,479,534,385,483,527,499,497,377,521,381,466,Squat
552,509,393,642,482,534,384,484,526,502,499,375,521,380,469,Squat
557,508,390,648,489,529,383,483,524,502,497,374,522,384,472,Squat
557,504,389,643,484,530,384,483,523,499,497,373,522,387,472,Squat
557,506,389,643,483,532,384,483,524,496,499,373,522,386,471,Squat
557,507,389,643,485,532,384,486,524,496,499,373,522,383,471,Squat
556,510,391,643,487,531,384,486,525,496,498,373,522,382,472,Squat
554,510,392,643,487,531,384,486,525,497,498,373,522,382,472,Squat
552,509,393,643,486,531,384,489,524,498,500,373,523,382,473,Squat
552,512,392,643,488,530,384,488,524,499,500,373,524,382,474,Squat
552,512,391,643,487,530,384,488,524,501,501,371,523,383,474,Squat
551,512,389,643,483,531,384,491,524,503,501,371,522,383,476,Squat
550,512,387,643,485,532,384,490,525,504,501,370,524,384,477,Squat
548,512,387,643,485,532,384,489,526,504,503,370,524,386,477,Squat
548,511,389,643,484,532,384,492,526,504,504,371,522,386,478,Squat
547,509,390,641,483,532,384,492,526,505,505,372,521,391,478,Squat
547,509,394,643,489,531,384,493,526,507,505,375,521,400,479,Squat
547,509,398,643,493,528,383,497,526,507,505,378,524,402,491,Squat
543,507,402,640,486,530,385,497,524,507,508,381,521,412,487,Squat
538,507,410,640,496,533,385,499,527,507,508,386,520,416,485,Squat
538,507,414,641,506,529,384,498,528,508,508,391,525,414,488,Squat
537,507,420,640,509,528,387,499,534,508,510,395,524,413,490,Squat
538,506,420,642,515,529,384,519,531,508,511,398,519,418,491,Squat
538,505,420,636,520,534,383,518,533,509,512,401,521,421,494,Squat
535,506,420,640,524,540,389,515,534,509,512,404,522,420,495,Squat
535,509,420,635,522,544,388,523,535,509,511,404,522,413,495,Squat
532,510,417,634,526,552,389,526,535,510,509,404,525,398,498,Squat
529,511,415,636,533,550,387,527,538,510,508,404,528,392,494,Squat
531,510,412,637,534,551,384,534,539,507,508,402,531,387,497,Squat
535,508,408,634,541,552,387,537,542,506,507,395,528,383,497,Squat
534,508,401,631,554,552,386,543,538,506,503,389,528,380,498,Squat
533,506,393,632,553,552,387,548,538,508,500,384,528,378,499,Squat
535,507,384,631,547,557,389,549,539,511,504,377,526,377,496,Squat
539,503,376,629,559,556,388,549,544,512,509,367,521,370,503,Squat
539,502,370,626,568,555,393,556,540,512,512,361,518,367,507,Squat
538,504,366,624,567,556,389,554,540,516,506,360,522,374,503,Squat
538,507,361,624,567,559,391,559,541,519,504,355,529,373,512,Squat
538,508,361,625,568,559,395,563,541,519,507,350,533,373,513,Squat
533,515,361,621,571,562,395,567,539,521,505,347,535,375,513,Squat
527,514,361,618,573,563,397,567,539,525,502,347,537,370,518,Squat
523,512,361,617,574,560,396,571,540,526,502,348,535,365,521,Squat
523,512,355,618,575,561,396,572,537,526,503,348,530,365,522,Squat
524,511,351,617,579,564,399,574,538,526,505,348,530,368,527,Squat
522,505,354,612,582,564,399,578,536,527,506,349,534,371,533,Squat
520,507,359,612,584,564,401,578,536,529,505,348,538,370,538,Squat
518,511,364,614,586,567,404,578,534,532,503,346,538,364,542,Squat
517,506,364,604,583,571,406,584,531,537,500,347,537,358,544,Squat
515,504,361,609,586,560,404,579,533,540,505,349,536,352,547,Squat
513,504,357,611,591,554,405,578,533,543,507,344,536,350,546,Squat
511,508,353,607,587,562,406,581,535,544,507,342,537,348,546,Squat
511,505,352,604,588,571,408,583,534,544,509,338,539,346,546,Squat
516,506,349,607,591,568,404,587,529,542,513,333,540,347,544,Squat
520,509,346,604,592,564,407,586,536,540,510,329,539,342,548,Squat
521,508,339,595,592,565,408,586,529,537,508,325,538,339,548,Squat
521,508,332,595,592,566,411,587,522,537,507,321,536,336,549,Squat
521,516,326,599,599,563,412,596,504,536,509,318,536,336,553,Squat
521,515,322,602,604,554,408,603,489,538,509,318,538,337,548,Squat
519,515,322,595,599,562,410,599,505,540,511,317,539,338,547,Squat
520,522,320,592,598,567,407,596,513,540,511,316,539,340,547,Squat
519,522,322,597,601,561,405,594,513,539,511,317,536,342,546,Squat
516,516,326,597,599,560,410,589,520,537,509,322,536,342,545,Squat
514,510,332,595,599,559,418,586,524,537,510,325,533,342,545,Squat
515,506,335,597,600,554,418,583,531,535,510,326,532,347,541,Squat
516,501,337,597,595,556,414,583,533,533,510,331,532,351,534,Squat
515,498,346,592,589,563,411,586,524,533,511,332,532,351,536,Squat
515,500,348,583,584,566,413,585,519,536,508,333,532,359,535,Squat
516,500,348,587,585,558,413,583,521,537,507,335,530,367,534,Squat
516,504,352,595,589,550,407,581,525,533,507,340,529,370,534,Squat
520,507,362,603,586,555,403,579,526,529,508,345,527,375,530,Squat
520,504,367,611,579,557,404,577,528,528,511,349,526,377,527,Squat
520,501,375,613,582,550,398,576,532,528,513,354,526,377,527,Squat
524,504,381,637,582,545,384,572,536,528,510,358,522,379,526,Squat
524,503,384,654,576,553,388,567,535,529,509,361,521,381,518,Squat
522,505,391,619,575,550,398,566,538,529,510,366,523,382,516,Squat
522,508,394,627,571,550,393,565,534,533,514,374,523,383,520,Squat
526,509,392,630,559,563,391,559,539,532,518,377,522,395,513,Squat
527,509,394,629,561,557,391,554,540,528,512,379,521,404,510,Squat
526,509,397,627,562,553,390,552,541,526,505,384,522,403,508,Squat
524,513,400,628,553,556,393,550,543,525,503,389,522,403,505,Squat
525,514,399,633,550,553,387,547,540,523,505,390,523,404,503,Squat
525,517,398,632,542,551,388,541,540,523,505,390,523,403,502,Squat
526,514,401,631,541,548,386,538,540,522,505,390,525,403,502,Squat
529,514,403,635,541,544,386,529,541,519,504,389,522,405,496,Squat
530,515,403,635,539,539,386,534,538,517,503,389,520,404,491,Squat
531,513,403,637,535,538,385,531,535,517,503,389,521,400,492,Squat
532,509,403,639,535,538,385,529,534,517,507,386,522,399,493,Squat
532,505,404,639,531,537,384,527,533,517,507,385,522,399,489,Squat
532,509,407,642,522,540,384,525,532,517,506,385,520,403,489,Squat
533,515,406,642,517,540,383,519,531,517,502,386,520,405,492,Squat
533,517,405,639,506,540,386,513,534,515,503,387,521,404,489,Squat
532,512,406,640,499,542,386,508,533,514,506,389,521,400,488,Squat
534,515,405,641,501,534,386,503,533,513,504,392,520,398,487,Squat
538,517,402,639,496,527,384,504,528,512,506,390,520,397,485,Squat
539,512,400,642,495,525,386,495,527,511,502,388,524,394,486,Squat
540,511,399,641,491,529,383,502,523,508,501,387,524,391,483,Squat
540,511,399,643,492,532,383,502,521,507,502,386,524,390,482,Squat
541,512,400,641,487,532,383,497,521,506,501,384,523,385,478,Squat
541,514,399,643,485,530,385,490,526,505,501,383,522,384,481,Squat
541,512,396,642,484,527,383,488,526,505,501,380,522,380,483,Squat
542,510,394,642,478,529,385,484,528,505,500,378,522,379,484,Squat
543,507,390,641,475,533,386,480,528,508,499,376,524,378,484,Squat
541,507,390,644,482,533,386,480,528,508,503,374,526,377,481,Squat
540,507,387,642,482,533,381,491,526,509,504,373,526,377,480,Squat
540,507,385,643,485,528,384,489,525,509,505,370,525,377,481,Squat
540,507,383,645,489,528,384,489,526,509,506,368,521,381,480,Squat
541,507,381,644,488,531,384,488,526,509,506,365,521,384,483,Squat
543,506,380,644,486,534,384,490,526,508,503,363,523,384,486,Squat
542,506,380,643,485,535,386,489,524,507,502,363,526,383,485,Squat
542,508,384,645,487,530,383,491,525,507,503,363,526,383,489,Squat
541,510,387,643,485,529,383,495,525,507,505,366,524,382,487,Squat
539,510,388,643,489,529,384,492,527,509,506,368,521,382,485,Squat
539,510,388,644,491,529,384,492,525,511,507,372,523,382,492,Squat
539,512,389,644,489,529,383,496,525,512,507,374,525,388,497,Squat
539,514,389,643,485,530,383,496,525,511,507,374,527,391,503,Squat
537,514,389,644,492,529,383,496,527,511,505,375,527,396,500,Squat
536,516,392,643,493,527,385,494,528,511,505,378,522,400,499,Squat
536,515,393,640,488,529,384,498,529,513,505,379,517,400,504,Squat
535,513,393,642,496,536,376,486,533,513,506,383,520,403,507,Squat
530,512,393,640,505,532,385,512,519,513,507,385,523,406,505,Squat
528,513,398,638,503,536,388,501,529,513,506,385,524,407,496,Squat
529,513,400,640,514,535,385,512,530,513,505,385,524,403,502,Squat
534,513,402,642,522,534,384,515,534,513,505,386,524,404,510,Squat
536,509,403,640,521,539,384,517,534,511,505,386,520,408,504,Squat
537,506,406,640,517,543,386,516,537,511,505,386,517,412,502,Squat
537,509,406,634,520,549,387,521,536,512,502,387,520,411,505,Squat
537,508,409,637,527,548,385,525,537,513,501,391,522,411,507,Squat
538,508,414,636,536,549,387,533,532,512,503,392,522,407,515,Squat
538,508,417,632,537,546,388,536,534,511,504,395,522,404,511,Squat
537,507,417,636,544,551,386,535,536,510,503,398,527,400,514,Squat
532,505,417,630,543,556,389,539,541,504,499,399,529,396,515,Squat
533,508,415,632,546,557,388,540,539,500,498,397,526,390,516,Squat
537,507,409,630,550,556,389,545,540,500,498,396,521,386,512,Squat
536,503,403,626,556,559,387,543,545,504,501,396,522,382,514,Squat
536,504,394,629,558,563,389,543,550,507,503,393,520,380,508,Squat
540,511,386,626,555,564,389,547,549,508,501,388,518,379,506,Squat
544,510,377,625,560,566,389,549,549,510,501,383,527,376,509,Squat
543,504,376,624,565,567,393,556,550,510,500,377,532,369,511,Squat
539,507,372,620,570,565,393,562,544,511,494,368,537,369,508,Squat
538,511,366,620,576,566,395,564,541,515,486,363,539,365,510,Squat
536,508,366,617,581,561,395,571,537,515,486,356,534,360,511,Squat
533,505,368,616,581,560,397,571,540,515,486,352,529,354,520,Squat
529,503,367,614,581,559,399,573,534,517,484,350,527,353,524,Squat
526,499,364,614,579,562,398,572,537,521,484,347,530,350,527,Squat
525,496,364,614,579,561,399,572,541,523,492,347,535,343,524,Squat
525,493,362,613,577,560,399,571,540,528,499,344,536,337,522,Squat
526,501,360,611,580,561,400,571,543,533,499,342,537,332,527,Squat
525,501,351,611,582,558,400,572,541,538,500,336,542,329,531,Squat
523,498,342,611,581,562,401,572,542,538,496,330,543,327,530,Squat
520,502,333,614,583,565,401,574,539,532,495,325,541,322,525,Squat
519,501,321,611,583,564,401,578,538,528,497,318,540,319,524,Squat
523,498,313,611,578,559,401,576,539,533,492,310,540,319,524,Squat
525,495,306,611,580,563,401,578,536,535,490,305,537,325,518,Squat
525,494,305,612,581,561,402,578,535,538,496,300,536,327,519,Squat
525,499,306,611,579,561,402,578,532,540,505,297,537,329,516,Squat
525,501,306,611,580,562,402,577,535,542,505,297,539,330,516,Squat
521,503,311,612,578,561,402,577,534,543,502,300,538,335,517,Squat
520,510,319,613,575,563,402,576,534,542,502,305,538,340,514,Squat
521,510,322,615,575,562,401,576,533,540,502,309,538,345,513,Squat
520,507,327,616,576,563,401,573,533,537,499,313,537,350,514,Squat
520,508,333,616,576,557,401,574,531,536,496,318,536,354,516,Squat
523,510,339,616,576,559,401,573,531,536,496,327,532,358,518,Squat
526,506,346,617,575,558,400,572,534,536,500,335,531,361,516,Squat
526,500,355,617,574,561,400,570,535,535,506,340,531,366,513,Squat
527,498,365,618,574,561,399,568,537,536,509,348,531,367,517,Squat
525,505,372,620,569,565,397,566,540,535,507,352,531,369,517,Squat
526,514,377,621,568,563,397,564,542,533,504,355,531,372,516,Squat
525,511,381,623,568,563,395,562,542,529,504,359,529,376,515,Squat
525,505,383,623,566,562,394,560,543,525,502,363,527,380,515,Squat
525,505,385,623,561,560,393,558,543,521,502,367,526,381,519,Squat
526,507,385,628,560,558,393,556,544,519,502,370,526,382,516,Squat
526,501,389,627,561,556,392,555,544,519,502,374,526,382,515,Squat
529,500,393,629,556,556,391,554,544,520,505,379,527,383,512,Squat
533,508,394,630,552,558,391,551,544,521,509,379,527,386,507,Squat
534,509,394,633,547,559,390,544,547,521,510,380,527,386,509,Squat
534,505,394,634,546,556,388,543,545,521,509,381,527,391,511,Squat
533,506,395,635,544,552,388,543,545,517,508,380,525,400,508,Squat
533,511,393,635,538,552,387,542,545,517,507,378,524,406,504,Squat
531,515,394,636,535,547,386,535,543,517,506,379,524,408,503,Squat
530,515,397,635,532,544,386,531,544,518,506,382,525,405,502,Squat
529,515,403,637,527,544,386,529,542,518,507,382,526,401,502,Squat
531,515,404,639,527,542,386,522,544,518,507,384,525,403,498,Squat
533,512,406,641,527,538,385,522,541,518,507,387,524,404,495,Squat
535,511,407,640,521,537,385,518,540,513,509,387,522,407,493,Squat
538,513,406,640,514,538,384,518,537,512,507,387,522,413,492,Squat
537,513,404,641,513,534,383,508,538,511,501,387,520,416,489,Squat
534,512,405,638,496,538,387,501,538,511,500,387,518,416,491,Squat
534,512,407,640,495,535,387,501,534,511,500,388,521,409,492,Squat
534,513,407,642,494,534,384,509,529,511,504,390,523,395,494,Squat
538,513,407,642,496,528,384,505,526,507,508,393,527,387,500,Squat
540,511,407,642,492,524,383,501,525,504,509,394,526,386,498,Squat
541,508,407,642,491,523,384,499,524,502,512,396,524,390,492,Squat
543,511,407,644,488,523,383,497,524,502,508,394,524,388,495,Squat
546,511,404,643,485,525,383,488,526,501,502,389,526,385,499,Squat
546,507,402,641,475,529,384,488,527,498,502,386,528,383,502,Squat
545,506,397,641,477,530,386,482,529,497,502,384,528,378,498,Squat
544,506,396,644,483,528,385,482,528,497,504,384,527,377,502,Squat
545,508,394,644,483,526,384,483,527,497,499,381,527,375,505,Squat
545,508,391,644,488,527,387,478,527,499,497,381,529,374,500,Squat
545,507,391,644,490,528,384,484,530,501,498,379,530,378,495,Squat
545,504,387,642,485,528,383,483,530,502,500,376,530,376,494,Squat
546,504,384,643,489,529,386,483,528,502,501,375,529,375,494,Squat
546,505,384,645,487,529,385,486,527,502,497,373,529,378,494,Squat
546,504,385,645,486,529,385,485,527,502,497,370,529,379,494,Squat
544,503,382,645,486,529,385,484,527,501,498,367,529,379,489,Squat
543,507,380,645,487,527,384,487,527,501,495,366,527,379,484,Squat
543,508,380,643,486,526,384,487,527,501,499,366,524,379,478,Squat
544,506,380,644,490,527,384,486,528,505,502,364,524,381,476,Squat
544,504,380,645,491,528,383,485,528,507,497,364,526,381,481,Squat
544,505,382,645,490,528,383,486,528,507,497,364,527,384,481,Squat
544,504,382,645,489,527,383,488,527,506,501,366,526,387,476,Squat
544,504,385,645,486,527,382,490,529,505,504,366,525,390,476,Squat
543,506,389,645,490,527,379,499,526,505,499,370,524,395,485,Squat
543,506,392,643,489,523,389,480,531,505,499,373,521,403,488,Squat
540,507,395,639,482,522,387,479,538,504,501,376,521,413,490,Squat
536,506,399,640,482,528,390,477,537,504,500,381,521,422,485,Squat
530,510,405,637,470,528,391,474,526,504,501,386,526,424,480,Squat
528,513,411,637,491,532,391,478,522,506,506,391,528,410,483,Squat
529,514,416,639,508,532,387,501,533,509,507,396,526,404,481,Squat
535,514,419,642,529,539,379,527,537,510,505,400,526,408,486,Squat
540,508,418,641,522,533,385,512,527,505,507,403,522,419,489,Squat
543,501,418,638,507,535,385,519,541,502,508,402,517,425,487,Squat
541,502,417,633,516,548,387,503,527,502,504,402,518,421,485,Squat
537,503,415,636,539,543,386,500,526,504,500,404,526,408,487,Squat
535,505,414,634,522,546,388,498,525,505,501,404,530,393,489,Squat
538,500,416,638,529,547,385,543,551,506,502,403,529,386,487,Squat
540,500,415,636,544,553,385,536,549,502,506,402,526,385,488,Squat
542,504,413,631,554,554,385,542,544,500,505,399,527,382,493,Squat
543,504,407,633,549,554,387,547,541,498,502,393,528,383,489,Squat
542,499,400,634,556,556,389,548,542,500,498,388,524,383,485,Squat
540,500,391,628,557,556,388,547,542,506,502,384,520,381,491,Squat
536,505,382,629,557,556,389,545,544,511,504,375,523,376,496,Squat
530,509,377,625,566,558,390,550,545,513,500,370,529,373,498,Squat
527,505,376,627,562,559,391,553,542,512,498,368,529,372,498,Squat
527,503,375,621,565,558,392,554,543,513,501,362,528,371,498,Squat
530,512,371,622,568,559,393,558,545,516,501,358,528,366,502,Squat
533,512,368,619,570,560,394,557,546,521,501,356,528,360,505,Squat
532,499,365,617,573,561,395,563,539,526,501,353,531,357,507,Squat
528,501,360,615,578,558,396,565,536,530,503,352,534,353,507,Squat
524,504,355,616,578,562,398,567,537,530,504,348,533,354,509,Squat
524,507,354,615,580,566,398,567,540,531,502,344,529,356,513,Squat
523,508,354,611,583,565,398,570,540,530,500,342,527,354,518,Squat
520,507,351,610,587,561,399,573,540,529,498,340,527,352,522,Squat
518,505,351,610,587,559,399,574,540,531,500,339,527,352,523,Squat
515,506,349,608,586,564,401,575,537,533,500,338,532,347,526,Squat
512,503,351,605,586,562,402,577,534,538,506,336,534,340,534,Squat
510,507,349,609,586,556,401,579,534,545,511,331,534,336,531,Squat
507,513,344,604,584,558,402,580,533,550,518,330,534,330,531,Squat
505,510,339,606,585,558,402,578,535,555,517,326,534,328,529,Squat
507,509,333,607,587,561,402,578,530,556,516,322,535,327,530,Squat
510,509,325,610,590,557,402,579,530,554,515,318,537,331,531,Squat
514,509,320,607,589,562,404,579,530,553,512,316,535,336,531,Squat
516,509,314,605,590,560,404,580,531,548,506,311,534,339,531,Squat
516,506,310,606,593,551,403,582,526,547,504,307,535,340,534,Squat
512,503,312,606,593,555,403,582,528,549,499,309,533,342,533,Squat
508,508,320,610,594,553,403,581,529,551,496,309,532,344,534,Squat
506,513,326,608,590,555,403,579,530,556,503,313,533,347,537,Squat
507,511,332,608,588,555,403,580,529,555,510,322,533,352,534,Squat
510,510,336,610,588,553,403,579,532,552,517,328,534,355,533,Squat
510,510,344,610,587,551,403,578,528,548,515,331,534,357,533,Squat
512,510,352,612,582,557,402,576,531,547,510,335,532,357,534,Squat
512,510,358,612,583,555,401,575,530,542,509,341,531,357,535,Squat
512,509,361,615,584,553,401,574,529,537,509,347,532,359,531,Squat
512,510,364,615,579,555,399,571,533,535,511,352,531,360,527,Squat
512,510,365,617,577,555,397,570,535,534,511,355,531,359,532,Squat
515,508,366,617,576,556,396,565,538,535,507,355,532,369,524,Squat
519,508,367,621,575,555,396,566,538,535,503,355,533,374,522,Squat
520,507,371,621,568,561,395,561,540,536,507,358,531,379,517,Squat
520,509,373,623,566,557,393,561,540,536,511,359,529,382,515,Squat
521,511,375,626,565,557,393,557,541,535,513,360,528,385,515,Squat
521,511,380,626,560,559,391,555,542,531,515,363,528,388,514,Squat
522,511,383,630,556,559,391,551,543,528,510,365,528,390,514,Squat
522,511,384,630,555,558,391,551,543,523,505,369,528,390,514,Squat
520,511,389,630,553,556,389,549,543,519,505,372,528,390,511,Squat
520,513,394,633,547,553,389,546,543,521,507,377,527,393,509,Squat
521,513,397,634,543,551,389,543,542,521,509,382,526,401,505,Squat
524,515,397,634,542,548,385,538,541,521,510,385,526,407,500,Squat
524,516,399,635,536,545,386,535,541,522,508,388,524,410,495,Squat
526,516,399,635,530,541,384,525,541,521,508,389,522,412,500,Squat
528,516,399,637,529,538,384,527,536,518,508,390,523,412,500,Squat
528,511,404,638,523,538,385,514,540,517,506,392,524,407,500,Squat
529,510,409,638,518,539,386,520,531,517,504,395,522,406,501,Squat
529,510,410,641,515,540,385,515,534,514,499,396,522,404,500,Squat
532,512,412,641,505,541,384,512,536,512,500,398,522,401,498,Squat
533,511,412,641,505,541,384,509,533,512,500,401,524,405,494,Squat
537,509,412,645,502,536,384,503,534,512,504,400,524,409,487,Squat
539,505,415,642,499,533,382,508,529,510,509,395,524,408,484,Squat
539,505,413,641,497,525,384,502,526,509,509,392,526,403,483,Squat
539,503,411,641,493,521,386,495,524,509,504,391,527,392,486,Squat
540,503,411,642,489,523,383,495,526,508,499,389,530,383,484,Squat
540,505,407,641,482,528,386,487,528,506,497,385,532,382,479,Squat
542,504,405,641,480,532,383,491,528,505,498,381,533,382,477,Squat
544,503,404,641,480,532,384,486,529,504,501,379,531,382,477,Squat
546,503,402,644,486,526,386,482,528,503,498,377,526,385,473,Squat
548,503,397,643,485,521,384,486,527,501,497,375,524,387,472,Squat
548,503,393,643,482,525,386,482,529,500,498,374,522,387,471,Squat
548,501,388,643,482,530,386,478,532,499,501,374,521,383,471,Squat
547,505,387,644,486,530,385,479,532,499,503,374,523,383,472,Squat
547,510,385,644,485,529,385,480,530,499,503,374,526,383,471,Squat
547,510,384,643,483,527,386,477,530,500,504,374,527,383,472,Squat
547,510,385,643,480,528,384,483,526,502,507,373,527,382,473,Squat
547,511,386,643,480,528,384,482,527,503,508,373,527,383,468,Squat
546,511,386,643,479,529,384,484,527,504,508,373,527,380,474,Squat
544,511,384,642,479,530,384,484,529,504,508,370,527,381,469,Squat
544,511,384,644,483,526,382,487,526,504,506,369,524,383,466,Squat
544,511,384,644,483,525,385,484,527,504,505,369,524,383,468,Squat
544,508,384,644,485,525,386,481,528,504,505,367,522,385,468,Squat
545,507,384,644,485,524,385,479,529,504,505,367,522,386,469,Squat
545,505,384,644,483,527,388,475,530,504,504,367,522,386,469,Squat
545,506,387,644,484,528,385,478,530,505,504,367,523,387,470,Squat
545,508,391,644,483,528,384,481,530,505,504,371,523,391,473,Squat
544,510,395,642,481,526,384,480,530,504,504,375,522,394,476,Squat
543,510,399,641,479,529,386,478,533,504,505,378,522,401,476,Squat
539,513,399,645,485,532,386,480,532,505,505,382,523,406,479,Squat
536,516,400,640,485,529,388,480,530,505,506,384,526,413,482,Squat
534,516,403,642,485,528,386,481,531,503,507,386,524,423,485,Squat
532,516,408,637,475,523,387,490,530,504,509,389,519,429,486,Squat
532,516,411,637,494,528,386,493,528,508,509,392,518,422,486,Squat
532,515,416,637,499,525,389,495,525,512,508,397,519,412,484,Squat
533,515,420,641,526,536,386,515,527,513,507,403,521,413,486,Squat
537,517,420,643,538,537,382,529,531,512,509,406,522,415,490,Squat
538,512,420,638,512,537,385,513,530,511,513,403,527,413,496,Squat
538,506,419,637,509,546,385,510,538,511,510,402,526,417,489,Squat
534,507,415,637,520,546,385,519,538,511,503,399,522,410,489,Squat
533,509,410,637,524,543,386,516,544,511,500,396,521,404,495,Squat
533,507,406,638,528,544,385,520,544,509,500,396,524,396,498,Squat
533,506,406,635,539,554,387,526,541,507,501,396,526,390,494,Squat
533,507,400,631,547,555,387,528,545,507,500,396,531,391,492,Squat
537,508,394,634,546,555,387,539,546,507,499,393,533,395,497,Squat
542,507,387,632,556,555,389,542,547,503,503,385,530,391,500,Squat
539,503,382,628,563,557,390,544,548,502,506,375,528,381,501,Squat
530,499,382,626,562,562,391,550,546,505,504,374,528,372,508,Squat
529,501,382,628,565,558,390,551,547,510,502,374,526,367,513,Squat
531,505,378,625,574,557,392,557,548,510,505,369,527,363,518,Squat
531,503,376,624,572,562,394,558,545,510,512,367,531,357,518,Squat
530,501,374,622,566,560,395,563,547,513,514,365,534,353,519,Squat
526,505,367,621,573,556,395,563,542,515,510,356,534,350,523,Squat
525,507,360,621,571,562,395,565,543,519,505,348,534,351,525,Squat
525,506,356,617,573,560,395,562,546,521,509,343,534,349,526,Squat
524,507,353,616,577,561,396,562,547,521,514,334,536,347,526,Squat
523,506,348,616,579,560,397,570,544,522,509,332,537,341,534,Squat
524,504,343,616,579,562,398,569,544,524,503,332,534,343,535,Squat
528,508,343,616,584,559,399,572,536,524,506,332,534,339,536,Squat
528,506,343,614,584,554,401,574,538,523,508,331,537,337,535,Squat
527,506,342,611,582,547,401,574,534,525,508,331,537,333,536,Squat
526,509,335,611,584,548,402,577,532,530,508,328,537,328,537,Squat
522,512,329,613,586,550,402,577,533,531,507,324,539,327,537,Squat
520,517,324,613,582,556,402,578,532,534,505,321,539,327,537,Squat
520,512,322,613,580,557,401,578,531,537,502,318,539,327,537,Squat
520,510,318,614,581,560,401,577,537,537,502,311,540,330,536,Squat
521,513,317,615,582,560,400,577,537,535,502,307,541,333,538,Squat
522,510,317,614,580,556,400,577,534,533,499,305,540,337,539,Squat
524,506,317,614,579,553,400,577,532,533,494,306,537,342,535,Squat
527,509,317,614,582,551,401,577,531,535,501,307,535,344,536,Squat
526,507,318,614,579,553,401,577,528,535,507,311,535,345,536,Squat
522,503,327,615,577,553,401,575,531,537,506,313,536,349,534,Squat
522,507,337,617,579,553,401,572,531,538,509,318,538,353,537,Squat
524,510,342,618,578,553,398,572,530,537,513,322,536,356,534,Squat
524,511,346,618,576,555,398,570,534,534,512,327,532,356,532,Squat
521,507,351,618,577,551,399,569,534,534,511,333,533,355,537,Squat
521,505,358,621,575,555,399,568,535,534,511,339,534,362,532,Squat
521,514,361,622,575,555,397,566,533,532,508,344,535,363,532,Squat
521,513,363,621,570,556,397,564,537,529,506,350,535,366,528,Squat
521,510,367,622,572,556,396,562,539,527,508,354,534,373,524,Squat
524,510,371,623,569,556,394,556,543,524,509,358,531,377,523,Squat
529,509,375,626,567,555,392,555,543,519,510,360,530,379,522,Squat
532,504,382,626,567,551,393,558,541,517,512,362,528,383,520,Squat
534,503,383,625,564,549,392,558,541,518,511,366,526,388,513,Squat
534,501,387,629,560,549,391,553,541,517,513,366,525,385,513,Squat
533,500,391,633,558,550,390,545,545,517,513,367,527,383,514,Squat
530,506,395,632,558,550,390,544,547,521,515,372,529,387,512,Squat
529,514,396,632,553,551,389,548,546,520,515,376,527,391,506,Squat
524,513,396,634,546,550,387,537,550,515,519,375,527,391,501,Squat
523,512,396,634,540,550,387,538,548,514,517,377,527,397,498,Squat
523,515,399,639,536,546,386,534,549,514,517,382,526,406,498,Squat
528,516,401,639,535,545,386,527,547,514,515,385,525,412,502,Squat
531,511,402,637,530,548,383,520,549,513,513,393,523,417,497,Squat
533,512,411,633,519,545,386,524,545,508,519,395,523,419,491,Squat
538,513,414,641,525,537,385,526,539,509,517,395,524,413,494,Squat
539,510,414,639,519,538,386,512,543,510,511,399,524,408,487,Squat
540,505,416,642,518,537,385,516,535,510,505,399,522,407,486,Squat
540,505,416,642,517,536,387,503,535,508,505,397,520,405,481,Squat
540,505,416,644,519,537,383,507,539,505,505,397,520,407,481,Squat
540,508,411,643,510,532,382,519,533,504,502,398,521,410,481,Squat
540,507,408,640,497,532,382,515,531,502,501,396,523,411,480,Squat
541,507,407,640,502,533,387,500,529,501,502,392,523,408,478,Squat
541,507,407,641,491,525,389,488,534,503,500,391,525,403,478,Squat
544,511,408,642,499,524,385,486,539,505,500,391,527,393,477,Squat
545,513,408,646,492,522,383,498,526,505,501,391,528,385,477,Squat
544,513,407,643,487,525,385,495,524,504,505,391,531,385,476,Squat
543,514,403,643,483,528,389,483,530,505,507,387,534,385,476,Squat
543,514,401,640,474,526,386,477,541,503,506,384,531,386,474,Squat
543,512,397,638,458,529,378,502,530,500,504,383,524,385,476,Squat
543,507,392,635,455,532,378,505,518,495,501,380,518,385,476,Squat
543,506,390,640,465,532,382,493,518,493,504,375,516,381,476,Squat
545,505,388,642,476,532,386,479,523,495,508,373,515,379,476,Squat
549,507,386,643,482,531,388,469,533,500,510,372,520,380,475,Squat
548,506,382,643,486,530,393,457,539,508,513,371,527,380,471,Squat
544,506,382,644,489,528,390,465,534,515,516,370,534,373,471,Squat
544,509,380,644,486,528,385,478,526,518,516,367,536,378,472,Squat
543,512,376,644,483,528,383,486,523,515,512,363,531,383,469,Squat
541,513,375,643,480,528,383,487,526,510,507,359,526,384,473,Squat
539,509,374,643,479,529,383,485,527,505,501,358,522,384,477,Squat
539,508,375,643,479,530,384,484,529,500,495,358,522,384,477,Squat
541,510,378,641,479,528,385,480,529,500,491,359,522,383,477,Squat
542,508,383,645,485,526,385,481,529,504,495,364,522,384,477,Squat
542,507,387,644,483,530,385,482,529,508,502,369,522,389,481,Squat
542,508,391,643,481,531,384,483,526,510,507,374,522,393,486,Squat
539,510,395,643,479,531,383,487,525,512,512,379,524,401,488,Squat
534,510,398,640,478,530,385,484,526,512,515,384,525,411,489,Squat
530,514,403,639,477,527,387,486,527,512,513,386,524,420,490,Squat
529,517,408,638,478,526,386,486,530,512,512,387,522,427,491,Squat
530,514,412,637,489,528,386,487,529,511,508,391,519,431,489,Squat
530,512,416,635,498,525,387,495,529,510,509,396,519,426,483,Squat
532,511,421,636,520,532,391,502,529,512,509,401,518,415,489,Squat
537,512,421,640,539,533,386,520,530,512,509,407,519,408,500,Squat
540,509,417,642,530,536,387,520,535,512,511,407,523,406,493,Squat
535,500,417,633,506,551,385,527,536,511,513,404,529,397,496,Squat
532,501,417,638,521,556,386,517,540,510,508,403,533,390,497,Squat
535,509,413,638,531,553,384,525,538,507,504,400,531,387,499,Squat
537,510,412,636,537,555,385,523,545,505,502,395,525,383,494,Squat
537,509,407,633,540,554,384,537,544,507,504,390,521,383,493,Squat
541,507,400,634,543,554,384,536,544,507,504,384,523,387,498,Squat
546,505,391,631,560,550,387,539,544,506,505,378,527,385,504,Squat
546,503,387,629,562,550,389,552,538,503,503,372,523,385,500,Squat
545,500,382,629,564,551,389,548,539,506,507,369,523,380,505,Squat
544,507,380,625,566,554,389,554,541,509,511,367,526,378,510,Squat
539,514,380,628,566,556,391,556,541,509,511,367,530,378,515,Squat
537,512,380,625,567,560,393,558,542,509,511,367,532,376,523,Squat
533,511,382,622,567,562,393,559,542,509,511,366,532,372,523,Squat
531,513,380,621,563,567,393,559,542,510,509,368,532,364,521,Squat
530,511,378,620,566,570,393,562,542,515,507,367,532,364,520,Squat
530,506,373,619,571,568,393,561,545,519,505,363,531,366,527,Squat
530,504,367,616,576,563,395,564,543,519,508,358,529,366,531,Squat
527,500,362,615,578,564,397,566,540,519,505,355,527,365,534,Squat
527,505,362,615,581,564,397,567,540,521,501,351,526,360,537,Squat
522,504,361,612,577,557,398,572,539,524,505,351,527,354,540,Squat
519,506,358,611,581,560,401,570,543,528,508,348,531,345,545,Squat
517,503,355,612,581,559,400,573,535,530,509,345,535,348,540,Squat
519,507,350,611,581,556,400,573,535,533,508,342,535,347,540,Squat
521,507,344,610,587,556,401,575,530,533,508,336,533,347,542,Squat
519,504,340,609,588,556,403,579,528,533,505,330,532,345,542,Squat
517,510,338,608,586,556,402,579,530,534,504,326,534,343,545,Squat
517,514,334,608,586,559,402,578,530,537,501,324,537,341,546,Squat
515,509,331,607,586,564,402,579,533,539,499,322,540,332,548,Squat
512,505,330,609,585,562,403,578,534,541,497,321,540,329,548,Squat
514,510,328,609,585,564,402,577,536,543,497,321,535,329,546,Squat
516,510,326,610,585,561,401,578,536,541,502,318,538,333,544,Squat
515,504,321,610,586,560,401,580,530,540,506,314,539,338,544,Squat
515,498,321,608,584,555,401,581,530,542,501,311,537,342,542,Squat
516,500,321,610,587,556,402,579,528,542,495,313,535,347,539,Squat
517,509,325,610,589,551,402,579,525,541,499,313,535,348,538,Squat
518,512,328,611,584,555,403,578,528,542,503,317,536,349,538,Squat
516,504,331,612,583,555,402,578,526,542,507,319,536,351,540,Squat
512,504,335,615,580,557,402,574,529,542,508,325,535,355,537,Squat
513,510,342,615,579,557,401,573,528,541,508,332,536,357,538,Squat
516,510,346,617,579,558,400,571,533,539,507,337,537,358,535,Squat
515,508,348,617,579,553,399,569,534,538,507,341,535,362,533,Squat
512,502,353,617,577,551,400,570,532,536,510,343,535,365,535,Squat
515,502,358,617,575,553,398,567,533,536,508,345,536,367,533,Squat
517,502,358,619,575,553,395,563,538,536,508,346,533,368,528,Squat
517,501,362,619,572,554,395,562,538,533,513,348,530,370,524,Squat
517,504,363,622,568,556,394,561,537,533,514,349,529,374,523,Squat
520,504,368,622,568,556,393,560,539,532,510,350,526,378,520,Squat
520,504,373,626,566,557,392,559,539,530,508,351,525,381,519,Squat
521,506,378,626,561,558,392,557,541,525,512,356,527,383,517,Squat
523,507,381,628,559,558,391,554,540,524,516,361,529,383,514,Squat
524,506,386,629,557,558,390,552,541,524,517,365,527,386,510,Squat
526,506,393,631,556,556,388,550,539,526,517,370,524,393,510,Squat
532,510,398,633,553,555,388,547,542,521,519,373,524,401,508,Squat
532,508,402,633,548,552,388,544,543,519,515,374,523,407,508,Squat
529,503,405,635,542,551,388,541,544,519,510,379,523,413,507,Squat
529,506,407,634,537,549,386,539,542,522,509,384,523,416,506,Squat
528,509,406,636,532,545,385,534,543,522,512,389,522,411,504,Squat
528,510,410,636,526,545,388,529,541,520,516,394,520,405,498,Squat
528,511,415,638,526,542,388,522,541,518,514,400,522,397,499,Squat
533,512,416,639,527,539,383,525,539,515,510,403,520,403,491,Squat
533,514,416,641,527,537,383,525,537,512,508,403,520,405,490,Squat
534,512,414,644,522,538,383,512,538,511,506,404,522,410,493,Squat
536,515,408,639,513,540,384,515,533,508,504,402,522,413,491,Squat
533,523,405,641,510,540,385,519,530,503,501,397,522,412,489,Squat
533,532,405,641,502,538,387,506,533,503,500,396,523,405,488,Squat
533,529,405,642,503,536,388,499,535,504,501,395,523,399,487,Squat
537,525,405,642,501,533,386,493,535,505,506,393,523,393,487,Squat
538,522,405,642,496,527,384,497,533,504,507,390,523,391,483,Squat
540,523,405,642,495,528,382,502,524,504,508,388,523,391,483,Squat
544,523,405,645,495,528,383,505,513,502,508,386,523,393,480,Squat
547,518,405,642,489,528,383,502,515,498,509,384,523,391,480,Squat
547,515,403,640,482,531,384,489,525,498,508,382,521,386,480,Squat
549,511,402,641,484,531,385,486,530,499,503,380,521,382,480,Squat
551,511,400,642,479,529,382,486,529,500,501,378,523,379,483,Squat
550,511,397,641,467,528,383,487,524,500,503,377,524,375,484,Squat
548,514,396,640,460,532,385,479,521,499,502,377,524,372,484,Squat
547,512,394,641,469,535,384,479,523,498,502,377,522,376,474,Squat
547,509,391,643,479,535,385,480,527,499,503,377,521,377,474,Squat
548,509,386,642,480,534,387,477,531,501,503,377,521,381,475,Squat
550,508,385,644,482,529,386,476,533,503,503,374,521,386,475,Squat
552,508,385,644,483,529,383,483,523,503,499,373,521,389,475,Squat
551,510,384,643,481,531,387,476,524,502,496,370,524,384,480,Squat
549,508,385,642,480,531,387,477,526,499,497,369,525,381,482,Squat
546,507,388,644,484,531,385,483,527,499,498,369,526,381,482,Squat
543,509,390,642,480,531,383,488,526,499,498,369,525,381,481,Squat
541,514,388,641,479,529,385,482,526,499,498,370,524,381,481,Squat
543,513,386,643,484,528,385,481,525,503,500,370,524,381,485,Squat
544,510,386,643,487,529,385,484,524,506,501,370,523,381,489,Squat
546,508,382,643,486,530,383,488,526,508,502,371,525,386,491,Squat
546,506,382,643,486,531,383,483,531,507,502,370,525,393,488,Squat
544,508,383,643,487,529,387,481,531,505,503,370,523,397,487,Squat
542,511,385,642,490,528,384,489,529,505,503,372,523,399,487,Squat
539,511,390,642,495,530,386,486,528,505,504,374,524,394,488,Squat
537,511,395,640,496,531,385,493,527,505,504,378,524,396,486,Squat
537,514,400,643,502,531,385,503,528,505,504,382,524,399,493,Squat
541,513,406,643,511,532,383,505,530,502,503,384,524,407,493,Squat
544,509,411,644,515,530,383,510,529,500,504,387,521,418,488,Squat
544,503,415,639,510,536,383,512,530,500,506,392,523,414,498,Squat
540,504,418,640,519,541,386,506,531,503,507,398,518,408,495,Squat
538,510,420,639,515,542,385,513,531,507,506,403,516,403,494,Squat
536,509,419,639,519,547,384,519,535,510,507,405,522,411,495,Squat
533,505,416,640,520,548,382,531,534,508,508,405,530,410,507,Squat
529,502,418,634,525,547,389,518,535,506,509,401,527,408,496,Squat
526,512,418,635,527,543,389,525,539,508,505,400,522,409,483,Squat
533,510,410,637,534,545,385,524,538,515,500,400,521,400,499,Squat
544,507,403,634,548,547,384,527,542,513,502,396,522,400,506,Squat
543,507,405,631,552,549,388,540,536,503,502,394,521,402,496,Squat
537,510,407,630,545,551,389,545,538,501,503,396,529,392,496,Squat
536,514,401,631,549,555,387,539,545,505,504,396,533,386,496,Squat
538,507,391,629,555,559,389,543,547,508,503,389,530,384,491,Squat
542,505,386,628,564,558,390,548,547,509,500,384,526,379,500,Squat
545,502,381,624,566,562,388,552,547,510,500,376,527,378,506,Squat
542,503,377,624,570,567,391,555,546,508,495,370,531,367,509,Squat
534,502,374,622,569,568,393,559,542,506,495,365,532,350,513,Squat
527,503,372,621,568,567,394,562,545,511,494,360,528,342,519,Squat
523,501,364,621,570,566,393,559,548,520,500,357,525,336,521,Squat
522,499,353,615,572,562,394,563,548,528,506,350,526,341,510,Squat
518,498,347,616,574,557,394,564,546,534,508,339,528,350,512,Squat
522,505,341,616,579,556,398,567,543,537,507,330,532,357,512,Squat
527,508,338,614,583,556,399,570,543,536,506,323,535,362,514,Squat
529,503,341,611,585,551,399,573,538,533,503,322,534,365,518,Squat
529,500,346,612,591,551,401,576,536,532,501,317,534,360,522,Squat
528,510,345,611,592,555,402,577,535,532,499,319,534,352,526,Squat
521,517,346,609,590,562,404,578,533,536,502,323,534,343,530,Squat
517,517,349,602,584,560,405,577,537,537,506,333,537,336,533,Squat
515,517,346,607,590,545,403,575,536,539,515,340,540,324,534,Squat
511,516,341,604,585,558,402,578,540,543,516,339,540,314,536,Squat
511,511,336,610,592,553,402,577,539,544,511,336,538,316,532,Squat
516,507,329,610,591,550,401,577,539,542,505,330,537,322,531,Squat
523,503,320,608,592,550,402,576,538,538,498,322,537,326,534,Squat
527,500,314,608,592,551,403,578,539,536,502,311,537,330,536,Squat
529,498,315,608,594,548,403,582,536,533,505,304,539,330,535,Squat
527,504,321,609,592,551,403,578,540,533,504,303,539,335,533,Squat
526,509,326,611,589,552,403,578,534,538,507,308,537,342,533,Squat
525,506,328,612,588,551,403,577,534,538,513,313,536,344,538,Squat
523,504,333,612,586,550,402,576,532,535,517,316,533,355,527,Squat
523,511,338,613,585,553,402,576,534,535,516,323,532,358,531,Squat
522,514,344,614,584,549,401,575,534,535,513,328,531,363,528,Squat
524,506,353,615,579,553,401,571,537,534,512,333,533,367,531,Squat
526,503,360,617,582,546,400,571,535,532,510,340,535,370,531,Squat
527,509,366,616,579,548,398,571,537,532,509,347,534,372,529,Squat
526,510,370,618,579,548,399,570,536,531,510,350,532,371,528,Squat
522,504,374,618,574,547,399,563,542,531,510,353,532,374,526,Squat
522,503,375,621,574,550,396,561,543,532,510,357,529,379,524,Squat
524,505,375,622,570,552,394,558,546,531,510,358,529,382,523,Squat
525,505,379,622,566,550,394,551,549,528,511,357,530,382,523,Squat
528,502,383,626,564,552,394,553,546,527,507,361,530,384,520,Squat
529,507,384,626,562,553,392,556,544,522,507,366,530,385,516,Squat
528,510,388,630,560,551,392,551,545,520,512,371,530,383,516,Squat
528,506,391,630,555,553,391,549,544,518,514,375,529,384,518,Squat
530,508,393,629,554,554,390,543,546,516,511,378,529,389,513,Squat
532,513,393,634,552,553,389,543,547,514,511,378,529,387,513,Squat
532,508,396,634,547,554,389,545,545,515,513,379,526,389,509,Squat
534,501,397,634,546,550,388,542,547,519,514,380,523,391,513,Squat
534,503,396,637,541,547,387,535,548,519,513,382,523,398,506,Squat
534,506,395,637,540,545,387,537,546,518,516,382,523,403,506,Squat
533,507,395,637,534,541,387,532,545,516,513,382,523,405,501,Squat
532,513,396,637,527,538,385,522,546,515,511,384,524,402,496,Squat
528,516,398,637,528,541,384,524,546,513,511,385,527,397,497,Squat
528,515,398,639,523,539,385,525,543,515,511,386,527,399,497,Squat
530,513,398,639,525,537,385,518,543,515,511,386,527,400,495,Squat
533,513,401,639,516,535,385,519,542,512,512,386,524,400,491,Squat
535,513,404,641,518,536,385,513,542,512,510,386,523,397,490,Squat
535,513,409,643,514,534,386,504,542,512,506,385,523,392,491,Squat
538,515,411,644,518,535,384,499,547,512,508,385,527,394,486,Squat
541,515,411,642,511,535,382,514,543,512,511,386,526,393,487,Squat
541,513,408,645,516,530,384,509,538,510,516,389,523,397,485,Squat
541,515,402,644,515,532,385,504,538,505,518,388,523,403,484,Squat
541,515,395,644,503,527,383,503,534,504,522,386,523,403,484,Squat
541,514,391,643,497,526,384,499,533,504,517,384,523,398,484,Squat
538,516,390,643,494,527,383,504,528,505,516,382,523,391,483,Squat
538,522,392,641,490,527,384,501,525,508,514,381,524,388,482,Squat
539,521,391,642,488,529,386,491,528,508,516,380,526,384,489,Squat
539,516,391,642,478,526,384,487,530,508,521,380,526,384,480,Squat
539,511,390,642,478,530,388,479,537,506,527,380,527,384,480,Squat
540,510,391,641,474,533,383,493,531,505,523,380,527,383,478,Squat
541,510,390,641,476,532,385,487,527,504,520,378,527,384,478,Squat
543,510,389,643,478,527,381,495,529,504,514,375,525,386,480,Squat
543,502,388,642,476,525,381,487,532,504,510,372,522,386,479,Squat
543,496,386,640,472,527,383,480,532,505,510,371,518,381,477,Squat
542,495,386,644,482,526,385,495,519,507,513,371,517,379,477,Squat
542,501,385,645,486,524,388,473,523,509,513,370,518,378,480,Squat
541,503,385,644,484,529,390,462,534,510,513,370,524,376,480,Squat
537,502,385,647,487,528,390,473,526,510,515,368,529,377,477,Squat
538,507,387,647,483,529,389,480,531,510,521,366,532,375,481,Squat
541,510,389,649,487,536,380,500,535,508,516,361,531,378,484,Squat
544,508,389,645,482,534,376,502,524,504,516,360,526,384,480,Squat
544,513,384,638,474,535,381,496,521,504,518,362,521,388,476,Squat
545,515,383,637,472,537,385,486,524,509,519,364,518,389,476,Squat
547,515,382,637,473,525,385,482,529,514,521,368,517,389,481,Squat
547,514,382,638,487,515,385,484,529,515,524,369,520,392,484,Squat
547,512,387,639,495,520,385,486,524,512,526,373,526,394,486,Squat
544,512,393,645,512,533,385,489,525,509,527,375,533,396,493,Squat
543,514,403,642,491,549,383,491,527,506,522,378,531,405,496,Squat
539,516,410,644,501,531,381,501,526,502,516,381,527,416,490,Squat
536,519,413,640,502,524,384,492,530,500,512,386,524,419,489,Squat
531,522,415,642,505,524,388,484,537,500,503,390,523,409,495,Squat
525,517,414,641,509,531,387,499,532,504,504,396,524,400,496,Squat
524,524,411,639,515,537,384,509,529,506,511,402,526,393,502,Squat
527,522,409,644,527,535,385,506,531,507,513,403,524,386,509,Squat
533,511,410,638,523,542,386,511,537,508,520,403,524,388,499,Squat
537,502,405,639,519,549,385,519,535,511,522,403,524,405,488,Squat
543,495,400,640,515,548,384,517,536,513,515,399,522,410,496,Squat
546,495,395,637,522,550,383,524,540,515,510,389,521,408,497,Squat
545,497,396,635,531,552,387,528,541,513,511,383,521,404,492,Squat
539,506,399,637,533,554,387,528,538,513,510,382,522,401,500,Squat
538,508,398,635,543,552,384,533,538,512,509,384,523,389,513,Squat
535,514,398,629,551,547,388,538,537,509,514,382,521,382,508,Squat
521,523,400,631,549,549,390,541,538,507,512,382,521,376,502,Squat
518,527,397,631,545,557,387,545,538,514,510,383,521,377,503,Squat
525,530,388,629,553,553,387,540,543,521,510,380,523,380,510,Squat
533,522,379,626,563,553,388,546,543,520,513,371,527,382,506,Squat
535,515,382,625,563,557,390,546,544,516,511,367,527,384,507,Squat
536,512,378,623,566,561,391,551,541,515,506,365,527,377,510,Squat
538,518,372,624,562,565,391,555,540,515,499,361,529,368,514,Squat
533,518,367,620,566,569,394,564,538,515,501,357,529,358,513,Squat
527,514,370,617,567,565,393,566,536,518,506,355,526,354,512,Squat
520,510,368,619,570,571,394,565,540,523,507,355,525,360,516,Squat
522,516,363,616,573,571,394,567,540,525,508,355,527,367,518,Squat
530,517,359,616,576,573,396,569,541,523,513,354,529,369,517,Squat
533,511,359,607,578,581,397,572,542,520,515,349,531,368,524,Squat
533,506,362,602,579,582,398,573,548,519,510,347,531,366,530,Squat
530,514,367,618,591,558,398,575,539,517,508,347,533,360,534,Squat
527,519,368,614,591,555,401,577,519,520,509,347,536,352,537,Squat
519,519,367,606,585,558,400,574,524,528,509,347,534,347,535,Squat
514,516,365,606,583,569,400,574,529,532,509,348,531,346,534,Squat
512,512,361,613,587,571,401,577,523,535,512,348,531,349,536,Squat
512,512,354,616,585,567,400,577,513,536,522,347,531,354,535,Squat
514,514,346,614,588,566,397,578,513,539,523,342,533,357,534,Squat
516,515,342,612,587,568,395,580,517,538,516,335,535,354,543,Squat
516,511,337,605,590,565,389,586,508,538,513,330,534,351,539,Squat
518,507,332,604,585,570,395,580,501,537,511,329,532,340,539,Squat
518,504,327,590,580,584,407,573,530,535,510,326,531,333,541,Squat
518,508,323,597,584,573,417,572,558,535,508,321,531,332,541,Squat
520,506,322,600,587,570,419,575,544,532,507,318,535,330,543,Squat
520,503,326,592,590,572,423,583,529,532,508,315,539,330,542,Squat
520,505,332,592,596,560,421,584,533,535,507,316,540,330,544,Squat
519,511,335,595,599,557,408,586,527,539,508,318,541,329,545,Squat
518,511,335,593,598,559,395,591,499,541,509,322,536,333,542,Squat
518,513,332,594,600,551,393,588,496,543,509,323,532,340,540,Squat
517,511,331,600,599,551,400,582,517,543,509,328,532,349,541,Squat
517,509,330,598,595,557,400,579,515,541,506,328,531,354,538,Squat
514,511,332,595,592,558,401,578,522,536,505,326,530,356,540,Squat
514,512,337,600,590,556,399,578,517,535,505,327,531,361,538,Squat
514,509,346,601,584,563,399,574,519,533,502,330,531,365,536,Squat
514,504,353,601,577,570,398,574,521,529,505,330,531,371,533,Squat
514,503,363,604,581,562,397,574,524,529,509,335,528,377,536,Squat
517,503,373,611,580,555,394,570,526,531,512,345,522,382,536,Squat
520,503,379,635,579,557,396,571,523,528,517,354,518,386,530,Squat
520,507,386,640,578,556,396,569,526,526,528,361,519,386,531,Squat
520,508,391,622,577,552,394,563,532,524,532,365,521,386,525,Squat
520,509,394,622,577,549,393,562,533,524,526,367,526,389,521,Squat
520,509,394,628,562,559,392,560,532,527,517,370,529,393,522,Squat
520,513,392,631,560,560,393,557,535,530,515,373,528,395,526,Squat
520,513,390,628,560,556,389,553,537,529,513,377,524,399,524,Squat
521,513,390,626,552,561,388,550,538,526,512,382,521,405,517,Squat
521,511,389,634,554,558,385,543,540,525,511,384,520,408,515,Squat
519,511,389,631,547,558,386,542,540,523,509,388,520,409,517,Squat
520,513,389,630,541,555,386,535,540,522,509,390,521,412,512,Squat
520,510,392,634,537,554,386,531,539,521,509,390,520,408,510,Squat
520,508,396,633,532,551,386,531,536,521,506,390,518,400,510,Squat
520,509,402,636,530,548,386,526,536,522,503,393,522,396,515,Squat
524,510,410,638,531,546,384,524,532,522,505,396,524,396,512,Squat
528,511,415,640,528,545,384,519,531,520,507,396,523,396,516,Squat
533,509,417,640,524,543,383,522,530,516,507,396,520,404,513,Squat
533,510,416,639,520,540,385,520,526,512,507,394,520,413,506,Squat
533,510,414,641,513,542,385,515,522,512,504,394,517,414,506,Squat
533,510,409,639,501,543,384,514,521,511,502,392,516,409,505,Squat
532,512,407,638,492,544,384,506,523,510,502,390,516,401,500,Squat
533,515,406,638,496,539,385,496,525,510,503,390,518,390,498,Squat
537,515,403,641,498,532,385,495,524,510,505,390,519,381,502,Squat
540,516,402,643,497,530,386,493,524,507,506,388,519,376,509,Squat
542,514,398,644,500,530,383,492,519,506,506,384,520,383,494,Squat
542,513,398,644,497,534,383,494,519,506,505,382,521,385,488,Squat
544,516,396,642,490,538,383,487,522,507,500,379,523,380,491,Squat
545,518,391,643,489,538,386,481,525,509,497,375,524,380,487,Squat
545,517,386,645,493,535,384,484,525,510,495,374,524,380,490,Squat
542,516,384,642,481,533,384,484,524,510,496,373,526,380,488,Squat
541,518,384,641,473,534,384,482,523,510,497,372,523,380,479,Squat
540,519,384,640,472,538,384,484,523,509,497,372,522,375,478,Squat
540,517,381,643,480,538,383,488,523,509,498,372,522,375,478,Squat
540,512,381,643,481,536,383,489,523,509,499,371,522,378,477,Squat
541,511,381,643,485,532,384,489,523,509,499,370,522,381,478,Squat
544,511,380,643,485,532,383,491,522,509,499,367,521,384,477,Squat
546,510,380,643,486,535,383,491,523,509,501,365,520,384,479,Squat
545,507,380,644,491,534,383,489,524,509,501,364,521,383,475,Squat
545,507,383,645,493,534,383,489,524,509,502,365,521,386,474,Squat
544,510,386,645,493,533,383,490,524,509,502,367,522,388,473,Squat
542,513,390,644,489,533,383,490,526,508,503,369,524,388,477,Squat
541,513,395,643,489,533,383,490,526,508,502,372,526,389,480,Squat
540,512,396,643,493,533,383,491,526,508,503,374,526,391,480,Squat
539,510,400,644,495,531,383,492,524,507,503,377,528,391,484,Squat
539,510,402,644,494,529,383,493,525,507,505,382,528,399,485,Squat
540,509,403,643,491,529,383,494,525,506,507,385,526,406,494,Squat
541,507,405,642,491,529,383,497,526,506,509,386,518,419,494,Squat
540,505,405,642,495,529,384,497,524,507,511,389,515,432,493,Squat
536,506,406,637,504,529,383,500,520,510,512,392,519,439,493,Squat
526,506,407,633,502,529,385,499,522,513,516,394,525,429,491,Squat
519,508,410,634,505,531,387,498,527,514,518,395,528,411,488,Squat
522,509,415,640,518,529,394,486,544,512,520,396,528,396,487,Squat
530,510,418,639,537,537,388,519,542,511,515,400,528,393,494,Squat
540,508,415,634,546,548,384,532,535,509,514,402,526,403,497,Squat
543,503,413,635,530,556,383,530,533,506,512,397,524,408,497,Squat
545,497,411,638,530,557,385,537,535,501,512,392,522,403,505,Squat
544,501,409,639,542,552,386,539,539,498,508,390,522,409,501,Squat
539,501,409,634,548,551,389,542,539,501,503,390,524,404,509,Squat
535,502,408,634,547,552,387,541,539,506,505,387,524,397,511,Squat
530,505,407,623,561,548,388,545,537,510,510,385,525,392,508,Squat
528,508,405,624,558,550,387,547,541,510,511,385,524,386,512,Squat
530,508,400,625,555,554,390,551,541,511,511,384,524,386,517,Squat
535,511,393,627,564,555,390,553,543,512,511,382,525,384,518,Squat
536,503,387,625,562,565,393,555,543,510,506,376,525,375,522,Squat
536,500,382,623,569,567,393,558,543,510,504,373,528,365,535,Squat
536,509,366,613,570,566,394,560,543,511,503,370,532,362,538,Squat
536,508,356,620,572,571,395,564,544,511,500,365,532,358,540,Squat
536,510,355,623,573,575,396,570,542,510,494,358,534,356,543,Squat
532,508,354,617,577,575,395,568,542,510,492,353,534,356,548,Squat
532,509,357,613,582,570,398,573,547,509,501,350,536,355,550,Squat
532,510,356,613,587,568,399,575,535,514,508,349,535,352,554,Squat
532,503,359,605,586,574,401,576,532,519,516,347,535,349,556,Squat
532,508,358,606,591,559,401,577,534,522,519,344,539,348,555,Squat
531,515,354,608,594,547,402,577,538,523,520,340,539,346,564,Squat
528,514,353,608,592,549,402,579,530,523,514,334,536,349,558,Squat
527,510,347,607,590,561,404,578,534,523,507,329,535,345,556,Squat
525,508,341,603,585,568,404,578,532,524,504,327,537,338,560,Squat
528,514,340,597,582,575,405,580,532,527,503,328,539,335,558,Squat
530,513,333,593,575,578,403,579,529,525,504,329,542,335,555,Squat
529,506,328,606,590,560,403,580,526,527,507,324,543,342,555,Squat
529,500,324,612,597,550,403,580,527,532,507,318,538,346,550,Squat
527,512,325,608,598,548,404,581,525,531,498,312,532,344,552,Squat
526,514,326,600,594,554,403,583,523,528,499,306,528,346,556,Squat
525,513,326,600,594,560,405,584,523,527,502,306,528,349,552,Squat
522,509,331,609,598,553,405,584,523,529,503,306,533,344,554,Squat
520,507,336,608,593,556,404,581,523,532,503,308,536,346,554,Squat
519,504,339,606,590,562,405,582,524,535,507,316,534,353,549,Squat
521,506,339,603,585,562,404,579,526,535,510,324,530,357,545,Squat
522,506,341,603,584,561,402,579,524,531,509,328,528,358,546,Squat
519,501,344,607,586,556,402,581,519,530,506,333,528,362,549,Squat
517,503,350,612,588,549,401,576,522,532,496,341,527,367,546,Squat
517,510,355,616,584,553,400,574,526,530,497,345,528,365,553,Squat
517,510,360,615,583,555,399,574,525,528,502,349,529,371,542,Squat
519,513,365,615,578,558,398,573,526,529,505,355,527,371,541,Squat
520,511,367,618,577,558,399,573,528,529,506,355,526,376,535,Squat
521,510,367,617,576,554,396,569,531,529,504,356,525,379,535,Squat
523,513,368,619,574,555,396,566,533,531,503,357,525,384,534,Squat
525,515,369,620,571,556,397,567,533,531,503,358,525,387,531,Squat
526,516,371,625,562,560,395,562,534,529,503,360,526,384,528,Squat
523,516,373,624,566,556,394,561,536,526,503,360,526,382,527,Squat
519,516,378,626,559,559,395,559,540,527,503,365,526,381,527,Squat
521,521,378,629,556,562,391,556,540,528,502,365,526,384,524,Squat
524,521,378,629,557,559,389,553,539,524,505,365,524,384,524,Squat
523,515,378,630,555,559,389,553,539,524,505,369,522,390,521,Squat
522,513,381,632,551,557,389,550,539,524,505,374,522,397,520,Squat
525,518,384,634,549,552,389,549,539,522,507,377,523,400,520,Squat
529,516,386,633,547,550,387,548,538,522,511,379,523,400,519,Squat
528,516,393,633,540,551,387,543,539,523,509,383,521,398,517,Squat
528,518,399,634,538,549,386,533,540,525,509,383,522,396,515,Squat
528,516,401,636,533,546,385,527,540,528,509,383,522,392,514,Squat
526,514,405,637,530,549,385,525,541,528,510,384,521,392,511,Squat
522,511,409,637,529,547,385,528,538,526,513,384,521,397,510,Squat
524,516,409,640,527,543,384,526,535,526,511,385,520,405,504,Squat
525,519,408,640,520,543,385,523,535,525,504,386,519,410,503,Squat
527,515,408,642,517,543,386,518,536,522,503,384,518,412,506,Squat
531,513,408,639,510,543,384,513,533,519,503,384,521,413,502,Squat
533,516,408,640,504,544,387,507,536,518,503,384,520,407,501,Squat
533,518,409,640,502,542,386,500,537,513,503,384,519,401,499,Squat
535,518,408,639,498,537,387,499,538,512,506,386,520,394,496,Squat
535,514,406,641,498,534,384,499,531,511,506,388,520,388,494,Squat
537,515,406,642,498,530,386,497,529,511,509,387,521,387,493,Squat
540,519,402,645,499,529,385,499,527,509,509,387,520,389,488,Squat
542,517,398,645,494,531,384,501,524,507,511,384,519,389,484,Squat
543,513,395,643,492,532,383,500,524,505,510,383,522,387,485,Squat
544,515,393,643,489,534,383,499,525,505,510,378,522,387,487,Squat
545,512,389,643,488,533,384,494,526,505,508,378,521,385,487,Squat
545,513,388,643,486,533,383,496,525,505,508,377,520,382,483,Squat
545,514,386,642,484,533,383,493,525,504,508,377,520,381,485,Squat
544,514,384,645,490,532,383,489,526,504,508,377,524,378,487,Squat
544,514,384,644,489,533,384,485,529,504,508,377,527,380,486,Squat
544,514,384,644,488,531,383,489,528,504,508,376,527,381,486,Squat
543,514,387,645,489,531,385,485,529,504,507,374,527,377,490,Squat
543,514,387,643,488,531,385,484,529,506,506,373,526,378,492,Squat
543,514,387,643,487,532,384,485,528,506,506,371,526,377,493,Squat
543,513,387,643,486,533,384,489,527,506,506,370,526,376,495,Squat
542,515,387,643,486,533,384,487,528,506,506,369,525,376,495,Squat
542,515,387,643,488,533,384,488,529,506,506,369,525,378,493,Squat
541,513,386,643,488,532,384,488,529,506,506,368,525,377,497,Squat
541,512,385,643,488,532,384,488,529,506,505,367,525,378,497,Squat
541,512,384,644,489,532,384,488,529,506,502,367,524,379,494,Squat
542,510,384,644,488,532,384,488,529,506,503,367,524,379,494,Squat
542,509,382,644,487,533,384,488,529,506,504,367,525,381,494,Squat
542,509,382,644,486,532,384,489,529,507,506,368,527,381,494,Squat
542,508,382,644,487,530,384,489,529,508,507,370,526,381,495,Squat
542,509,385,643,488,529,384,489,529,509,508,370,523,385,492,Squat
541,510,387,643,490,530,384,491,528,511,508,372,524,389,495,Squat
539,511,389,643,489,531,384,490,529,514,507,374,522,391,495,Squat
536,511,391,641,489,533,384,490,528,514,506,376,518,396,496,Squat
531,511,394,640,495,530,384,494,527,515,507,378,516,408,492,Squat
526,511,395,641,502,529,383,495,526,516,506,381,521,421,487,Squat
521,511,395,639,499,529,384,500,524,516,506,381,532,421,492,Squat
518,515,398,639,495,524,385,493,530,514,505,381,531,414,489,Squat
522,517,404,640,503,532,394,484,544,513,501,384,524,400,487,Squat
527,520,407,641,523,537,389,520,541,514,500,386,525,389,491,Squat
535,520,407,637,533,551,381,520,539,514,501,390,524,389,493,Squat
540,516,411,641,530,548,384,515,535,509,508,395,519,397,498,Squat
540,513,411,644,522,551,386,541,529,504,515,395,518,409,495,Squat
537,512,406,635,532,551,387,535,535,503,516,396,523,408,495,Squat
534,512,404,635,528,549,385,537,534,508,512,395,526,402,496,Squat
532,517,404,629,537,556,388,524,542,512,508,394,522,395,496,Squat
527,518,404,628,547,545,388,539,538,512,512,391,521,388,495,Squat
529,518,402,629,546,549,388,538,538,512,511,388,524,391,493,Squat
536,514,400,632,558,546,388,543,537,512,509,387,528,398,491,Squat
540,511,396,633,563,544,388,545,539,509,504,383,528,401,489,Squat
543,509,394,627,559,552,390,548,538,506,506,380,526,399,494,Squat
545,499,394,626,569,550,391,550,540,506,496,378,523,399,495,Squat
548,492,392,626,568,553,392,554,540,506,492,376,526,393,506,Squat
546,492,394,621,569,559,390,557,541,506,493,374,528,380,512,Squat
541,502,396,623,569,562,394,561,542,506,496,376,528,368,512,Squat
536,498,395,621,563,567,395,562,541,509,500,376,529,359,511,Squat
531,487,390,620,569,566,395,562,544,515,499,371,528,356,511,Squat
530,487,384,614,574,565,393,568,539,523,493,366,528,360,513,Squat
531,489,370,616,579,563,396,567,544,520,492,359,527,362,516,Squat
535,482,359,617,581,560,396,569,544,520,491,353,528,360,523,Squat
538,502,348,615,589,563,399,572,542,520,489,351,530,358,526,Squat
539,517,345,615,585,564,400,572,545,518,490,351,531,355,533,Squat
539,521,352,614,593,562,402,576,539,517,499,348,534,352,535,Squat
539,517,359,609,591,567,402,575,538,517,500,348,539,349,537,Squat
537,518,366,602,583,577,405,575,539,519,504,348,541,346,537,Squat
532,515,365,594,574,561,405,581,527,523,509,349,536,348,534,Squat
530,520,356,607,596,526,405,582,531,526,508,349,537,346,534,Squat
530,521,350,612,597,531,405,581,535,529,508,348,538,342,534,Squat
529,515,346,598,587,562,402,579,539,534,507,341,537,336,540,Squat
529,508,341,595,585,568,403,576,539,533,503,330,537,332,540,Squat
531,511,333,596,587,568,405,580,530,530,492,320,536,328,543,Squat
534,501,325,602,596,551,405,580,534,531,481,313,533,324,542,Squat
534,498,325,608,597,550,403,577,538,530,483,305,535,322,542,Squat
533,502,327,605,593,567,404,580,538,530,488,298,534,327,542,Squat
533,497,325,606,596,557,402,581,534,530,495,301,533,335,541,Squat
536,493,322,609,593,558,402,583,530,528,500,300,535,340,536,Squat
537,496,323,606,594,561,404,583,527,525,502,302,535,345,536,Squat
535,499,326,610,596,545,404,585,525,526,503,308,535,351,537,Squat
532,512,325,606,594,547,404,584,524,529,508,317,533,353,536,Squat
528,517,333,608,589,555,402,581,527,527,516,325,535,356,540,Squat
529,516,341,609,584,556,402,576,533,529,517,336,536,362,536,Squat
532,511,346,612,583,559,401,570,539,526,509,340,536,365,534,Squat
530,507,352,610,583,557,399,570,538,522,509,339,535,366,533,Squat
531,507,355,615,583,552,399,569,538,523,507,344,530,370,530,Squat
535,508,359,613,583,549,401,570,535,526,504,348,528,372,528,Squat
534,503,368,612,580,553,399,567,539,525,505,349,528,372,531,Squat
533,497,376,615,576,556,397,567,536,525,503,353,531,374,534,Squat
535,497,382,616,576,554,396,565,538,524,497,357,531,381,524,Squat
538,500,385,620,572,554,395,560,539,520,500,360,529,383,526,Squat
538,498,388,620,571,556,394,559,540,519,500,363,527,386,521,Squat
537,499,389,622,568,557,394,560,541,518,502,367,527,386,521,Squat
537,507,390,623,565,557,393,557,541,517,503,369,527,384,522,Squat
535,504,391,625,563,556,393,555,541,516,503,373,528,384,520,Squat
535,506,394,628,558,556,392,553,541,514,505,378,529,387,518,Squat
535,511,394,628,555,559,391,553,541,513,508,381,529,389,518,Squat
538,513,391,631,554,559,391,549,542,512,505,382,529,389,520,Squat
538,508,391,629,552,558,390,547,542,512,505,382,529,395,515,Squat
537,508,391,633,547,557,389,543,543,511,505,380,529,397,513,Squat
534,508,392,634,545,557,388,544,542,510,506,380,529,398,516,Squat
534,509,394,633,540,555,387,537,543,510,506,381,525,401,511,Squat
535,509,396,634,540,551,388,536,543,510,507,382,522,397,506,Squat
531,507,399,634,537,547,386,531,545,514,511,382,523,391,513,Squat
532,506,401,637,534,545,387,532,541,519,511,387,524,392,514,Squat
538,509,400,639,528,546,384,524,542,517,513,389,523,398,507,Squat
538,508,402,638,525,546,386,528,538,512,516,385,525,399,507,Squat
536,504,407,638,524,545,384,526,539,512,513,384,528,398,515,Squat
538,504,407,640,523,540,384,531,533,512,507,384,527,401,505,Squat
538,509,406,640,515,540,386,525,535,509,508,383,527,402,499,Squat
537,512,406,641,509,541,385,514,534,509,508,382,525,400,502,Squat
538,511,405,641,509,539,384,511,534,509,507,382,521,399,500,Squat
538,511,404,641,509,534,385,505,532,510,508,384,522,396,496,Squat
540,508,404,642,506,534,389,487,536,510,511,384,526,395,497,Squat
541,507,401,643,507,533,385,490,540,510,510,384,527,392,491,Squat
541,507,402,643,499,533,384,489,539,508,509,383,527,389,486,Squat
542,508,400,644,502,531,386,498,531,506,506,381,529,384,485,Squat
542,508,395,644,500,527,385,502,528,506,504,381,529,383,484,Squat
542,504,392,645,499,526,384,500,527,508,502,381,527,383,484,Squat
542,502,391,645,495,530,383,501,527,507,502,377,524,386,483,Squat
542,508,387,643,484,533,381,497,530,505,503,375,524,386,480,Squat
543,511,386,640,481,537,382,496,533,505,503,377,526,385,478,Squat
543,508,387,642,485,538,382,487,534,507,505,378,524,383,478,Squat
543,509,387,642,490,533,381,497,531,509,506,377,524,383,479,Squat
544,509,385,642,491,533,384,489,530,510,507,376,525,381,485,Squat
543,509,384,643,487,533,386,486,526,510,507,374,525,385,477,Squat
541,509,384,644,493,533,386,482,528,510,507,372,526,385,477,Squat
540,511,383,645,493,533,385,484,528,506,506,370,526,383,472,Squat
538,513,383,643,490,532,385,486,526,506,507,367,526,383,474,Squat
537,510,383,643,489,531,386,488,523,507,507,366,526,383,476,Squat
537,509,381,644,490,531,384,494,523,508,507,365,525,385,474,Squat
538,504,381,644,490,531,383,492,523,508,507,364,524,386,475,Squat
539,499,381,646,494,532,385,491,530,508,508,365,522,389,475,Squat
541,498,382,644,494,534,383,499,535,510,510,366,520,391,482,Squat
541,503,385,644,495,533,382,500,533,512,510,368,520,398,481,Squat
539,504,390,641,493,536,383,499,529,512,510,373,524,401,482,Squat
536,507,396,642,502,534,385,492,528,512,513,378,526,402,482,Squat
531,504,402,642,502,530,384,496,529,513,512,383,526,404,486,Squat
530,509,406,640,499,532,384,498,530,513,512,386,526,406,487,Squat
529,514,405,640,508,533,385,498,534,512,511,386,525,406,484,Squat
528,509,405,638,509,535,385,506,532,512,507,388,523,407,483,Squat
528,507,405,640,514,537,387,504,536,513,506,388,521,410,485,Squat
531,506,405,640,524,538,385,513,533,511,507,390,520,403,492,Squat
531,507,409,639,528,539,386,517,533,510,507,391,521,404,485,Squat
534,503,412,636,524,546,386,519,536,510,506,393,521,404,482,Squat
534,501,413,637,533,548,384,521,538,510,508,396,521,404,490,Squat
538,504,409,639,531,550,385,528,538,510,508,396,520,403,492,Squat
541,500,407,634,536,553,385,529,538,508,508,392,523,396,487,Squat
540,500,405,631,536,555,386,528,539,509,506,391,525,393,488,Squat
538,507,401,635,541,554,386,533,539,510,501,391,527,394,495,Squat
540,508,398,633,548,553,387,540,540,511,500,388,526,394,495,Squat
539,508,393,629,552,552,388,538,542,511,501,386,525,392,493,Squat
535,509,389,627,554,554,388,543,542,512,500,385,528,392,500,Squat
533,509,386,628,555,559,389,547,543,514,502,385,526,390,502,Squat
533,511,382,626,561,557,389,546,543,512,505,380,524,387,503,Squat
533,512,382,620,562,559,392,551,541,511,504,375,525,382,509,Squat
534,507,385,620,565,560,390,551,546,511,504,371,526,378,512,Squat
534,507,385,623,562,564,392,554,548,512,503,366,531,371,520,Squat
534,510,384,621,566,569,393,557,546,515,503,361,535,366,524,Squat
533,507,383,616,574,569,395,559,547,518,502,359,534,364,524,Squat
530,508,379,615,575,567,396,564,543,518,503,355,532,357,528,Squat
528,508,373,612,580,566,395,565,544,519,501,352,524,361,532,Squat
531,507,366,613,580,569,395,567,545,522,498,350,518,363,533,Squat
537,502,357,611,584,567,396,570,547,522,500,346,521,358,535,Squat
533,495,357,610,589,558,399,571,547,522,496,344,526,353,540,Squat
532,506,359,610,591,559,400,578,540,526,490,347,529,352,542,Squat
531,511,359,607,589,559,402,573,531,530,489,346,529,350,546,Squat
526,503,363,610,591,559,402,576,535,530,500,346,532,350,544,Squat
526,511,359,609,585,567,403,576,535,533,505,342,531,350,543,Squat
526,512,349,607,583,572,403,578,528,534,501,339,531,347,547,Squat
523,514,344,602,586,570,403,577,531,536,496,334,534,344,550,Squat
521,518,338,598,586,568,402,574,533,534,502,331,536,340,550,Squat
523,518,331,597,587,571,404,577,532,531,503,326,534,334,554,Squat
525,510,324,600,589,572,404,578,530,530,502,326,530,333,557,Squat
530,507,322,599,589,574,403,578,536,529,503,326,527,332,557,Squat
532,509,322,599,599,564,403,578,532,526,505,325,527,333,557,Squat
531,505,322,601,599,562,401,581,528,523,508,322,531,336,554,Squat
527,504,320,597,598,568,405,584,531,526,509,319,531,334,563,Squat
526,500,323,596,600,563,405,583,523,529,505,317,529,346,554,Squat
527,506,330,601,605,553,405,585,526,527,510,317,530,347,558,Squat
524,510,334,601,602,552,403,587,516,526,512,318,530,349,553,Squat
522,507,339,597,595,566,404,586,519,528,509,322,527,352,554,Squat
518,503,345,595,591,569,403,581,521,530,504,323,526,357,555,Squat
517,508,351,595,589,567,398,581,518,529,508,324,525,362,552,Squat
523,510,352,597,588,565,398,579,521,528,512,329,522,366,550,Squat
524,505,356,601,589,555,401,579,517,530,512,335,521,369,546,Squat
523,503,357,597,580,559,401,579,513,530,513,339,527,374,546,Squat
523,507,360,598,582,561,405,579,512,530,514,339,530,380,542,Squat
522,513,363,606,580,555,398,575,519,531,513,343,528,382,544,Squat
519,511,367,609,574,558,387,573,523,531,515,349,523,385,542,Squat
519,510,372,610,577,562,387,569,529,532,513,356,519,387,537,Squat
519,515,375,616,581,548,400,564,538,532,511,361,520,388,535,Squat
516,514,378,620,578,544,412,564,545,530,514,369,523,389,537,Squat
514,511,383,633,569,552,408,561,552,529,516,373,523,396,530,Squat
516,509,385,637,575,548,402,556,554,529,512,373,521,398,526,Squat
520,511,386,636,566,556,396,555,548,528,510,373,521,391,535,Squat
523,505,388,624,563,556,400,557,545,529,508,373,516,400,523,Squat
523,505,389,624,557,557,402,554,547,529,505,375,516,399,523,Squat
523,512,389,633,545,563,405,547,549,528,506,375,518,401,519,Squat
522,513,393,634,553,556,395,546,533,527,509,380,520,398,519,Squat
523,514,395,635,545,555,347,536,523,530,507,383,521,397,515,Squat
524,512,397,631,545,548,367,538,542,529,508,383,524,395,514,Squat
524,510,401,635,540,545,392,537,536,528,508,385,523,396,516,Squat
526,513,402,635,539,545,394,539,533,526,503,385,522,403,511,Squat
529,516,400,636,536,545,382,527,537,525,503,385,522,402,513,Squat
530,513,398,639,532,546,380,527,535,524,504,386,519,407,508,Squat
532,513,395,638,531,544,384,532,533,520,505,387,519,409,507,Squat
531,513,392,640,521,544,385,526,532,519,505,385,521,407,502,Squat
528,512,392,637,515,542,384,520,532,518,507,385,524,402,500,Squat
527,512,393,640,511,541,388,516,533,519,506,388,523,397,499,Squat
528,517,395,640,512,536,386,510,531,519,508,388,522,392,499,Squat
532,516,395,643,511,534,384,510,528,516,511,387,521,392,495,Squat
535,510,402,643,508,533,383,508,526,514,512,387,521,392,495,Squat
536,510,405,643,505,532,383,507,525,513,510,385,523,389,489,Squat
540,509,406,644,506,530,383,502,529,511,510,384,524,389,489,Squat
542,509,405,644,499,530,383,498,530,510,511,383,523,387,483,Squat
543,510,405,640,491,533,383,501,525,508,511,380,524,385,483,Squat
544,511,403,644,495,530,383,494,523,508,513,379,524,384,484,Squat
545,508,402,642,488,530,383,494,524,508,511,376,523,383,485,Squat
545,507,401,642,478,530,382,494,524,508,511,376,522,383,481,Squat
544,506,400,642,472,533,384,491,525,505,511,376,522,382,479,Squat
544,506,397,642,477,536,384,489,524,504,511,376,522,379,479,Squat
544,506,395,643,485,531,384,485,525,504,511,376,523,379,477,Squat
544,506,393,645,493,527,384,481,527,506,511,376,525,379,477,Squat
544,507,389,645,492,529,384,485,526,510,511,376,525,382,476,Squat
545,507,386,645,491,535,384,488,525,511,511,374,525,384,475,Squat
546,504,384,645,496,535,384,490,524,509,510,370,523,384,477,Squat
546,505,383,645,491,532,384,492,524,506,507,369,521,384,478,Squat
546,507,383,644,491,529,384,492,524,503,504,368,521,384,478,Squat
545,508,383,644,486,529,384,492,524,502,503,368,521,384,476,Squat
544,507,385,643,489,531,384,493,524,502,503,368,523,377,484,Squat
543,506,388,644,495,530,383,494,525,503,505,371,523,383,479,Squat
543,507,392,644,495,530,383,496,525,505,506,375,523,387,479,Squat
543,510,392,644,494,529,383,495,525,507,507,377,523,389,481,Squat
544,510,392,644,492,531,383,494,526,507,510,378,523,393,486,Squat
543,509,393,644,493,529,383,494,527,507,509,378,522,398,489,Squat
541,513,393,644,498,527,383,497,525,508,509,380,519,403,492,Squat
538,513,394,643,499,525,383,502,524,509,509,380,517,406,494,Squat
533,512,397,641,502,528,385,498,523,509,510,383,521,410,495,Squat
529,513,399,640,507,529,383,503,524,512,510,386,525,414,495,Squat
525,515,400,639,509,527,385,499,529,513,513,387,522,415,494,Squat
525,516,402,642,506,528,387,499,536,514,513,387,517,417,492,Squat
529,510,404,639,501,538,390,503,538,518,512,387,519,417,492,Squat
533,509,405,641,523,546,387,524,532,520,511,388,522,415,491,Squat
537,510,409,632,536,545,383,525,529,517,511,390,521,410,495,Squat
541,509,414,631,532,543,387,521,538,513,511,392,522,409,498,Squat
540,505,417,639,538,544,388,537,535,510,506,393,527,413,501,Squat
539,505,417,635,542,550,385,536,539,508,505,397,527,413,502,Squat
538,507,417,634,544,552,385,539,538,503,505,398,521,400,509,Squat
535,507,417,629,553,545,389,536,544,501,505,398,519,401,505,Squat
535,508,416,626,553,548,388,545,541,506,502,398,522,396,506,Squat
536,500,410,632,556,554,387,544,545,510,502,398,530,391,508,Squat
540,498,408,626,563,555,389,550,543,511,509,392,535,382,512,Squat
540,500,405,617,574,552,392,554,542,508,509,386,529,367,516,Squat
536,503,398,625,565,561,395,556,543,507,504,381,523,356,517,Squat
530,505,391,621,563,565,395,562,542,511,495,375,522,353,523,Squat
532,515,382,624,569,561,393,561,547,515,494,373,526,359,526,Squat
534,505,375,626,577,563,392,561,552,512,503,369,530,362,528,Squat
537,503,374,616,578,569,395,568,551,509,507,365,533,361,534,Squat
537,514,366,614,581,569,396,570,548,509,504,359,534,360,535,Squat
534,518,360,615,584,562,400,570,543,511,502,353,529,355,540,Squat
530,515,357,613,587,564,399,572,533,520,505,349,524,356,543,Squat
529,513,353,610,583,568,402,577,533,529,510,344,524,356,545,Squat
523,509,349,605,583,572,402,579,534,529,502,339,529,358,545,Squat
518,510,343,605,585,566,402,579,533,528,502,335,531,359,545,Squat
517,510,338,609,585,559,406,581,522,528,504,333,533,355,554,Squat
517,511,333,610,587,560,405,580,526,526,505,331,533,356,549,Squat
516,513,334,609,588,564,402,580,530,526,498,330,535,349,558,Squat
515,516,336,601,585,565,404,580,524,530,491,330,539,344,558,Squat
515,525,335,594,582,561,408,583,526,528,516,330,542,332,563,Squat
515,522,331,603,588,561,402,582,530,530,526,327,541,327,566,Squat
520,512,328,603,584,571,402,580,535,536,534,326,536,327,564,Squat
523,514,325,596,581,578,404,580,533,541,530,321,532,329,565,Squat
524,515,320,602,588,571,402,580,534,543,520,317,532,337,563,Squat
523,513,319,611,591,568,402,580,532,541,519,313,533,341,559,Squat
518,509,314,611,595,564,405,582,525,536,521,303,534,340,561,Squat
515,502,319,605,593,556,405,582,522,532,508,300,531,349,558,Squat
516,506,326,604,594,551,405,584,518,535,499,305,529,355,555,Squat
519,512,331,610,587,561,405,583,521,535,502,311,529,356,556,Squat
517,510,339,609,586,564,404,581,524,537,506,317,528,358,556,Squat
517,510,346,607,584,560,403,580,524,540,508,330,525,363,550,Squat
517,515,352,611,581,564,400,575,529,539,508,339,525,363,550,Squat
517,516,355,611,575,568,400,575,528,537,511,342,524,363,550,Squat
521,515,355,613,576,563,400,573,528,537,518,346,522,367,551,Squat
523,510,358,615,579,557,397,571,530,538,517,349,520,373,540,Squat
521,514,361,615,574,561,397,570,530,536,512,345,524,370,539,Squat
521,520,361,616,578,556,397,569,530,534,512,344,525,375,537,Squat
521,520,361,618,577,553,397,568,532,534,512,346,522,381,532,Squat
524,521,363,621,570,558,396,565,533,531,505,349,521,384,531,Squat
527,519,367,623,567,560,396,564,533,528,507,353,522,387,531,Squat
527,517,369,623,569,558,394,562,535,528,510,359,522,392,533,Squat
529,522,375,622,566,560,394,561,537,526,511,367,521,394,528,Squat
531,524,381,624,562,560,392,556,539,524,511,370,521,390,527,Squat
529,521,386,628,557,563,392,554,539,522,513,375,521,393,525,Squat
527,514,394,626,556,561,390,552,540,522,512,379,520,393,525,Squat
526,514,402,630,553,558,388,547,541,523,510,380,519,394,520,Squat
523,516,405,632,549,557,388,546,539,523,513,383,520,393,519,Squat
525,510,405,632,544,553,388,542,539,525,518,386,520,397,517,Squat
527,507,403,635,542,548,386,536,539,525,515,387,519,399,514,Squat
528,511,401,635,541,547,385,533,541,523,512,387,519,403,512,Squat
531,512,401,636,537,546,385,532,540,520,511,385,521,399,513,Squat
530,511,401,637,536,547,385,530,537,519,503,382,521,404,500,Squat
528,508,406,636,530,547,386,527,537,519,496,382,523,401,502,Squat
530,508,411,640,528,544,383,524,537,518,499,382,523,401,501,Squat
534,511,412,640,523,544,384,525,534,517,505,386,518,401,501,Squat
536,508,411,640,520,543,385,523,530,517,508,388,517,407,498,Squat
538,509,410,642,518,541,385,515,530,515,508,390,518,410,496,Squat
540,510,405,642,511,542,385,512,530,514,510,389,518,410,494,Squat
540,510,400,641,502,541,384,512,529,512,510,387,518,407,490,Squat
540,512,399,638,496,539,386,504,529,512,506,385,519,398,489,Squat
539,514,400,638,494,534,385,499,529,512,507,385,519,392,488,Squat
539,516,402,640,494,529,385,494,529,512,509,386,519,388,485,Squat
541,515,402,642,492,529,385,495,527,511,511,389,518,387,483,Squat
543,508,402,642,487,534,385,501,521,507,511,389,519,384,486,Squat
543,504,400,643,487,536,386,490,523,503,510,387,519,381,489,Squat
545,505,397,643,485,530,380,503,518,503,507,385,520,380,490,Squat
546,509,394,642,474,529,383,494,519,503,503,381,521,377,485,Squat
545,509,396,641,468,534,388,465,526,505,503,381,525,374,483,Squat
544,509,394,642,472,540,390,461,534,508,505,381,525,374,473,Squat
543,512,391,642,480,536,385,478,531,510,507,381,524,376,473,Squat
542,511,386,642,486,532,384,485,526,510,510,376,522,381,472,Squat
543,509,383,643,487,532,384,487,522,510,509,371,521,386,474,Squat
546,510,378,643,488,533,383,492,521,508,502,365,521,388,475,Squat
549,508,378,644,488,533,383,489,525,503,500,360,521,388,475,Squat
551,503,378,644,485,533,383,488,527,500,500,357,521,386,474,Squat
551,504,382,644,485,532,383,485,527,500,501,359,522,383,474,Squat
550,506,387,644,487,532,383,481,528,501,505,363,522,378,477,Squat
548,506,393,644,489,530,383,487,526,504,508,368,522,380,480,Squat
547,507,394,644,488,531,384,488,526,505,509,373,522,383,478,Squat
547,507,394,644,488,532,382,486,528,505,511,377,522,384,477,Squat
546,507,394,644,489,531,383,489,526,506,510,377,522,384,478,Squat
544,507,392,643,485,533,383,489,526,506,505,377,521,388,479,Squat
542,508,391,643,487,530,383,491,525,506,504,377,521,391,483,Squat
542,509,390,643,486,530,384,490,525,506,504,377,522,397,485,Squat
541,509,390,643,487,531,384,488,526,507,504,377,522,402,485,Squat
539,510,390,641,488,533,384,489,525,507,505,377,524,400,493,Squat
536,513,391,639,495,528,385,487,527,510,508,378,522,406,485,Squat
535,513,392,639,490,534,388,488,529,515,507,379,521,406,484,Squat
534,513,393,640,497,535,386,491,533,517,507,380,519,405,482,Squat
535,511,398,639,502,535,386,498,533,517,510,382,519,404,482,Squat
538,511,402,639,515,534,386,508,531,514,510,383,520,402,481,Squat
540,511,407,639,527,537,384,514,531,512,508,384,524,402,483,Squat
544,509,408,642,525,541,384,518,531,508,505,385,525,401,489,Squat
549,504,410,638,527,545,384,524,532,504,502,385,521,404,490,Squat
549,502,413,639,539,545,383,527,535,498,501,386,521,406,490,Squat
546,499,414,637,532,549,384,528,538,497,501,387,520,405,492,Squat
545,494,414,637,531,548,383,531,538,502,501,387,520,401,495,Squat
542,494,414,635,533,550,386,531,539,507,502,386,521,396,495,Squat
541,498,411,632,544,546,385,536,538,508,502,386,521,390,498,Squat
540,499,406,634,543,546,387,541,538,510,505,389,521,386,498,Squat
541,506,400,631,545,551,388,538,541,510,508,389,524,389,501,Squat
541,511,395,631,554,551,388,543,541,509,508,388,527,391,504,Squat
541,511,391,631,553,555,389,546,540,505,509,385,527,391,505,Squat
539,513,387,627,557,558,389,546,545,501,503,378,526,384,511,Squat
539,516,385,627,558,558,391,548,547,502,495,376,526,385,510,Squat
541,514,382,626,561,562,391,546,549,505,499,373,527,379,518,Squat
542,505,382,623,565,564,392,556,545,507,504,372,527,374,522,Squat
545,505,383,622,565,566,391,556,548,507,504,370,527,366,527,Squat
542,501,383,617,570,566,394,562,546,508,502,370,526,358,530,Squat
534,505,383,616,571,565,392,562,545,513,500,371,527,355,534,Squat
532,507,379,617,572,566,395,564,545,518,502,370,528,364,533,Squat
532,510,375,615,575,566,395,566,543,519,503,368,529,369,535,Squat
530,503,372,613,579,562,398,565,549,519,506,363,530,372,538,Squat
528,503,369,615,583,561,399,567,546,519,496,357,530,372,541,Squat
529,509,365,614,585,562,402,568,548,520,486,352,532,370,544,Squat
529,507,360,611,583,559,402,572,538,520,491,349,532,363,544,Squat
525,508,357,608,583,560,399,578,529,523,502,344,531,357,547,Squat
526,506,356,609,584,561,402,577,534,526,507,340,531,358,547,Squat
529,504,350,610,589,562,402,574,538,526,510,336,535,359,551,Squat
532,505,349,607,586,564,403,577,532,526,511,335,540,362,552,Squat
535,511,351,605,587,565,404,577,536,524,511,334,542,348,567,Squat
529,516,351,598,582,565,403,578,536,525,511,336,542,344,563,Squat
522,515,350,597,588,553,404,577,526,533,511,343,542,338,563,Squat
515,521,344,605,592,548,406,576,525,535,510,346,543,328,562,Squat
510,516,337,604,586,567,401,574,537,533,509,341,539,328,563,Squat
508,509,326,604,584,572,400,574,538,533,507,337,536,334,562,Squat
519,504,318,611,591,562,402,577,536,527,508,328,536,338,559,Squat
527,492,309,608,593,559,399,579,534,528,499,307,536,338,555,Squat
531,485,309,607,593,554,402,579,527,527,505,294,537,344,561,Squat
533,489,312,606,591,560,402,581,527,530,507,287,537,354,560,Squat
534,501,313,605,589,563,404,582,525,533,505,288,537,352,554,Squat
528,507,321,605,589,561,403,582,525,530,518,290,536,349,558,Squat
522,510,331,607,589,557,403,580,524,534,522,304,533,359,554,Squat
522,517,339,610,589,558,404,578,526,537,515,319,533,363,550,Squat
521,516,342,611,591,551,403,575,532,536,515,329,533,363,551,Squat
520,507,346,610,585,552,402,575,529,536,517,339,532,366,546,Squat
523,505,354,612,581,556,402,573,532,533,509,346,531,368,543,Squat
527,507,359,615,581,553,401,568,537,531,502,350,530,369,550,Squat
530,504,364,613,581,553,398,569,535,532,501,354,528,377,540,Squat
532,503,369,615,579,554,397,567,536,532,499,358,526,375,537,Squat
531,503,373,616,575,557,397,566,538,529,496,358,524,374,534,Squat
529,502,378,621,571,557,396,564,542,525,499,360,524,376,535,Squat
527,510,383,620,571,556,391,561,543,525,502,364,526,382,531,Squat
527,513,383,623,568,557,393,558,542,523,501,368,525,383,525,Squat
528,511,384,625,563,560,393,556,542,518,503,371,525,385,525,Squat
531,514,390,626,562,557,391,556,542,517,507,371,524,390,520,Squat
533,514,393,628,559,557,391,555,541,517,506,375,520,394,515,Squat
534,510,393,628,560,557,389,552,540,513,510,375,522,398,517,Squat
533,506,396,630,555,556,388,550,540,514,512,374,523,408,515,Squat
537,507,395,631,551,554,388,545,541,519,512,377,519,413,510,Squat
535,503,397,632,546,554,387,542,541,520,512,379,516,413,507,Squat
533,507,405,634,541,554,386,540,542,520,513,379,516,406,514,Squat
532,519,409,633,537,548,386,533,542,523,512,381,518,401,511,Squat
531,519,410,634,534,545,383,529,542,527,509,385,519,396,502,Squat
526,515,410,636,529,544,386,528,542,525,511,388,521,392,507,Squat
526,514,410,639,524,544,386,519,542,522,510,390,522,400,498,Squat
532,518,408,641,527,543,384,519,542,520,509,394,521,408,498,Squat
536,516,406,641,524,542,386,522,539,515,509,395,522,412,494,Squat
538,512,406,640,518,541,385,520,534,510,509,392,523,416,496,Squat
542,514,405,642,515,539,385,515,534,509,504,392,520,415,495,Squat
542,516,402,640,506,539,385,514,531,509,505,391,520,405,494,Squat
539,518,401,638,498,539,384,513,528,509,505,388,519,391,490,Squat
536,514,403,642,500,537,387,503,528,511,505,390,518,380,485,Squat
535,513,405,642,500,534,385,501,529,511,505,393,518,378,484,Squat
540,515,402,643,501,531,382,502,529,511,510,390,520,386,484,Squat
543,513,398,644,501,529,385,493,533,511,514,386,522,394,482,Squat
546,504,394,644,497,530,384,496,532,510,513,383,522,396,481,Squat
547,505,392,643,494,529,384,496,528,510,511,378,523,391,483,Squat
547,507,387,642,484,532,384,497,523,510,505,373,523,384,483,Squat
547,508,388,640,478,531,382,489,524,509,501,373,522,379,486,Squat
545,507,389,644,483,527,385,491,525,506,501,374,522,379,485,Squat
544,505,390,641,476,530,382,493,526,504,505,376,520,382,481,Squat
544,508,390,641,471,532,383,493,526,504,505,377,521,375,487,Squat
544,503,391,641,474,534,383,485,526,503,503,377,521,380,481,Squat
544,502,392,644,484,531,384,481,526,505,502,376,523,377,480,Squat
545,504,390,642,482,532,383,484,524,507,502,375,525,378,479,Squat
548,502,390,643,485,532,385,477,531,509,501,373,526,380,481,Squat
547,499,387,644,489,532,384,482,527,510,501,370,526,380,482,Squat
546,502,385,645,488,532,384,484,527,510,501,366,523,380,480,Squat
545,502,384,644,485,532,384,482,527,510,499,363,523,381,481,Squat
543,502,383,644,484,529,384,485,525,509,498,363,523,379,486,Squat
543,503,382,645,485,529,384,486,525,509,498,363,523,378,484,Squat
543,504,381,642,485,530,384,484,526,509,499,363,523,379,483,Squat
544,504,383,644,488,530,384,485,529,509,501,363,523,384,484,Squat
545,501,383,645,490,530,384,487,529,509,504,365,522,389,484,Squat
545,500,383,644,488,530,383,486,529,509,505,365,522,394,487,Squat
545,504,383,643,486,530,384,490,526,509,505,367,523,398,491,Squat
541,505,386,642,482,529,384,491,526,509,505,369,526,401,489,Squat
536,509,391,641,483,532,386,486,528,509,507,371,524,405,484,Squat
535,510,396,640,486,531,385,491,530,509,508,375,521,398,495,Squat
538,509,400,641,487,527,387,487,531,509,508,377,516,402,488,Squat
542,504,404,639,498,532,386,497,532,509,507,382,515,397,484,Squat
542,499,408,640,515,532,385,506,528,509,508,387,519,392,487,Squat
545,496,410,640,521,534,387,504,530,509,510,392,521,391,492,Squat
546,499,410,644,527,535,385,513,532,508,508,395,523,394,497,Squat
548,499,406,642,521,542,384,519,535,503,505,395,526,406,493,Squat
547,501,402,640,525,544,383,521,537,500,501,394,526,410,497,Squat
543,501,400,640,528,546,383,524,537,498,496,392,528,410,499,Squat
541,506,402,636,525,550,385,526,535,498,493,390,526,410,498,Squat
539,509,405,637,529,547,387,528,534,501,492,390,523,406,503,Squat
539,509,407,637,529,547,385,529,538,504,493,390,523,402,509,Squat
539,511,409,635,536,549,385,525,542,504,497,392,522,397,509,Squat
539,510,410,633,541,549,386,529,544,504,504,394,521,389,509,Squat
539,500,410,633,546,547,389,536,542,507,508,395,520,387,512,Squat
542,504,409,633,548,549,389,534,544,512,507,393,524,386,518,Squat
546,507,405,629,554,551,386,536,547,513,506,389,529,386,518,Squat
544,502,406,629,558,552,389,543,546,510,506,383,534,385,512,Squat
539,498,404,624,560,558,390,548,542,510,501,378,534,380,513,Squat
540,502,398,626,559,560,394,551,544,510,492,375,532,373,527,Squat
544,502,389,625,566,561,390,553,545,508,489,371,524,373,519,Squat
542,494,387,619,573,560,392,557,546,505,494,366,519,368,520,Squat
539,490,378,622,562,566,395,561,544,507,491,367,519,363,530,Squat
540,496,373,622,570,567,393,562,546,510,492,368,526,367,528,Squat
542,499,372,618,572,564,395,565,545,511,497,368,536,367,530,Squat
538,497,371,615,575,564,397,566,545,515,500,363,539,365,532,Squat
535,502,371,618,578,566,397,566,546,518,499,360,537,363,533,Squat
532,506,366,613,578,563,400,569,546,520,497,355,533,361,536,Squat
527,507,362,611,582,557,400,571,540,525,496,351,528,361,538,Squat
527,506,358,610,583,559,400,573,541,529,495,351,527,363,539,Squat
527,509,356,612,586,560,400,575,540,527,496,347,527,361,538,Squat
525,502,353,608,585,560,402,575,538,527,498,348,527,360,539,Squat
524,498,353,608,587,563,402,577,537,529,504,346,529,356,543,Squat
525,495,352,608,584,566,403,577,542,533,503,342,530,355,541,Squat
527,504,352,607,586,558,403,577,544,535,498,340,533,351,550,Squat
526,505,352,607,588,558,405,576,540,537,497,339,538,356,540,Squat
521,501,350,609,588,561,405,579,532,537,502,337,537,353,544,Squat
518,508,344,607,586,559,405,580,539,539,506,332,535,360,537,Squat
518,510,343,608,587,553,404,578,538,540,499,331,534,361,538,Squat
517,510,339,610,587,558,404,580,531,538,496,329,534,363,539,Squat
522,507,334,603,586,565,403,579,537,537,500,327,532,360,539,Squat
525,505,333,596,584,563,403,577,541,534,502,327,532,352,544,Squat
521,501,336,597,585,561,406,580,540,532,505,331,535,344,546,Squat
520,503,340,601,587,561,407,582,538,532,507,334,535,336,545,Squat
521,505,343,605,589,563,406,580,536,533,510,336,532,332,547,Squat
523,501,343,610,591,567,405,580,543,535,509,336,531,335,545,Squat
526,501,343,609,590,563,402,582,539,537,507,335,533,340,543,Squat
527,499,347,610,591,554,402,580,538,536,504,332,536,345,543,Squat
530,499,350,611,593,552,403,581,532,533,501,329,535,350,541,Squat
535,507,345,609,588,558,403,580,530,533,498,327,534,356,538,Squat
535,506,344,610,584,562,402,578,532,530,494,329,533,359,541,Squat
532,501,345,611,586,560,402,578,532,530,494,330,532,361,545,Squat
529,505,352,611,585,560,402,577,532,528,495,333,530,370,539,Squat
532,512,355,611,580,560,402,575,532,523,495,334,529,368,538,Squat
533,508,357,612,578,560,400,572,535,522,500,339,526,367,537,Squat
532,499,361,616,579,555,400,571,535,526,503,346,526,367,537,Squat
535,504,364,616,575,558,399,570,535,530,509,349,528,369,536,Squat
537,502,364,618,573,558,397,568,535,531,511,350,528,374,536,Squat
536,497,366,619,573,556,396,564,537,531,507,351,528,378,534,Squat
535,502,369,619,572,555,396,564,535,530,503,350,527,378,532,Squat
534,507,372,621,571,554,395,560,539,527,500,348,524,378,533,Squat
530,507,375,621,563,559,394,557,542,526,498,351,523,379,533,Squat
529,508,378,624,563,558,393,556,542,521,497,355,523,382,525,Squat
531,511,381,626,563,556,392,555,542,521,497,359,523,382,524,Squat
536,510,381,626,559,556,392,550,545,521,499,365,523,384,523,Squat
538,508,385,629,558,555,391,550,544,522,502,375,523,386,526,Squat
534,506,389,630,559,554,391,549,544,521,505,380,526,395,525,Squat
535,507,396,630,556,555,389,547,543,520,507,382,525,404,520,Squat
539,515,396,634,548,555,385,542,546,516,506,384,522,405,523,Squat
537,509,395,633,543,555,388,546,543,513,505,385,517,408,515,Squat
534,504,397,634,541,550,387,541,544,514,505,384,517,403,512,Squat
532,508,397,634,530,550,387,538,541,517,505,384,517,401,508,Squat
531,510,401,635,527,549,386,530,544,519,508,389,518,396,511,Squat
534,510,404,639,526,547,387,529,541,519,510,389,522,393,514,Squat
537,509,406,638,530,545,385,518,544,518,505,388,524,393,514,Squat
540,508,409,639,531,545,384,523,539,516,501,389,522,397,516,Squat
544,506,410,641,529,541,385,523,538,512,502,387,522,405,512,Squat
548,508,410,640,524,539,384,519,538,510,501,382,522,407,511,Squat
545,507,405,641,522,539,383,516,538,510,497,381,522,404,509,Squat
540,507,405,642,515,539,386,514,535,512,500,381,522,401,509,Squat
536,513,405,641,508,540,386,511,533,514,503,382,522,399,511,Squat
536,517,403,642,502,541,387,503,533,512,503,381,524,394,513,Squat
536,515,401,641,498,541,384,502,535,509,504,380,522,393,505,Squat
536,512,401,643,504,534,385,500,533,507,503,381,521,399,494,Squat
540,512,401,642,500,528,385,503,528,507,504,382,521,389,494,Squat
540,507,401,644,495,528,385,498,528,506,503,382,522,378,502,Squat
545,506,402,643,492,531,385,500,526,506,502,382,522,380,495,Squat
550,505,401,643,492,535,384,499,525,504,502,383,522,384,488,Squat
551,499,398,642,491,535,383,499,525,503,502,383,522,387,485,Squat
549,500,397,640,483,533,382,495,527,504,501,383,523,382,491,Squat
549,503,391,644,486,529,383,490,529,505,499,381,523,381,490,Squat
546,505,386,641,480,530,383,489,527,505,498,381,522,380,489,Squat
542,505,383,640,471,534,382,494,525,505,497,380,522,378,487,Squat
541,504,383,640,473,535,384,489,525,503,495,379,522,378,482,Squat
540,505,384,643,480,534,385,482,528,502,494,378,522,375,482,Squat
545,505,384,644,484,531,384,481,529,504,493,376,524,376,481,Squat
547,501,384,645,487,532,385,480,531,506,493,373,526,378,478,Squat
548,499,384,645,492,531,385,480,531,508,496,372,525,381,476,Squat
548,500,382,644,489,533,384,484,528,509,496,368,522,381,478,Squat
548,500,380,644,488,533,384,487,528,509,495,365,520,382,478,Squat
545,502,380,644,486,532,384,489,528,507,496,364,520,382,478,Squat
545,504,380,644,484,532,384,487,528,506,497,363,520,382,475,Squat
544,504,383,644,485,530,384,488,527,505,499,363,523,374,484,Squat
544,506,384,644,486,531,384,488,527,505,499,364,523,381,476,Squat
544,507,385,644,486,532,384,488,527,505,499,366,523,381,472,Squat
545,507,387,644,488,532,384,489,527,506,499,366,524,381,475,Squat
547,507,390,644,488,532,384,488,528,508,499,369,524,382,478,Squat
547,507,389,644,488,532,384,483,530,508,499,370,524,384,477,Squat
546,507,387,644,486,532,384,490,528,506,499,370,522,385,477,Squat
544,506,387,644,486,530,384,491,527,506,500,370,521,385,478,Squat
544,503,387,644,490,529,384,490,528,506,497,370,520,386,480,Squat
544,505,386,644,489,531,384,489,528,508,499,373,518,393,481,Squat
544,505,385,644,491,532,384,489,528,509,501,374,517,398,485,Squat
542,505,386,643,493,532,384,493,527,509,500,377,517,407,488,Squat
542,502,390,643,493,532,384,491,527,510,501,379,519,416,489,Squat
537,502,394,642,497,532,384,492,527,510,502,382,525,419,493,Squat
530,507,396,638,502,531,385,495,525,510,502,385,528,415,488,Squat
525,509,400,637,500,527,384,497,528,510,503,385,521,408,484,Squat
527,507,408,637,493,534,390,486,539,511,501,387,515,405,481,Squat
532,505,413,643,513,536,392,497,545,511,500,392,517,401,487,Squat
539,503,416,637,535,540,379,514,536,511,503,395,519,409,489,Squat
545,502,415,634,538,542,385,530,531,510,506,399,522,406,486,Squat
547,501,415,640,529,544,385,535,529,505,504,398,521,403,484,Squat
543,504,416,637,532,550,387,534,532,501,503,397,521,397,488,Squat
540,507,416,631,548,547,385,540,535,504,498,397,522,387,491,Squat
536,507,414,636,548,543,386,529,543,506,499,397,522,385,488,Squat
535,508,414,632,541,553,387,536,542,506,501,397,523,386,488,Squat
539,509,413,630,547,551,387,541,540,506,502,394,526,386,490,Squat
544,511,409,630,554,554,388,541,543,506,502,391,526,388,487,Squat
546,506,400,625,560,554,389,542,546,506,504,388,526,384,491,Squat
547,501,393,625,563,554,389,544,546,506,505,381,523,382,494,Squat
550,497,388,627,570,554,391,545,545,504,498,375,522,382,497,Squat
550,500,383,625,568,556,392,557,542,503,494,370,527,378,500,Squat
548,504,377,623,570,561,392,560,541,504,494,365,530,373,507,Squat
544,506,376,623,563,568,392,558,544,504,494,364,530,372,507,Squat
543,503,376,620,572,566,393,561,548,503,496,361,528,367,514,Squat
540,505,373,615,580,562,394,565,545,507,494,361,527,363,517,Squat
538,506,367,617,578,565,395,565,546,509,494,361,526,364,525,Squat
538,505,370,614,585,565,399,567,548,512,497,360,526,361,528,Squat
537,506,372,610,583,558,397,571,539,516,497,357,530,358,533,Squat
535,502,370,612,586,560,401,571,546,521,498,357,533,354,533,Squat
531,503,369,605,580,556,401,573,541,524,503,357,534,354,532,Squat
529,506,365,611,587,553,401,576,539,527,502,355,533,357,531,Squat
526,504,358,610,586,561,402,575,534,531,497,349,531,359,534,Squat
525,506,351,607,584,563,403,576,541,536,496,343,530,361,538,Squat
525,501,349,607,588,558,403,575,541,537,498,338,531,358,540,Squat
522,503,349,609,591,554,405,572,536,532,494,337,531,355,541,Squat
521,501,349,608,589,554,402,577,527,532,490,338,531,351,542,Squat
522,503,349,606,588,557,404,578,536,533,494,339,534,346,545,Squat
522,504,347,600,586,560,403,578,542,534,496,335,534,341,549,Squat
520,506,345,597,587,558,402,578,538,536,493,335,533,337,552,Squat
519,505,343,602,590,565,403,578,541,536,495,331,534,333,550,Squat
520,513,336,610,590,564,403,580,538,537,494,328,529,328,558,Squat
516,512,328,604,593,557,403,578,531,540,489,324,527,338,551,Squat
516,503,323,606,591,557,403,579,534,539,491,323,530,343,553,Squat
521,497,318,609,589,566,403,579,529,535,497,319,531,348,548,Squat
522,499,320,609,595,551,403,583,522,534,493,314,533,349,549,Squat
522,504,325,606,589,556,404,584,522,537,486,316,533,349,550,Squat
524,507,328,605,589,561,404,582,521,537,487,316,530,349,548,Squat
521,509,332,609,592,555,404,581,524,537,492,317,528,353,549,Squat
519,510,341,608,586,559,402,581,521,542,497,325,527,359,547,Squat
521,512,345,610,585,562,400,578,526,542,503,332,528,363,544,Squat
523,513,349,611,581,562,401,573,528,540,504,338,528,365,544,Squat
521,508,354,612,581,560,401,573,529,538,501,340,528,369,543,Squat
520,507,356,612,579,561,401,573,527,538,497,344,528,372,538,Squat
524,510,358,615,580,557,399,572,527,536,494,344,528,370,537,Squat
523,508,361,615,578,556,399,570,531,533,494,348,528,370,537,Squat
523,502,364,618,573,556,395,567,533,534,492,351,527,374,537,Squat
523,507,366,618,570,561,395,569,531,535,493,355,526,377,534,Squat
520,506,367,621,572,555,395,564,535,533,497,358,529,376,540,Squat
521,505,367,621,570,555,395,562,537,528,502,361,528,385,529,Squat
525,507,367,623,564,561,393,561,536,528,500,362,524,384,529,Squat
527,509,372,625,567,557,392,557,539,527,498,360,524,383,526,Squat
526,508,378,626,562,557,391,557,539,527,499,359,525,384,527,Squat
526,506,382,630,560,557,390,553,539,529,502,361,525,389,520,Squat
526,509,387,630,558,557,389,552,541,528,504,365,523,392,516,Squat
526,508,392,632,552,557,389,549,543,526,505,368,522,397,515,Squat
527,507,397,632,551,553,388,545,542,526,506,372,520,402,516,Squat
532,509,400,635,544,552,388,543,542,526,509,379,518,408,512,Squat
531,509,403,634,543,550,387,540,542,521,509,383,519,409,507,Squat
526,508,408,634,536,549,386,532,543,521,507,383,521,410,502,Squat
526,512,409,637,530,547,385,529,541,521,503,388,522,410,500,Squat
528,523,409,637,530,543,385,523,541,518,503,391,522,408,504,Squat
533,519,409,638,525,542,384,525,538,514,503,391,522,411,502,Squat
538,512,409,638,523,541,384,520,537,512,503,394,521,406,502,Squat
538,510,409,641,520,539,385,515,538,512,502,395,520,402,496,Squat
538,510,409,639,514,540,384,514,535,512,500,393,522,392,505,Squat
537,510,407,641,507,541,384,511,534,514,502,394,520,399,496,Squat
540,510,403,642,505,539,383,505,531,515,503,395,516,402,489,Squat
540,509,401,640,499,539,383,505,532,512,504,393,519,397,487,Squat
540,512,405,641,501,535,385,501,531,510,504,393,519,396,489,Squat
542,513,404,642,498,529,385,498,530,509,500,393,520,393,486,Squat
544,511,403,642,492,529,384,500,527,504,499,393,523,388,481,Squat
544,510,404,642,489,532,386,498,524,501,498,390,523,383,479,Squat
546,511,406,644,493,532,386,493,525,501,499,389,523,384,481,Squat
550,510,403,644,490,532,383,494,526,502,497,387,523,387,485,Squat
552,507,398,644,485,532,382,495,526,503,495,382,523,386,483,Squat
551,503,394,642,481,531,384,491,526,502,492,377,524,381,480,Squat
548,504,393,641,470,532,384,485,526,499,491,374,522,378,480,Squat
547,506,393,641,471,535,383,489,525,498,490,374,521,377,479,Squat
547,507,391,644,479,535,384,484,527,498,492,374,521,377,479,Squat
547,503,391,643,483,533,385,482,529,501,496,373,523,380,480,Squat
549,502,390,643,486,531,385,483,529,506,497,372,523,385,479,Squat
553,504,386,643,489,530,385,483,528,507,498,369,525,380,487,Squat
554,504,386,643,488,532,385,482,528,504,498,368,524,384,482,Squat
554,503,386,643,488,534,385,483,530,500,499,368,522,383,477,Squat
554,504,388,643,490,532,383,489,528,499,498,369,523,379,481,Squat
553,510,389,643,486,531,383,489,527,499,498,369,523,379,486,Squat
548,509,389,643,488,531,383,490,527,499,499,370,524,379,485,Squat
548,507,389,644,492,531,383,490,527,500,499,373,524,379,484,Squat
548,507,390,644,490,532,383,492,528,500,501,376,523,379,485,Squat
549,507,389,644,491,532,383,492,528,501,502,376,522,379,488,Squat
551,506,385,644,492,533,383,491,528,501,505,377,522,382,486,Squat
550,505,382,644,492,534,383,493,527,503,503,373,523,382,487,Squat
549,504,381,644,492,534,383,493,527,505,502,371,524,384,487,Squat
546,505,381,644,490,532,383,494,527,507,500,370,525,384,491,Squat
544,505,382,644,489,533,383,493,527,507,500,367,526,384,494,Squat
543,508,385,644,486,532,383,492,528,507,496,367,525,384,496,Squat
543,508,388,643,486,533,383,494,528,508,496,367,524,384,499,Squat
543,507,393,643,491,534,384,493,528,508,496,369,523,390,496,Squat
541,503,396,644,494,532,384,494,528,508,496,372,525,390,507,Squat
540,503,396,642,492,529,384,497,526,509,498,375,524,406,501,Squat
540,505,397,641,492,529,384,499,525,512,499,376,519,415,502,Squat
540,506,397,642,495,531,385,495,529,514,501,377,516,424,499,Squat
540,506,398,640,496,535,385,500,527,514,503,380,516,423,501,Squat
537,503,401,638,503,538,386,501,529,515,504,384,517,414,499,Squat
532,506,407,636,504,539,385,507,528,515,506,389,521,401,500,Squat
531,512,412,634,519,544,386,511,531,513,506,394,525,396,501,Squat
531,514,414,636,537,540,386,520,532,509,506,398,527,394,514,Squat
534,512,416,641,533,541,386,524,535,506,503,398,525,398,512,Squat
539,511,417,638,530,549,385,522,538,501,502,398,524,405,509,Squat
542,508,415,635,539,548,385,535,535,500,499,398,523,400,514,Squat
545,501,410,637,541,548,385,529,539,500,497,397,522,398,514,Squat
543,501,408,632,544,549,385,527,546,502,500,394,525,393,516,Squat
540,505,404,632,549,547,386,546,537,507,500,394,527,385,521,Squat
537,509,399,631,548,552,387,543,538,509,501,388,527,376,527,Squat
535,509,396,628,552,553,387,543,539,511,502,383,524,378,513,Squat
537,513,394,624,557,554,390,547,539,512,502,380,523,373,523,Squat
543,511,391,625,559,556,391,546,542,513,502,375,520,368,528,Squat
547,502,386,626,567,557,389,547,545,511,499,371,520,379,515,Squat
547,501,382,620,571,555,394,554,545,510,496,369,528,375,522,Squat
547,504,375,619,571,563,393,565,538,510,493,368,533,368,532,Squat
546,514,374,624,570,568,393,561,544,506,492,366,531,365,529,Squat
543,510,374,617,579,565,390,566,542,504,495,365,526,357,531,Squat
538,503,378,619,577,567,395,570,533,507,494,365,526,358,532,Squat
535,501,371,615,578,567,400,567,541,514,494,364,527,362,535,Squat
532,502,370,615,581,562,398,568,536,517,497,362,529,365,534,Squat
531,503,369,613,583,564,398,572,534,521,499,356,528,361,539,Squat
526,505,362,610,581,562,399,574,537,526,499,351,528,360,540,Squat
522,504,359,610,582,557,401,575,531,534,498,345,533,361,540,Squat
519,503,359,609,583,555,400,578,532,537,497,343,533,357,539,Squat
513,505,354,611,586,555,400,577,531,537,497,342,532,357,539,Squat
511,514,350,612,584,558,400,578,529,540,497,341,530,358,537,Squat
513,513,346,613,585,561,401,580,530,538,503,340,529,356,538,Squat
513,505,342,617,590,556,397,577,534,539,502,337,530,353,538,Squat
515,494,338,614,591,554,395,576,539,539,500,337,531,355,534,Squat
521,504,337,603,585,562,399,576,541,539,499,335,534,350,532,Squat
524,509,337,600,587,561,408,576,541,539,505,332,535,348,535,Squat
520,504,340,603,591,557,411,577,542,542,504,331,535,345,534,Squat
518,504,339,600,588,566,410,579,541,542,502,331,535,340,532,Squat
517,511,339,595,588,570,410,584,536,543,495,326,535,339,535,Squat
517,515,339,597,593,563,410,586,534,542,494,326,531,336,536,Squat
517,510,339,597,598,555,413,585,536,541,495,325,529,334,535,Squat
519,509,337,595,599,557,415,585,538,539,492,324,529,331,539,Squat
520,506,339,598,600,559,411,588,531,538,491,324,528,336,536,Squat
518,508,338,604,608,545,408,587,529,542,494,324,528,343,534,Squat
520,515,333,604,609,537,403,585,536,544,494,326,530,347,534,Squat
519,516,332,601,605,541,404,587,534,544,498,326,533,351,537,Squat
516,512,336,598,597,551,407,588,521,542,498,327,533,356,535,Squat
515,514,343,591,596,555,408,587,525,539,496,328,530,360,531,Squat
517,520,345,595,599,543,403,583,535,535,498,328,527,359,538,Squat
516,517,348,594,592,543,402,580,536,535,500,332,523,369,529,Squat
515,508,354,593,584,562,405,581,526,536,502,339,522,374,532,Squat
515,511,359,596,580,573,409,580,525,533,504,345,522,377,529,Squat
517,512,366,600,586,556,408,577,534,531,508,350,522,379,531,Squat
518,508,370,610,586,545,402,575,538,533,510,357,522,381,528,Squat
518,508,374,620,583,549,402,575,534,533,507,360,523,382,528,Squat
519,511,377,617,577,556,410,574,533,533,509,360,523,382,527,Squat
519,508,382,610,577,554,410,571,543,534,514,363,522,382,522,Squat
519,503,382,628,578,549,396,566,548,536,510,367,526,383,522,Squat
519,507,379,647,574,553,382,567,536,536,509,367,526,386,524,Squat
522,509,374,633,566,558,385,561,537,535,508,371,524,393,517,Squat
523,509,378,629,572,552,395,559,542,531,506,373,524,394,518,Squat
523,514,382,625,569,552,388,557,538,525,501,373,524,395,519,Squat
525,517,385,630,559,554,388,554,540,524,496,376,523,397,519,Squat
527,516,390,627,557,552,390,555,539,523,494,380,522,398,516,Squat
527,513,396,629,552,552,390,551,540,521,499,383,522,398,513,Squat
527,515,401,634,546,552,388,544,541,521,501,385,522,395,518,Squat
530,513,406,633,542,548,387,541,540,523,501,387,521,397,509,Squat
529,511,409,634,541,545,386,538,541,523,501,387,520,400,509,Squat
529,514,409,634,538,542,389,536,541,523,504,387,520,405,507,Squat
532,518,409,638,534,541,384,530,536,523,504,387,520,410,508,Squat
533,515,404,640,533,538,386,526,537,520,506,387,520,413,506,Squat
533,512,403,638,523,540,384,525,534,517,501,385,520,412,504,Squat
533,515,406,638,520,542,384,526,531,514,500,385,520,410,504,Squat
535,520,403,641,515,540,386,517,532,514,501,386,518,403,507,Squat
536,518,403,641,508,536,384,512,532,513,502,386,520,394,509,Squat
535,512,402,638,492,537,386,505,532,512,505,387,522,390,506,Squat
536,514,405,640,499,533,388,497,532,512,507,389,524,387,505,Squat
540,515,405,641,500,528,385,495,529,511,509,389,524,384,505,Squat
542,514,405,643,496,526,385,496,525,507,509,388,524,382,504,Squat
544,512,405,643,491,529,386,493,528,505,508,388,526,380,506,Squat
547,510,405,641,488,533,383,495,525,505,506,387,526,378,507,Squat
548,507,403,647,492,530,383,496,523,503,503,386,526,378,505,Squat
549,507,399,642,485,527,384,491,523,501,503,383,526,377,502,Squat
548,507,395,643,481,526,383,491,525,500,501,382,525,378,500,Squat
547,506,393,641,477,530,383,494,525,499,501,379,522,380,492,Squat
546,506,391,643,480,532,383,492,525,499,502,378,521,377,489,Squat
546,507,391,643,482,531,383,490,526,500,502,376,521,376,492,Squat
547,509,388,644,490,528,383,490,526,504,502,375,522,376,487,Squat
549,507,386,645,493,527,384,484,528,505,502,371,526,379,482,Squat
549,502,383,645,492,528,385,480,530,506,502,370,528,380,481,Squat
549,504,382,645,490,528,383,477,531,506,500,368,528,382,479,Squat
550,506,382,645,490,528,384,485,527,504,500,365,526,382,479,Squat
549,507,382,644,488,528,384,485,526,503,497,363,523,384,478,Squat
548,508,380,643,487,528,384,485,526,504,494,363,523,384,476,Squat
548,509,380,644,487,527,386,482,529,501,496,364,523,382,477,Squat
547,509,380,644,487,527,384,485,529,497,499,364,523,381,480,Squat
547,509,383,644,489,527,384,484,529,498,499,368,523,381,480,Squat
548,508,387,644,490,527,384,484,527,500,503,370,523,381,481,Squat
548,507,391,644,489,528,384,487,527,501,506,371,523,384,475,Squat
550,506,391,644,492,528,384,487,527,504,506,371,523,379,486,Squat
550,505,392,644,493,528,384,487,528,507,505,373,523,387,482,Squat
550,505,393,644,494,526,384,486,528,508,505,373,523,389,478,Squat
547,505,394,645,497,525,384,488,528,508,503,373,523,388,482,Squat
544,513,393,643,496,527,384,487,526,508,503,376,523,391,486,Squat
541,515,390,644,498,527,383,490,527,508,501,377,523,397,488,Squat
539,510,390,643,501,528,384,490,528,508,502,377,525,404,489,Squat
539,507,390,643,504,526,384,492,528,509,499,377,526,409,486,Squat
536,510,394,643,501,526,384,491,531,509,499,379,529,411,488,Squat
534,512,398,641,496,527,385,494,529,509,499,381,524,411,487,Squat
533,512,403,640,499,530,385,494,532,511,501,383,519,409,485,Squat
536,512,407,642,506,529,385,498,535,512,503,386,519,410,484,Squat
539,512,411,636,514,536,386,506,535,514,506,390,519,405,488,Squat
542,509,412,639,531,537,384,519,531,513,507,395,517,401,485,Squat
542,503,413,639,534,537,383,514,536,509,510,396,518,400,487,Squat
540,504,414,636,530,542,390,520,537,508,510,396,522,403,491,Squat
539,505,410,638,535,542,387,533,538,507,508,398,526,401,498,Squat
540,506,409,637,537,543,387,530,538,506,505,394,524,399,491,Squat
540,508,407,636,543,543,385,534,536,506,501,391,524,401,491,Squat
540,512,406,632,543,545,387,534,539,507,502,389,525,396,496,Squat
540,512,403,631,547,546,386,536,541,508,500,384,525,395,497,Squat
543,512,400,630,552,548,385,534,544,509,499,383,523,387,496,Squat
539,511,399,626,563,545,387,537,545,509,502,380,521,384,494,Squat
539,511,397,628,555,551,390,546,541,513,505,378,525,384,499,Squat
539,512,393,628,555,555,390,544,546,516,503,377,529,382,506,Squat
540,510,386,626,557,560,389,550,544,515,504,374,529,379,507,Squat
539,509,383,626,561,567,392,550,544,510,500,370,527,373,511,Squat
533,511,382,622,577,558,394,557,540,507,497,368,523,367,516,Squat
535,513,377,618,576,562,394,558,541,507,496,364,521,363,521,Squat
539,507,372,620,573,565,394,562,546,508,495,364,526,358,531,Squat
539,503,373,620,579,569,395,567,542,513,496,364,531,355,534,Squat
537,502,378,622,591,567,397,572,536,523,504,363,531,354,531,Squat
534,503,376,618,586,578,397,574,538,530,507,360,529,354,529,Squat
524,507,368,625,595,559,395,576,540,533,502,355,530,353,539,Squat
518,509,361,620,595,542,392,577,535,538,499,352,529,364,525,Squat
516,505,354,611,589,552,393,585,522,538,499,348,528,362,529,Squat
515,508,346,601,582,575,384,578,533,534,498,341,528,363,530,Squat
518,508,341,600,584,578,387,576,547,529,493,337,527,362,530,Squat
525,510,339,605,589,564,401,576,555,526,494,337,531,357,533,Squat
529,503,342,601,593,558,417,579,550,526,500,334,535,354,533,Squat
528,504,346,590,594,563,419,584,534,529,503,334,532,349,531,Squat
527,508,345,583,596,558,418,592,530,534,501,333,530,342,537,Squat
524,515,341,586,603,550,414,590,534,537,499,330,532,337,539,Squat
521,521,337,581,600,564,418,592,538,536,502,330,534,330,543,Squat
520,518,337,586,598,567,420,599,527,536,503,331,532,328,541,Squat
522,515,337,592,606,556,414,602,513,531,503,330,531,328,543,Squat
528,512,337,588,606,559,415,599,524,528,502,325,529,336,542,Squat
531,504,335,584,604,568,423,595,543,528,497,324,528,343,539,Squat
534,506,337,587,610,560,428,599,544,530,495,325,532,346,540,Squat
535,508,340,590,615,550,422,603,529,529,496,324,534,349,540,Squat
533,508,347,585,610,552,420,606,519,529,495,327,533,347,546,Squat
528,510,352,577,612,549,425,604,522,530,489,333,532,359,542,Squat
523,516,355,572,614,535,430,601,536,532,494,337,529,361,542,Squat
520,513,352,578,609,537,425,600,527,534,500,340,528,365,539,Squat
516,511,351,584,598,559,417,598,522,538,498,340,531,364,540,Squat
512,514,349,593,601,567,417,595,532,537,504,341,534,364,540,Squat
515,516,347,602,605,543,417,591,541,539,511,341,532,366,535,Squat
520,516,348,594,597,534,412,590,539,538,510,340,532,370,534,Squat
523,508,350,593,594,552,413,591,531,533,508,339,531,375,534,Squat
526,506,353,592,589,567,417,588,532,532,507,339,529,377,530,Squat
528,507,355,593,591,559,418,589,534,530,506,340,529,372,533,Squat
527,507,363,593,587,550,412,589,525,530,506,342,528,374,532,Squat
523,503,372,596,592,550,412,588,519,531,509,349,527,377,531,Squat
523,511,378,604,593,548,419,586,526,529,512,357,527,378,533,Squat
523,518,381,610,592,541,421,586,528,528,515,362,525,378,533,Squat
522,512,382,617,587,546,410,584,522,527,512,366,524,384,522,Squat
523,511,383,624,579,557,399,583,516,528,506,371,524,383,523,Squat
524,511,386,620,573,566,395,581,516,530,502,374,525,388,522,Squat
528,513,385,618,572,570,390,576,524,532,503,374,526,398,518,Squat
531,510,383,621,570,569,389,570,536,532,506,376,526,400,511,Squat
527,506,384,632,568,565,390,567,543,527,507,379,526,398,511,Squat
526,508,384,643,565,562,396,571,535,525,508,380,525,397,510,Squat
526,513,387,642,562,558,397,567,532,529,507,380,522,395,509,Squat
525,517,387,634,563,551,397,564,536,532,503,380,521,395,508,Squat
522,516,387,630,561,545,400,559,543,530,503,380,522,396,504,Squat
522,510,392,623,559,547,395,554,547,525,503,380,526,396,504,Squat
526,509,396,619,555,548,388,551,546,522,503,380,526,401,498,Squat
530,513,398,627,554,547,386,546,544,520,502,380,526,400,496,Squat
530,512,404,630,550,547,384,546,537,518,506,381,524,399,495,Squat
534,511,405,625,547,546,389,544,531,518,509,381,523,398,497,Squat
537,510,406,623,546,547,398,544,533,517,509,379,523,396,496,Squat
538,506,405,621,545,547,398,538,538,517,505,379,523,388,493,Squat
537,511,403,628,539,545,393,535,542,517,507,379,526,382,491,Squat
535,514,405,636,533,545,387,533,537,517,509,379,526,377,499,Squat
535,516,406,672,521,539,361,520,527,514,511,383,521,393,486,Squat
537,515,403,660,528,532,368,522,533,510,513,386,516,399,484,Squat
540,511,401,639,525,532,382,527,532,509,513,385,517,404,484,Squat
542,513,398,641,522,542,386,524,532,508,511,385,517,407,484,Squat
545,518,395,639,518,542,383,518,530,508,506,383,518,405,484,Squat
545,513,394,639,512,536,383,515,529,508,505,382,520,397,482,Squat
545,511,396,641,510,529,384,513,527,506,507,382,520,387,482,Squat
543,514,400,641,506,525,382,511,525,504,508,383,520,380,484,Squat
541,516,404,641,497,529,384,504,524,503,506,383,519,379,484,Squat
541,516,404,645,497,531,384,497,523,503,504,384,520,378,487,Squat
543,517,400,643,496,529,384,496,522,503,504,385,525,376,484,Squat
546,513,399,643,491,530,386,488,522,504,505,384,527,376,482,Squat
548,512,396,643,487,533,386,473,526,504,502,382,528,376,482,Squat
548,512,392,643,488,534,386,473,529,505,500,379,524,376,481,Squat
546,513,388,643,484,535,384,483,527,506,499,377,518,379,481,Squat
546,514,383,643,486,535,384,487,522,505,498,372,515,381,480,Squat
546,514,377,644,490,534,384,490,522,502,493,368,517,377,485,Squat
545,512,374,644,489,533,382,495,524,501,492,363,519,383,482,Squat
545,512,374,644,488,532,382,496,523,501,492,360,519,381,478,Squat
545,512,375,644,491,532,382,495,522,501,494,360,522,379,480,Squat
547,515,377,644,496,532,382,493,522,501,496,361,523,379,484,Squat
547,514,382,645,499,530,382,496,523,503,499,364,523,380,485,Squat
548,513,383,645,497,529,382,495,522,505,501,366,523,381,483,Squat
549,516,383,644,492,532,382,494,522,504,500,366,523,381,483,Squat
547,516,385,645,494,532,383,491,523,503,498,368,523,381,485,Squat
547,515,388,645,493,532,383,493,523,502,498,370,523,382,485,Squat
545,516,388,645,491,532,383,493,524,502,499,371,523,382,486,Squat
544,514,389,645,493,531,384,491,524,501,500,372,521,384,486,Squat
544,512,390,645,490,531,383,493,523,500,500,374,521,385,488,Squat
544,512,390,643,487,530,383,492,523,499,500,374,520,392,492,Squat
545,508,394,643,490,531,383,488,525,499,501,374,522,397,502,Squat
547,507,398,643,492,533,383,490,527,501,502,376,525,407,504,Squat
547,507,401,643,493,533,383,492,527,501,502,379,520,419,499,Squat
542,510,406,644,490,531,383,491,526,501,504,383,514,414,511,Squat
537,513,408,639,482,529,384,494,521,504,507,386,514,420,506,Squat
532,512,408,640,503,529,384,496,521,510,507,393,529,429,505,Squat
522,514,407,634,526,534,386,495,520,514,508,398,538,427,504,Squat
514,516,406,629,520,534,384,500,522,514,515,399,530,411,501,Squat
515,516,411,643,509,523,384,501,530,511,513,396,522,399,502,Squat
526,518,414,641,512,532,402,482,561,509,509,397,523,401,510,Squat
537,514,408,635,536,545,386,532,535,513,505,402,521,409,511,Squat
546,509,404,627,545,549,380,534,528,515,509,401,522,404,517,Squat
550,506,406,636,538,548,384,524,538,507,510,398,527,394,525,Squat
546,508,409,635,540,558,390,542,531,500,505,398,529,385,521,Squat
538,507,412,631,551,551,386,541,533,500,502,399,527,371,520,Squat
533,510,412,623,548,554,389,545,533,504,504,394,525,361,532,Squat
536,514,407,634,549,559,386,543,535,507,505,387,524,368,526,Squat
540,506,404,630,563,556,388,547,539,508,502,378,527,380,520,Squat
544,502,396,625,565,559,386,550,540,507,499,369,531,383,519,Squat
547,512,387,625,562,568,391,552,541,504,497,365,527,379,522,Squat
547,513,380,626,577,559,390,557,536,502,496,363,524,369,527,Squat
542,512,378,622,573,561,393,562,536,501,495,362,524,364,531,Squat
540,514,378,620,576,562,396,567,537,501,498,366,529,358,531,Squat
540,512,376,618,578,567,393,566,539,505,499,369,532,354,537,Squat
538,511,374,618,583,567,393,570,539,509,501,368,528,356,537,Squat
533,507,369,620,585,568,396,569,539,512,503,364,528,355,538,Squat
529,505,367,615,590,561,398,574,532,521,504,361,529,352,536,Squat
522,509,360,628,593,553,397,575,532,529,504,358,529,347,534,Squat
515,507,355,624,591,545,402,580,529,535,511,351,532,348,530,Squat
512,500,350,619,587,549,393,584,524,541,511,341,534,354,529,Squat
512,506,339,606,572,574,389,579,529,544,502,332,534,358,527,Squat
516,511,331,601,574,585,389,574,543,540,495,325,530,359,527,Squat
521,506,329,594,579,573,397,570,551,539,496,320,528,355,522,Squat
529,501,325,597,589,560,408,576,545,534,502,316,531,338,525,Squat
526,504,325,596,596,555,415,582,538,532,500,310,533,325,528,Squat
524,505,328,592,596,558,410,587,531,537,498,313,534,322,527,Squat
521,509,324,592,592,557,409,587,534,538,497,316,539,315,536,Squat
520,509,321,592,600,555,416,587,539,540,505,314,540,328,523,Squat
523,510,321,592,601,555,420,588,543,540,509,313,539,326,520,Squat
526,510,323,596,601,555,416,591,540,540,503,312,538,329,519,Squat
529,509,328,588,600,560,410,594,525,536,500,312,533,334,520,Squat
529,511,328,585,603,551,409,595,527,532,499,315,528,340,520,Squat
528,508,328,589,606,535,414,593,533,533,500,321,527,343,521,Squat
523,503,331,593,605,542,419,590,541,530,504,325,531,349,521,Squat
519,505,338,593,603,545,420,591,534,529,505,330,533,355,519,Squat
521,515,344,596,601,542,415,593,524,533,505,337,533,361,518,Squat
521,515,351,596,598,542,410,591,521,533,509,340,532,365,519,Squat
520,510,357,600,597,542,414,589,531,533,510,340,529,373,516,Squat
522,508,363,604,590,550,415,584,536,535,508,343,526,375,517,Squat
524,510,368,604,587,559,416,583,536,532,504,346,525,376,519,Squat
524,510,373,605,587,552,413,580,532,527,507,346,527,376,522,Squat
524,510,376,602,588,545,408,580,532,527,510,352,524,378,521,Squat
522,510,378,606,584,548,407,579,532,531,512,359,525,381,520,Squat
524,512,381,612,579,551,407,575,535,531,516,364,527,384,521,Squat
527,510,382,615,575,553,410,571,541,530,517,367,524,393,519,Squat
528,506,382,613,572,555,407,569,545,528,515,370,521,394,509,Squat
528,510,386,644,575,551,384,567,538,525,509,369,523,389,511,Squat
526,510,389,684,563,555,365,564,531,524,509,370,524,392,514,Squat
526,510,391,619,562,559,382,558,541,526,509,374,524,397,513,Squat
528,510,393,627,563,547,399,555,547,528,509,378,524,399,511,Squat
529,512,397,633,557,551,392,556,539,524,510,381,524,399,508,Squat
529,516,400,632,550,552,383,552,539,523,510,383,521,395,508,Squat
529,516,401,630,546,547,391,546,542,523,509,386,521,397,508,Squat
529,518,403,633,540,546,391,542,539,523,507,389,521,404,505,Squat
532,519,405,638,541,543,386,534,542,522,508,391,521,407,500,Squat
536,518,405,637,539,538,384,531,543,518,507,394,523,406,500,Squat
536,515,404,637,535,539,384,526,542,515,505,394,523,402,500,Squat
535,513,404,639,533,535,384,532,536,513,505,394,524,402,502,Squat
535,514,403,639,526,535,387,524,537,513,506,394,522,403,498,Squat
535,517,402,643,519,539,386,524,534,512,507,390,520,400,495,Squat
535,513,402,640,510,542,385,515,535,511,509,386,519,396,496,Squat
537,511,405,640,502,540,385,510,534,511,509,386,518,397,497,Squat
541,512,407,641,498,539,385,506,534,511,510,387,522,395,494,Squat
543,511,407,643,503,529,384,493,538,510,512,386,523,394,492,Squat
543,511,407,642,500,522,384,500,532,510,514,386,524,391,497,Squat
546,513,407,642,492,521,383,502,528,507,514,385,525,383,505,Squat
547,512,405,641,489,523,386,500,521,507,514,385,525,377,500,Squat
547,511,406,644,492,525,384,497,521,505,508,385,525,374,502,Squat
546,515,404,644,490,529,386,492,525,504,508,382,525,374,504,Squat
547,515,398,647,492,529,385,491,529,504,507,379,525,379,499,Squat
547,513,391,645,486,528,381,495,529,504,504,376,525,384,497,Squat
547,509,385,643,488,529,382,495,521,505,504,372,525,383,504,Squat
548,509,385,644,481,528,384,493,519,506,503,369,524,379,505,Squat
550,509,384,641,477,528,383,490,526,504,502,367,524,374,505,Squat
550,507,385,640,475,529,383,486,528,503,503,366,524,369,504,Squat
550,506,388,641,479,530,383,485,525,506,504,367,522,369,499,Squat
547,508,389,644,484,527,386,478,525,508,503,368,520,374,492,Squat
546,509,387,644,487,526,385,487,520,509,506,369,525,375,495,Squat
546,508,387,644,486,530,383,494,517,510,506,369,524,383,489,Squat
546,507,386,649,493,530,388,471,529,511,506,369,523,387,471,Squat
545,510,385,646,499,527,387,466,539,510,504,368,524,385,475,Squat
544,512,384,642,483,531,384,478,531,510,504,366,524,384,482,Squat
544,508,384,640,478,535,386,482,526,511,502,365,523,390,480,Squat
548,513,381,640,486,522,385,485,523,513,500,365,518,394,473,Squat
548,511,381,638,490,515,385,485,521,512,499,365,519,385,476,Squat
546,510,386,640,492,515,389,476,525,511,501,369,520,384,477,Squat
543,513,391,643,490,533,384,485,532,511,501,372,525,393,478,Squat
543,518,392,649,512,536,383,494,525,509,502,377,526,402,478,Squat
543,515,393,648,509,524,381,496,528,505,505,378,525,409,481,Squat
543,511,397,646,500,522,383,495,531,501,506,379,523,409,480,Squat
542,514,401,643,494,528,386,488,531,500,504,379,520,399,479,Squat
537,515,402,643,503,535,387,489,531,505,502,382,515,395,482,Squat
537,512,406,641,519,534,387,500,521,510,505,384,514,404,481,Squat
540,509,406,643,523,534,386,505,524,513,508,387,518,404,495,Squat
540,508,405,647,533,527,382,518,532,513,509,390,523,416,488,Squat
541,507,404,636,481,533,382,514,531,513,511,390,525,414,485,Squat
539,507,404,641,490,535,383,520,529,513,509,389,526,407,486,Squat
534,512,404,641,523,556,384,526,528,513,506,389,519,400,493,Squat
531,514,403,636,525,548,382,531,523,515,504,389,514,398,490,Squat
534,514,405,638,529,544,387,506,544,513,502,390,517,399,484,Squat
534,517,404,638,534,542,385,511,548,512,505,390,526,398,486,Squat
531,514,400,634,536,549,384,540,533,513,506,390,533,394,495,Squat
533,511,399,635,543,549,385,542,529,513,504,387,534,396,497,Squat
537,518,397,635,552,545,384,545,527,513,503,382,529,391,496,Squat
533,521,393,630,558,541,387,551,528,513,501,381,522,386,492,Squat
530,517,392,629,550,550,388,550,536,517,500,381,518,381,497,Squat
533,516,389,626,548,558,391,542,539,521,505,378,521,382,502,Squat
541,513,384,629,558,551,389,541,538,519,508,376,527,377,502,Squat
542,516,382,624,561,554,389,545,543,514,509,369,528,372,500,Squat
540,506,381,621,566,560,391,553,540,513,506,367,528,364,509,Squat
539,504,378,625,569,566,393,555,541,515,499,367,527,356,515,Squat
539,512,370,626,588,561,390,563,540,517,498,363,528,359,522,Squat
537,517,373,626,585,559,389,562,544,514,498,362,530,355,523,Squat
533,512,374,625,588,566,396,575,535,514,500,361,529,350,523,Squat
528,520,371,632,588,553,393,576,532,514,500,361,530,347,527,Squat
523,524,364,634,597,540,395,578,541,514,506,361,531,348,526,Squat
524,518,359,616,585,549,394,584,533,519,510,356,528,352,522,Squat
528,510,358,601,583,565,391,583,512,527,509,351,527,354,521,Squat
528,514,354,603,583,567,393,580,522,532,507,346,529,355,521,Squat
530,515,351,603,586,565,410,579,544,537,508,345,529,356,523,Squat
531,509,348,602,586,564,414,582,539,537,512,340,525,354,520,Squat
531,510,344,595,588,563,408,583,533,531,510,335,524,351,522,Squat
531,515,342,593,595,558,406,587,532,526,503,330,528,345,524,Squat
534,519,339,593,596,552,406,590,521,526,499,326,530,333,527,Squat
529,516,341,586,601,550,412,590,520,526,497,321,532,323,531,Squat
532,515,343,588,602,544,421,592,533,527,500,320,530,319,530,Squat
534,520,345,592,606,544,423,595,526,528,498,320,533,316,539,Squat
537,519,345,587,606,550,422,596,521,525,500,321,534,326,529,Squat
538,516,338,584,604,557,422,594,539,525,501,318,533,328,533,Squat
533,520,329,589,612,545,422,595,538,528,496,317,533,335,530,Squat
533,516,323,596,611,538,418,599,527,528,494,317,531,340,532,Squat
531,514,325,590,610,539,419,600,516,527,498,318,528,347,532,Squat
531,515,328,583,608,534,417,597,519,527,500,321,526,356,532,Squat
533,518,331,581,604,533,416,593,528,529,506,326,525,360,531,Squat
531,516,334,583,600,535,417,591,526,532,509,329,526,363,530,Squat
526,519,342,590,598,545,414,589,521,531,508,331,527,363,534,Squat
521,520,348,595,596,550,412,587,525,527,511,335,528,368,536,Squat
520,519,357,599,593,546,408,586,522,527,514,340,528,376,530,Squat
523,516,365,601,589,548,406,582,519,527,514,345,527,376,528,Squat
526,517,369,604,584,553,408,580,528,527,513,347,527,375,527,Squat
526,516,371,611,587,548,407,575,531,527,513,351,530,378,527,Squat
526,512,372,611,586,542,402,575,528,528,513,356,531,379,524,Squat
527,513,374,615,585,544,387,576,518,526,510,360,526,383,514,Squat
527,509,379,616,576,549,386,570,523,522,509,364,525,378,522,Squat
528,509,382,619,566,548,394,571,531,520,510,367,521,388,514,Squat
529,509,385,666,576,534,386,564,527,518,510,369,520,385,517,Squat
529,508,385,637,580,550,392,565,530,518,509,371,521,387,510,Squat
529,508,389,633,569,554,393,559,534,518,511,374,524,387,509,Squat
531,512,393,629,563,550,391,554,538,520,511,375,523,391,505,Squat
532,517,393,628,552,554,391,548,539,520,510,375,523,395,509,Squat
532,514,393,635,555,553,387,547,539,521,510,375,523,400,507,Squat
535,512,393,631,549,551,385,549,537,520,508,376,520,401,499,Squat
535,512,396,632,549,549,387,543,539,516,506,377,518,396,498,Squat
533,514,401,635,545,547,387,537,540,514,505,380,520,395,501,Squat
532,517,405,635,541,545,388,529,543,513,505,385,522,399,497,Squat
535,514,410,636,538,544,381,538,536,514,507,390,522,398,495,Squat
536,514,410,637,533,546,385,536,535,513,506,390,522,398,494,Squat
538,514,411,639,535,544,384,525,536,511,508,393,520,402,493,Squat
541,515,412,639,526,544,384,523,535,511,508,396,516,406,488,Squat
542,513,410,641,525,543,386,521,534,511,510,395,517,401,493,Squat
537,513,407,640,523,542,385,514,533,511,510,393,520,399,488,Squat
533,513,406,640,518,539,384,513,534,511,509,392,520,400,486,Squat
534,518,400,641,515,537,385,514,530,512,508,391,521,393,484,Squat
533,518,400,643,513,534,384,507,529,512,510,387,522,392,482,Squat
537,513,400,642,511,533,384,507,528,512,508,385,519,392,481,Squat
538,513,399,642,507,534,383,507,524,512,508,383,518,392,481,Squat
540,511,397,642,505,534,383,507,521,512,508,381,518,393,477,Squat
542,510,395,642,500,532,383,503,521,512,505,380,518,389,476,Squat
542,510,394,642,494,531,383,498,523,512,504,377,520,383,478,Squat
542,511,392,642,491,532,384,496,523,512,504,376,520,383,476,Squat
541,512,391,643,494,532,386,494,522,512,504,376,520,383,473,Squat
540,513,389,643,492,532,384,495,519,513,504,375,521,382,473,Squat
540,515,385,645,493,532,384,495,519,514,506,371,522,382,475,Squat
540,514,384,645,493,532,384,493,520,514,507,370,522,383,475,Squat
540,514,382,644,490,534,384,488,522,514,505,368,522,382,474,Squat
540,512,380,643,491,532,383,491,521,513,506,366,522,383,473,Squat
540,512,379,644,493,530,384,487,521,512,505,365,524,375,483,Squat
540,513,379,644,490,531,384,485,521,512,504,364,524,382,473,Squat
541,514,379,644,488,531,384,483,522,512,503,364,523,383,470,Squat
540,512,380,644,488,532,384,483,523,512,504,365,523,383,473,Squat
540,512,380,644,490,530,384,484,523,512,504,365,522,382,475,Squat
540,512,380,644,489,530,384,487,522,513,505,367,521,382,476,Squat
539,511,380,644,488,530,384,488,522,513,505,367,521,382,476,Squat
539,510,381,644,487,531,383,489,522,513,507,367,522,382,476,Squat
539,508,383,643,486,531,383,489,523,513,507,367,523,382,479,Squat
538,508,385,643,488,530,383,489,522,513,506,367,524,386,479,Squat
538,510,388,643,487,529,383,492,522,513,506,368,524,388,482,Squat
538,510,389,643,490,529,383,491,523,513,506,369,524,391,482,Squat
538,510,390,643,492,529,383,492,522,513,506,370,522,393,483,Squat
538,511,392,643,491,528,383,492,522,513,506,373,517,396,487,Squat
538,512,394,644,494,528,383,492,522,513,507,376,515,401,496,Squat
538,512,397,644,504,530,383,493,522,513,510,379,515,411,499,Squat
539,513,400,644,504,532,383,493,522,514,510,382,520,420,493,Squat
535,513,404,641,507,531,383,494,524,514,509,386,531,414,499,Squat
528,515,406,638,505,530,384,497,521,514,511,389,530,416,496,Squat
524,520,407,639,513,525,384,496,523,514,511,392,520,410,494,Squat
524,519,410,643,513,524,387,494,531,514,510,393,517,408,495,Squat
525,519,411,642,515,534,389,498,541,516,509,394,519,408,503,Squat
530,517,412,635,526,546,386,521,532,521,509,396,519,407,500,Squat
533,512,411,637,533,549,385,530,524,518,511,395,521,400,497,Squat
535,511,411,641,535,547,384,524,530,513,512,392,526,393,498,Squat
535,511,410,633,532,550,389,527,534,511,512,392,526,389,504,Squat
535,511,406,630,539,548,387,533,531,511,506,391,524,383,512,Squat
539,511,404,634,543,546,384,539,531,506,508,387,518,386,507,Squat
543,510,404,632,551,549,385,535,538,505,505,385,520,387,514,Squat
545,510,401,632,560,549,387,541,538,505,504,384,523,382,518,Squat
543,514,392,629,559,550,387,546,539,505,503,382,526,381,511,Squat
539,517,390,626,563,550,386,542,541,507,503,380,528,381,521,Squat
535,516,385,629,559,555,391,553,539,512,506,376,524,384,528,Squat
536,515,380,629,554,564,388,549,541,515,502,371,524,386,526,Squat
539,520,379,625,563,564,390,551,542,511,498,366,522,377,534,Squat
539,515,379,617,570,563,391,558,542,508,496,364,518,369,537,Squat
540,510,380,625,572,566,393,559,543,507,497,363,523,362,539,Squat
536,512,379,622,571,569,395,565,544,512,496,362,530,357,539,Squat
530,517,373,619,577,565,397,568,534,520,499,363,535,358,532,Squat
522,518,371,622,584,564,395,571,531,527,500,364,535,353,537,Squat
515,523,369,616,587,567,399,574,534,531,503,364,531,354,541,Squat
517,523,361,622,592,559,398,572,534,534,502,363,528,360,533,Squat
521,516,355,628,597,546,399,575,532,533,502,360,531,352,531,Squat
521,514,353,625,595,544,399,576,533,532,499,354,534,351,535,Squat
521,513,349,610,591,556,392,583,524,532,498,349,534,353,530,Squat
523,513,347,603,586,569,386,585,517,532,498,344,533,356,521,Squat
523,513,344,597,581,573,384,579,535,529,503,339,532,356,525,Squat
527,513,342,592,586,567,400,579,545,526,508,333,530,355,523,Squat
532,512,342,587,587,562,411,583,538,524,506,328,530,348,524,Squat
535,512,345,584,587,568,417,589,526,521,504,326,531,339,533,Squat
534,508,347,577,590,565,414,595,520,523,507,322,534,332,535,Squat
532,505,347,581,606,550,415,593,526,526,509,323,534,332,528,Squat
530,510,344,593,609,539,426,593,529,530,509,325,537,324,528,Squat
525,513,347,591,605,560,433,594,527,530,509,325,538,319,527,Squat
526,515,346,590,604,572,430,596,527,530,507,325,534,320,526,Squat
525,520,341,590,609,553,420,598,527,528,503,325,533,326,526,Squat
523,516,334,580,608,545,419,595,538,529,504,320,532,334,520,Squat
527,510,329,584,612,544,424,598,533,535,502,319,529,341,515,Squat
530,508,324,594,608,546,420,600,519,533,501,319,529,347,516,Squat
530,507,324,596,605,555,414,597,523,531,504,318,529,357,520,Squat
531,506,326,590,604,553,414,597,527,533,498,317,529,365,518,Squat
530,506,330,587,603,546,414,596,521,533,497,320,530,367,516,Squat
525,514,337,589,603,544,416,593,526,529,498,326,531,366,520,Squat
519,524,344,592,603,543,416,590,526,528,507,332,529,368,521,Squat
517,521,354,592,598,544,419,589,526,529,512,342,528,369,520,Squat
518,520,360,590,592,550,413,588,522,530,515,347,527,368,521,Squat
519,517,368,593,591,555,408,586,521,531,513,352,527,367,526,Squat
522,512,373,601,592,549,407,583,526,531,511,357,524,378,519,Squat
527,507,379,608,590,544,404,581,523,527,510,359,520,379,516,Squat
530,512,382,607,588,544,404,581,517,524,510,359,521,381,516,Squat
531,509,385,614,588,543,402,577,524,524,510,361,521,385,513,Squat
529,508,390,621,588,544,399,574,534,524,511,364,522,387,514,Squat
528,514,390,614,582,546,398,574,531,524,513,365,522,392,513,Squat
528,513,391,613,573,552,402,575,529,528,512,369,522,395,511,Squat
529,516,391,633,578,552,389,571,535,528,512,372,524,396,511,Squat
529,519,391,662,577,549,383,567,535,525,512,375,524,398,513,Squat
529,517,390,636,566,560,386,565,533,525,508,378,523,400,513,Squat
527,515,390,624,564,556,390,560,540,524,505,380,523,401,512,Squat
527,517,390,627,559,555,393,558,544,523,508,380,523,398,512,Squat
530,515,391,628,560,550,393,555,540,522,509,382,521,396,512,Squat
529,514,394,632,556,546,393,552,538,522,506,383,521,394,513,Squat
529,517,396,629,551,547,388,547,539,522,509,385,521,397,508,Squat
529,516,396,628,548,546,388,545,538,522,512,385,523,393,516,Squat
529,512,399,632,543,543,391,542,535,522,512,384,521,400,504,Squat
531,512,402,633,542,546,385,537,536,519,508,384,519,401,506,Squat
532,514,402,637,538,542,385,534,535,516,506,384,519,403,504,Squat
532,515,404,639,534,542,386,534,534,514,506,384,519,403,505,Squat
534,513,405,640,532,541,386,531,532,513,508,385,519,402,505,Squat
535,512,405,639,525,539,384,527,532,512,509,385,519,398,504,Squat
535,516,404,642,520,538,384,523,529,512,507,387,520,395,503,Squat
534,516,404,640,516,537,384,518,529,512,508,387,521,392,505,Squat
535,512,403,642,517,533,387,517,529,514,509,388,520,388,505,Squat
537,514,402,642,507,532,384,512,526,515,508,388,520,384,505,Squat
537,514,400,642,500,533,383,506,525,512,507,388,521,382,509,Squat
538,514,400,642,499,532,383,504,528,512,507,388,522,382,506,Squat
541,513,398,642,500,530,383,503,526,511,507,386,523,380,506,Squat
541,512,396,642,497,529,383,502,524,506,507,384,525,379,512,Squat
543,512,395,643,498,528,383,500,524,505,507,382,524,383,509,Squat
546,514,392,643,495,531,385,494,526,506,504,380,524,387,505,Squat
546,512,391,643,495,532,383,496,526,506,504,375,524,384,509,Squat
546,512,389,645,496,531,383,498,525,506,505,374,524,380,509,Squat
547,512,388,644,491,532,383,498,522,505,505,373,524,379,506,Squat
546,512,391,644,496,531,382,498,521,504,506,373,524,375,510,Squat
546,513,391,646,500,531,383,493,523,504,506,373,525,375,512,Squat
546,515,391,645,498,529,383,493,524,504,507,372,524,376,512,Squat
544,512,390,645,495,528,382,494,524,504,508,372,520,376,509,Squat
544,510,388,645,496,530,382,499,522,507,508,371,522,379,509,Squat
544,509,385,644,496,532,382,499,522,507,508,368,525,384,511,Squat
545,509,383,644,497,532,382,494,522,507,508,368,524,395,503,Squat
547,507,382,645,499,530,381,495,526,506,509,368,521,406,499,Squat
546,507,382,644,496,531,384,496,524,503,507,367,516,413,491,Squat
542,507,386,641,492,530,384,499,524,502,507,369,517,422,487,Squat
541,509,395,640,497,528,386,496,524,503,507,374,519,416,491,Squat
541,511,403,639,502,529,386,494,525,507,508,380,520,401,490,Squat
540,511,412,639,503,526,384,490,530,508,511,388,525,392,487,Squat
539,508,420,640,512,528,389,494,531,508,513,395,528,382,499,Squat
540,506,422,640,526,538,387,504,531,507,511,402,523,391,490,Squat
543,505,422,640,526,540,385,509,531,504,510,405,520,404,489,Squat
547,505,420,642,532,544,384,516,531,499,509,403,520,408,488,Squat
547,504,415,638,528,548,383,530,530,495,505,399,521,403,492,Squat
544,508,411,637,532,546,383,525,532,499,498,394,523,398,493,Squat
543,510,406,637,531,546,383,530,532,502,496,389,523,393,493,Squat
543,509,401,637,540,546,385,524,536,506,497,388,523,395,489,Squat
542,509,399,635,544,543,386,533,538,507,501,388,523,394,494,Squat
542,509,399,633,542,546,386,531,541,507,504,388,521,395,494,Squat
543,512,399,632,551,545,385,535,540,507,507,388,517,399,494,Squat
545,513,399,633,554,546,386,538,540,505,506,387,519,398,497,Squat
543,515,396,628,562,548,387,540,539,504,504,384,525,395,500,Squat
542,513,391,628,557,552,388,546,539,506,502,379,526,386,503,Squat
538,510,389,624,563,555,387,546,542,506,501,376,527,379,508,Squat
534,510,388,624,563,555,390,552,542,508,501,372,525,375,508,Squat
537,513,387,625,559,564,393,554,542,513,504,366,524,367,523,Squat
538,510,384,624,575,560,391,557,542,517,508,364,526,369,516,Squat
538,507,382,622,575,562,392,557,544,522,504,364,525,367,519,Squat
535,510,377,622,582,562,394,562,541,525,502,364,530,360,520,Squat
533,513,373,628,583,564,393,563,541,523,505,365,534,356,516,Squat
529,513,371,637,591,575,395,571,533,523,509,365,529,353,521,Squat
520,509,369,626,593,551,394,571,538,524,509,362,529,352,528,Squat
516,509,363,608,586,536,394,577,534,531,504,357,527,356,523,Squat
518,514,355,609,591,547,392,586,522,534,498,351,522,356,525,Squat
526,508,351,603,583,569,387,578,534,533,502,345,524,352,527,Squat
532,503,347,596,585,576,394,573,549,532,501,340,527,348,531,Squat
537,499,342,600,590,559,407,581,540,532,498,338,528,343,534,Squat
534,501,342,593,597,547,414,583,531,534,500,337,533,337,536,Squat
529,504,347,583,593,554,414,584,535,533,501,336,536,326,538,Squat
525,514,347,580,596,564,416,585,542,532,504,332,538,315,537,Squat
518,521,346,581,599,563,417,587,531,535,502,331,536,310,536,Squat
514,523,343,591,599,559,416,593,522,539,502,329,532,316,538,Squat
518,514,338,590,599,557,418,595,521,544,504,324,532,323,535,Squat
530,513,324,588,603,563,418,596,523,542,503,318,531,327,536,Squat
534,506,311,598,607,558,421,593,536,536,503,308,532,335,530,Squat
529,495,308,602,609,551,415,598,528,535,500,299,533,342,530,Squat
528,503,314,586,612,548,412,600,517,536,495,301,531,349,530,Squat
527,517,317,575,609,541,425,595,531,539,504,308,528,353,530,Squat
525,524,324,577,604,547,428,596,528,539,511,309,527,360,530,Squat
518,522,334,586,603,551,417,596,517,542,510,315,527,365,529,Squat
516,526,343,597,604,545,412,595,518,542,507,327,527,368,529,Squat
516,530,348,597,601,543,416,592,521,541,513,333,529,371,532,Squat
516,521,353,592,598,544,418,588,522,539,514,338,531,374,532,Squat
520,521,359,590,593,547,410,584,534,539,514,343,528,375,530,Squat
523,517,362,597,592,547,408,581,536,539,509,346,528,373,531,Squat
525,507,365,606,595,547,411,583,525,539,501,349,525,373,531,Squat
521,500,370,606,592,543,410,582,519,539,500,353,524,374,532,Squat
520,507,371,606,590,541,404,577,527,540,501,359,526,378,528,Squat
519,518,371,605,586,549,403,576,537,538,505,361,528,375,536,Squat
518,512,377,605,581,556,404,576,531,536,506,364,527,384,525,Squat
520,509,380,610,578,553,395,576,521,532,509,369,522,384,527,Squat
525,510,381,615,573,552,378,571,521,530,510,369,518,389,520,Squat
527,510,381,636,579,549,384,570,528,529,512,369,519,391,521,Squat
527,511,383,675,580,543,393,567,533,529,511,370,520,394,518,Squat
529,513,383,618,572,554,393,564,532,526,508,372,522,395,519,Squat
529,511,385,634,565,552,393,560,537,522,512,371,524,400,520,Squat
531,511,389,628,562,551,390,559,534,520,514,372,524,403,515,Squat
533,519,390,627,556,552,388,554,537,520,514,374,526,400,517,Squat
533,519,393,634,553,552,390,551,539,520,515,377,528,395,520,Squat
531,519,397,630,549,550,388,548,538,520,517,380,528,391,519,Squat
528,522,401,633,543,549,390,544,536,523,517,382,527,391,513,Squat
528,526,401,631,538,547,385,540,535,525,514,383,525,394,510,Squat
529,523,401,636,536,546,385,535,536,523,512,381,522,398,509,Squat
533,515,400,639,537,541,384,530,536,521,508,381,520,401,507,Squat
538,510,397,638,535,540,385,531,532,517,508,381,517,404,501,Squat
538,508,395,638,529,539,386,530,531,516,507,381,519,399,509,Squat
538,507,396,640,521,539,386,524,534,515,506,382,519,407,501,Squat
538,512,396,641,518,539,385,521,531,513,506,384,521,404,495,Squat
536,512,400,641,516,539,383,512,534,512,509,385,523,399,496,Squat
535,512,405,641,508,535,383,510,533,512,509,386,524,394,496,Squat
535,515,408,641,504,533,385,507,528,512,507,388,524,390,492,Squat
538,516,412,643,503,531,385,499,527,512,507,388,522,385,487,Squat
540,513,413,643,496,529,385,497,526,508,507,389,522,383,487,Squat
545,512,413,643,494,526,385,499,526,505,506,390,523,382,487,Squat
549,511,409,643,491,529,384,498,523,502,504,390,522,385,481,Squat
550,506,404,642,486,530,383,496,521,499,503,389,519,385,481,Squat
551,508,399,643,483,530,384,491,522,498,503,386,519,385,481,Squat
555,511,392,643,486,529,384,491,522,498,502,383,519,385,479,Squat
557,511,390,642,482,529,381,494,522,496,501,380,519,383,477,Squat
557,511,389,641,480,530,383,493,522,495,500,379,520,382,482,Squat
557,511,390,642,482,531,383,489,521,495,501,377,521,383,479,Squat
557,511,391,644,487,531,383,487,521,496,501,377,524,379,487,Squat
556,511,390,644,486,529,383,486,523,497,501,375,522,381,480,Squat
555,510,390,642,482,530,383,480,524,500,501,374,520,381,478,Squat
554,510,391,644,484,532,385,483,522,500,501,374,520,377,477,Squat
553,512,392,643,480,532,385,483,523,499,501,374,520,378,480,Squat
553,512,393,644,483,529,385,482,526,499,501,374,520,383,480,Squat
554,511,393,645,486,529,383,484,523,499,501,374,521,386,480,Squat
554,509,392,644,484,529,383,488,520,498,503,373,523,388,482,Squat
554,509,390,643,482,529,383,486,521,498,501,372,523,386,486,Squat
553,509,390,642,481,530,383,490,520,497,500,371,523,385,486,Squat
551,510,392,642,481,529,385,486,521,497,500,370,521,388,487,Squat
271,389,348,454,402,337,263,360,365,394,365,309,365,262,333,Squat
420,460,382,599,524,448,342,462,483,475,443,353,479,345,407,Squat
479,478,382,645,563,485,368,496,520,502,474,366,512,371,429,Squat
500,488,380,675,561,452,378,509,529,508,488,372,521,379,440,Squat
507,490,378,657,472,480,381,511,529,508,489,373,526,387,446,Squat
507,490,378,650,470,499,382,513,525,512,487,371,530,398,447,Squat
505,485,382,650,513,501,382,513,525,516,486,369,532,402,447,Squat
505,483,384,645,503,506,382,516,525,521,484,368,534,401,447,Squat
505,489,384,643,505,511,382,518,523,521,485,368,534,393,447,Squat
500,492,384,643,497,513,382,520,523,522,486,370,530,384,449,Squat
503,494,382,639,493,520,382,518,524,523,485,373,523,382,448,Squat
503,494,379,649,518,523,383,516,520,523,489,371,520,389,448,Squat
501,490,380,646,514,515,383,517,512,526,489,363,518,394,449,Squat
501,489,381,646,518,510,381,521,510,529,485,359,515,393,452,Squat
499,496,374,646,518,508,381,518,512,529,478,362,513,389,460,Squat
499,500,369,646,513,509,381,508,518,530,475,367,512,386,465,Squat
499,505,371,646,509,512,380,506,518,530,472,371,512,381,466,Squat
499,506,373,645,508,515,380,507,515,530,474,372,510,379,463,Squat
497,502,378,645,505,521,380,519,512,532,474,373,506,377,462,Squat
497,502,378,645,505,524,387,523,535,532,472,375,503,378,461,Squat
497,503,381,646,508,528,387,522,522,530,470,375,506,380,459,Squat
499,503,382,646,509,531,393,514,516,531,470,375,510,380,459,Squat
504,503,382,646,512,530,400,513,513,528,470,375,510,380,456,Squat
504,502,380,646,514,528,400,526,518,523,471,375,510,380,460,Squat
504,496,380,646,513,528,390,550,509,517,470,375,510,385,458,Squat
503,498,379,646,510,530,371,530,489,519,473,370,509,387,458,Squat
503,497,378,646,508,533,372,475,489,523,476,366,511,382,459,Squat
507,494,373,646,508,535,381,505,498,522,477,363,512,376,462,Squat
506,492,366,646,510,535,381,534,494,521,474,360,512,379,462,Squat
501,492,366,647,507,537,383,524,497,524,474,360,508,385,462,Squat
501,490,370,646,508,533,382,515,506,529,474,365,506,389,461,Squat
503,492,373,645,508,529,382,510,513,530,474,368,506,387,460,Squat
507,492,378,644,504,526,382,513,515,527,474,369,510,382,459,Squat
508,495,382,645,505,526,382,513,511,524,474,371,515,377,458,Squat
509,498,386,645,508,527,382,510,509,521,476,372,516,379,457,Squat
511,496,386,645,508,527,382,509,507,521,479,374,514,386,455,Squat
512,492,386,645,506,528,382,508,507,519,477,374,514,391,455,Squat
512,490,386,645,506,527,382,508,509,519,476,375,514,391,455,Squat
514,490,387,645,507,524,382,507,511,519,472,378,515,388,454,Squat
514,489,385,645,506,524,382,508,513,518,477,379,517,385,454,Squat
511,491,380,645,506,524,382,509,513,518,477,377,517,386,454,Squat
511,490,380,645,507,524,382,509,513,519,472,375,517,389,450,Squat
511,489,382,645,507,524,382,511,512,518,472,376,517,389,451,Squat
511,491,383,645,508,523,382,511,512,516,474,376,518,388,455,Squat
511,493,381,645,508,522,382,513,512,516,473,375,518,389,452,Squat
511,489,380,645,507,522,382,512,511,517,474,372,518,389,450,Squat
513,486,380,645,506,522,382,510,512,518,474,371,516,388,451,Squat
514,486,380,645,506,522,382,509,514,518,474,372,516,386,454,Squat
513,489,379,645,507,522,382,511,514,519,472,372,517,386,455,Squat
512,489,376,645,505,522,382,511,515,521,472,370,517,386,454,Squat
512,488,378,645,505,520,382,511,515,521,472,372,517,386,454,Squat
512,489,380,645,507,519,382,509,514,521,468,373,519,386,454,Squat
514,489,381,645,507,519,382,511,515,520,467,370,520,385,457,Squat
511,490,380,645,507,519,382,511,517,519,469,366,522,385,459,Squat
511,495,377,645,505,520,382,510,516,520,467,369,520,386,457,Squat
511,492,377,645,505,520,382,515,512,518,472,371,518,386,461,Squat
512,491,381,645,505,520,382,511,513,520,470,375,516,388,464,Squat
514,494,384,645,503,519,383,506,518,519,469,380,516,390,466,Squat
515,497,382,645,505,517,383,513,519,516,473,382,516,392,470,Squat
514,499,386,645,504,517,385,518,517,516,477,382,516,396,472,Squat
512,496,392,645,500,520,385,522,515,518,472,385,518,399,474,Squat
514,494,397,645,499,519,385,517,517,517,477,389,518,403,475,Squat
518,495,402,645,506,518,385,524,518,516,483,389,518,406,477,Squat
516,492,407,645,511,514,385,532,523,516,481,391,518,407,483,Squat
514,489,412,643,507,514,384,530,520,518,477,395,517,412,482,Squat
514,492,411,642,512,512,382,529,525,517,484,401,518,412,479,Squat
516,498,407,644,521,514,382,535,524,515,488,402,519,404,483,Squat
516,497,404,644,519,519,384,534,528,513,484,401,517,399,487,Squat
516,493,404,643,523,524,384,543,534,516,479,399,516,398,485,Squat
515,494,404,642,529,523,387,538,528,518,482,394,519,392,487,Squat
515,487,406,641,536,517,384,538,525,518,484,389,520,390,491,Squat
517,493,399,643,533,515,386,541,531,517,481,390,517,393,495,Squat
518,497,390,645,529,523,387,544,528,516,482,390,515,396,497,Squat
517,494,390,641,529,527,388,543,527,517,486,382,517,395,501,Squat
511,484,390,642,534,520,388,544,527,522,480,382,521,394,506,Squat
512,482,391,642,539,520,388,547,530,522,476,384,521,388,509,Squat
515,483,393,640,531,519,389,549,532,518,478,385,522,378,515,Squat
514,489,389,640,531,523,390,552,535,517,477,376,523,375,517,Squat
514,491,388,639,541,524,392,557,533,520,481,369,521,374,518,Squat
510,488,388,639,541,525,389,546,531,525,483,369,519,374,526,Squat
506,486,383,639,542,525,390,546,539,527,485,371,518,379,532,Squat
506,485,380,639,542,522,391,553,536,530,479,369,515,383,530,Squat
507,482,375,638,546,522,391,553,536,529,481,367,515,382,531,Squat
504,485,366,638,546,525,391,553,538,528,484,365,517,387,533,Squat
508,489,369,638,544,528,395,557,541,531,488,363,519,388,543,Squat
507,482,368,638,549,527,392,554,538,534,486,364,518,384,546,Squat
500,470,366,636,549,528,395,558,539,538,482,360,517,378,548,Squat
499,476,367,637,549,527,392,556,539,543,478,352,517,371,551,Squat
499,477,368,635,552,528,396,561,539,534,478,361,517,373,556,Squat
501,476,372,636,552,526,396,564,540,531,480,357,517,375,556,Squat
506,472,377,636,553,524,397,565,539,534,476,355,517,373,559,Squat
510,477,371,634,556,526,399,568,538,529,484,353,517,372,562,Squat
511,476,369,633,555,524,398,570,537,528,482,355,516,375,558,Squat
511,473,367,632,557,525,399,571,540,527,479,353,521,374,559,Squat
513,477,365,632,560,523,400,571,543,527,482,351,524,373,566,Squat
513,479,363,631,564,524,399,572,542,526,485,356,523,368,571,Squat
513,478,364,633,563,523,399,572,544,526,480,349,520,362,570,Squat
509,468,363,630,564,524,400,572,544,528,472,344,520,357,565,Squat
508,457,357,633,563,526,401,573,544,529,459,345,522,355,569,Squat
510,460,354,632,564,527,401,575,542,530,482,336,525,357,572,Squat
505,456,354,631,564,529,402,575,542,530,477,332,525,356,570,Squat
504,460,344,631,565,526,404,576,541,531,466,331,523,350,574,Squat
506,464,341,630,564,524,403,576,540,527,468,326,522,354,569,Squat
506,460,347,631,565,523,402,575,541,531,473,336,523,355,569,Squat
506,461,349,628,566,523,403,575,541,530,482,338,524,355,568,Squat
507,462,348,630,565,522,402,574,541,525,480,334,524,356,569,Squat
504,461,353,630,567,518,403,575,541,528,466,332,524,359,565,Squat
504,462,357,630,567,521,401,575,542,532,468,337,524,359,563,Squat
509,473,352,629,567,521,402,575,544,528,473,341,523,363,565,Squat
509,474,356,629,567,521,402,575,543,527,477,340,522,367,561,Squat
508,468,358,629,568,520,401,574,544,533,469,342,523,364,560,Squat
509,471,357,629,567,518,401,574,544,530,458,352,524,366,558,Squat
509,480,359,629,565,520,401,572,546,529,469,346,524,366,557,Squat
504,478,363,629,567,518,401,571,545,533,468,346,524,369,552,Squat
506,481,366,631,566,516,399,571,543,530,460,364,524,367,555,Squat
507,493,363,631,565,519,399,569,547,526,467,366,523,370,550,Squat
505,483,372,631,564,519,398,570,544,529,478,359,523,374,539,Squat
505,471,378,632,562,520,398,568,545,534,460,360,526,370,540,Squat
505,480,379,633,560,522,397,571,542,532,459,371,523,372,537,Squat
506,487,379,634,560,520,398,565,541,527,477,369,520,377,532,Squat
508,482,380,634,558,524,397,562,543,528,483,368,520,379,529,Squat
508,482,380,634,559,525,395,562,541,525,464,374,517,378,527,Squat
505,487,388,633,558,524,394,563,537,524,463,381,519,387,513,Squat
510,491,387,637,551,525,393,555,537,524,477,380,521,383,517,Squat
514,499,383,637,551,524,393,557,539,519,486,377,519,387,519,Squat
511,482,393,636,549,522,393,558,538,518,473,383,519,395,512,Squat
512,476,405,637,552,520,390,551,540,514,474,384,520,391,507,Squat
515,493,393,637,545,520,389,555,538,518,492,375,523,386,510,Squat
513,497,387,638,544,525,391,554,537,518,487,383,524,390,503,Squat
515,484,396,637,547,523,389,550,535,520,467,390,523,387,498,Squat
517,487,394,637,546,523,387,543,536,520,481,388,523,383,499,Squat
518,486,386,639,541,522,385,547,535,519,483,385,521,385,493,Squat
518,489,396,640,536,521,388,549,535,515,466,390,519,384,493,Squat
522,492,398,641,531,524,388,545,530,511,478,384,518,388,490,Squat
521,496,395,641,544,524,386,538,528,511,493,377,523,398,485,Squat
517,499,387,640,545,519,385,529,528,512,492,380,524,404,487,Squat
519,497,391,641,533,520,384,538,528,514,484,386,519,410,488,Squat
520,496,395,641,515,523,384,534,523,513,483,386,516,415,488,Squat
518,490,399,646,535,519,388,519,522,511,483,388,514,418,491,Squat
518,484,407,643,534,518,385,523,521,511,476,391,511,418,493,Squat
518,487,402,640,526,516,387,511,518,511,474,396,511,420,487,Squat
521,493,401,641,514,514,388,510,511,511,480,396,511,411,488,Squat
522,496,404,642,513,512,386,502,510,510,488,391,511,403,486,Squat
520,489,409,642,512,509,383,499,511,512,485,394,511,393,482,Squat
519,489,409,643,506,509,382,498,518,515,480,394,513,383,475,Squat
521,494,399,641,497,509,385,490,525,515,484,389,518,373,477,Squat
520,491,396,644,497,513,382,491,522,515,486,383,520,373,480,Squat
517,484,393,644,494,519,381,492,520,519,475,381,520,377,476,Squat
517,485,386,644,492,521,383,493,520,520,470,380,520,378,475,Squat
518,490,378,645,492,522,383,493,520,519,473,375,520,380,474,Squat
517,489,376,645,492,522,382,498,516,516,471,373,520,381,471,Squat
517,485,378,645,493,521,382,503,516,514,471,369,518,381,469,Squat
518,484,380,646,492,521,382,509,516,513,471,368,517,381,469,Squat
518,483,380,646,493,522,382,507,515,512,474,365,516,381,469,Squat
519,481,379,646,495,522,382,508,514,512,474,364,516,383,470,Squat
519,476,382,646,496,523,382,510,513,512,474,364,514,383,469,Squat
519,477,382,646,496,523,382,511,515,513,474,367,514,382,471,Squat
520,484,380,646,494,521,382,511,515,514,471,369,515,382,471,Squat
521,487,380,646,495,519,382,511,515,514,471,372,517,382,471,Squat
521,488,381,646,495,521,382,513,514,514,470,374,516,381,471,Squat
521,496,381,646,496,522,382,513,514,514,470,375,516,382,471,Squat
521,495,381,646,495,522,383,509,514,512,471,378,516,382,471,Squat
523,490,384,645,497,519,383,508,514,511,465,381,517,383,471,Squat
525,491,385,645,497,521,383,509,515,510,465,381,517,384,474,Squat
525,496,386,646,499,522,383,505,522,510,468,381,516,389,471,Squat
525,492,389,646,501,518,383,513,519,510,471,382,516,390,474,Squat
528,489,389,644,500,518,383,512,515,509,471,381,514,390,478,Squat
528,485,390,645,502,517,383,521,516,509,466,381,513,392,479,Squat
525,491,391,644,500,517,382,524,516,511,465,386,516,393,480,Squat
525,486,392,644,504,514,382,517,518,511,471,386,517,392,480,Squat
522,486,389,644,506,515,384,518,523,510,469,381,518,392,480,Squat
519,491,387,644,508,516,384,518,522,513,465,380,515,393,483,Squat
519,498,383,645,507,517,384,512,518,513,468,381,515,392,490,Squat
519,497,390,647,511,517,382,529,521,513,471,385,517,392,492,Squat
519,498,397,645,510,517,383,524,523,513,467,389,521,393,490,Squat
519,503,392,641,511,517,383,511,520,512,471,389,523,394,492,Squat
520,495,395,644,515,519,384,517,528,511,474,392,522,397,495,Squat
522,490,397,647,514,518,384,523,529,511,474,393,521,399,495,Squat
521,489,398,642,509,521,384,528,528,511,468,391,519,401,499,Squat
519,492,394,643,519,521,383,538,527,511,471,392,517,400,502,Squat
518,492,393,644,522,519,384,538,532,513,478,391,514,393,506,Squat
517,492,390,644,526,518,387,529,528,516,472,384,514,391,506,Squat
516,495,388,641,523,521,385,537,523,513,472,379,515,389,509,Squat
516,487,392,644,529,517,386,533,528,510,468,378,516,389,509,Squat
519,486,390,643,522,520,387,533,530,510,471,371,519,387,514,Squat
521,494,379,643,527,523,388,539,531,511,472,371,518,385,515,Squat
517,488,375,642,533,523,388,538,531,515,466,376,516,384,519,Squat
523,483,379,643,537,520,387,540,533,518,470,374,515,384,524,Squat
524,484,379,640,529,526,387,542,535,515,470,375,514,384,528,Squat
521,482,383,641,533,524,389,552,541,512,469,377,513,384,531,Squat
521,483,387,640,535,526,390,549,541,512,461,376,516,382,532,Squat
525,481,392,639,533,529,389,555,538,512,461,380,516,381,532,Squat
529,485,393,640,541,527,392,554,538,509,465,387,517,381,536,Squat
528,488,396,639,546,524,393,553,544,508,476,388,519,383,541,Squat
528,483,404,637,544,525,392,561,538,506,468,391,519,381,542,Squat
528,478,413,637,543,524,394,558,542,500,456,397,519,379,542,Squat
530,484,411,638,547,518,394,561,541,502,466,397,520,381,542,Squat
535,498,396,636,550,521,394,561,540,499,477,399,524,384,545,Squat
536,493,393,634,554,521,397,568,546,497,479,401,525,385,542,Squat
536,485,392,635,550,518,397,569,541,502,456,396,523,378,541,Squat
532,476,378,635,556,521,398,568,541,507,453,391,518,371,547,Squat
529,489,370,633,563,520,398,570,539,508,466,384,514,374,547,Squat
529,489,372,633,563,519,397,568,540,510,487,362,513,376,546,Squat
524,477,372,633,561,520,398,571,542,510,479,350,516,374,549,Squat
522,459,370,632,565,522,402,573,542,510,455,345,518,375,548,Squat
524,467,365,630,564,525,397,569,540,517,459,339,520,376,551,Squat
522,478,358,633,561,524,401,572,543,515,469,333,521,376,545,Squat
519,480,354,632,562,520,400,572,545,514,466,333,521,373,547,Squat
516,482,349,632,564,521,400,571,543,512,462,341,522,368,563,Squat
515,478,347,630,563,527,401,570,545,516,455,347,521,367,571,Squat
516,484,350,630,563,524,400,571,544,517,463,348,518,365,569,Squat
515,481,350,630,563,522,400,572,543,517,464,349,518,360,569,Squat
515,479,354,632,561,518,400,572,542,519,460,349,518,358,566,Squat
515,481,354,628,565,521,400,571,545,517,462,348,517,360,568,Squat
515,478,355,629,568,520,403,573,546,516,454,345,521,362,573,Squat
514,478,353,629,569,518,402,574,548,515,444,344,527,360,575,Squat
515,483,350,629,570,514,402,576,545,517,452,342,529,355,573,Squat
514,484,345,629,570,518,402,575,544,517,459,342,524,356,575,Squat
510,481,339,627,571,517,402,575,544,518,454,346,520,359,573,Squat
510,480,339,628,571,517,403,575,544,522,450,344,520,357,573,Squat
511,481,340,628,570,516,403,574,544,520,453,339,521,357,573,Squat
513,478,343,627,570,512,401,574,543,519,453,337,523,363,571,Squat
512,478,346,629,568,512,401,573,545,520,450,337,523,366,566,Squat
512,478,346,628,567,512,403,572,547,523,450,337,523,364,569,Squat
511,482,346,628,568,514,402,573,546,522,449,339,521,368,564,Squat
511,485,351,628,567,516,402,573,546,521,457,344,520,368,566,Squat
511,483,358,631,564,517,401,573,545,520,454,350,520,370,564,Squat
511,479,364,632,565,515,402,572,547,522,448,362,520,369,562,Squat
511,486,370,628,567,516,401,570,547,525,452,365,523,369,562,Squat
514,496,369,629,564,519,400,570,547,520,461,363,523,372,562,Squat
515,495,371,631,563,516,399,569,547,519,458,369,522,375,557,Squat
512,494,373,631,563,515,399,568,549,523,450,378,523,372,551,Squat
516,498,368,631,564,515,399,564,552,523,454,372,523,374,549,Squat
519,495,364,631,563,518,396,568,546,518,462,364,521,379,549,Squat
516,488,367,632,562,519,396,565,544,519,444,374,522,382,546,Squat
514,486,379,636,560,515,394,562,546,517,453,381,520,381,544,Squat
519,485,387,633,564,516,397,561,547,516,477,364,523,382,542,Squat
516,484,386,632,560,522,395,563,544,515,470,367,525,382,541,Squat
515,491,389,633,560,524,394,561,538,515,458,376,521,383,541,Squat
515,496,390,633,560,520,393,561,538,520,466,388,521,383,534,Squat
515,507,391,635,558,514,393,558,537,516,483,385,521,387,529,Squat
513,497,396,635,555,519,390,557,531,515,486,380,518,389,528,Squat
512,484,403,635,551,522,389,551,534,517,466,385,517,392,519,Squat
513,496,393,638,548,521,389,548,533,523,463,401,519,391,520,Squat
515,511,390,638,546,520,389,548,532,518,482,394,520,395,518,Squat
511,499,397,639,541,521,388,543,532,519,487,386,520,400,509,Squat
509,485,410,639,537,522,388,543,530,525,461,402,519,396,505,Squat
514,506,403,639,538,526,388,535,528,517,476,407,518,395,512,Squat
513,514,405,641,538,523,385,537,531,514,499,392,517,408,507,Squat
512,492,415,642,532,523,385,534,525,517,487,392,518,414,501,Squat
513,494,406,641,529,524,386,529,522,516,473,399,516,412,508,Squat
514,507,397,643,530,522,386,524,522,519,485,399,515,416,504,Squat
514,507,399,643,525,522,382,527,520,518,492,389,515,417,498,Squat
514,492,403,641,514,523,386,512,520,518,479,382,515,414,498,Squat
514,486,397,640,507,528,386,513,516,518,464,388,515,410,496,Squat
516,497,392,644,518,519,385,510,513,517,467,393,515,405,493,Squat
519,507,391,642,513,516,385,508,512,513,484,385,516,398,492,Squat
519,503,389,642,508,513,384,501,510,513,479,386,516,393,487,Squat
519,499,389,642,503,512,387,489,513,513,465,390,517,390,483,Squat
520,505,389,642,505,510,379,497,509,515,469,388,518,384,483,Squat
522,507,389,645,499,512,381,498,511,513,475,383,518,379,481,Squat
520,503,389,643,490,515,381,494,517,513,476,382,518,373,480,Squat
516,497,388,646,486,518,381,490,524,515,474,380,515,372,476,Squat
516,498,384,646,483,524,382,496,521,515,475,377,513,375,472,Squat
516,496,379,646,481,532,382,500,516,515,478,371,512,379,474,Squat
516,496,374,646,483,534,382,504,514,512,475,366,512,384,475,Squat
516,494,376,646,486,531,383,504,511,512,470,367,514,385,475,Squat
517,496,378,644,486,526,383,505,510,516,473,367,514,384,470,Squat
520,498,376,644,489,522,382,503,510,517,474,366,515,381,469,Squat
519,498,375,645,493,522,382,503,513,517,473,370,515,379,474,Squat
517,498,376,646,496,522,382,501,514,517,471,372,515,380,474,Squat
516,495,377,646,496,523,380,500,514,516,472,370,515,381,475,Squat
516,499,378,646,495,523,383,496,515,517,471,371,516,381,474,Squat
516,502,378,646,495,524,383,493,517,517,468,370,517,379,474,Squat
516,505,378,646,494,524,383,494,517,517,468,370,517,378,474,Squat
516,499,378,646,492,524,383,497,517,517,471,369,517,377,474,Squat
515,497,378,646,491,524,383,497,517,517,470,368,517,379,474,Squat
515,497,377,646,491,524,383,497,516,518,470,370,517,381,473,Squat
515,497,376,646,491,525,383,496,516,517,474,369,517,382,473,Squat
515,495,377,646,491,525,383,499,515,517,474,368,515,382,474,Squat
515,494,378,646,491,525,383,504,515,517,471,370,515,382,475,Squat
515,493,382,645,491,525,383,506,513,514,471,373,515,383,474,Squat
515,497,383,645,492,522,383,504,512,513,474,375,515,382,475,Squat
515,504,382,645,493,521,382,507,512,514,475,372,517,382,477,Squat
515,500,382,645,494,521,382,510,513,514,472,374,517,383,477,Squat
517,491,383,645,498,521,382,510,516,516,462,379,517,383,479,Squat
517,486,384,645,500,521,382,510,514,515,469,382,516,383,480,Squat
520,482,384,645,502,520,382,507,514,512,461,382,513,387,481,Squat
522,488,381,645,501,518,382,506,522,512,467,382,512,391,482,Squat
518,489,380,645,499,517,384,509,528,511,471,381,512,395,485,Squat
515,489,381,646,496,516,385,522,522,513,474,378,515,396,489,Squat
517,487,386,645,495,516,381,527,517,511,473,377,519,396,484,Squat
521,480,392,644,496,516,383,521,519,508,469,379,522,398,483,Squat
522,485,398,644,497,518,383,527,523,511,473,384,520,398,487,Squat
525,492,399,643,494,518,382,531,522,516,472,388,514,398,487,Squat
529,494,400,643,504,513,382,530,519,514,469,392,512,397,488,Squat
532,490,404,641,515,516,383,536,529,509,469,397,517,393,494,Squat
530,493,407,643,518,517,382,531,530,505,473,399,521,394,494,Squat
526,488,404,644,517,518,384,530,533,504,470,399,524,396,494,Squat
530,488,404,645,524,518,385,539,532,505,465,397,522,393,495,Squat
528,492,402,641,518,522,386,540,529,505,471,392,520,390,500,Squat
527,503,396,644,529,518,386,537,529,504,481,388,520,394,504,Squat
524,493,397,646,530,517,387,541,528,501,487,389,519,398,508,Squat
521,492,396,641,524,525,388,539,523,509,475,389,521,400,510,Squat
518,487,396,642,534,521,386,532,526,516,468,387,521,398,515,Squat
517,489,400,642,545,515,387,540,534,514,477,389,519,393,521,Squat
519,490,403,641,535,517,391,544,541,514,477,393,514,389,526,Squat
519,495,399,639,528,522,391,550,539,513,478,391,514,384,526,Squat
517,499,397,641,536,519,390,552,538,512,486,390,514,383,527,Squat
519,496,397,641,538,525,392,550,542,512,483,387,514,383,527,Squat
521,483,400,637,540,531,391,552,540,512,481,387,514,383,532,Squat
522,483,398,639,547,523,391,554,540,511,481,386,514,383,539,Squat
521,483,397,639,547,527,394,558,539,508,482,379,514,384,539,Squat
520,482,396,639,547,530,393,557,541,509,476,370,517,380,540,Squat
521,485,386,638,548,528,392,554,543,513,472,374,519,379,544,Squat
521,499,377,634,552,523,396,558,545,512,485,377,519,379,545,Squat
521,511,372,635,554,517,396,563,542,515,496,368,518,377,548,Squat
518,492,372,638,547,520,394,560,546,519,493,367,518,374,553,Squat
516,485,375,637,554,521,396,562,545,519,469,375,518,375,553,Squat
517,488,374,633,559,522,396,562,548,517,478,366,517,379,551,Squat
519,497,367,634,558,527,397,566,547,515,488,348,517,382,549,Squat
516,488,358,635,560,526,399,567,552,517,471,347,518,380,548,Squat
515,489,353,633,560,525,398,567,548,520,471,355,517,379,552,Squat
515,492,352,633,561,524,399,566,548,524,486,342,519,380,556,Squat
513,487,349,633,562,521,399,566,546,525,469,336,521,378,555,Squat
512,494,348,632,562,521,400,568,549,520,461,348,521,374,555,Squat
512,492,347,633,562,519,397,568,544,521,475,353,517,371,557,Squat
510,477,350,633,563,521,400,568,545,525,471,342,516,367,559,Squat
509,469,353,633,563,521,399,570,543,524,461,340,515,365,562,Squat
515,473,361,631,562,523,399,570,546,522,468,342,513,362,568,Squat
515,472,364,632,562,525,401,570,546,522,478,338,516,357,567,Squat
512,475,356,632,563,523,400,569,545,524,481,332,520,353,567,Squat
513,485,348,629,564,521,401,570,547,522,468,326,522,352,570,Squat
515,484,339,631,564,524,400,570,547,524,464,333,523,353,569,Squat
515,479,339,631,564,524,401,571,546,524,460,343,526,350,568,Squat
515,477,343,631,564,524,401,572,546,524,465,339,528,350,570,Squat
517,482,336,631,566,520,402,574,545,521,452,337,529,354,569,Squat
518,480,340,630,567,522,401,573,545,514,459,343,528,353,567,Squat
518,478,350,630,567,522,401,573,545,515,470,345,526,355,565,Squat
516,474,356,630,568,521,403,573,545,516,466,336,526,359,564,Squat
515,474,353,629,568,519,402,572,544,513,460,342,526,362,563,Squat
516,477,355,631,568,518,403,571,543,514,466,347,525,364,561,Squat
515,480,362,630,569,517,401,572,544,519,478,340,522,365,556,Squat
515,480,362,627,569,513,402,572,545,517,469,340,521,364,558,Squat
517,476,359,628,563,517,402,570,548,516,457,353,521,369,561,Squat
518,478,363,627,563,515,401,570,547,516,455,358,521,372,558,Squat
517,482,372,630,568,513,401,570,548,519,468,353,522,373,554,Squat
512,477,377,630,568,515,399,569,548,522,468,359,524,371,556,Squat
511,480,377,631,563,520,400,570,549,518,462,368,524,373,552,Squat
512,482,380,629,566,520,400,568,549,518,466,366,527,373,552,Squat
514,488,375,632,563,519,399,568,549,522,465,367,526,375,548,Squat
517,497,367,635,560,519,399,568,549,517,462,377,522,377,547,Squat
515,492,375,629,564,518,397,565,550,516,460,376,522,378,544,Squat
512,480,379,633,559,520,398,567,548,519,461,367,524,379,537,Squat
515,484,372,634,559,515,397,565,547,521,452,367,525,377,535,Squat
518,497,367,634,560,515,395,561,547,517,462,374,521,381,535,Squat
516,494,375,630,563,521,398,562,547,518,468,366,521,385,528,Squat
512,483,378,632,559,517,395,564,542,521,455,366,523,382,524,Squat
515,496,372,635,555,517,391,562,541,515,456,378,522,381,525,Squat
515,500,375,638,551,520,394,557,547,515,465,376,522,385,524,Squat
513,485,393,632,556,521,397,554,546,518,465,373,522,387,519,Squat
515,488,389,637,550,518,393,555,542,516,463,382,523,382,518,Squat
514,501,385,639,551,516,391,557,537,511,475,393,523,381,515,Squat
512,501,394,639,547,518,388,547,537,512,485,382,522,385,511,Squat
516,495,400,636,552,522,389,553,542,518,481,378,524,385,512,Squat
518,498,395,637,546,518,391,542,543,512,482,388,524,387,509,Squat
523,501,390,641,539,517,387,541,538,509,478,392,520,391,504,Squat
524,509,390,641,544,519,386,539,536,508,478,389,518,394,505,Squat
522,504,400,638,540,517,387,543,537,509,476,387,517,403,497,Squat
524,495,405,639,535,516,387,541,537,503,473,386,518,403,498,Squat
528,504,390,641,535,518,386,533,531,503,479,387,520,406,497,Squat
525,500,393,642,531,520,386,520,533,505,484,392,520,411,494,Squat
524,498,403,642,539,519,383,540,529,505,479,387,522,408,494,Squat
526,500,398,641,526,516,384,534,525,506,477,384,523,405,491,Squat
527,502,389,642,520,518,385,531,519,506,473,394,524,404,490,Squat
526,505,391,644,524,516,387,519,519,502,477,397,521,406,492,Squat
525,502,400,643,520,517,385,517,518,506,477,387,516,407,489,Squat
525,497,399,642,513,515,383,516,519,507,478,387,515,401,489,Squat
525,492,400,643,514,512,383,520,516,507,480,390,517,392,490,Squat
525,490,405,645,514,509,383,515,515,507,478,386,517,387,487,Squat
525,490,404,644,510,510,383,510,516,508,477,382,519,386,484,Squat
525,494,399,643,498,515,383,505,516,508,479,385,520,384,483,Squat
525,497,396,645,497,517,381,508,518,508,479,388,521,383,483,Squat
524,497,393,645,497,520,383,503,521,508,470,385,519,383,479,Squat
524,497,389,645,496,522,383,502,518,507,464,385,518,379,478,Squat
525,494,384,645,490,521,382,503,516,505,467,387,518,379,478,Squat
528,493,383,645,489,517,383,504,516,504,468,381,517,380,476,Squat
530,488,383,646,490,515,383,500,516,504,468,376,515,381,475,Squat
530,489,383,645,487,518,381,503,516,508,464,375,516,381,476,Squat
530,498,378,645,488,523,383,501,518,507,458,371,517,380,476,Squat
528,501,376,645,490,524,383,505,519,508,460,370,518,380,471,Squat
528,499,377,645,491,523,383,503,522,510,457,373,518,380,473,Squat
527,496,376,645,493,519,383,501,519,510,454,377,519,379,478,Squat
526,497,375,645,497,519,381,504,516,510,454,378,518,380,476,Squat
526,497,375,645,497,517,382,503,516,510,455,375,518,380,475,Squat
527,496,375,645,496,515,382,499,520,510,456,375,518,380,475,Squat
527,500,376,645,497,515,382,499,521,510,458,376,518,380,475,Squat
529,502,378,645,500,517,382,502,518,510,458,376,518,380,475,Squat
529,501,379,645,499,517,382,502,517,509,459,376,518,379,477,Squat
528,494,381,645,499,516,382,498,518,506,459,377,519,379,476,Squat
527,491,383,645,499,517,382,500,517,506,458,379,520,380,475,Squat
527,497,382,645,499,518,382,503,517,506,460,379,520,380,475,Squat
527,496,382,645,498,518,382,504,518,506,464,377,519,380,476,Squat
528,491,382,645,498,516,382,501,519,509,461,376,518,381,477,Squat
530,491,383,645,499,516,382,499,518,506,459,378,517,383,479,Squat
530,495,383,645,499,518,382,504,517,505,463,377,517,383,481,Squat
529,493,383,645,497,518,382,506,518,504,459,379,519,386,481,Squat
530,493,385,645,497,518,382,503,521,502,457,381,521,389,483,Squat
529,492,390,646,500,519,382,505,519,503,459,383,518,390,486,Squat
527,492,390,647,500,518,384,508,517,507,463,387,517,391,489,Squat
524,492,394,644,497,515,387,506,518,507,470,389,515,394,487,Squat
524,490,396,644,496,513,384,512,513,507,470,390,514,398,484,Squat
524,490,396,643,500,513,383,520,516,506,470,389,514,397,490,Squat
524,489,396,643,502,513,384,518,518,509,465,389,515,396,497,Squat
525,484,401,643,505,510,382,523,519,512,465,389,516,398,492,Squat
527,486,396,643,507,510,383,526,525,511,463,384,515,396,488,Squat
522,493,392,642,507,511,383,524,517,506,468,385,513,391,493,Squat
522,502,390,644,512,516,382,526,517,505,470,388,516,391,493,Squat
529,511,391,646,517,520,383,531,528,504,472,388,521,393,492,Squat
533,510,388,646,520,526,385,526,527,502,477,390,520,393,494,Squat
533,504,389,643,515,526,384,533,528,504,470,390,515,393,495,Squat
532,507,388,644,525,523,384,531,526,505,460,393,509,388,498,Squat
532,505,388,645,529,519,384,529,528,503,466,391,508,388,498,Squat
532,497,394,642,528,522,384,533,531,503,471,389,508,388,503,Squat
533,487,400,641,523,524,385,534,532,503,470,388,508,388,506,Squat
532,483,402,641,526,522,387,540,532,501,465,387,509,388,510,Squat
532,488,400,641,538,521,387,542,526,505,468,386,509,387,513,Squat
532,499,396,641,541,523,386,541,525,508,469,385,511,384,518,Squat
532,507,395,641,539,524,387,545,530,508,475,385,511,384,517,Squat
535,508,393,640,531,524,391,547,535,508,477,386,511,380,520,Squat
538,506,388,640,536,525,388,556,529,506,465,390,512,379,515,Squat
542,500,386,640,541,522,393,563,543,504,459,394,516,373,517,Squat
540,483,397,638,545,525,396,568,535,507,457,389,524,360,535,Squat
539,480,399,638,556,531,387,530,545,509,457,384,522,360,524,Squat
537,500,381,637,547,529,396,546,540,502,464,378,519,354,524,Squat
540,506,370,639,543,524,388,538,533,496,463,368,516,352,541,Squat
540,503,360,639,544,527,383,539,538,499,453,364,513,345,547,Squat
529,488,358,634,546,531,389,559,538,504,455,356,510,332,546,Squat
519,491,352,639,541,530,394,574,539,507,459,350,514,323,545,Squat
518,485,343,638,552,523,397,562,541,510,464,335,520,339,538,Squat
517,468,346,631,569,531,390,560,535,510,453,324,520,348,522,Squat
519,457,344,634,566,524,394,565,536,510,441,324,515,352,513,Squat
519,474,326,635,556,521,392,563,534,508,431,329,513,371,545,Squat
525,481,336,635,554,518,396,570,541,504,444,339,516,385,545,Squat
525,485,342,634,559,515,396,564,538,495,463,343,517,383,532,Squat
527,484,358,635,555,522,396,566,540,498,469,349,522,380,538,Squat
530,489,370,631,564,522,395,563,537,503,460,358,525,388,536,Squat
526,491,366,634,564,522,394,564,537,509,459,368,519,393,530,Squat
523,484,376,629,568,527,397,562,539,513,461,374,514,398,531,Squat
519,478,394,634,555,532,394,561,529,513,463,380,511,412,532,Squat
518,482,405,636,562,529,396,560,536,511,468,393,507,418,531,Squat
521,484,416,632,553,527,399,567,525,508,478,401,508,411,532,Squat
528,489,426,634,555,523,392,550,516,510,481,404,509,404,537,Squat
527,495,429,634,549,519,392,576,540,516,481,405,511,403,535,Squat
529,502,421,636,548,518,412,578,550,516,478,409,509,402,541,Squat
524,504,413,633,560,523,401,573,539,511,477,413,510,406,546,Squat
524,494,415,625,574,523,396,564,538,511,470,412,513,400,545,Squat
517,495,413,626,567,524,400,574,541,515,465,407,516,388,548,Squat
513,504,405,630,564,525,403,572,542,524,469,406,514,384,550,Squat
523,511,397,631,568,527,396,567,535,522,469,401,513,396,540,Squat
519,514,389,629,567,526,399,570,545,520,465,389,517,379,556,Squat
514,504,379,630,561,525,403,576,542,529,456,380,520,368,558,Squat
508,507,361,630,564,528,400,573,543,529,461,370,515,352,570,Squat
501,497,342,631,567,528,399,574,542,530,469,351,511,339,577,Squat
492,479,335,631,566,529,403,575,540,537,446,345,514,334,577,Squat
495,492,331,630,565,529,398,571,543,543,434,342,518,337,577,Squat
500,508,323,631,568,527,400,572,541,539,457,321,518,353,565,Squat
496,504,319,631,567,526,402,573,540,544,448,308,519,357,554,Squat
501,493,318,629,565,524,402,574,540,544,432,312,520,355,557,Squat
506,496,313,629,567,520,401,573,540,534,434,316,518,357,561,Squat
503,490,314,629,569,519,401,573,542,534,432,316,515,354,560,Squat
500,494,320,629,567,519,401,573,544,544,422,320,515,355,562,Squat
498,498,330,628,567,519,399,571,544,544,428,336,516,353,559,Squat
499,500,342,628,567,518,399,572,543,539,441,349,519,355,561,Squat
499,503,351,629,568,517,400,574,542,538,452,347,521,367,559,Squat
495,503,356,629,568,517,400,570,544,540,449,348,519,372,552,Squat
495,496,358,630,568,517,400,566,549,542,446,362,515,366,545,Squat
502,496,355,629,566,518,398,571,541,538,445,366,513,362,547,Squat
502,495,355,631,563,523,395,571,537,534,456,359,513,363,554,Squat
496,489,359,630,563,521,395,569,541,535,452,353,518,375,543,Squat
497,489,364,633,565,519,398,569,541,536,448,361,523,374,535,Squat
501,493,365,635,565,519,395,562,541,529,455,363,522,381,541,Squat
501,496,373,635,561,524,394,559,540,528,466,360,518,393,539,Squat
502,493,387,633,558,522,394,559,540,533,462,369,517,394,534,Squat
506,501,386,634,557,519,394,565,536,521,465,381,516,383,538,Squat
507,504,388,635,558,519,394,566,533,522,477,381,519,384,533,Squat
504,498,397,635,553,519,393,559,534,532,469,380,519,382,525,Squat
502,496,400,635,549,517,391,557,532,536,461,387,517,377,521,Squat
505,505,392,635,549,518,391,554,533,532,470,391,516,374,533,Squat
508,506,391,637,548,516,390,556,531,526,475,387,515,388,518,Squat
510,503,393,637,546,515,390,553,531,520,468,391,515,397,499,Squat
510,502,386,637,545,516,390,549,530,516,461,396,513,399,498,Squat
513,506,385,638,543,518,389,552,530,516,468,393,514,406,494,Squat
521,508,389,639,541,518,388,551,527,515,475,383,518,405,495,Squat
523,503,390,640,540,518,389,545,527,513,472,383,521,409,498,Squat
521,504,393,641,538,518,387,538,526,515,464,391,519,410,495,Squat
525,510,399,641,537,519,386,538,528,511,471,396,517,402,492,Squat
525,512,398,641,530,517,385,538,526,508,484,388,517,399,493,Squat
520,504,401,641,524,517,386,531,526,509,479,386,517,406,490,Squat
519,501,402,643,526,517,386,527,525,510,466,393,520,403,493,Squat
519,504,399,643,523,515,384,529,527,509,470,396,520,396,493,Squat
520,502,401,642,521,515,384,524,526,505,474,395,520,395,491,Squat
524,497,411,642,514,512,385,519,526,505,472,397,520,396,489,Squat
527,498,413,642,515,511,384,517,522,504,472,401,522,391,492,Squat
525,500,409,643,512,511,384,517,520,503,481,399,522,389,489,Squat
520,499,413,643,507,510,383,518,521,502,481,399,522,384,484,Squat
517,500,417,643,502,510,382,520,521,501,478,400,521,383,478,Squat
525,502,412,643,499,510,383,515,521,497,478,398,519,381,481,Squat
528,492,406,644,498,511,384,507,524,497,483,398,518,382,484,Squat
528,484,403,645,499,513,381,511,523,503,473,396,517,382,478,Squat
531,480,396,645,496,518,382,508,523,507,463,388,516,381,477,Squat
535,481,383,645,495,515,383,506,522,507,458,379,514,382,479,Squat
533,479,375,645,499,512,383,501,523,507,455,378,515,383,477,Squat
532,487,371,646,501,512,383,500,522,508,439,379,518,380,474,Squat
533,498,366,645,498,512,384,494,524,507,444,374,521,378,474,Squat
533,503,365,645,498,510,384,491,526,504,449,372,521,377,474,Squat
532,504,367,645,497,511,383,494,525,504,449,376,522,377,475,Squat
529,502,367,646,497,513,382,499,524,502,449,379,521,379,474,Squat
529,503,368,646,497,515,383,498,522,503,449,378,518,380,474,Squat
529,499,373,646,493,518,383,496,523,502,455,376,516,380,474,Squat
529,491,380,646,489,519,383,499,521,502,455,376,513,377,472,Squat
529,490,383,646,483,521,383,502,522,502,457,372,513,376,472,Squat
529,492,382,644,483,518,383,504,522,502,457,372,513,379,473,Squat
529,499,381,644,484,521,383,504,523,502,458,375,513,381,472,Squat
530,499,379,645,485,522,383,504,522,502,459,379,513,381,474,Squat
531,495,382,644,485,523,383,507,519,501,456,381,516,384,478,Squat
531,497,384,645,487,522,382,513,519,500,454,384,517,388,480,Squat
530,500,387,646,492,519,382,512,518,503,455,384,518,388,480,Squat
529,502,388,646,493,519,382,507,515,505,453,386,516,386,480,Squat
529,503,390,646,493,518,382,510,512,508,454,389,516,385,484,Squat
528,508,390,646,495,516,383,507,515,508,454,389,514,386,488,Squat
527,510,393,646,500,514,383,502,522,509,456,391,512,386,488,Squat
525,508,396,645,500,514,383,504,525,509,452,397,511,386,488,Squat
525,509,394,643,501,514,383,511,524,509,458,398,511,391,491,Squat
520,507,392,644,507,513,383,510,521,508,468,395,511,398,493,Squat
516,499,402,644,508,513,385,516,518,511,460,394,513,401,492,Squat
522,496,404,644,507,513,385,521,517,511,458,394,519,401,499,Squat
523,499,399,643,503,514,385,526,522,505,474,393,519,401,507,Squat
520,503,395,643,507,515,386,523,523,510,483,393,514,399,504,Squat
521,509,390,644,505,516,383,530,521,512,483,390,507,395,501,Squat
520,515,389,644,516,514,384,530,527,512,478,393,504,398,504,Squat
523,513,393,646,520,516,386,523,532,509,477,396,511,402,508,Squat
523,505,399,644,514,518,385,532,527,508,481,392,516,404,508,Squat
523,497,407,641,518,522,384,539,525,509,480,392,520,404,509,Squat
523,497,409,643,524,521,387,536,533,509,477,392,519,402,509,Squat
522,492,412,646,531,516,387,538,535,514,485,389,517,400,512,Squat
521,494,414,642,524,522,388,539,532,516,489,389,514,399,516,Squat
516,496,411,641,530,519,387,543,531,518,484,393,513,396,519,Squat
517,501,406,641,533,520,388,548,532,516,481,399,514,394,519,Squat
521,504,403,640,533,522,391,545,536,513,483,395,517,386,520,Squat
520,498,399,639,533,522,390,548,534,519,480,389,519,381,519,Squat
515,499,393,640,537,529,390,551,536,523,474,387,520,377,516,Squat
513,505,385,640,548,516,393,551,541,522,471,382,520,377,518,Squat
514,508,380,637,541,517,392,561,539,522,476,376,521,378,523,Squat
515,504,378,637,543,522,396,563,534,518,481,370,516,375,533,Squat
512,506,373,639,550,520,393,558,544,521,479,368,515,373,541,Squat
514,507,369,638,554,520,395,561,543,524,481,368,518,369,542,Squat
518,509,369,632,555,518,394,560,541,522,474,361,521,368,539,Squat
517,506,369,635,554,518,394,564,544,522,472,358,521,371,539,Squat
513,498,369,635,557,520,396,566,542,524,470,356,521,376,536,Squat
511,500,368,633,559,521,399,568,544,524,475,354,523,378,532,Squat
512,502,366,633,559,523,398,570,543,521,475,352,524,375,541,Squat
512,502,363,633,562,521,399,570,542,521,465,358,522,377,539,Squat
511,502,364,633,565,522,399,570,544,521,463,362,521,372,542,Squat
511,503,365,633,563,523,401,572,544,522,476,360,520,370,536,Squat
511,504,363,630,564,523,400,575,542,520,481,359,523,362,542,Squat
509,502,359,632,563,524,400,576,541,523,463,357,525,357,554,Squat
506,498,357,633,566,523,400,576,541,523,465,355,522,360,552,Squat
506,500,352,630,568,523,400,574,540,529,476,347,523,355,555,Squat
498,505,347,630,566,523,401,574,540,532,473,341,520,355,560,Squat
497,508,348,630,567,522,401,574,540,533,468,337,515,357,558,Squat
496,500,352,629,570,524,400,573,537,539,473,342,516,353,559,Squat
494,485,352,630,567,524,401,570,535,542,477,339,521,355,557,Squat
492,493,354,628,566,518,401,570,538,542,470,334,523,360,556,Squat
492,494,352,629,566,519,403,570,540,542,453,337,526,361,556,Squat
491,494,343,629,566,519,399,572,537,542,454,344,526,362,557,Squat
492,493,336,628,564,516,400,571,539,542,457,344,526,360,557,Squat
490,495,333,629,566,517,400,571,539,543,462,339,524,359,558,Squat
489,498,332,629,565,520,401,572,541,542,452,341,522,358,561,Squat
488,498,332,626,569,518,401,571,542,541,450,345,519,359,561,Squat
490,489,341,629,568,517,401,573,540,541,462,342,519,360,559,Squat
490,485,347,628,568,514,401,573,541,542,466,332,521,362,560,Squat
485,490,348,628,568,513,400,573,541,540,462,333,521,363,559,Squat
486,496,352,627,569,513,400,572,541,539,468,341,521,364,559,Squat
489,489,359,627,569,512,402,573,541,540,477,348,521,365,559,Squat
489,485,364,627,570,512,401,573,539,544,472,349,521,365,559,Squat
490,497,363,627,572,512,400,573,540,542,465,349,521,365,558,Squat
491,506,357,627,571,512,401,574,538,540,470,353,520,365,557,Squat
487,500,361,627,570,512,401,574,540,540,472,358,520,365,560,Squat
486,489,366,627,570,513,400,572,540,542,471,360,522,368,560,Squat
484,492,369,627,570,514,399,572,538,542,468,355,523,368,557,Squat
488,502,363,626,569,513,399,573,538,542,474,352,526,366,557,Squat
491,503,360,628,567,515,400,572,539,541,471,352,526,368,554,Squat
489,494,364,630,566,520,399,571,541,541,468,354,527,371,549,Squat
488,498,361,630,567,519,396,566,542,543,467,349,527,373,548,Squat
494,508,354,631,566,521,396,565,545,540,465,356,523,377,548,Squat
495,509,356,632,566,526,396,560,548,531,466,367,522,383,546,Squat
495,501,374,635,562,531,394,570,539,532,477,362,522,384,545,Squat
495,488,379,633,562,529,396,563,539,534,481,357,525,384,536,Squat
501,494,374,633,562,527,395,561,538,528,480,370,523,383,538,Squat
499,504,385,634,558,526,393,566,535,523,484,374,519,394,532,Squat
497,494,397,637,553,526,395,561,540,529,491,366,519,392,529,Squat
494,495,391,635,556,522,391,549,538,530,489,374,517,391,522,Squat
498,506,386,631,551,522,389,558,538,519,490,382,515,392,518,Squat
501,507,398,634,548,522,395,558,535,518,488,379,515,396,513,Squat
502,505,403,639,549,520,391,549,529,522,486,375,518,399,508,Squat
510,510,394,640,551,519,388,544,526,519,489,391,518,395,508,Squat
514,511,397,638,551,516,388,551,525,512,503,394,517,394,504,Squat
520,504,408,638,544,515,391,560,530,514,489,386,517,394,501,Squat
525,509,402,640,535,517,391,553,531,514,482,389,520,399,500,Squat
524,520,392,643,536,519,388,547,525,509,479,394,520,407,497,Squat
522,517,400,641,539,519,388,537,524,509,484,389,519,408,493,Squat
523,515,403,640,536,519,385,546,526,512,481,388,521,403,495,Squat
523,518,397,640,525,518,384,543,524,509,478,396,521,404,493,Squat
523,516,398,643,525,521,384,542,519,504,478,396,521,406,491,Squat
525,514,406,644,525,522,386,526,524,505,484,391,523,409,490,Squat
525,511,408,644,524,521,385,522,527,507,489,391,524,411,489,Squat
526,501,409,643,518,516,385,519,527,507,482,396,522,409,485,Squat
526,502,411,641,511,514,385,517,522,508,474,401,519,402,483,Squat
526,508,410,645,513,511,386,512,517,505,483,400,516,396,485,Squat
525,508,406,643,511,511,382,511,515,502,490,402,514,391,482,Squat
524,507,403,643,502,512,384,507,523,501,481,405,512,386,481,Squat
525,507,402,644,497,510,384,502,526,501,478,402,511,386,479,Squat
524,506,397,644,498,506,385,504,521,501,484,395,511,384,479,Squat
527,498,396,644,498,508,379,496,520,502,484,387,513,378,478,Squat
529,492,399,643,493,510,387,472,529,506,472,382,517,370,476,Squat
537,496,397,644,493,512,386,474,532,509,465,381,525,369,475,Squat
537,511,384,648,498,514,385,486,531,507,471,375,533,378,473,Squat
531,519,373,648,499,516,382,497,525,505,474,370,533,386,469,Squat
524,518,368,647,497,517,382,500,523,505,466,375,528,384,472,Squat
521,516,364,646,494,517,382,498,525,504,460,375,521,383,471,Squat
520,510,366,643,485,517,382,500,526,502,469,370,516,382,469,Squat
519,495,371,643,484,512,382,503,526,506,473,363,512,376,474,Squat
522,491,376,643,488,512,382,500,527,509,469,362,512,375,476,Squat
526,493,379,643,490,511,382,498,527,509,470,362,513,375,479,Squat
529,499,379,644,488,512,382,494,527,509,477,361,517,378,478,Squat
525,503,379,645,488,516,382,493,527,509,474,361,522,380,477,Squat
522,504,377,645,488,517,382,496,527,509,467,369,526,379,478,Squat
522,507,376,646,490,515,382,499,527,506,466,373,525,380,477,Squat
524,509,375,645,490,515,382,500,526,505,466,374,523,380,477,Squat
524,507,375,645,491,515,382,500,527,505,464,374,520,380,477,Squat
525,503,377,645,492,512,382,498,527,506,463,376,516,380,477,Squat
526,500,380,645,493,512,382,497,526,505,466,377,516,380,477,Squat
526,499,382,644,493,512,382,500,522,505,466,377,516,380,478,Squat
526,499,385,644,493,513,382,502,521,504,462,377,516,383,478,Squat
525,498,389,645,493,513,383,500,523,506,460,374,521,385,477,Squat
527,499,391,645,494,514,383,502,522,509,460,378,523,383,478,Squat
529,511,381,645,495,513,383,502,523,505,463,382,519,378,483,Squat
525,517,373,644,494,512,383,504,523,505,467,384,515,379,484,Squat
525,517,373,644,497,510,383,505,524,503,467,376,515,381,482,Squat
527,513,376,646,495,510,384,506,524,500,470,372,515,380,486,Squat
530,502,381,644,504,507,383,509,525,495,472,373,516,384,485,Squat
531,497,385,644,501,509,383,513,524,495,474,372,516,389,483,Squat
531,501,385,644,498,510,383,516,522,497,475,371,516,391,482,Squat
531,497,389,645,496,510,383,516,522,497,475,379,515,388,485,Squat
530,499,391,645,496,512,383,515,523,496,477,386,514,390,487,Squat
531,499,392,645,499,513,383,516,524,498,477,386,513,398,490,Squat
530,500,395,646,498,513,384,525,526,497,478,387,513,406,493,Squat
529,497,400,644,495,512,385,517,526,501,473,391,513,408,493,Squat
527,493,408,644,501,511,383,526,523,505,472,397,514,403,493,Squat
528,501,406,644,501,511,384,525,524,505,469,401,513,399,496,Squat
526,496,406,645,504,511,388,512,528,503,480,397,515,396,499,Squat
527,500,407,645,517,511,383,536,527,507,473,394,520,398,493,Squat
530,521,399,643,515,517,384,542,530,505,478,388,523,399,490,Squat
529,532,385,643,511,519,385,534,531,500,488,384,521,401,497,Squat
526,516,382,647,518,517,390,514,536,499,481,384,517,407,497,Squat
526,507,387,644,524,521,385,543,530,501,468,385,516,410,500,Squat
526,501,392,642,521,523,388,541,533,501,477,387,516,405,509,Squat
528,500,397,642,519,521,389,540,537,504,477,389,516,401,510,Squat
528,498,402,641,526,522,388,543,535,507,485,389,516,391,514,Squat
527,493,411,641,534,522,390,549,533,507,484,393,517,385,514,Squat
534,485,417,640,539,517,389,549,533,503,479,400,516,380,516,Squat
544,488,418,640,541,517,390,551,538,496,481,402,516,380,513,Squat
541,495,410,638,537,520,393,562,537,494,486,399,516,377,513,Squat
536,495,402,640,543,513,396,558,538,496,481,393,516,374,518,Squat
534,497,399,639,551,514,393,563,539,499,481,388,516,375,523,Squat
535,496,397,635,554,518,396,562,546,493,480,390,516,374,526,Squat
537,495,396,635,552,517,396,565,545,490,487,384,517,369,530,Squat
532,488,395,634,557,517,396,564,542,494,483,374,520,366,529,Squat
532,485,393,635,552,521,396,567,542,499,478,373,518,362,530,Squat
533,487,386,634,559,518,398,571,544,499,484,372,516,362,534,Squat
529,485,380,633,561,523,398,568,547,500,480,368,517,363,535,Squat
528,488,375,633,563,524,397,565,546,505,476,362,519,363,539,Squat
528,494,367,632,561,523,397,569,543,506,479,357,519,366,540,Squat
524,493,355,635,558,520,399,571,547,507,478,350,520,362,541,Squat
520,484,354,633,563,519,405,571,545,510,467,348,522,365,543,Squat
522,498,347,629,562,524,401,572,545,510,472,349,519,369,545,Squat
520,502,337,632,563,523,401,575,544,510,488,345,516,359,544,Squat
513,483,340,631,564,519,402,577,543,514,466,343,517,353,543,Squat
516,484,345,630,564,518,403,576,543,514,462,343,518,356,542,Squat
516,486,340,629,569,523,402,574,542,518,481,329,518,356,544,Squat
511,481,332,628,568,522,403,577,542,520,480,326,522,357,546,Squat
511,478,344,629,572,522,403,576,541,523,464,323,521,356,548,Squat
511,480,346,629,569,521,403,576,542,522,478,321,520,354,552,Squat
510,480,338,628,567,521,405,576,545,519,476,327,519,353,550,Squat
505,476,338,626,570,521,404,576,541,521,476,331,520,351,548,Squat
505,470,344,628,570,524,403,576,541,524,474,325,523,350,552,Squat
507,471,339,629,571,521,403,576,541,523,469,324,521,353,553,Squat
506,474,335,627,571,521,405,578,542,521,472,327,521,353,550,Squat
506,471,340,627,570,521,403,576,540,521,477,325,521,352,553,Squat
508,466,345,627,571,520,404,577,541,520,479,325,521,358,552,Squat
509,466,347,628,572,519,404,577,541,518,470,333,519,359,556,Squat
509,472,348,626,572,517,402,576,541,517,469,340,519,365,549,Squat
511,471,357,628,571,517,403,576,542,518,476,340,521,364,553,Squat
512,467,367,629,572,517,403,576,542,514,480,344,521,366,554,Squat
512,468,372,627,571,516,401,574,545,514,476,351,522,366,552,Squat
511,477,372,626,571,515,403,575,542,516,476,354,522,366,551,Squat
511,477,372,628,571,516,399,572,544,517,480,358,522,368,554,Squat
513,473,377,628,570,517,402,573,545,517,477,359,522,371,553,Squat
513,472,375,628,570,514,399,571,545,517,474,363,522,371,548,Squat
513,476,370,629,566,517,399,568,546,516,478,360,522,371,548,Squat
514,473,367,629,565,516,399,567,546,516,477,355,522,375,545,Squat
514,471,365,631,562,517,395,565,545,517,471,351,522,375,544,Squat
512,473,362,634,562,521,398,566,544,516,470,352,522,376,546,Squat
512,474,366,631,564,519,396,561,544,515,473,350,523,380,544,Squat
511,475,373,633,559,519,393,556,545,517,472,349,520,378,543,Squat
510,488,379,636,556,519,393,561,544,515,475,359,519,376,543,Squat
509,506,385,637,550,516,397,561,543,514,470,376,519,374,538,Squat
513,496,393,635,550,517,392,560,541,518,469,399,522,370,547,Squat
525,487,410,635,554,519,393,558,541,521,461,425,524,377,542,Squat
528,497,418,636,554,516,391,550,541,515,504,403,524,376,533,Squat
519,483,403,637,551,516,390,551,539,514,495,381,519,379,529,Squat
513,480,398,638,547,515,390,556,535,511,465,380,518,389,522,Squat
512,480,406,639,547,513,390,546,533,508,470,379,518,392,519,Squat
514,489,384,639,543,514,387,533,535,513,478,379,518,395,518,Squat
519,493,377,640,535,513,385,547,538,510,479,393,518,400,513,Squat
520,494,387,639,515,512,386,542,536,504,483,382,520,401,510,Squat
515,494,398,642,532,509,386,543,542,515,482,366,523,399,508,Squat
517,499,386,645,554,528,385,531,532,517,478,388,522,402,513,Squat
517,510,389,640,522,520,385,511,524,503,474,411,518,411,510,Squat
517,512,411,643,514,519,388,506,528,507,492,393,520,413,505,Squat
514,515,417,643,509,521,386,532,532,512,501,385,522,412,501,Squat
519,497,407,651,541,523,381,534,529,512,512,396,523,416,501,Squat
520,491,410,644,502,526,389,522,524,503,495,385,518,416,498,Squat
518,491,410,643,505,522,384,528,525,507,485,380,516,408,498,Squat
522,499,387,638,489,519,383,521,521,508,487,393,515,403,502,Squat
524,503,382,639,495,516,384,515,512,504,487,390,517,403,497,Squat
519,487,395,646,509,514,384,508,512,509,486,378,515,394,489,Squat
519,483,398,647,510,504,384,503,520,511,482,377,514,385,488,Squat
518,488,395,643,493,502,383,501,526,511,496,379,515,383,482,Squat
516,487,395,640,490,503,383,505,528,513,494,380,515,376,479,Squat
518,487,393,645,495,512,383,506,526,516,481,376,517,376,479,Squat
518,500,386,648,499,515,383,504,523,513,480,377,516,381,479,Squat
519,506,379,647,496,520,383,505,519,512,482,373,515,385,479,Squat
519,507,377,646,502,521,383,505,519,512,477,373,516,385,479,Squat
518,506,376,644,495,516,383,505,519,511,473,378,516,382,481,Squat
520,510,376,644,494,512,381,505,519,509,475,378,515,382,481,Squat
518,511,377,644,491,511,382,505,520,509,479,375,516,383,474,Squat
517,505,380,644,493,510,382,502,522,513,477,370,516,381,471,Squat
518,503,379,644,494,515,382,498,523,514,472,370,517,378,475,Squat
518,505,377,645,494,517,381,497,522,512,470,373,517,378,478,Squat
517,508,379,645,492,520,382,495,524,512,475,371,517,377,475,Squat
515,508,381,645,489,520,382,494,524,516,478,368,517,374,476,Squat
513,511,375,645,486,519,382,496,522,516,479,368,518,378,474,Squat
513,512,372,645,486,518,382,500,521,516,478,368,518,380,476,Squat
512,512,374,645,486,519,382,500,521,516,478,368,518,382,472,Squat
512,506,378,645,488,521,382,499,521,516,479,368,517,381,475,Squat
514,505,379,645,488,521,382,499,521,515,479,368,516,378,479,Squat
515,504,379,645,491,519,382,500,521,514,475,368,515,378,477,Squat
515,503,382,645,491,519,382,500,521,514,473,371,515,378,476,Squat
516,504,383,645,488,520,382,502,521,514,476,372,517,378,478,Squat
519,506,383,645,488,520,381,504,519,509,478,373,517,380,480,Squat
518,506,383,647,489,523,381,503,520,509,476,377,516,385,485,Squat
518,507,382,647,487,526,382,502,519,513,474,378,516,393,483,Squat
517,509,382,646,484,523,383,502,516,513,475,376,515,396,483,Squat
515,510,383,646,482,517,383,504,515,517,475,376,515,395,484,Squat
515,512,383,643,481,514,383,509,514,520,471,377,515,390,484,Squat
519,510,383,642,492,513,383,512,518,518,461,382,515,386,484,Squat
522,509,386,642,504,512,383,512,519,514,462,384,514,387,484,Squat
522,507,387,644,506,513,383,512,518,510,469,383,513,393,491,Squat
520,498,391,644,505,513,383,518,520,507,473,383,514,402,498,Squat
518,490,401,645,507,515,383,518,523,507,471,383,513,408,497,Squat
518,491,407,644,508,513,385,515,524,510,469,384,512,412,492,Squat
526,513,403,644,506,510,382,522,523,508,484,387,508,408,500,Squat
519,520,399,645,508,511,384,532,521,507,495,394,509,400,512,Squat
510,520,402,645,513,514,384,536,518,516,486,395,518,394,507,Squat
512,531,401,646,514,515,382,543,523,523,488,393,525,384,503,Squat
518,529,395,644,514,522,383,525,529,518,493,395,524,382,506,Squat
520,528,387,645,518,526,386,506,524,511,483,395,519,384,511,Squat
517,522,386,645,515,526,385,521,525,518,476,384,513,384,511,Squat
517,517,385,643,512,530,385,541,529,523,464,377,510,384,510,Squat
520,524,378,646,527,525,384,548,526,518,466,378,510,386,512,Squat
517,523,371,643,527,524,386,536,526,516,478,374,513,388,515,Squat
515,513,371,642,528,525,387,531,527,525,469,373,515,388,524,Squat
517,512,373,640,521,525,387,542,529,518,464,375,517,392,528,Squat
513,507,374,643,527,518,388,550,530,516,478,370,513,389,531,Squat
518,484,391,643,538,525,390,551,533,512,476,374,517,383,536,Squat
522,496,401,641,537,522,388,553,525,509,473,377,518,389,532,Squat
523,502,395,640,544,518,389,550,529,504,489,375,519,391,540,Squat
525,495,394,639,539,518,390,542,540,507,482,377,515,395,542,Squat
526,499,396,639,538,521,390,544,544,506,478,379,518,393,547,Squat
525,502,395,640,540,524,391,549,543,506,473,390,522,388,552,Squat
523,508,388,641,542,527,390,549,544,503,481,389,522,385,555,Squat
521,503,384,639,544,537,390,549,546,511,484,384,520,380,555,Squat
523,490,388,637,544,534,392,550,544,515,473,385,518,375,552,Squat
527,490,394,638,547,532,389,552,541,508,474,383,518,374,555,Squat
526,500,388,638,549,533,396,558,544,505,490,369,517,378,557,Squat
528,495,382,638,550,536,395,559,542,508,477,372,516,377,555,Squat
530,491,382,635,550,530,394,560,540,504,464,377,515,375,556,Squat
528,495,378,637,552,527,393,562,540,504,474,369,512,375,558,Squat
525,490,372,635,556,529,396,564,540,503,476,365,514,374,556,Squat
524,483,369,635,555,525,395,566,539,507,471,364,517,370,556,Squat
524,481,371,633,554,525,395,567,540,507,467,363,518,372,563,Squat
526,485,370,634,560,521,399,570,541,511,469,354,516,374,564,Squat
524,489,361,634,560,522,394,564,536,511,473,351,517,369,561,Squat
522,495,359,633,561,521,395,566,542,514,470,356,521,368,562,Squat
520,493,373,633,557,526,399,568,540,515,470,356,524,363,570,Squat
533,477,368,634,558,526,397,565,542,515,471,353,525,367,575,Squat
519,509,344,633,558,526,396,566,538,513,454,349,515,368,565,Squat
503,505,334,637,555,530,396,565,539,518,476,339,513,360,562,Squat
495,483,341,631,560,529,400,568,539,522,483,334,520,356,574,Squat
503,474,345,634,558,528,397,566,536,518,452,332,524,359,577,Squat
507,481,338,634,557,528,398,569,538,519,458,325,524,361,571,Squat
504,480,336,631,559,526,396,568,535,527,472,318,521,358,571,Squat
500,475,336,633,558,529,396,568,537,522,479,316,517,356,571,Squat
494,464,331,633,561,526,397,568,536,529,458,314,518,358,573,Squat
494,462,328,633,558,530,397,567,536,527,448,328,518,359,574,Squat
500,479,324,633,559,527,397,570,535,527,470,320,518,361,567,Squat
497,476,331,632,561,527,399,570,532,531,474,313,515,359,565,Squat
497,473,339,632,559,527,398,568,535,531,464,316,516,357,573,Squat
502,478,340,632,563,526,398,570,534,525,464,329,519,366,565,Squat
506,482,344,632,554,525,398,570,537,522,472,331,522,369,562,Squat
504,487,354,633,558,525,398,568,541,523,474,334,522,375,558,Squat
506,500,351,633,561,524,397,565,544,527,471,344,520,379,567,Squat
509,495,354,632,561,525,396,565,545,523,475,358,515,385,566,Squat
509,487,369,631,561,526,397,567,547,521,468,367,514,376,563,Squat
507,493,376,633,559,522,396,565,548,516,471,373,514,375,560,Squat
511,494,376,634,558,523,395,563,549,515,477,366,516,380,555,Squat
509,486,381,634,559,523,394,563,546,519,476,364,519,379,554,Squat
510,481,390,633,559,526,394,558,546,520,473,369,520,378,557,Squat
517,487,391,636,558,523,398,561,548,513,476,371,519,382,556,Squat
519,497,391,636,559,523,395,560,545,507,479,368,516,383,548,Squat
515,500,405,635,555,525,394,559,542,506,479,362,520,374,543,Squat
515,521,420,636,556,528,390,554,539,508,493,356,520,370,543,Squat
514,532,408,636,556,526,393,562,538,506,508,361,519,379,543,Squat
516,531,377,636,555,528,395,561,537,508,475,393,514,387,546,Squat
522,516,357,636,548,528,390,554,532,516,465,415,511,391,539,Squat
522,509,359,638,554,524,385,543,530,525,442,403,507,386,530,Squat
516,505,369,636,551,522,388,554,537,523,442,391,502,383,526,Squat
517,520,371,639,539,520,394,562,539,516,446,395,499,392,521,Squat
520,523,373,641,542,520,390,551,533,510,458,397,508,397,518,Squat
519,505,391,638,543,517,384,534,527,517,454,392,518,394,518,Squat
521,515,402,639,547,516,383,538,536,511,471,391,517,395,514,Squat
525,532,401,638,545,520,387,554,542,500,489,389,514,406,513,Squat
523,514,406,640,535,519,390,543,532,500,484,383,518,419,508,Squat
515,503,414,642,539,524,385,539,526,512,470,386,516,425,507,Squat
516,514,409,640,535,519,386,511,513,513,487,388,511,427,510,Squat
517,522,396,641,533,522,388,505,522,507,495,385,510,422,504,Squat
509,503,401,642,526,522,388,522,526,512,484,391,508,405,495,Squat
512,507,405,642,519,520,384,529,521,511,479,401,508,392,499,Squat
518,512,405,642,517,522,385,517,516,508,492,398,510,393,496,Squat
520,495,410,643,514,524,383,516,515,509,486,391,511,392,495,Squat
522,491,412,645,518,528,383,514,520,512,480,390,510,391,499,Squat
526,504,408,643,510,523,383,511,517,510,488,393,509,396,489,Squat
528,509,404,645,510,519,384,510,511,510,495,396,509,389,477,Squat
528,503,402,645,505,518,382,511,510,510,481,400,512,382,476,Squat
532,508,395,643,502,515,382,507,513,504,474,395,518,380,483,Squat
534,511,391,646,511,512,385,500,520,500,468,385,522,386,482,Squat
530,511,393,645,508,512,381,506,516,502,464,381,522,388,476,Squat
532,520,387,644,500,513,381,507,514,502,476,373,521,387,474,Squat
532,520,378,644,499,514,383,499,519,498,484,369,518,385,474,Squat
531,512,377,645,498,518,381,499,518,499,478,371,515,383,471,Squat
528,509,377,646,501,521,382,502,520,500,465,376,514,380,474,Squat
528,513,376,644,493,522,382,501,519,501,472,373,512,381,470,Squat
525,510,377,645,499,518,382,502,517,501,491,368,511,381,470,Squat
522,506,378,646,495,516,382,502,515,500,487,367,512,381,470,Squat
522,511,377,645,493,516,382,501,516,499,481,370,516,381,471,Squat
525,517,376,645,495,515,382,498,519,501,481,370,517,382,467,Squat
525,514,376,645,493,519,382,496,519,503,485,370,517,379,470,Squat
526,515,376,646,496,519,383,497,518,505,473,373,515,381,471,Squat
528,517,376,644,496,518,383,499,518,504,475,371,515,381,469,Squat
528,515,379,645,498,517,383,498,519,504,477,368,515,382,464,Squat
527,515,379,645,501,514,383,499,519,504,477,368,516,382,467,Squat
527,517,377,645,501,514,383,499,520,504,479,366,516,382,473,Squat
531,518,375,646,501,514,383,497,521,504,472,366,516,384,474,Squat
535,520,367,646,501,515,382,503,517,502,471,366,518,383,475,Squat
534,514,366,646,503,515,381,503,518,503,473,366,516,380,469,Squat
529,507,371,645,499,515,383,500,521,505,474,361,514,377,466,Squat
526,504,374,645,500,513,381,504,517,503,477,360,512,377,467,Squat
524,498,382,646,502,512,380,507,516,503,484,363,512,380,468,Squat
522,493,387,645,499,514,383,506,517,503,486,366,512,381,470,Squat
522,492,388,646,504,510,382,507,519,505,485,371,514,381,471,Squat
523,494,388,645,499,509,384,498,526,503,489,374,516,381,472,Squat
525,490,392,644,494,512,383,504,530,502,488,376,514,383,471,Squat
528,488,396,643,488,516,381,512,527,499,490,376,511,384,468,Squat
528,492,397,643,483,521,381,512,523,499,491,380,509,382,473,Squat
530,495,397,643,483,523,383,511,519,496,490,380,511,382,472,Squat
530,498,397,643,483,523,381,524,517,495,485,382,512,385,464,Squat
534,504,395,646,489,519,381,522,516,497,480,384,515,385,471,Squat
535,506,390,647,494,515,383,507,520,495,484,384,513,389,479,Squat
535,510,389,646,493,515,384,510,523,493,484,381,511,395,479,Squat
534,502,393,646,494,516,383,522,526,498,473,384,511,396,479,Squat
534,511,389,646,492,516,384,511,522,502,464,388,511,395,483,Squat
534,514,387,645,493,517,384,511,522,499,474,391,511,398,484,Squat
535,508,391,645,495,518,384,515,524,498,479,391,511,402,484,Squat
537,506,389,645,490,519,386,514,523,498,475,388,511,409,484,Squat
536,508,389,644,497,520,384,519,520,498,468,388,512,412,485,Squat
531,504,395,645,504,520,383,536,523,497,474,385,513,406,490,Squat
525,487,403,644,503,520,384,537,524,503,478,385,514,402,494,Squat
522,490,401,643,512,519,385,526,523,508,473,383,514,401,495,Squat
525,512,391,644,518,514,384,529,528,511,475,386,514,399,498,Squat
520,492,388,647,522,509,386,533,531,515,478,393,514,395,506,Squat
511,484,397,642,517,514,383,548,530,530,479,370,515,400,501,Squat
508,500,385,643,517,513,384,531,529,539,462,352,514,399,505,Squat
516,523,366,643,533,513,388,518,535,520,464,375,514,395,515,Squat
522,531,372,642,521,514,386,536,533,512,482,380,516,388,523,Squat
525,520,382,644,525,513,385,536,536,510,464,391,518,385,525,Squat
529,518,379,644,524,518,387,534,543,501,469,397,520,386,529,Squat
530,503,383,641,518,524,387,542,539,507,472,385,520,386,537,Squat
524,489,392,642,530,524,387,544,533,519,462,381,517,383,539,Squat
522,500,395,643,533,522,388,541,539,512,458,387,515,378,538,Squat
527,510,396,640,529,522,391,544,541,508,491,388,519,376,538,Squat
529,508,396,642,529,523,390,552,535,507,500,378,522,380,537,Squat
527,491,398,642,535,521,390,553,537,507,468,377,522,380,534,Squat
529,473,397,638,537,521,389,556,542,504,453,400,520,380,538,Squat
537,485,394,640,539,522,392,554,546,501,481,395,517,380,542,Squat
538,483,403,638,546,521,395,553,548,499,489,377,520,381,542,Squat
534,483,396,639,542,523,392,557,543,501,481,367,523,374,557,Squat
537,482,387,640,548,521,392,557,543,496,468,371,520,381,553,Squat
539,467,393,639,552,525,396,560,544,486,467,377,518,378,546,Squat
534,481,385,639,545,521,394,554,547,501,477,371,518,375,547,Squat
533,516,358,637,553,522,394,565,544,500,493,361,514,380,552,Squat
539,487,363,636,554,519,396,567,542,492,475,368,514,383,547,Squat
527,458,374,637,556,525,398,570,541,496,463,366,519,376,546,Squat
526,472,371,633,557,521,397,562,545,505,468,352,524,374,554,Squat
528,486,362,633,560,520,395,563,543,499,465,346,529,376,558,Squat
529,484,367,629,563,519,399,565,544,496,452,362,527,367,556,Squat
529,484,366,635,555,512,396,563,546,500,471,361,519,361,556,Squat
528,481,355,635,558,514,398,565,547,501,472,356,509,367,557,Squat
528,474,350,634,556,516,396,564,547,502,456,356,507,366,557,Squat
527,465,355,636,561,521,396,563,548,504,454,361,513,356,556,Squat
533,464,364,631,557,519,398,570,547,501,463,355,520,357,558,Squat
537,472,360,634,560,521,398,562,548,499,477,339,521,364,556,Squat
535,469,354,633,562,521,397,567,544,495,459,329,524,362,559,Squat
534,473,357,632,563,518,399,567,547,501,442,334,525,359,555,Squat
527,481,355,633,559,517,398,568,544,501,460,342,523,353,561,Squat
527,483,346,631,561,518,398,566,541,504,464,346,519,354,568,Squat
529,478,346,633,561,518,396,564,540,502,447,353,519,354,564,Squat
531,476,351,632,561,520,399,569,542,501,454,353,520,354,559,Squat
530,471,355,633,560,520,399,568,543,506,467,342,523,356,559,Squat
526,468,348,633,560,522,397,565,542,507,459,338,522,358,560,Squat
523,459,350,634,559,520,396,568,541,501,446,339,523,358,558,Squat
520,458,354,634,557,520,398,566,542,505,457,331,524,356,558,Squat
521,471,343,632,561,522,396,565,542,503,463,323,522,356,561,Squat
521,466,333,632,562,523,398,563,542,498,453,335,523,363,555,Squat
520,455,338,633,562,518,397,567,538,499,458,340,529,367,549,Squat
519,454,345,633,562,517,398,570,537,504,469,329,532,369,553,Squat
519,465,343,632,560,517,399,568,541,505,462,329,529,372,557,Squat
519,468,353,633,560,517,399,565,547,503,457,346,526,372,554,Squat
518,458,370,633,555,517,396,565,544,505,462,354,526,370,557,Squat
520,458,376,633,557,517,396,563,544,510,464,353,523,370,563,Squat
518,467,379,634,554,515,394,563,545,510,454,361,522,376,555,Squat
523,486,390,631,558,517,402,568,547,506,449,374,522,374,552,Squat
528,490,395,637,553,517,398,566,548,507,464,380,522,374,552,Squat
528,489,393,633,562,515,397,568,543,510,465,379,523,376,551,Squat
526,486,393,631,563,518,396,565,545,512,459,384,523,378,547,Squat
525,487,392,633,562,516,397,567,544,503,456,387,523,382,545,Squat
519,489,388,633,558,519,397,566,543,502,467,383,525,382,539,Squat
522,483,380,633,561,519,394,567,542,509,471,385,526,380,537,Squat
528,492,370,633,562,514,392,564,541,504,467,393,522,383,530,Squat
534,490,385,634,562,515,396,566,540,496,472,375,524,388,534,Squat
530,480,392,635,556,522,396,563,541,500,486,358,530,391,532,Squat
523,479,385,635,558,516,391,559,541,508,489,373,530,386,530,Squat
525,499,377,635,560,512,389,557,538,503,472,394,525,377,528,Squat
525,505,391,635,555,509,393,561,538,496,499,379,524,380,522,Squat
523,487,398,635,552,514,394,560,537,502,516,362,525,381,520,Squat
521,490,390,637,546,519,391,555,534,509,494,376,521,380,523,Squat
523,490,395,640,545,514,386,547,532,504,490,383,518,382,515,Squat
522,478,406,639,550,515,386,551,534,505,504,372,513,382,512,Squat
517,486,396,637,543,527,388,555,533,508,504,370,512,390,512,Squat
516,502,386,640,539,526,388,553,525,505,491,383,515,402,510,Squat
521,505,387,643,540,521,386,543,521,501,502,378,515,410,506,Squat
524,504,385,643,540,522,387,522,523,506,504,374,517,417,506,Squat
524,512,383,643,537,521,387,528,528,506,490,384,519,428,500,Squat
523,513,392,641,528,516,385,535,524,504,497,385,522,432,495,Squat
526,506,401,641,520,516,388,522,522,508,505,381,526,423,498,Squat
526,506,405,642,516,517,386,526,518,506,500,387,525,415,499,Squat
529,506,405,643,511,520,384,516,513,502,492,398,522,406,496,Squat
531,504,407,642,515,523,386,505,516,499,490,403,522,400,489,Squat
530,496,413,643,507,521,384,506,517,500,492,398,522,392,483,Squat
530,490,416,642,499,520,383,508,517,502,488,396,522,383,483,Squat
534,492,410,643,495,518,383,507,516,498,486,395,519,382,480,Squat
531,495,403,645,496,515,383,504,516,495,488,391,516,382,476,Squat
529,495,403,646,498,518,382,506,515,495,491,388,515,381,478,Squat
531,495,398,646,498,522,383,505,515,494,491,385,517,386,473,Squat
531,492,393,644,491,523,384,501,514,495,495,383,517,386,472,Squat
530,488,393,646,491,521,381,504,510,498,489,381,516,379,477,Squat
531,490,390,646,487,520,382,499,514,498,487,377,516,378,478,Squat
531,491,386,642,483,524,383,494,518,498,486,375,518,381,476,Squat
530,486,383,646,488,521,383,495,518,501,482,374,518,383,471,Squat
528,488,382,645,488,524,381,499,515,502,480,370,518,383,471,Squat
528,497,375,644,490,528,383,498,514,501,480,368,517,383,475,Squat
528,500,373,646,494,526,383,497,514,498,481,372,515,383,475,Squat
527,495,378,646,491,525,383,497,516,498,479,375,514,382,472,Squat
524,493,381,646,490,525,382,498,515,500,479,372,514,380,472,Squat
524,496,381,645,490,525,382,498,514,502,486,373,514,379,475,Squat
522,490,383,645,490,524,382,500,514,501,488,377,514,378,478,Squat
520,487,387,645,487,527,382,499,515,508,483,374,515,379,477,Squat
516,493,383,645,487,527,382,501,515,512,480,364,517,379,478,Squat
515,496,374,645,491,527,382,501,515,515,478,358,517,378,481,Squat
514,495,367,645,491,528,382,500,515,516,479,356,517,380,481,Squat
516,497,367,645,487,528,382,500,515,516,479,351,515,381,475,Squat
515,496,366,645,488,526,382,501,515,518,484,349,515,378,475,Squat
515,496,361,645,489,525,382,501,515,516,479,352,513,373,482,Squat
516,502,361,645,489,525,382,503,513,515,474,356,512,377,484,Squat
516,506,362,645,489,524,382,501,514,516,477,357,513,380,482,Squat
516,506,366,645,489,524,382,504,515,516,477,361,514,379,481,Squat
517,508,371,645,488,524,382,505,515,514,474,367,514,379,481,Squat
519,508,377,645,488,522,384,497,520,514,473,371,513,380,485,Squat
523,501,384,645,488,522,384,498,519,513,473,376,511,385,485,Squat
530,502,388,645,489,520,383,502,518,512,474,380,507,390,487,Squat
533,505,391,644,489,520,381,504,520,511,475,385,506,393,488,Squat
532,495,397,644,493,520,382,506,518,511,474,386,510,393,493,Squat
529,492,400,644,497,520,384,510,519,511,472,385,520,397,496,Squat
527,510,398,644,496,519,384,519,519,506,475,389,525,399,497,Squat
525,498,401,643,498,514,383,523,513,503,471,387,521,399,497,Squat
527,503,401,645,493,515,382,524,514,509,472,382,516,397,494,Squat
531,509,393,646,502,517,385,513,519,509,470,389,510,390,495,Squat
529,514,383,644,511,519,383,519,522,507,463,392,506,389,499,Squat
522,507,382,642,515,523,381,534,522,505,465,388,508,391,501,Squat
516,508,383,644,520,518,383,526,521,507,455,393,511,392,502,Squat
512,510,381,643,520,512,384,527,519,507,461,394,511,396,500,Squat
518,505,384,642,521,512,385,529,525,506,470,387,512,396,509,Squat
524,496,392,645,524,516,384,535,526,501,463,385,516,399,514,Squat
534,488,403,644,519,517,385,523,531,500,449,393,519,398,519,Squat
538,494,409,645,524,519,385,531,533,500,467,395,520,394,521,Squat
537,501,407,643,528,523,384,536,531,499,478,398,517,384,524,Squat
532,501,404,642,523,524,385,535,529,496,473,407,518,379,525,Squat
529,492,408,642,526,525,386,537,529,500,458,412,518,377,525,Squat
527,489,408,644,534,526,386,538,533,504,469,404,519,380,528,Squat
528,495,400,644,538,523,387,539,528,506,468,396,521,386,529,Squat
525,493,396,641,539,520,385,539,529,502,459,395,523,390,531,Squat
522,484,396,642,536,520,387,540,535,504,456,392,526,386,538,Squat
511,490,393,640,536,519,388,541,535,511,466,384,521,388,535,Squat
517,485,386,641,535,518,387,539,534,514,454,386,520,390,539,Squat
524,489,385,640,537,515,388,540,538,507,462,384,520,391,538,Squat
524,498,390,640,538,517,388,552,536,504,470,378,517,386,539,Squat
521,502,392,640,538,523,390,544,539,506,466,386,515,388,539,Squat
519,522,381,639,544,523,388,550,539,503,469,391,512,394,539,Squat
526,528,381,638,543,520,391,548,543,504,481,385,512,392,541,Squat
529,510,391,641,547,514,391,547,543,504,478,383,513,389,543,Squat
525,503,391,637,543,521,388,554,535,504,481,382,515,389,543,Squat
520,505,390,639,548,518,394,564,537,504,485,373,519,388,546,Squat
518,504,388,639,546,523,394,557,539,504,492,372,521,388,550,Squat
521,506,384,637,556,522,392,555,538,506,481,371,516,385,553,Squat
519,506,376,637,547,517,394,559,537,508,485,369,514,380,553,Squat
517,497,367,641,546,512,393,563,539,510,481,366,516,375,551,Squat
520,497,359,632,558,524,397,570,535,507,462,359,516,377,554,Squat
528,509,343,633,558,520,399,564,546,504,483,344,519,378,562,Squat
516,503,331,635,558,518,396,567,539,504,488,326,520,374,552,Squat
502,493,331,636,559,518,395,567,537,513,417,325,519,358,556,Squat
515,527,330,634,559,520,396,570,540,511,457,326,515,364,567,Squat
517,508,342,632,559,522,399,568,544,511,477,331,515,368,562,Squat
515,497,354,635,564,522,398,568,542,519,466,343,520,363,558,Squat
511,494,364,635,556,522,396,569,539,519,468,352,519,362,568,Squat
509,480,373,632,560,522,399,570,539,514,470,359,519,363,569,Squat
509,476,381,634,564,519,397,565,545,512,466,365,523,356,563,Squat
510,487,373,633,559,521,398,568,542,512,461,367,524,354,565,Squat
516,486,364,633,558,519,398,569,542,513,461,358,521,355,567,Squat
514,484,356,632,561,519,398,569,543,515,462,355,517,351,566,Squat
514,477,359,634,562,518,398,570,540,512,464,352,518,351,569,Squat
513,476,354,630,563,518,399,568,539,511,459,340,520,352,568,Squat
508,478,350,633,564,514,398,569,535,511,456,330,521,352,570,Squat
511,480,342,631,565,514,400,570,539,513,454,326,521,358,571,Squat
511,478,332,631,563,512,399,571,538,510,452,323,522,363,562,Squat
503,478,323,630,564,513,397,567,540,515,441,323,522,360,564,Squat
498,487,321,632,563,514,397,569,541,516,446,330,520,360,564,Squat
505,493,323,631,565,512,398,570,543,516,472,335,517,364,559,Squat
502,476,339,632,565,511,398,566,547,516,459,340,516,365,560,Squat
501,465,356,633,561,513,398,567,541,521,427,337,518,370,567,Squat
503,463,362,632,562,516,398,565,543,517,423,338,523,378,565,Squat
502,480,360,634,560,513,398,567,540,517,410,346,527,380,562,Squat
502,502,360,630,562,514,399,569,540,518,416,352,527,378,563,Squat
508,521,360,632,563,510,399,567,543,516,435,369,525,378,566,Squat
511,530,361,633,560,506,396,565,539,511,447,392,524,381,561,Squat
507,521,365,629,554,508,399,568,540,514,439,400,524,381,560,Squat
511,508,373,633,561,502,398,569,541,519,434,405,526,379,558,Squat
514,515,372,633,557,507,398,567,542,515,434,404,527,379,555,Squat
512,523,368,631,556,511,398,567,540,513,441,397,526,382,551,Squat
511,506,375,633,558,510,396,567,540,512,439,387,528,382,558,Squat
515,502,382,636,562,505,396,562,542,512,433,388,525,385,560,Squat
518,515,368,634,562,509,396,564,542,506,442,387,517,385,558,Squat
511,506,357,635,556,508,394,567,536,508,449,382,514,389,546,Squat
503,484,375,634,557,515,389,556,535,518,436,383,517,389,531,Squat
512,494,384,634,554,515,392,557,544,524,440,386,522,381,530,Squat
522,509,384,639,550,513,399,556,545,507,459,361,522,381,530,Squat
519,494,388,640,549,511,393,558,540,494,451,355,526,386,529,Squat
514,479,397,638,550,515,391,557,532,497,446,355,527,389,521,Squat
514,477,395,635,553,518,391,552,538,499,454,368,527,386,518,Squat
516,488,397,638,544,514,392,557,534,495,456,374,527,385,513,Squat
519,491,397,642,537,514,390,555,536,493,461,382,524,385,513,Squat
525,498,394,641,543,512,388,546,537,497,467,391,519,387,512,Squat
529,499,399,638,545,520,388,544,539,496,467,399,518,390,507,Squat
536,493,407,639,542,516,388,545,536,496,466,407,518,391,507,Squat
538,518,396,642,538,513,386,544,533,495,471,409,518,399,502,Squat
535,522,393,643,533,516,386,535,537,493,471,406,518,402,499,Squat
533,502,404,641,540,515,387,537,535,495,457,411,521,401,497,Squat
532,500,416,641,533,516,386,542,531,497,455,419,524,402,494,Squat
534,521,412,641,529,517,385,532,528,492,466,415,523,402,498,Squat
537,526,406,644,521,517,386,525,530,489,473,411,518,410,491,Squat
537,512,409,644,519,525,383,540,529,491,467,416,513,414,483,Squat
537,511,411,645,517,523,382,538,525,492,468,420,513,409,488,Squat
537,517,405,645,513,521,386,526,517,492,473,411,513,406,494,Squat
538,510,402,645,513,519,387,523,515,492,471,405,515,408,489,Squat
535,499,408,642,502,509,384,518,515,492,464,400,515,401,484,Squat
535,492,411,637,493,499,382,515,516,496,456,398,517,386,479,Squat
537,503,400,636,499,495,383,504,523,495,459,399,516,376,479,Squat
538,512,390,642,519,493,383,503,528,490,465,391,515,375,478,Squat
533,501,393,651,524,504,383,504,529,490,464,383,515,379,473,Squat
532,494,392,646,507,509,383,504,529,492,458,380,516,382,473,Squat
533,496,382,647,500,518,383,500,525,494,455,377,517,387,473,Squat
533,503,378,649,503,524,382,505,518,498,456,370,515,386,471,Squat
533,499,379,647,502,524,382,507,515,500,458,368,512,383,473,Squat
533,506,379,645,501,517,383,502,517,496,451,384,512,381,473,Squat
536,517,377,645,505,510,384,498,517,494,448,383,512,378,475,Squat
539,517,379,645,505,507,382,496,518,493,449,385,513,380,475,Squat
542,518,382,645,505,510,382,500,514,489,454,387,514,381,468,Squat
541,520,384,645,505,514,382,495,521,488,458,390,516,380,468,Squat
538,521,381,647,508,512,383,487,528,488,456,386,518,380,474,Squat
538,519,381,648,505,515,383,486,527,491,452,386,516,381,473,Squat
537,515,385,648,505,515,383,486,524,492,449,386,514,381,471,Squat
537,517,385,647,500,517,383,489,521,495,451,382,514,380,468,Squat
536,518,381,645,498,514,383,492,520,498,451,381,514,380,465,Squat
536,518,379,644,490,514,383,497,518,498,454,381,514,380,468,Squat
537,516,378,643,490,516,383,500,519,498,454,380,514,383,471,Squat
536,505,378,645,500,514,383,499,522,496,455,379,514,387,468,Squat
535,508,379,648,518,502,383,498,522,497,440,380,514,383,466,Squat
536,515,381,644,509,503,383,500,520,492,452,372,514,380,465,Squat
537,515,379,644,496,510,382,500,519,492,465,367,516,380,466,Squat
538,510,376,645,482,523,382,498,520,491,460,373,515,384,466,Squat
538,506,375,647,494,522,382,500,519,494,449,378,514,384,467,Squat
538,507,376,646,498,521,382,500,519,495,446,380,513,380,473,Squat
539,515,375,645,501,517,382,499,519,493,456,379,513,383,472,Squat
541,511,375,646,503,512,382,499,520,490,455,383,514,388,466,Squat
541,511,374,646,503,509,382,502,518,493,448,384,515,385,473,Squat
545,511,366,646,497,509,382,505,517,494,456,385,517,382,484,Squat
547,515,355,645,497,512,382,506,518,487,442,380,515,391,479,Squat
538,498,359,646,501,512,383,500,519,486,442,380,513,393,473,Squat
534,495,374,646,502,515,382,503,516,490,446,379,513,388,475,Squat
530,503,390,647,493,522,382,505,514,493,494,370,515,386,481,Squat
525,501,407,647,493,521,383,508,517,490,505,369,515,384,487,Squat
519,484,416,647,495,516,383,506,522,495,487,370,516,386,485,Squat
518,479,425,646,499,513,383,511,521,499,477,377,516,386,487,Squat
521,480,427,644,499,512,383,513,519,499,478,385,513,387,491,Squat
527,483,423,644,496,513,384,514,519,499,490,395,512,389,498,Squat
527,482,420,644,496,513,385,516,518,502,491,400,513,390,506,Squat
526,490,418,644,501,512,382,519,518,507,487,408,512,393,498,Squat
530,517,408,644,502,512,383,523,526,509,484,408,512,391,502,Squat
535,532,394,644,503,515,383,515,529,504,491,405,513,393,507,Squat
534,522,388,645,510,518,384,520,523,498,489,408,516,400,503,Squat
533,516,392,647,514,514,384,529,526,498,475,408,520,398,497,Squat
536,516,396,643,512,518,384,533,529,500,464,403,520,389,502,Squat
540,517,398,644,516,522,384,540,530,497,474,393,519,380,507,Squat
537,512,401,645,509,522,383,543,529,497,484,390,519,380,505,Squat
534,510,399,645,525,517,383,538,528,497,484,388,522,387,503,Squat
529,505,402,641,524,518,386,534,528,495,479,381,525,390,508,Squat
528,500,402,645,532,518,387,540,528,499,478,384,523,393,514,Squat
528,503,399,644,534,517,386,535,531,499,479,396,519,395,516,Squat
527,509,396,641,518,517,385,538,534,504,487,391,518,394,517,Squat
518,512,397,642,539,519,387,532,531,509,494,385,520,389,524,Squat
512,515,397,642,555,516,384,543,525,512,487,394,522,392,519,Squat
515,522,401,643,533,520,387,540,538,511,485,395,524,395,515,Squat
517,536,404,639,506,514,388,539,540,513,506,394,529,392,532,Squat
515,536,402,642,525,509,391,546,537,511,497,398,528,401,537,Squat
514,521,401,640,538,517,390,547,535,514,489,399,523,398,539,Squat
509,493,399,641,532,522,389,544,538,525,492,394,519,396,534,Squat
505,485,393,641,547,525,390,552,534,533,468,375,516,393,538,Squat
497,500,371,638,538,522,390,553,528,532,470,354,513,393,535,Squat
488,481,358,639,547,520,392,550,530,537,474,346,513,383,541,Squat
484,465,345,638,552,521,389,553,536,539,468,342,518,380,549,Squat
486,473,346,639,543,520,393,557,531,538,475,327,523,388,551,Squat
487,482,344,640,545,526,393,564,535,536,472,310,524,390,548,Squat
485,474,336,636,547,523,396,564,544,540,468,324,525,380,554,Squat
489,486,330,638,543,518,396,562,549,543,471,347,519,375,563,Squat
502,513,341,637,551,525,400,562,551,540,475,352,517,376,561,Squat
502,506,352,635,552,528,393,567,540,537,482,346,520,370,556,Squat
493,485,364,635,558,526,395,568,541,538,466,352,521,368,556,Squat
486,470,370,636,558,525,397,567,547,545,442,357,523,372,562,Squat
498,491,373,635,564,525,395,562,543,535,470,354,523,376,563,Squat
507,497,372,634,557,529,397,568,541,527,475,351,523,375,555,Squat
503,484,372,634,551,528,398,570,541,531,464,359,519,369,555,Squat
507,478,376,636,558,523,397,568,541,535,454,366,520,374,556,Squat
508,483,374,634,560,523,399,569,540,532,454,370,524,372,558,Squat
508,501,366,630,563,528,399,572,539,526,459,373,524,369,555,Squat
509,500,365,632,561,524,398,570,542,523,475,368,524,365,557,Squat
515,494,367,634,559,521,402,572,542,525,473,362,521,365,558,Squat
512,489,365,635,563,521,399,572,539,524,454,359,520,367,557,Squat
507,484,362,630,564,520,400,570,542,525,447,363,521,366,558,Squat
509,488,362,632,560,524,399,573,541,522,459,360,522,363,555,Squat
515,495,358,632,562,521,401,574,540,517,470,353,522,358,558,Squat
517,496,354,632,563,521,397,570,539,519,464,347,524,354,564,Squat
512,488,352,630,563,520,398,572,542,526,448,351,529,352,567,Squat
512,488,346,630,564,518,401,572,540,524,437,345,530,353,567,Squat
512,495,343,632,568,519,400,572,538,521,446,343,529,352,562,Squat
514,501,344,631,569,520,399,571,538,522,451,344,526,352,564,Squat
509,501,340,631,565,522,401,571,535,525,451,346,524,355,566,Squat
507,489,343,630,565,518,401,572,532,523,444,347,523,360,560,Squat
509,481,346,631,565,518,399,572,534,523,439,346,525,358,563,Squat
507,482,349,629,567,519,400,570,533,525,440,346,526,366,555,Squat
509,486,349,631,564,521,400,571,536,525,449,346,524,368,556,Squat
511,490,349,630,567,518,400,572,537,521,451,346,524,371,556,Squat
510,489,347,633,562,521,397,570,538,517,446,347,521,374,557,Squat
505,485,350,631,564,519,399,570,536,517,445,357,521,377,556,Squat
505,487,358,628,568,519,400,571,534,521,447,363,523,379,564,Squat
511,495,364,628,568,522,402,571,533,520,457,359,519,382,563,Squat
513,493,367,631,565,517,396,569,529,520,467,365,514,380,563,Squat
509,481,376,631,567,515,400,572,536,526,477,380,514,378,566,Squat
506,489,381,630,565,518,399,572,533,531,455,368,521,383,564,Squat
505,500,381,629,565,516,399,572,534,529,462,362,529,382,559,Squat
504,493,385,629,565,513,399,572,532,524,465,371,531,380,557,Squat
509,491,387,630,564,515,401,573,534,520,460,381,531,380,560,Squat
509,497,379,630,565,520,398,570,536,515,471,369,531,384,555,Squat
510,489,375,630,565,520,396,570,536,516,471,368,528,380,554,Squat
512,481,379,630,565,518,397,569,534,516,460,378,525,382,553,Squat
513,477,379,631,565,522,395,568,537,520,467,371,522,381,549,Squat
516,482,374,634,566,522,395,564,542,520,467,363,513,379,542,Squat
525,489,372,632,559,528,396,571,535,519,469,373,501,376,542,Squat
523,493,372,633,560,524,391,569,532,521,464,373,497,376,542,Squat
517,490,375,635,564,521,389,554,545,530,463,363,509,370,542,Squat
512,480,388,635,556,527,397,565,532,532,462,367,520,366,547,Squat
507,478,400,636,553,523,394,557,530,521,465,376,526,370,545,Squat
505,492,404,634,567,515,388,556,528,514,471,367,534,371,538,Squat
504,504,403,633,561,522,387,555,526,518,481,365,539,371,537,Squat
507,513,393,636,554,525,387,543,526,524,502,383,533,381,538,Squat
505,511,391,639,553,525,390,565,531,516,513,386,523,399,525,Squat
507,505,396,640,546,531,390,549,529,517,500,386,515,406,520,Squat
510,507,394,640,542,538,385,543,533,520,495,392,510,415,520,Squat
513,520,384,641,540,536,385,542,522,520,489,401,505,428,515,Squat
510,520,391,640,541,530,388,517,519,518,502,385,502,435,512,Squat
510,514,403,643,536,531,386,522,519,527,486,379,504,432,516,Squat
510,543,378,639,506,532,384,531,525,526,477,388,503,431,510,Squat
513,534,379,641,522,533,388,498,523,522,481,385,504,421,506,Squat
507,518,401,643,519,527,389,505,523,526,482,386,505,409,509,Squat
510,527,395,643,500,524,385,507,523,527,470,395,505,405,509,Squat
517,529,391,637,491,524,383,505,509,520,472,396,506,395,502,Squat
518,514,405,646,511,528,385,510,502,520,480,392,508,380,501,Squat
527,514,407,647,500,520,383,507,499,521,476,392,511,382,500,Squat
528,524,399,645,515,515,384,500,506,516,480,387,514,385,494,Squat
526,514,400,643,503,512,382,502,512,515,478,385,517,383,487,Squat
526,513,404,643,506,515,379,504,517,516,469,386,520,380,491,Squat
527,520,395,647,514,518,384,505,520,514,473,385,523,379,489,Squat
520,515,393,650,513,519,382,505,516,511,480,380,523,380,477,Squat
514,500,403,645,501,524,382,510,515,514,480,383,525,378,468,Squat
515,512,404,648,507,523,381,501,520,518,485,385,519,380,464,Squat
516,509,397,649,511,526,387,505,518,519,469,384,512,377,466,Squat
516,495,402,649,495,528,382,523,521,516,451,407,509,379,475,Squat
526,515,392,642,497,523,378,515,519,510,438,414,513,388,478,Squat
534,536,374,644,508,520,384,511,513,496,443,402,517,393,473,Squat
536,534,374,647,515,514,383,511,513,489,455,398,519,397,461,Squat
540,529,381,643,507,513,383,510,513,492,453,383,520,395,453,Squat
539,528,379,640,502,517,384,508,513,497,457,371,521,392,452,Squat
530,519,377,644,501,519,383,518,516,503,443,374,515,388,453,Squat
525,514,376,644,500,523,381,519,514,505,432,377,514,385,454,Squat
522,525,371,646,506,524,381,515,517,507,434,377,517,385,453,Squat
520,534,365,645,507,521,381,522,519,508,443,376,518,385,454,Squat
520,530,368,646,513,518,381,518,518,508,448,378,519,386,454,Squat
518,525,371,646,515,515,382,512,515,508,447,377,518,386,454,Squat
518,523,371,646,511,516,384,514,511,509,449,369,518,391,454,Squat
518,525,371,646,508,518,388,503,509,509,454,368,518,390,457,Squat
518,521,374,645,505,520,383,519,518,509,454,369,518,387,457,Squat
516,512,378,645,497,522,377,531,518,513,449,371,520,379,455,Squat
519,511,380,640,488,521,379,527,513,513,447,377,521,377,454,Squat
519,513,376,638,489,519,382,517,515,512,454,383,520,381,457,Squat
518,509,372,648,529,521,381,519,520,511,459,379,519,386,460,Squat
516,506,371,659,524,519,380,523,523,510,452,378,519,387,460,Squat
516,507,375,648,513,520,381,521,521,510,441,379,519,389,462,Squat
520,507,378,644,505,520,382,516,516,509,445,381,519,392,457,Squat
521,506,378,645,507,521,382,516,515,508,453,377,519,390,464,Squat
521,500,382,645,509,521,382,515,516,507,459,378,519,390,474,Squat
521,498,388,645,506,518,382,513,517,505,457,385,520,393,478,Squat
521,504,390,645,502,517,382,508,517,504,460,389,520,396,481,Squat
521,507,395,645,499,517,382,508,519,506,470,389,520,396,481,Squat
520,505,400,645,499,518,382,511,519,509,472,389,519,397,481,Squat
519,506,400,645,500,518,383,512,517,509,476,389,518,397,485,Squat
519,510,400,645,501,519,383,512,516,509,482,388,519,400,486,Squat
518,507,394,645,502,519,383,513,520,510,479,388,516,401,486,Squat
515,500,395,644,502,520,382,522,519,515,475,384,512,394,485,Squat
512,495,399,643,506,518,385,520,519,518,469,387,512,387,486,Squat
515,504,397,644,507,518,383,518,522,516,475,391,515,386,492,Squat
520,510,391,645,522,516,381,530,525,509,487,383,520,396,493,Squat
519,509,392,643,520,514,384,532,523,509,476,381,525,403,494,Squat
515,499,403,647,515,515,384,524,520,512,461,394,527,402,500,Squat
519,505,407,646,515,515,381,524,528,513,464,396,527,402,501,Squat
521,504,404,645,525,521,383,518,531,510,477,394,523,399,499,Squat
519,506,405,644,521,525,385,528,533,510,465,407,523,398,513,Squat
519,506,400,644,518,524,384,534,522,508,467,415,522,401,524,Squat
520,498,404,644,522,523,385,530,525,507,495,408,518,395,525,Squat
517,487,420,644,528,523,385,538,527,511,509,396,513,384,529,Squat
515,506,419,645,525,522,385,544,527,509,506,387,512,381,533,Squat
515,523,408,644,528,524,387,530,525,500,511,387,515,380,534,Squat
517,511,391,644,526,525,385,527,529,511,522,370,518,384,533,Squat
514,496,383,644,525,517,384,537,530,522,490,358,518,388,537,Squat
513,519,374,644,539,518,387,538,535,521,481,361,518,391,540,Squat
516,540,365,639,531,524,388,536,540,517,484,371,522,391,545,Squat
518,530,359,641,528,529,388,540,541,521,477,377,525,389,549,Squat
518,521,363,640,534,528,388,540,537,523,470,379,523,385,554,Squat
515,518,375,641,542,519,386,546,535,521,471,376,520,380,553,Squat
511,514,379,639,544,523,389,539,540,523,466,377,520,377,556,Squat
514,515,382,639,540,526,389,547,537,519,470,379,517,383,562,Squat
518,504,387,640,540,523,391,542,540,513,477,377,516,386,565,Squat
517,493,395,639,548,519,390,554,539,514,471,374,515,385,561,Squat
512,505,382,637,548,519,390,555,538,514,477,372,518,380,559,Squat
511,506,372,637,550,521,392,557,544,518,482,372,522,380,562,Squat
515,498,379,636,551,522,396,561,542,521,472,366,519,381,562,Squat
515,498,381,639,552,527,392,550,542,522,469,362,520,381,563,Squat
507,499,374,635,559,522,389,555,538,522,479,361,520,384,561,Squat
510,502,367,635,556,523,394,561,538,517,477,362,518,387,558,Squat
513,496,365,637,553,526,394,561,535,518,478,359,518,383,561,Squat
514,492,370,636,553,529,395,566,533,520,473,357,520,381,564,Squat
514,499,363,636,554,525,399,565,541,521,476,353,521,383,561,Squat
509,504,356,633,555,523,395,563,538,520,473,348,521,383,560,Squat
506,498,357,631,560,520,392,569,532,519,464,348,522,380,562,Squat
511,495,364,635,561,522,396,572,533,517,477,347,525,382,564,Squat
506,497,355,632,563,525,397,568,532,522,488,338,523,382,566,Squat
505,486,351,631,558,527,396,564,536,525,469,333,519,379,566,Squat
505,490,350,632,560,519,397,565,540,527,455,347,519,375,562,Squat
503,503,343,638,555,519,397,566,534,531,456,350,520,373,570,Squat
503,513,338,632,561,521,395,565,534,534,462,346,522,372,571,Squat
503,505,341,630,561,525,394,560,535,529,464,350,523,362,570,Squat
500,498,351,631,559,526,396,566,538,532,460,354,524,360,574,Squat
501,501,357,635,556,525,397,567,536,532,463,350,527,363,578,Squat
505,500,355,631,563,524,393,561,538,530,463,344,526,361,574,Squat
506,500,348,632,563,525,396,565,540,528,455,345,523,361,572,Squat
505,499,343,633,559,525,396,567,536,524,458,343,523,363,573,Squat
503,492,341,634,562,521,396,565,536,524,462,338,519,363,576,Squat
503,483,344,633,564,528,395,568,537,524,457,337,519,365,577,Squat
507,487,348,631,565,525,398,570,541,523,454,338,522,364,575,Squat
506,490,353,631,568,525,397,568,537,523,462,335,526,363,577,Squat
505,485,365,631,568,524,397,569,532,525,466,341,528,366,577,Squat
506,487,363,630,568,522,397,569,534,527,468,347,527,366,573,Squat
501,490,357,630,568,522,397,568,533,525,460,353,526,362,577,Squat
499,492,359,630,564,520,399,569,534,529,456,352,528,372,571,Squat
503,497,351,630,566,519,396,566,533,529,457,351,532,374,570,Squat
500,497,343,631,564,519,395,567,534,527,467,346,534,376,561,Squat
503,484,356,631,561,520,395,564,539,536,459,349,534,372,570,Squat
513,493,352,632,561,520,396,565,540,534,454,356,525,386,563,Squat
512,512,346,633,564,518,396,565,536,518,450,363,521,391,556,Squat
500,507,360,633,563,520,395,566,539,512,448,363,524,389,558,Squat
503,485,391,628,563,518,398,566,540,518,448,354,527,388,561,Squat
508,479,380,635,552,515,396,563,540,517,460,358,523,391,556,Squat
510,486,369,633,559,520,398,561,540,516,448,376,522,383,562,Squat
515,488,379,635,554,516,396,569,529,516,463,385,527,380,564,Squat
515,486,381,635,557,521,394,565,531,514,475,380,531,385,554,Squat
510,490,381,635,555,523,396,560,533,512,463,377,534,385,549,Squat
505,489,385,635,554,524,391,560,525,510,461,382,539,382,552,Squat
508,483,398,635,555,524,394,558,534,518,474,373,542,384,548,Squat
508,484,393,636,551,525,397,557,539,520,478,365,541,384,542,Squat
509,493,380,636,554,525,393,557,532,514,465,374,539,383,539,Squat
507,497,377,636,554,524,390,555,530,506,458,380,540,380,535,Squat
513,489,383,636,548,526,390,566,532,508,470,375,539,379,528,Squat
515,492,381,637,550,524,393,560,536,507,475,379,532,383,522,Squat
511,494,383,634,562,519,391,553,536,503,473,382,525,384,520,Squat
505,494,381,635,551,519,389,554,532,506,473,374,522,387,526,Squat
511,495,373,640,535,527,390,558,529,507,481,368,522,394,518,Squat
512,487,372,641,555,529,390,557,530,502,481,370,525,392,509,Squat
512,477,382,638,554,525,389,548,530,507,474,369,528,382,509,Squat
513,490,388,640,546,529,385,544,522,507,471,371,531,382,510,Squat
514,506,389,641,540,529,387,556,523,501,491,376,534,390,505,Squat
512,500,398,641,535,533,390,554,527,500,492,376,531,396,496,Squat
509,490,405,641,546,536,388,541,521,506,478,382,529,396,501,Squat
511,500,403,641,539,532,385,549,520,511,474,392,527,404,509,Squat
517,521,398,642,536,532,385,543,517,508,490,401,523,419,506,Squat
517,512,403,643,532,530,386,537,522,505,491,398,521,423,505,Squat
510,495,422,643,529,530,386,530,524,515,474,408,519,419,510,Squat
515,516,420,642,526,530,385,523,522,514,470,414,519,420,507,Squat
522,527,414,642,523,527,388,512,523,505,488,410,521,414,502,Squat
524,520,417,642,516,527,385,512,520,507,487,410,521,405,489,Squat
521,500,423,642,514,522,385,508,518,510,473,415,523,391,488,Squat
521,498,415,643,511,521,385,509,515,513,466,413,522,386,490,Squat
521,498,406,643,510,521,383,510,513,511,470,405,518,389,483,Squat
521,495,403,644,511,519,382,513,512,508,467,397,518,388,481,Squat
526,496,391,644,510,514,381,506,510,508,462,391,520,388,478,Squat
527,499,383,644,509,512,386,498,513,506,466,386,522,386,477,Squat
524,491,382,645,509,512,383,496,515,503,468,380,522,382,474,Squat
524,495,382,645,506,514,381,502,517,506,460,375,526,380,473,Squat
522,492,372,644,502,517,383,500,519,505,463,373,527,383,470,Squat
522,495,365,645,503,519,383,498,520,501,463,371,527,385,467,Squat
520,493,370,646,503,519,383,498,519,502,468,369,526,383,468,Squat
519,488,375,646,503,520,383,501,517,506,461,369,526,382,473,Squat
517,491,373,646,499,520,383,503,517,508,460,370,525,384,469,Squat
518,496,375,646,500,519,383,503,517,507,469,366,524,381,470,Squat
518,492,381,645,496,521,383,503,517,509,473,365,523,377,472,Squat
518,496,380,645,493,521,383,503,518,509,475,366,521,379,467,Squat
515,503,375,645,490,521,383,503,519,507,477,370,519,379,471,Squat
515,503,375,645,487,523,383,503,519,504,477,371,518,377,474,Squat
514,498,375,645,487,525,383,502,520,506,475,370,518,380,470,Squat
514,503,372,645,487,526,383,501,520,507,469,370,522,381,469,Squat
518,503,372,645,487,526,383,502,519,507,468,368,522,381,469,Squat
521,498,375,646,487,524,383,502,520,507,471,367,522,384,471,Squat
523,501,379,646,487,523,383,502,520,507,471,369,519,384,472,Squat
524,507,379,646,490,522,383,504,520,505,473,373,519,384,472,Squat
523,506,381,646,492,521,383,505,519,502,472,378,519,384,471,Squat
523,504,387,646,493,520,383,508,519,502,471,381,520,384,473,Squat
523,507,389,646,494,518,383,510,518,502,473,381,520,384,475,Squat
523,505,390,646,495,518,383,510,518,502,474,381,520,383,478,Squat
522,503,391,645,495,517,383,509,517,505,478,377,520,384,479,Squat
522,501,389,645,496,517,383,506,520,507,474,376,519,386,479,Squat
522,502,387,645,496,518,383,508,520,506,474,376,516,388,482,Squat
523,500,388,645,497,518,383,512,518,505,476,378,515,389,487,Squat
523,498,387,645,497,517,383,512,515,507,477,378,517,396,481,Squat
518,501,383,646,499,517,383,511,513,510,472,374,515,395,484,Squat
518,505,379,646,497,519,384,502,520,510,473,377,514,394,494,Squat
517,507,381,645,497,518,384,505,523,508,471,381,517,397,497,Squat
512,502,389,645,499,515,384,522,520,512,471,380,523,399,494,Squat
514,502,389,645,499,512,383,531,515,516,471,376,523,397,497,Squat
514,514,383,644,502,512,383,526,516,511,476,380,517,395,502,Squat
518,518,384,643,497,514,386,510,523,509,482,386,512,398,497,Squat
523,511,390,642,498,512,386,520,530,509,484,388,514,396,498,Squat
523,510,393,646,521,510,384,532,525,510,474,392,516,395,501,Squat
528,511,393,646,524,517,386,536,528,504,474,392,517,390,506,Squat
531,503,399,644,511,525,383,536,528,498,470,397,516,385,509,Squat
533,504,402,643,516,523,385,534,531,494,471,406,515,384,506,Squat
529,511,403,644,527,526,385,537,529,497,479,406,517,382,512,Squat
526,501,414,644,530,525,387,536,537,497,487,404,518,383,524,Squat
525,488,420,642,522,525,388,538,537,503,487,399,518,386,521,Squat
525,483,419,644,534,528,384,537,530,505,485,397,522,384,518,Squat
525,491,414,644,536,528,384,544,533,507,489,389,523,384,518,Squat
525,488,408,641,530,529,387,547,534,506,486,380,522,384,526,Squat
522,487,401,641,531,525,388,553,533,506,484,385,519,384,528,Squat
524,498,392,643,545,519,390,547,533,506,491,384,518,383,525,Squat
522,500,386,641,540,515,388,549,531,505,498,372,514,382,525,Squat
520,487,386,640,535,516,389,551,532,508,486,369,513,382,528,Squat
518,494,377,641,542,517,388,557,532,508,488,368,512,384,523,Squat
522,498,368,640,548,520,390,556,538,509,492,364,514,382,525,Squat
524,476,368,639,543,518,394,566,539,511,472,368,517,379,530,Squat
523,472,380,641,533,517,396,549,541,511,452,380,520,367,544,Squat
521,496,369,641,548,518,387,536,541,514,481,374,522,363,554,Squat
521,511,369,636,560,527,385,539,535,515,493,358,522,367,561,Squat
518,501,382,637,532,530,390,558,534,515,471,359,522,360,574,Squat
506,514,375,644,531,518,396,551,542,518,460,372,527,342,596,Squat
486,512,363,637,552,517,391,547,536,527,483,352,531,314,617,Squat
476,488,355,633,547,527,386,554,530,544,470,341,532,311,579,Squat
477,499,329,641,537,515,393,562,541,550,469,327,527,310,562,Squat
471,489,324,642,545,513,393,567,533,544,480,320,519,329,554,Squat
481,464,317,639,552,524,392,565,534,542,489,308,516,346,561,Squat
483,458,306,639,558,518,395,561,541,536,490,301,513,366,554,Squat
482,475,305,636,560,523,392,569,536,531,484,291,512,371,546,Squat
485,469,320,637,552,522,394,567,541,523,470,292,519,364,548,Squat
488,475,333,637,557,521,395,566,533,532,459,303,524,358,548,Squat
487,486,329,639,539,531,390,557,535,547,450,318,521,359,543,Squat
485,497,343,638,554,526,391,556,534,546,451,334,518,358,545,Squat
485,497,362,639,550,521,391,563,531,544,466,339,520,359,545,Squat
486,499,362,639,544,522,391,561,535,544,468,355,524,365,542,Squat
486,505,354,641,551,522,391,557,534,540,462,358,530,373,534,Squat
485,498,349,636,546,519,390,556,539,546,460,342,532,381,527,Squat
483,497,346,641,535,513,390,558,536,546,458,331,524,391,525,Squat
476,504,353,640,554,522,391,551,531,543,451,344,515,392,528,Squat
479,505,361,639,537,523,388,540,525,546,468,357,515,394,520,Squat
482,508,372,639,522,521,387,542,524,548,472,362,513,382,524,Squat
491,521,377,640,526,534,387,548,520,546,475,371,509,381,523,Squat
497,524,384,640,537,543,389,547,518,544,478,383,509,381,518,Squat
494,519,390,646,521,540,387,543,518,544,480,398,512,388,513,Squat
493,504,405,643,532,541,387,541,523,539,475,390,514,393,515,Squat
499,504,404,641,526,539,386,542,524,537,459,385,513,399,512,Squat
504,513,402,644,531,541,386,541,526,532,452,399,509,401,505,Squat
504,514,410,643,526,541,386,535,524,529,469,409,510,395,507,Squat
507,514,410,643,528,539,385,531,522,526,488,398,510,395,503,Squat
507,513,410,643,524,535,385,522,517,524,483,395,510,396,499,Squat
507,512,411,643,522,531,385,523,515,523,471,404,510,393,499,Squat
506,510,412,643,523,531,383,527,519,525,480,408,510,391,495,Squat
508,502,407,643,527,528,385,519,506,527,479,401,510,390,492,Squat
506,506,395,643,515,522,386,495,495,525,473,396,510,388,490,Squat
504,507,396,642,506,520,394,516,527,521,465,394,511,385,488,Squat
506,507,395,646,546,521,373,571,546,523,470,388,514,382,493,Squat
507,506,390,641,525,524,378,560,543,522,476,378,511,389,484,Squat
509,504,387,638,514,534,379,533,514,520,468,376,510,394,480,Squat
507,512,385,646,530,545,384,521,518,519,469,374,510,393,488,Squat
506,512,383,648,533,533,384,525,512,520,477,372,509,393,488,Squat
506,515,379,647,537,520,384,522,507,519,476,376,510,395,481,Squat
506,516,379,644,531,514,385,519,510,517,472,380,515,390,479,Squat
509,512,383,643,527,514,384,514,513,520,473,380,516,387,487,Squat
509,516,383,643,523,516,384,513,513,521,473,380,519,389,505,Squat
508,519,386,643,520,521,384,514,513,518,472,382,517,384,512,Squat
508,525,384,645,518,524,383,514,513,516,473,381,515,380,498,Squat
509,522,384,645,512,526,383,512,516,522,472,382,514,374,502,Squat
511,523,381,645,511,526,383,513,515,525,467,384,514,376,501,Squat
510,525,380,646,514,526,383,516,513,525,465,383,515,377,499,Squat
505,524,381,645,515,523,383,514,513,525,468,377,515,375,503,Squat
507,520,387,644,514,523,383,517,513,528,466,371,516,379,503,Squat
508,518,390,644,511,522,383,519,513,523,466,375,516,379,505,Squat
507,514,396,645,514,520,383,519,516,525,468,378,516,377,501,Squat
506,513,401,645,516,519,383,519,518,525,469,383,514,374,499,Squat
505,515,405,645,516,519,383,520,516,525,472,384,514,375,499,Squat
506,516,401,645,515,519,383,523,516,527,474,387,516,380,498,Squat
511,520,395,645,513,520,383,523,516,523,474,396,516,394,500,Squat
514,523,390,645,512,520,383,523,514,517,478,395,519,402,504,Squat
522,522,385,645,513,520,385,515,516,513,470,390,520,407,504,Squat
526,525,379,645,514,518,385,519,519,506,462,387,520,411,511,Squat
521,526,380,645,513,516,385,532,513,510,463,381,521,401,515,Squat
516,522,376,646,511,516,383,526,518,515,461,376,519,396,513,Squat
509,517,375,642,503,515,381,525,522,521,465,374,519,386,519,Squat
509,513,384,642,515,522,387,509,533,519,462,380,518,387,520,Squat
503,515,393,644,516,524,385,537,527,516,467,382,517,404,506,Squat
497,514,395,642,516,528,382,543,523,527,477,382,518,403,521,Squat
507,507,399,643,527,518,384,538,523,527,468,389,519,406,532,Squat
511,514,408,647,530,519,389,525,526,516,468,392,518,417,518,Squat
506,520,413,643,523,523,384,546,521,520,474,396,515,414,528,Squat
501,519,416,642,519,523,387,532,525,525,484,401,513,413,531,Squat
507,510,423,644,527,520,390,531,533,534,481,419,510,414,535,Squat
523,515,412,643,534,516,389,541,531,522,472,429,509,416,538,Squat
522,514,395,640,527,526,385,548,531,510,485,413,509,410,537,Squat
508,508,374,643,537,524,389,546,535,509,471,393,515,401,530,Squat
499,505,366,641,539,516,393,548,537,514,452,397,523,392,534,Squat
510,521,368,638,532,531,390,553,533,518,465,385,525,396,542,Squat
527,528,382,640,537,529,391,556,534,515,488,371,520,397,546,Squat
520,515,400,641,539,530,392,554,533,520,488,364,518,377,554,Squat
513,493,413,638,544,522,390,553,533,537,464,371,515,372,570,Squat
509,484,420,637,543,529,393,564,534,537,461,388,515,376,575,Squat
515,500,420,637,549,528,395,564,531,516,483,393,523,374,563,Squat
513,506,420,637,551,523,393,564,536,509,492,400,521,378,551,Squat
515,496,415,636,552,521,396,568,538,518,469,413,516,366,562,Squat
526,502,415,637,552,521,398,572,540,516,475,406,516,364,562,Squat
515,502,407,634,557,523,399,572,539,519,486,388,515,364,554,Squat
503,498,387,634,556,527,398,575,536,524,472,383,517,367,554,Squat
508,500,372,636,562,523,399,577,534,526,466,378,521,376,550,Squat
507,497,366,633,562,523,397,572,539,525,477,368,527,380,546,Squat
505,500,369,634,559,524,401,573,536,533,473,358,530,370,560,Squat
496,514,345,636,556,519,398,569,535,530,454,355,524,374,560,Squat
491,512,334,635,560,518,400,572,539,528,441,347,516,376,555,Squat
492,502,337,632,562,522,401,574,539,536,438,341,509,372,553,Squat
485,507,330,633,560,523,403,576,536,544,448,342,508,368,558,Squat
482,520,313,634,562,520,401,576,533,547,473,332,512,367,557,Squat
488,498,323,630,564,522,402,573,539,548,471,324,523,362,556,Squat
485,492,342,631,561,521,401,574,540,553,475,319,526,363,550,Squat
481,495,346,630,561,519,400,574,536,550,477,312,529,362,547,Squat
484,506,342,629,565,519,402,574,535,544,472,308,527,360,551,Squat
483,510,333,631,565,522,402,576,532,542,464,323,524,360,555,Squat
487,508,333,631,563,523,401,577,535,544,466,339,522,363,553,Squat
491,500,337,633,562,523,401,578,535,544,473,342,522,357,558,Squat
488,504,342,633,564,526,403,577,530,542,469,346,525,360,552,Squat
487,501,351,629,568,525,401,575,534,541,470,346,528,352,560,Squat
489,496,360,629,568,525,403,577,533,542,471,348,527,354,559,Squat
489,497,365,629,570,519,403,578,533,537,467,349,523,352,558,Squat
487,500,364,630,569,520,404,577,534,535,472,345,521,350,558,Squat
486,495,357,626,571,517,402,576,532,539,476,346,521,354,555,Squat
485,492,353,628,572,515,402,578,528,539,469,345,517,359,552,Squat
483,489,352,627,573,518,401,576,533,539,470,341,512,365,548,Squat
485,493,348,628,572,518,403,576,536,540,468,342,512,366,554,Squat
487,490,342,627,572,515,399,571,533,532,466,343,515,370,557,Squat
488,487,345,627,573,512,399,570,530,529,467,339,524,375,557,Squat
489,491,348,626,570,520,401,576,533,534,467,333,529,378,560,Squat
492,492,357,626,570,524,406,578,536,531,457,344,531,381,566,Squat
495,498,367,628,571,516,402,577,532,529,469,348,532,378,569,Squat
494,503,368,630,570,515,402,576,534,530,474,349,532,382,566,Squat
492,493,373,627,570,513,401,574,536,534,467,360,527,380,570,Squat
495,497,377,626,570,512,401,572,539,534,456,373,523,386,556,Squat
496,497,376,627,568,517,400,574,539,530,469,375,521,382,556,Squat
497,499,378,626,569,517,399,574,539,528,472,371,521,379,555,Squat
496,499,378,628,569,517,399,573,539,528,470,370,521,378,557,Squat
499,496,376,629,569,521,400,573,540,525,468,374,520,378,555,Squat
504,496,376,629,570,522,396,571,540,522,465,373,521,378,552,Squat
508,498,384,629,569,521,401,573,541,522,468,365,523,374,548,Squat
506,508,388,631,566,523,401,571,541,525,466,362,522,371,549,Squat
508,514,375,631,566,522,399,571,541,521,468,375,524,373,545,Squat
508,511,371,630,567,521,398,568,541,517,464,384,525,374,540,Squat
508,507,379,632,565,524,396,568,541,521,462,372,525,374,536,Squat
506,511,378,632,564,525,396,567,540,526,453,372,524,375,535,Squat
507,520,369,632,562,528,394,559,540,520,458,383,526,377,532,Squat
505,512,375,634,560,523,392,560,538,517,472,378,526,379,525,Squat
501,496,388,638,559,521,395,567,533,521,468,371,519,377,519,Squat
500,504,384,638,556,520,393,563,532,518,464,380,512,378,516,Squat
503,510,386,638,557,525,390,554,538,505,473,385,512,382,516,Squat
510,508,392,632,557,531,392,568,537,508,483,381,515,389,514,Squat
512,507,396,634,554,526,398,570,531,515,488,379,512,399,502,Squat
515,508,393,636,556,522,392,555,530,515,481,379,512,400,494,Squat
512,506,399,636,548,523,390,547,530,514,481,378,517,392,503,Squat
516,515,399,637,549,519,390,547,527,517,482,377,517,399,504,Squat
519,528,388,637,548,518,389,550,527,511,484,382,517,408,495,Squat
518,525,387,638,547,516,389,555,527,509,478,391,518,407,495,Squat
520,516,403,640,543,516,388,551,524,511,472,398,524,410,502,Squat
525,530,403,640,538,520,387,539,521,511,486,390,526,418,493,Squat
524,535,396,641,536,520,385,542,521,509,490,386,524,416,486,Squat
520,521,402,641,531,521,387,537,522,513,474,392,520,409,488,Squat
516,519,404,641,526,523,384,534,522,516,467,398,518,407,492,Squat
517,529,398,642,523,521,385,533,522,513,480,393,517,405,496,Squat
515,528,395,643,523,522,384,528,518,508,482,394,517,403,491,Squat
512,517,402,642,519,520,385,514,520,509,472,399,517,396,487,Squat
516,513,409,643,510,521,385,515,520,511,471,401,517,391,490,Squat
521,517,407,643,507,519,382,514,515,508,478,397,517,389,485,Squat
521,515,407,645,508,517,385,508,518,503,475,395,515,385,479,Squat
520,511,407,644,501,515,384,507,519,507,468,393,515,381,478,Squat
521,510,403,644,503,516,386,501,521,510,466,392,516,379,479,Squat
521,517,391,644,496,519,380,508,514,507,469,390,514,381,476,Squat
522,518,385,644,499,519,383,507,515,506,469,387,514,382,476,Squat
524,513,382,648,506,517,385,501,516,507,464,385,515,384,473,Squat
527,517,377,645,505,515,383,495,517,507,454,384,519,379,474,Squat
527,519,372,645,504,513,382,494,516,508,450,382,519,378,474,Squat
526,515,375,645,502,513,383,493,519,508,452,377,519,378,474,Squat
527,515,377,645,503,513,383,490,523,507,452,373,521,380,474,Squat
525,520,377,645,506,516,383,491,523,507,456,374,521,382,474,Squat
523,522,377,645,505,519,383,496,521,507,456,377,521,382,475,Squat
520,517,378,645,503,519,383,500,520,508,457,374,521,382,475,Squat
519,513,380,645,503,517,383,499,520,509,457,373,520,381,473,Squat
519,513,379,646,502,517,383,499,520,509,457,377,519,379,474,Squat
519,513,380,644,499,515,383,501,520,509,459,377,519,380,469,Squat
519,509,384,644,494,513,383,502,520,509,460,376,516,380,466,Squat
521,507,385,644,492,512,382,500,522,509,463,376,515,378,471,Squat
521,510,385,645,488,515,382,498,524,508,466,380,514,376,475,Squat
522,512,384,645,486,522,382,497,526,508,465,381,514,380,472,Squat
522,516,384,644,479,529,382,497,526,507,465,382,514,381,470,Squat
522,514,385,644,477,530,382,497,526,507,465,380,515,381,470,Squat
522,517,382,644,480,525,382,498,523,509,462,379,516,382,470,Squat
522,519,378,644,482,522,382,498,522,510,456,378,517,383,468,Squat
522,513,380,644,484,518,382,499,520,510,453,378,519,383,467,Squat
525,509,382,644,487,518,382,500,520,510,451,379,521,383,467,Squat
526,507,381,644,491,519,382,501,520,510,452,373,517,384,470,Squat
525,515,384,645,492,519,381,506,517,510,453,369,513,384,473,Squat
520,517,386,645,491,519,380,506,519,510,454,367,509,383,470,Squat
519,543,382,645,492,518,382,503,522,508,449,376,505,380,474,Squat
515,558,372,645,493,516,382,503,522,508,470,380,507,378,481,Squat
512,559,369,645,493,518,383,497,522,510,468,384,511,383,479,Squat
512,548,376,645,494,518,383,493,520,510,465,388,516,387,476,Squat
513,545,382,645,496,516,384,497,517,514,456,388,517,382,484,Squat
514,543,382,645,494,516,382,502,515,514,463,385,515,382,486,Squat
512,538,382,645,493,516,382,500,518,516,466,383,514,385,485,Squat
511,532,386,645,491,518,384,499,522,516,469,382,513,388,490,Squat
511,530,389,645,493,517,384,502,522,516,469,382,514,394,493,Squat
511,519,390,646,496,517,384,503,521,514,467,384,514,404,495,Squat
514,505,397,645,494,517,384,500,523,513,463,384,514,418,493,Squat
519,487,412,645,495,516,385,499,522,511,471,384,512,425,506,Squat
523,494,404,645,494,515,384,510,528,509,473,388,507,433,507,Squat
514,510,398,647,488,515,385,517,529,508,486,396,505,433,490,Squat
511,523,403,646,497,513,388,533,511,514,493,393,509,410,495,Squat
516,521,405,643,496,516,380,544,510,517,486,388,514,393,504,Squat
518,521,392,639,499,520,383,533,518,507,472,397,520,394,505,Squat
520,522,386,640,509,522,385,525,527,510,467,397,523,391,508,Squat
517,524,384,640,524,520,387,532,536,510,476,392,521,390,510,Squat
517,518,386,643,531,515,386,540,528,508,471,388,516,383,514,Squat
517,513,388,642,525,515,385,540,530,508,465,387,512,374,525,Squat
519,511,394,644,531,521,387,540,537,509,461,394,512,370,529,Squat
523,511,406,644,540,522,388,541,537,510,471,392,518,370,531,Squat
520,504,409,641,534,523,387,547,536,513,477,382,521,372,527,Squat
520,494,410,641,541,523,391,549,534,516,469,383,521,374,525,Squat
521,492,409,640,539,526,388,553,530,514,465,387,516,379,534,Squat
519,493,407,640,543,523,390,550,540,515,464,388,515,388,536,Squat
518,502,402,639,545,523,393,553,539,513,459,389,517,390,533,Squat
514,510,394,640,541,516,393,556,539,512,461,394,520,384,538,Squat
513,504,398,638,547,519,393,560,541,513,455,396,521,383,546,Squat
517,499,400,636,549,522,394,562,538,518,461,397,523,383,548,Squat
519,506,394,638,552,522,392,557,542,518,463,406,520,382,545,Squat
513,508,388,635,553,522,393,561,543,518,465,400,520,379,553,Squat
509,508,383,638,550,517,398,566,540,520,468,390,520,383,553,Squat
504,506,377,639,550,522,397,563,545,521,470,379,520,380,557,Squat
504,501,375,634,557,517,397,569,542,525,459,368,519,378,558,Squat
504,498,368,635,558,519,399,568,545,520,465,363,522,376,557,Squat
499,489,370,635,561,522,400,572,542,520,460,356,525,374,560,Squat
496,496,365,632,561,519,399,572,541,530,462,352,521,375,560,Squat
498,498,362,632,560,521,398,573,543,533,467,354,522,375,559,Squat
499,498,360,631,562,523,400,573,543,532,465,355,525,376,557,Squat
493,502,356,632,565,524,400,572,543,533,453,353,524,377,561,Squat
491,510,347,632,563,524,402,574,543,532,448,359,522,375,564,Squat
494,508,346,633,564,523,400,574,543,536,461,358,522,374,559,Squat
491,493,353,631,566,518,402,573,544,539,457,351,522,371,557,Squat
487,494,358,630,565,518,403,574,542,537,453,350,522,372,564,Squat
485,501,351,632,561,522,400,574,542,534,457,350,518,372,570,Squat
486,493,352,631,562,521,398,573,540,537,461,349,518,366,567,Squat
485,487,355,633,563,520,401,571,543,543,462,344,519,357,573,Squat
480,493,347,630,563,518,401,574,540,543,458,341,520,360,571,Squat
474,495,335,631,563,518,402,573,542,543,455,336,523,352,577,Squat
477,494,333,630,565,519,398,572,542,547,460,326,523,348,578,Squat
481,496,337,633,562,521,402,572,541,550,459,322,523,349,579,Squat
479,489,332,631,563,521,401,568,542,549,460,334,524,353,573,Squat
476,488,324,632,563,520,400,567,543,547,446,337,528,355,568,Squat
473,480,333,633,564,522,400,570,542,552,455,328,531,359,572,Squat
474,485,330,631,563,522,400,571,541,554,458,322,528,367,569,Squat
475,471,330,633,559,522,399,569,539,547,449,329,526,370,560,Squat
474,463,338,631,562,520,399,571,539,542,446,331,524,367,564,Squat
478,465,349,632,563,518,401,572,541,544,443,329,521,372,567,Squat
479,470,354,631,564,518,400,573,538,537,455,331,519,378,564,Squat
482,473,360,630,565,515,398,571,538,535,465,337,521,375,563,Squat
484,473,372,630,564,514,401,571,544,539,470,344,521,372,563,Squat
487,477,377,632,562,515,400,571,542,542,468,355,520,376,560,Squat
484,488,367,630,562,516,398,570,542,539,464,367,522,373,564,Squat
486,493,367,632,562,517,399,571,542,537,465,371,525,379,552,Squat
487,482,383,631,564,516,399,568,543,540,467,375,526,375,555,Squat
495,485,388,631,561,517,398,569,540,534,459,377,526,382,552,Squat
499,506,378,631,561,519,395,567,541,527,467,375,526,382,547,Squat
499,493,383,632,558,518,397,568,542,529,472,372,523,378,546,Squat
495,486,394,635,563,521,398,569,542,534,470,376,523,378,549,Squat
500,495,396,632,565,524,395,565,539,533,475,379,523,383,544,Squat
505,511,383,633,561,523,391,561,538,528,474,381,523,384,537,Squat
504,502,392,634,558,524,397,567,540,532,471,383,520,379,537,Squat
499,501,400,636,551,528,401,568,539,537,472,386,519,381,536,Squat
495,516,385,636,556,524,392,561,535,535,478,382,519,384,529,Squat
493,517,375,634,559,520,387,547,539,530,476,383,517,381,523,Squat
491,497,385,637,554,516,395,568,537,531,463,387,518,374,526,Squat
496,494,401,636,553,525,396,564,534,530,469,382,519,379,520,Squat
504,513,389,634,552,525,390,560,531,525,487,373,520,387,509,Squat
503,501,386,637,549,521,389,542,538,526,489,365,516,384,510,Squat
493,493,401,639,553,517,390,562,535,529,463,373,513,390,507,Squat
489,499,413,639,546,520,391,557,529,526,480,377,516,392,507,Squat
490,518,391,640,550,522,387,540,526,523,489,374,516,395,499,Squat
494,508,385,637,549,520,385,519,530,524,492,383,516,389,503,Squat
501,509,404,638,540,518,383,566,532,529,460,400,520,391,513,Squat
525,536,391,642,524,522,390,556,534,526,480,398,524,406,513,Squat
527,527,376,642,537,525,387,544,531,511,502,383,522,415,503,Squat
515,513,379,640,545,521,386,530,525,515,469,388,521,419,502,Squat
512,535,381,640,532,518,386,531,528,532,459,397,522,428,502,Squat
517,565,370,640,516,518,384,531,525,520,473,391,521,425,500,Squat
512,545,383,642,521,518,385,525,521,507,479,391,520,412,500,Squat
507,520,403,643,530,518,387,515,520,515,469,390,520,401,499,Squat
507,519,418,642,521,517,387,505,523,519,471,389,520,394,496,Squat
507,518,423,642,515,513,384,510,521,515,484,389,518,384,495,Squat
503,513,426,644,512,513,384,508,514,518,487,390,517,380,493,Squat
503,514,422,644,512,515,384,511,507,519,487,394,515,380,494,Squat
503,522,406,644,506,519,382,507,508,519,487,396,514,382,489,Squat
502,522,395,644,502,523,382,506,510,519,483,394,514,380,483,Squat
505,522,388,644,499,526,382,504,514,521,481,389,514,379,483,Squat
508,522,380,645,504,523,381,506,512,521,476,384,515,378,487,Squat
506,523,374,646,505,520,381,501,513,519,471,382,517,377,487,Squat
507,525,377,645,503,520,384,496,516,519,473,377,519,378,487,Squat
510,533,375,645,500,518,383,498,516,517,476,372,521,381,484,Squat
510,529,376,646,503,517,383,497,516,516,475,370,521,381,479,Squat
510,522,382,646,500,519,383,496,516,519,466,368,521,379,479,Squat
510,523,385,646,499,521,383,494,518,522,466,363,521,379,479,Squat
511,529,380,646,498,522,383,494,518,517,470,367,521,380,476,Squat
512,527,377,646,498,521,382,494,518,516,469,373,520,379,473,Squat
512,521,381,646,499,521,382,498,516,519,467,374,519,376,476,Squat
512,521,380,646,498,521,382,495,518,518,471,372,519,380,471,Squat
512,522,379,645,495,520,382,502,516,516,471,372,520,382,470,Squat
513,521,380,646,497,519,381,503,516,515,466,375,520,380,474,Squat
514,519,380,647,501,519,382,501,518,515,465,375,520,384,475,Squat
514,518,379,647,497,519,383,498,520,515,466,373,518,388,464,Squat
516,518,378,645,495,518,383,501,520,516,466,372,518,381,469,Squat
516,517,378,644,492,520,383,503,519,516,465,374,520,376,479,Squat
520,513,378,644,495,522,383,507,518,516,464,375,522,380,478,Squat
523,513,378,644,497,520,383,504,518,512,465,375,523,383,474,Squat
518,512,380,645,502,516,383,503,518,511,464,376,520,384,474,Squat
514,517,377,648,509,514,382,510,516,514,467,374,518,384,477,Squat
508,514,375,646,507,514,382,511,515,513,472,369,518,384,479,Squat
504,505,381,646,503,514,382,506,517,513,467,374,518,385,481,Squat
506,507,383,646,499,517,382,506,518,514,461,382,519,384,483,Squat
504,510,388,646,498,516,382,505,518,516,469,381,521,381,488,Squat
503,509,393,646,498,516,382,502,518,519,478,378,521,380,491,Squat
502,506,395,646,498,517,383,500,518,520,479,378,521,382,487,Squat
498,507,392,646,498,517,383,500,517,522,476,377,520,383,487,Squat
497,504,389,646,498,520,383,505,516,526,472,376,519,383,489,Squat
497,503,388,645,499,520,383,505,516,529,471,377,521,386,493,Squat
502,509,384,646,499,517,383,503,519,530,474,383,516,396,490,Squat
505,511,386,646,497,519,385,494,528,517,479,385,514,399,498,Squat
505,503,391,645,500,519,385,499,523,514,481,383,518,400,501,Squat
503,505,392,646,501,517,384,511,515,517,472,383,520,405,499,Squat
507,514,392,645,497,517,384,522,514,514,476,381,518,408,502,Squat
510,508,393,645,501,513,383,523,517,511,480,380,515,413,502,Squat
511,507,394,645,499,517,385,513,524,515,472,385,514,413,502,Squat
511,508,396,642,500,520,385,527,518,517,472,388,514,409,506,Squat
522,511,397,643,513,520,386,532,521,515,474,388,522,409,509,Squat
524,509,398,643,515,524,384,531,520,510,473,395,524,404,509,Squat
519,507,400,644,522,524,388,527,529,510,472,401,521,396,509,Squat
514,508,397,641,516,523,387,532,528,515,473,401,517,395,512,Squat
509,509,392,644,527,523,382,550,528,513,471,401,512,399,517,Squat
508,509,393,644,528,521,384,550,528,509,470,395,512,400,522,Squat
508,502,398,642,536,520,390,536,530,513,471,392,513,394,522,Squat
508,501,407,642,544,520,388,537,534,516,472,393,517,384,527,Squat
511,501,404,639,533,518,387,546,536,512,475,394,519,378,528,Squat
514,496,400,640,530,523,391,547,538,511,473,389,520,373,534,Squat
514,494,395,642,540,523,391,549,540,515,475,387,520,377,537,Squat
515,508,376,639,544,525,387,560,531,514,476,387,519,380,534,Squat
519,498,371,639,546,523,392,556,534,510,469,382,518,378,534,Squat
519,488,381,640,553,523,393,553,539,513,453,381,517,377,538,Squat
520,500,388,638,551,523,394,558,537,517,458,376,520,377,549,Squat
522,512,377,638,549,524,392,558,536,511,481,373,523,381,551,Squat
517,496,394,635,552,525,392,566,539,509,469,380,522,377,557,Squat
517,493,394,638,551,519,396,567,541,514,450,380,519,376,558,Squat
519,502,365,637,552,517,398,565,542,517,449,375,516,374,554,Squat
523,495,359,635,553,523,396,564,541,515,444,370,517,372,554,Squat
518,471,386,635,556,525,394,572,536,516,446,364,519,375,562,Squat
512,483,374,633,562,523,399,570,542,522,448,362,520,375,572,Squat
515,502,358,633,563,519,399,568,540,516,452,363,518,380,559,Squat
518,495,362,633,565,520,397,570,541,512,454,370,518,372,564,Squat
516,484,369,631,564,525,399,572,538,520,454,365,518,376,568,Squat
512,491,364,632,564,523,398,570,543,522,453,366,518,375,566,Squat
514,491,362,632,566,518,399,570,543,515,452,368,519,370,563,Squat
515,483,367,631,564,518,400,572,542,513,454,363,524,372,568,Squat
515,486,359,630,563,520,398,571,544,515,457,357,522,373,565,Squat
514,490,352,627,563,519,400,567,546,518,456,356,520,366,562,Squat
513,486,357,631,564,518,398,569,540,517,450,360,521,365,563,Squat
517,481,364,631,564,520,396,568,542,516,450,358,522,368,566,Squat
516,483,362,632,564,519,397,569,545,516,450,353,522,368,570,Squat
513,480,355,632,560,519,401,569,543,517,447,355,523,365,567,Squat
513,477,353,629,565,519,397,569,537,514,446,354,523,360,566,Squat
513,473,355,633,561,520,400,571,538,515,445,346,522,361,571,Squat
513,480,349,631,563,521,401,571,539,517,441,339,522,363,571,Squat
512,484,342,629,566,520,399,566,535,517,446,338,522,358,576,Squat
510,475,342,630,565,520,399,568,538,517,444,341,523,362,571,Squat
504,471,345,631,564,519,399,571,539,518,434,340,527,364,576,Squat
505,483,342,631,566,520,400,569,539,521,440,340,527,368,577,Squat
509,490,339,629,567,520,397,568,541,518,443,342,525,368,575,Squat
510,482,343,630,567,519,398,568,541,518,450,347,524,368,575,Squat
498,478,351,630,567,518,398,571,541,522,444,352,524,371,580,Squat
491,482,356,631,565,515,400,571,540,528,443,352,522,376,578,Squat
498,481,356,629,569,517,401,572,538,525,449,357,522,375,573,Squat
497,477,362,626,568,514,401,574,528,520,453,357,522,372,574,Squat
497,475,366,626,568,505,403,574,532,525,442,352,519,381,570,Squat
500,479,359,626,566,504,401,569,540,532,444,357,519,384,566,Squat
499,484,354,625,566,508,400,569,540,526,443,363,523,380,565,Squat
503,489,359,625,567,513,398,569,542,523,443,362,527,382,568,Squat
512,490,360,627,567,519,399,570,543,519,433,362,527,388,564,Squat
513,490,360,629,573,519,397,566,545,518,432,370,527,382,565,Squat
509,486,367,631,568,524,398,565,547,522,438,372,528,382,562,Squat
511,488,371,630,567,526,397,564,546,523,435,370,527,382,562,Squat
513,490,370,630,566,528,397,565,544,518,439,373,524,386,554,Squat
512,489,376,632,565,531,396,562,548,515,437,374,525,382,557,Squat
507,487,389,634,563,529,396,567,546,514,434,378,525,381,555,Squat
504,483,390,632,565,529,398,564,543,522,458,376,525,381,550,Squat
504,474,386,632,565,526,394,567,538,521,462,381,528,383,546,Squat
506,482,388,632,561,525,394,567,538,511,454,379,528,383,546,Squat
511,481,398,632,558,527,395,565,539,503,459,376,527,385,544,Squat
510,493,392,633,558,529,395,562,540,507,469,383,523,384,539,Squat
508,496,398,634,554,529,395,561,541,511,478,396,519,385,529,Squat
510,502,397,637,554,530,391,562,533,512,465,391,520,382,523,Squat
508,507,398,636,553,531,389,560,533,519,456,391,519,381,524,Squat
508,521,397,634,552,526,392,558,536,520,461,399,519,383,525,Squat
514,520,386,638,551,528,392,560,531,511,473,400,521,384,514,Squat
511,509,391,639,546,528,390,556,530,514,472,393,522,375,516,Squat
506,505,399,638,549,521,387,539,525,520,456,387,520,389,505,Squat
506,513,395,640,550,520,385,549,519,519,461,385,519,395,495,Squat
509,513,401,639,547,520,390,560,525,518,466,375,519,396,502,Squat
518,521,397,641,538,521,391,546,532,527,466,378,511,406,511,Squat
522,542,376,641,548,514,386,532,532,516,477,391,509,421,504,Squat
522,533,374,638,546,509,383,517,530,501,482,387,512,426,496,Squat
521,523,384,639,534,515,384,516,540,501,464,386,521,424,497,Squat
526,537,378,640,513,525,383,529,546,505,457,396,523,426,493,Squat
528,537,381,643,507,523,385,523,541,496,474,393,522,422,487,Squat
528,527,394,644,519,533,383,518,531,498,471,386,521,414,485,Squat
527,526,400,647,526,535,385,506,528,504,468,389,516,403,484,Squat
527,530,402,643,513,533,384,513,525,502,465,393,513,392,479,Squat
527,529,405,644,504,531,385,516,520,499,474,395,513,383,479,Squat
525,521,411,643,501,531,385,518,514,501,475,397,513,382,482,Squat
525,522,409,646,518,521,385,516,510,505,477,397,514,387,478,Squat
525,520,405,643,514,513,384,515,510,505,473,402,517,383,478,Squat
524,521,403,643,511,506,382,518,510,507,467,397,521,381,477,Squat
523,517,405,643,508,509,382,520,511,509,465,390,524,380,477,Squat
524,523,398,644,509,514,382,519,514,509,466,389,523,385,474,Squat
523,522,390,646,515,516,382,515,515,505,465,390,519,383,473,Squat
521,512,388,646,510,521,383,512,515,504,462,388,519,382,474,Squat
521,511,387,646,506,521,382,514,515,502,461,383,520,382,474,Squat
524,511,382,645,505,520,383,517,511,499,464,380,520,384,469,Squat
524,512,377,645,509,516,382,518,511,496,466,378,520,382,468,Squat
525,509,379,645,503,514,382,515,511,497,464,375,520,380,472,Squat
526,509,376,645,502,515,383,505,514,497,461,370,518,380,468,Squat
526,506,375,645,500,517,381,508,511,497,461,372,516,379,467,Squat
526,508,374,646,493,520,381,509,513,497,464,372,516,379,468,Squat
524,510,373,646,491,523,382,506,516,499,464,369,517,379,472,Squat
523,506,375,644,490,525,383,503,518,500,463,372,518,382,475,Squat
523,510,375,646,492,527,382,505,516,501,462,373,519,382,471,Squat
520,510,375,645,491,528,382,506,515,504,463,373,519,380,470,Squat
520,512,380,644,490,526,382,504,514,504,458,372,520,379,467,Squat
522,512,383,645,494,521,382,502,513,503,457,375,520,380,466,Squat
522,515,383,645,495,519,382,502,513,503,463,376,520,380,470,Squat
522,512,379,645,498,519,382,502,515,503,462,376,520,380,475,Squat
522,510,379,645,496,521,382,500,517,505,456,378,520,381,472,Squat
522,511,379,645,496,522,382,500,517,502,456,379,520,381,469,Squat
519,515,379,645,497,522,382,500,517,502,461,379,521,381,468,Squat
518,514,379,645,497,522,382,504,517,503,465,379,523,381,471,Squat
518,510,380,645,495,522,382,503,518,503,463,379,524,382,470,Squat
518,504,380,645,494,523,382,504,516,502,461,379,523,384,468,Squat
518,506,380,645,494,524,382,504,516,503,463,377,522,384,469,Squat
518,506,379,645,493,523,382,506,515,505,467,376,521,382,473,Squat
518,503,378,645,493,519,382,506,515,508,466,374,519,382,471,Squat
520,507,373,645,496,516,382,506,515,508,461,372,519,383,470,Squat
521,509,373,645,500,515,382,506,516,509,461,375,519,378,475,Squat
522,510,376,645,500,516,382,506,517,508,457,379,519,382,474,Squat
522,510,381,645,500,514,382,509,516,507,461,381,518,388,470,Squat
525,510,386,645,500,514,382,507,516,503,458,381,516,388,474,Squat
526,508,391,645,499,517,382,506,516,500,461,381,516,388,482,Squat
525,503,394,645,500,517,383,499,522,503,458,382,516,391,482,Squat
524,503,394,645,501,516,383,507,514,506,460,382,516,394,484,Squat
521,505,389,645,499,518,383,512,517,505,464,384,517,399,482,Squat
520,509,387,645,496,517,383,512,520,504,464,387,518,396,487,Squat
517,508,390,645,499,512,384,516,520,504,463,390,519,393,490,Squat
514,504,395,644,496,512,384,520,518,508,463,393,519,397,485,Squat
515,503,397,644,499,512,384,531,518,512,465,391,517,399,488,Squat
519,503,397,645,502,513,383,531,517,514,465,386,515,400,495,Squat
522,501,399,643,502,513,384,518,522,514,458,390,514,400,499,Squat
521,502,400,644,507,511,386,525,523,516,459,396,518,399,491,Squat
518,505,400,645,521,511,384,533,523,516,462,398,521,398,493,Squat
521,509,400,642,514,520,385,529,529,507,462,400,522,398,502,Squat
526,513,404,642,509,529,386,530,535,502,462,397,518,406,498,Squat
529,508,405,644,527,525,386,536,533,500,463,404,514,410,491,Squat
526,501,405,647,534,519,384,539,533,501,461,407,513,400,505,Squat
525,498,403,642,516,520,386,536,535,505,457,406,512,391,511,Squat
526,507,403,640,524,518,388,538,540,505,462,407,514,388,509,Squat
527,506,409,642,544,518,387,547,540,504,468,412,519,383,513,Squat
528,503,411,640,526,517,388,552,533,509,475,410,521,383,518,Squat
529,505,410,641,536,521,390,546,534,512,468,408,521,385,522,Squat
523,508,409,641,552,515,388,552,535,511,468,405,519,386,523,Squat
519,505,409,639,545,513,392,555,536,511,467,402,519,389,525,Squat
514,508,396,639,539,516,394,556,539,512,466,403,519,385,530,Squat
512,520,370,639,543,517,394,556,538,515,466,387,517,383,528,Squat
506,502,351,639,545,514,393,558,533,518,459,355,514,376,528,Squat
504,494,348,638,548,519,393,558,541,525,423,354,517,372,535,Squat
509,508,350,637,546,520,396,561,545,527,438,357,521,369,549,Squat
512,508,355,638,546,518,397,559,546,526,462,355,519,372,546,Squat
511,511,360,637,553,521,396,567,541,524,457,358,519,364,547,Squat
507,499,378,634,557,523,398,568,543,524,454,369,519,365,549,Squat
508,499,391,634,558,521,398,568,545,522,460,378,521,372,553,Squat
510,499,386,634,559,517,399,571,544,519,467,371,520,376,548,Squat
511,498,381,635,559,520,401,572,542,519,460,365,519,373,545,Squat
514,492,385,632,561,520,402,574,542,518,451,371,518,373,545,Squat
515,504,371,632,562,522,400,577,542,517,457,373,518,376,548,Squat
510,505,358,630,565,520,404,580,541,517,463,370,520,376,551,Squat
506,501,362,633,568,518,403,579,541,517,453,368,523,371,556,Squat
506,494,372,630,569,520,406,579,541,519,449,366,523,371,554,Squat
506,499,365,630,569,518,403,582,539,523,458,366,522,370,555,Squat
505,503,356,631,570,513,403,581,542,528,455,364,522,370,558,Squat
504,502,358,628,569,518,407,579,540,528,451,355,523,368,560,Squat
503,499,360,629,568,516,405,578,543,528,448,354,523,361,566,Squat
503,503,355,628,568,519,404,581,544,527,454,356,523,366,559,Squat
502,501,352,629,569,519,406,581,543,530,454,353,526,358,565,Squat
498,498,354,629,570,519,404,578,541,534,445,349,526,352,566,Squat
492,506,354,628,569,517,408,580,542,539,443,347,526,349,573,Squat
488,509,345,628,568,515,404,578,541,539,450,346,526,350,574,Squat
487,502,336,629,570,517,408,577,544,539,446,349,523,351,569,Squat
486,497,331,629,569,516,405,581,542,539,439,345,520,353,564,Squat
484,495,328,627,570,516,405,579,543,542,438,333,519,356,568,Squat
485,495,324,628,571,516,407,578,544,541,438,327,519,360,569,Squat
486,491,324,628,571,517,406,580,544,540,439,327,519,362,566,Squat
486,495,331,628,570,513,404,580,542,538,439,330,520,365,565,Squat
485,496,339,627,569,513,404,581,540,539,444,329,521,368,567,Squat
487,504,340,627,570,513,405,580,540,541,444,333,521,370,567,Squat
489,499,348,628,571,512,404,579,536,541,442,347,523,371,562,Squat
487,500,357,626,572,512,402,580,537,540,444,357,528,368,570,Squat
487,498,365,626,569,512,405,578,540,539,444,363,526,379,560,Squat
491,509,366,626,570,515,406,575,543,537,452,367,523,376,559,Squat
493,506,372,629,575,518,402,578,536,535,451,374,518,377,554,Squat
494,507,378,631,569,517,400,582,533,537,451,375,517,374,554,Squat
498,506,376,628,564,514,404,574,542,538,453,370,517,375,557,Squat
500,505,370,628,565,514,406,576,538,537,448,370,517,382,545,Squat
497,508,369,632,567,512,401,576,538,532,445,374,520,377,542,Squat
495,508,377,631,565,510,399,578,534,536,443,369,522,376,539,Squat
497,513,373,627,566,511,401,574,540,539,446,367,524,380,535,Squat
497,512,375,628,564,509,401,574,540,535,444,375,526,381,541,Squat
499,512,378,630,565,511,399,573,539,532,444,378,526,383,538,Squat
499,512,381,634,562,518,396,571,538,530,445,377,526,380,530,Squat
500,514,382,633,564,514,399,563,543,529,445,380,522,375,531,Squat
504,520,371,631,563,516,396,563,539,524,450,386,519,378,530,Squat
505,511,368,633,562,517,393,565,539,522,454,386,517,378,532,Squat
500,500,370,634,558,515,396,571,531,524,447,382,518,382,521,Squat
501,510,369,633,552,520,394,566,529,526,444,375,520,383,516,Squat
505,515,369,633,558,520,390,556,532,523,458,368,516,387,512,Squat
508,505,374,635,560,520,390,554,533,522,455,371,513,388,513,Squat
508,503,384,637,554,522,393,561,531,520,448,378,514,388,510,Squat
504,511,390,638,551,523,391,564,523,522,445,380,515,389,507,Squat
508,521,390,637,549,521,387,550,520,522,445,387,515,391,505,Squat
511,516,397,637,550,519,387,535,527,520,453,397,514,393,505,Squat
511,512,407,639,539,522,387,544,531,518,456,401,516,398,504,Squat
515,514,419,640,537,524,387,548,526,519,460,404,516,404,505,Squat
524,527,408,640,538,524,388,539,525,517,466,409,514,412,497,Squat
524,525,401,642,536,522,386,539,523,513,473,412,513,413,494,Squat
520,507,411,642,534,521,385,534,521,514,467,403,513,413,494,Squat
519,510,407,640,533,522,387,515,520,518,465,404,510,414,496,Squat
521,523,395,641,522,524,383,530,520,515,465,410,507,411,493,Squat
518,523,394,641,522,524,383,536,519,509,468,408,505,399,493,Squat
516,510,406,643,519,525,386,520,513,511,472,403,507,397,491,Squat
520,514,403,643,522,520,384,524,511,510,470,402,506,398,487,Squat
526,522,392,644,521,519,383,516,510,505,473,398,499,397,483,Squat
527,507,400,644,519,518,384,512,509,501,478,391,504,392,490,Squat
533,495,405,643,509,521,384,512,509,505,485,387,512,390,488,Squat
533,483,398,640,500,522,386,503,511,501,470,390,521,380,485,Squat
530,475,399,644,501,523,386,500,511,496,463,393,526,374,483,Squat
531,484,402,643,499,528,381,503,506,498,460,388,529,373,483,Squat
525,489,395,643,498,529,385,493,509,503,460,392,528,377,483,Squat
522,499,386,644,497,527,383,495,513,505,446,395,524,382,484,Squat
524,506,380,646,503,523,382,495,515,506,438,390,519,383,484,Squat
523,504,377,648,509,518,382,499,511,505,440,386,517,378,485,Squat
524,494,379,646,506,520,383,495,511,507,442,384,517,377,486,Squat
525,493,378,644,505,521,383,493,511,507,445,381,517,371,481,Squat
525,492,378,645,505,521,383,495,512,503,449,376,514,363,487,Squat
530,490,379,645,501,522,383,497,512,498,455,377,512,368,484,Squat
531,492,379,645,492,526,383,497,515,493,458,378,512,372,482,Squat
531,488,380,645,483,531,383,498,516,492,462,373,512,377,482,Squat
529,486,380,645,479,535,383,501,517,494,456,367,514,382,485,Squat
530,491,377,645,479,536,383,502,516,499,457,364,515,383,483,Squat
531,494,376,645,482,534,383,502,514,502,457,370,517,383,481,Squat
532,493,378,645,488,529,383,502,512,503,452,377,519,380,483,Squat
533,500,378,645,492,526,383,503,512,502,446,386,521,380,480,Squat
537,507,378,644,496,524,383,504,511,499,445,389,521,379,472,Squat
537,508,382,644,500,521,383,504,511,494,450,394,521,376,474,Squat
536,505,387,645,499,521,383,503,512,493,450,394,521,377,477,Squat
536,499,392,644,497,522,383,503,514,493,454,391,520,379,478,Squat
536,491,394,644,494,524,383,502,516,492,452,390,518,381,476,Squat
538,493,392,644,491,528,383,501,517,491,450,390,517,385,467,Squat
538,496,392,645,490,529,383,501,516,490,454,386,517,379,472,Squat
538,495,391,645,488,529,383,501,515,492,458,382,518,379,478,Squat
538,491,387,645,490,527,383,501,514,495,458,382,518,388,468,Squat
539,492,382,645,493,526,383,502,514,492,454,386,518,390,468,Squat
537,496,382,645,495,525,383,504,514,489,451,388,518,388,479,Squat
534,497,382,646,498,524,382,504,513,488,457,385,518,392,484,Squat
534,500,384,646,495,526,382,507,513,488,455,389,518,399,484,Squat
529,506,384,646,494,523,382,506,513,492,465,388,518,399,486,Squat
522,502,388,645,492,520,385,502,513,497,463,385,516,396,489,Squat
517,497,389,645,491,520,386,500,513,502,462,387,515,392,492,Squat
515,499,392,645,494,520,384,509,510,507,470,386,516,395,483,Squat
512,500,394,645,496,520,383,517,509,509,475,381,520,393,480,Squat
514,493,398,645,499,516,386,522,512,509,475,382,515,392,481,Squat
518,491,402,643,502,518,385,524,517,509,474,386,511,393,487,Squat
527,499,406,641,504,517,383,527,518,511,476,391,511,396,490,Squat
535,500,409,645,516,515,383,525,515,506,481,400,515,394,500,Squat
536,507,415,645,525,516,382,537,521,497,465,406,520,391,501,Squat
531,514,411,644,521,523,382,540,524,493,475,409,525,389,495,Squat
530,515,411,645,523,523,384,525,524,500,469,407,525,386,494,Squat
529,513,406,645,527,522,385,532,530,504,471,401,522,384,506,Squat
527,517,401,642,516,525,384,542,530,502,469,397,518,391,505,Squat
523,527,392,643,519,524,385,535,532,503,468,395,517,390,500,Squat
521,524,385,643,528,525,386,528,531,508,478,390,517,384,503,Squat
522,513,384,643,532,519,385,540,534,507,466,386,517,388,507,Squat
523,511,384,642,524,520,386,546,532,502,462,383,517,394,512,Squat
520,511,390,643,533,523,386,550,523,502,461,380,520,398,512,Squat
517,510,393,642,529,526,388,541,528,508,469,372,521,398,515,Squat
520,513,391,641,535,522,388,542,528,510,468,365,519,397,520,Squat
518,519,388,640,538,520,389,538,531,510,468,373,518,394,525,Squat
514,527,384,640,534,520,389,545,530,514,475,379,519,388,532,Squat
512,523,382,639,525,519,389,544,530,519,471,383,521,390,532,Squat
516,523,376,641,541,521,389,552,532,519,467,387,519,389,535,Squat
516,529,367,640,544,527,392,550,538,515,468,391,519,389,531,Squat
511,526,378,639,544,527,392,553,540,520,464,390,519,386,537,Squat
506,512,391,639,546,524,393,551,539,526,459,385,519,389,543,Squat
505,516,394,637,547,524,395,558,539,524,462,380,519,387,547,Squat
507,518,394,635,542,528,394,565,537,516,468,379,522,383,548,Squat
503,514,397,637,559,522,394,567,537,515,473,381,525,378,553,Squat
499,508,396,636,556,526,396,564,537,523,476,379,521,378,557,Squat
495,508,386,634,561,517,395,566,537,525,473,374,517,379,557,Squat
499,514,378,635,558,519,395,567,541,524,471,366,520,379,557,Squat
498,513,373,635,558,517,395,568,544,528,469,365,521,379,562,Squat
497,515,368,633,556,519,400,566,545,532,467,368,523,381,563,Squat
497,517,363,633,558,519,400,571,543,535,467,365,520,380,563,Squat
499,529,356,632,559,521,395,572,541,535,459,361,520,377,565,Squat
498,527,358,632,566,513,399,570,546,529,452,367,522,375,569,Squat
495,524,363,633,565,520,401,569,545,533,461,368,521,372,577,Squat
493,515,359,628,561,519,401,571,543,538,460,364,521,370,567,Squat
488,514,356,629,562,513,398,575,540,533,454,360,519,362,573,Squat
486,512,360,632,564,516,403,576,543,533,446,354,517,362,578,Squat
488,515,358,632,561,516,405,575,540,541,449,348,516,362,577,Squat
488,518,344,630,563,511,398,568,547,548,455,347,521,360,581,Squat
487,517,345,633,564,513,399,571,545,546,452,344,524,359,580,Squat
485,516,347,630,561,517,402,572,544,546,442,335,523,357,577,Squat
485,525,339,631,562,517,402,573,542,544,437,339,524,355,578,Squat
485,532,330,631,565,525,400,570,541,545,442,336,527,355,580,Squat
484,524,327,633,566,521,400,571,544,549,439,331,526,360,579,Squat
484,521,325,631,565,521,403,571,543,549,427,334,525,363,577,Squat
484,528,323,630,567,519,402,571,542,544,429,342,528,363,579,Squat
484,527,330,633,565,522,399,572,540,543,436,341,528,365,577,Squat
485,520,338,630,565,519,401,573,543,545,442,336,523,365,579,Squat
484,515,345,632,566,517,402,572,545,545,437,343,521,367,584,Squat
483,519,355,631,565,516,400,570,545,541,439,351,521,377,572,Squat
485,521,358,631,563,514,401,573,543,543,446,340,521,376,574,Squat
487,521,355,632,565,517,399,572,542,546,451,335,523,379,569,Squat
481,516,367,631,566,513,402,569,545,543,445,355,534,374,571,Squat
476,512,373,631,564,514,402,573,539,541,453,368,538,372,568,Squat
477,515,365,630,563,512,400,571,537,545,456,360,534,375,566,Squat
484,527,348,629,563,512,401,574,537,541,462,363,529,379,564,Squat
482,517,353,629,558,512,402,572,537,539,462,370,528,378,567,Squat
482,514,355,635,560,513,402,567,542,544,463,368,526,379,565,Squat
484,517,352,630,560,506,397,574,538,543,453,357,521,383,560,Squat
488,517,355,630,564,512,397,568,542,534,452,355,519,386,552,Squat
490,515,366,632,560,513,399,566,549,528,460,355,523,381,551,Squat
493,512,375,633,557,511,399,564,552,531,462,355,524,380,551,Squat
497,509,376,631,555,514,397,563,553,528,451,357,522,387,541,Squat
498,514,380,633,563,510,395,566,548,526,452,364,526,375,552,Squat
495,518,386,634,557,512,398,566,549,530,455,368,527,383,537,Squat
494,522,381,634,558,510,399,566,548,534,459,373,529,385,528,Squat
496,523,371,635,557,510,397,561,550,532,453,379,529,386,522,Squat
497,518,370,634,555,517,396,567,537,529,441,385,527,377,533,Squat
497,515,383,635,554,516,393,567,534,527,447,388,527,382,529,Squat
503,518,393,636,556,512,395,566,540,524,462,383,528,387,521,Squat
506,517,384,636,558,509,397,556,541,519,469,380,525,384,520,Squat
506,511,385,636,556,516,392,556,542,520,457,384,520,385,522,Squat
507,514,387,637,541,527,392,558,539,520,463,383,520,392,514,Squat
505,517,381,638,546,520,392,564,537,520,468,378,523,390,513,Squat
503,512,377,639,548,514,394,555,536,520,461,382,527,394,515,Squat
507,512,381,641,545,514,391,551,539,515,456,386,529,402,507,Squat
512,514,379,639,541,517,389,556,534,513,464,379,526,401,503,Squat
515,509,378,639,535,521,389,549,533,513,460,380,526,400,501,Squat
514,508,381,641,537,517,389,542,533,508,455,383,527,395,504,Squat
514,511,384,641,535,512,388,540,532,507,455,379,528,401,498,Squat
515,511,388,642,533,512,388,544,531,505,462,383,529,403,494,Squat
515,503,396,642,528,515,388,540,534,504,466,393,528,402,492,Squat
515,499,415,642,530,516,387,536,534,502,467,400,531,398,498,Squat
526,503,430,642,526,516,387,536,532,501,469,405,532,402,496,Squat
527,506,428,642,517,516,384,539,531,497,477,411,532,406,495,Squat
522,502,428,642,515,517,384,535,527,500,480,414,529,407,492,Squat
519,499,436,645,524,513,384,526,525,504,479,417,528,407,491,Squat
525,503,426,644,517,513,384,521,523,506,475,426,528,404,492,Squat
527,508,414,644,500,514,383,520,521,501,468,427,527,399,484,Squat
527,496,416,643,506,513,386,512,523,500,466,423,526,389,480,Squat
529,492,419,645,504,509,386,510,522,498,467,421,525,382,477,Squat
534,502,411,640,494,509,383,508,519,493,472,417,524,379,477,Squat
537,503,403,643,488,507,384,508,517,488,478,407,524,381,470,Squat
536,489,404,643,490,510,383,508,517,486,472,400,525,383,467,Squat
536,491,394,646,494,510,382,510,520,487,459,394,525,384,470,Squat
536,498,383,646,492,513,382,508,522,488,457,384,527,386,471,Squat
538,501,377,643,484,519,382,506,524,485,456,378,528,390,460,Squat
537,495,378,646,488,518,382,506,523,484,454,377,524,386,461,Squat
535,494,379,644,485,518,382,508,522,484,452,377,520,382,468,Squat
538,495,379,644,481,520,382,506,522,487,452,377,519,387,466,Squat
539,500,375,644,481,521,382,509,522,486,457,377,518,389,465,Squat
537,498,377,645,484,520,383,508,520,485,462,378,521,384,466,Squat
536,497,380,645,486,519,383,497,520,488,453,378,526,380,467,Squat
536,504,380,644,487,520,383,494,519,493,450,380,530,380,466,Squat
536,509,379,645,489,518,382,494,520,493,450,381,532,383,466,Squat
536,510,379,645,489,519,383,496,524,495,450,380,531,385,468,Squat
534,511,379,645,488,519,384,495,524,497,447,379,528,383,476,Squat
532,511,376,646,490,520,383,496,521,497,446,379,523,383,475,Squat
527,510,374,646,492,522,383,498,519,498,447,380,521,382,469,Squat
524,506,378,644,490,524,383,494,519,499,447,380,518,376,472,Squat
525,504,378,643,482,524,383,496,520,500,448,380,518,379,467,Squat
525,507,379,645,487,520,383,500,520,500,448,384,519,380,465,Squat
523,507,382,646,492,519,383,501,519,503,452,387,520,380,469,Squat
523,507,384,646,490,519,382,502,519,504,452,382,523,381,474,Squat
526,505,382,646,489,520,382,502,520,502,453,381,523,384,477,Squat
527,508,378,647,493,519,382,506,519,498,452,382,523,385,475,Squat
528,508,380,646,493,520,382,507,517,496,455,379,521,383,476,Squat
526,504,381,646,493,520,382,508,517,501,456,373,517,381,478,Squat
525,509,376,646,494,518,382,508,517,501,448,374,517,381,478,Squat
524,517,370,645,494,518,382,509,516,502,452,377,520,380,478,Squat
523,519,369,644,493,517,382,510,516,504,452,378,521,379,481,Squat
520,517,370,644,493,519,382,511,517,507,452,379,519,379,484,Squat
522,515,373,645,497,517,382,509,516,507,447,380,519,377,486,Squat
524,518,377,645,502,515,382,507,517,505,445,381,517,375,489,Squat
524,516,382,645,504,515,382,510,518,507,450,382,517,376,488,Squat
524,516,388,645,509,514,382,509,521,507,453,384,515,373,494,Squat
524,516,390,645,508,515,382,503,525,507,455,387,515,377,494,Squat
524,516,390,645,509,512,382,501,524,507,454,390,515,381,488,Squat
524,516,392,645,512,511,382,505,519,508,453,389,516,384,488,Squat
524,516,392,645,511,513,382,508,519,508,449,388,517,382,492,Squat
523,517,387,645,510,516,382,509,520,507,448,393,516,390,488,Squat
523,521,385,645,507,518,382,507,520,505,453,391,512,396,488,Squat
523,517,384,645,507,517,384,503,521,505,456,391,511,397,490,Squat
523,517,384,646,506,516,384,505,521,504,454,390,511,397,490,Squat
523,519,384,646,505,514,386,511,522,507,450,392,516,396,490,Squat
523,516,391,646,506,514,385,520,524,507,455,392,519,394,492,Squat
526,512,398,644,505,516,384,532,518,506,459,392,519,397,490,Squat
531,516,396,643,502,518,382,532,518,505,458,396,519,396,493,Squat
533,519,397,644,510,519,381,535,515,503,460,399,520,394,498,Squat
533,515,404,644,512,520,385,527,519,503,460,401,522,398,501,Squat
531,512,411,643,515,521,383,544,519,507,462,404,519,396,512,Squat
529,518,392,643,522,522,383,539,522,504,468,405,514,404,505,Squat
527,504,379,644,525,521,385,531,527,503,464,402,514,409,502,Squat
531,495,381,645,528,519,386,535,530,504,453,395,517,415,503,Squat
531,522,377,641,523,518,383,542,523,501,475,377,522,411,514,Squat
530,536,382,642,526,519,386,533,529,496,494,354,526,405,518,Squat
529,526,386,644,535,519,388,529,536,497,476,354,523,393,521,Squat
518,504,387,643,540,520,389,533,534,503,467,366,518,383,528,Squat
506,512,381,639,539,521,386,541,525,513,463,375,516,377,534,Squat
500,523,381,640,538,517,390,541,530,517,473,379,517,374,537,Squat
503,511,396,642,540,517,389,542,532,512,469,391,518,373,541,Squat
512,510,402,641,534,519,388,549,535,513,467,398,516,373,541,Squat
522,516,395,640,532,527,388,547,538,516,471,396,517,374,542,Squat
525,516,401,641,537,531,389,544,538,515,477,399,519,380,545,Squat
524,511,396,642,539,530,387,548,535,516,483,394,519,388,546,Squat
523,489,396,641,537,533,388,550,535,511,480,388,519,385,552,Squat
523,495,395,640,539,531,391,553,538,508,469,384,520,387,541,Squat
523,506,395,639,541,524,395,549,541,509,475,376,522,382,548,Squat
526,501,390,637,547,523,392,555,537,505,478,378,518,384,550,Squat
531,491,395,636,543,519,395,564,535,505,480,381,518,383,553,Squat
526,485,398,634,554,518,397,563,537,510,470,375,519,383,552,Squat
519,483,395,635,553,521,393,561,543,509,464,379,522,384,552,Squat
517,500,384,638,548,526,393,560,536,508,482,373,520,384,557,Squat
519,495,378,638,545,523,389,558,535,510,483,364,519,382,559,Squat
521,485,378,637,550,517,394,565,540,508,469,370,524,378,561,Squat
519,488,380,638,544,516,400,569,541,510,468,371,525,381,559,Squat
516,494,377,635,557,521,398,565,540,515,474,361,523,381,559,Squat
514,501,363,633,559,517,395,569,538,513,467,360,521,377,564,Squat
512,506,353,633,560,517,399,572,541,516,462,366,521,378,567,Squat
509,495,360,634,558,514,400,571,540,519,464,366,521,376,570,Squat
508,487,368,630,561,517,397,568,540,521,463,359,522,372,566,Squat
508,505,365,633,560,517,398,572,539,522,460,355,525,372,568,Squat
507,509,356,631,560,521,399,568,546,521,463,352,527,374,567,Squat
505,494,356,633,560,517,399,568,541,522,459,352,523,375,565,Squat
501,492,359,635,556,519,400,569,539,525,457,350,521,369,564,Squat
498,505,347,633,559,519,399,571,533,524,452,344,521,368,567,Squat
495,505,336,635,559,519,397,564,538,524,456,348,522,366,570,Squat
497,496,336,631,557,523,400,569,537,528,453,351,522,365,570,Squat
501,496,338,634,556,518,398,567,539,530,456,339,522,365,569,Squat
501,498,337,632,560,519,397,568,536,530,446,329,525,363,568,Squat
497,496,332,633,557,523,396,564,537,529,445,329,524,360,571,Squat
495,494,332,634,556,522,400,566,539,530,448,327,519,358,573,Squat
492,500,332,634,560,523,398,567,540,534,447,321,520,358,573,Squat
492,506,328,633,562,522,400,570,540,533,435,321,525,360,570,Squat
496,502,334,634,560,522,398,567,536,533,435,333,529,362,565,Squat
496,497,336,633,559,524,397,567,533,535,451,337,529,360,569,Squat
494,499,329,634,561,520,398,570,535,538,438,330,523,365,576,Squat
492,503,326,632,563,520,399,571,539,535,421,338,520,375,573,Squat
495,507,346,631,563,516,399,573,537,530,425,338,522,381,574,Squat
502,508,360,633,562,515,396,567,533,525,445,332,521,381,577,Squat
504,511,361,632,564,516,396,566,530,525,451,344,519,381,577,Squat
503,508,373,632,565,519,399,568,535,520,443,374,520,384,573,Squat
502,500,381,631,565,513,399,569,534,519,501,385,521,385,568,Squat
502,516,382,631,563,510,397,571,533,523,479,368,522,385,567,Squat
502,522,385,631,562,508,400,572,531,525,472,374,520,385,566,Squat
506,514,384,629,563,507,399,570,534,524,466,385,522,384,564,Squat
503,518,383,629,561,507,397,569,536,527,473,383,524,383,560,Squat
504,533,381,629,563,505,396,568,534,521,476,383,525,381,560,Squat
507,530,380,631,562,504,399,571,532,521,470,384,526,378,561,Squat
504,506,389,631,563,508,398,569,534,524,468,380,528,376,562,Squat
502,503,395,631,560,508,397,570,534,523,466,379,528,379,549,Squat
504,524,382,630,561,512,396,570,535,522,475,373,529,370,553,Squat
500,532,376,631,560,513,395,567,537,522,467,372,523,375,546,Squat
490,526,388,636,553,515,395,567,537,525,464,379,519,375,547,Squat
496,525,396,635,556,522,395,565,536,524,467,374,518,382,534,Squat
499,539,377,636,556,525,395,558,543,525,483,369,517,379,530,Squat
502,531,375,638,556,522,392,560,539,530,459,385,513,382,529,Squat
495,521,394,634,557,523,395,567,530,530,443,391,513,387,522,Squat
499,536,404,635,555,521,392,568,527,536,468,365,517,387,517,Squat
505,571,380,635,552,521,392,563,531,534,495,361,515,384,519,Squat
502,564,377,637,555,512,396,562,534,521,459,398,516,384,522,Squat
506,552,397,638,552,515,394,563,528,517,469,395,519,389,518,Squat
507,551,393,636,554,520,391,562,525,522,494,382,519,396,504,Squat
507,560,379,636,547,521,389,554,527,519,504,379,519,392,501,Squat
505,541,390,639,540,526,392,563,531,520,498,371,519,389,503,Squat
500,525,404,642,535,531,392,562,523,528,490,358,520,393,494,Squat
499,549,395,639,542,522,387,557,518,530,485,358,518,397,496,Squat
503,565,388,641,541,524,387,545,519,518,489,372,516,401,501,Squat
501,546,396,641,530,528,389,546,525,512,495,375,519,405,502,Squat
506,537,406,642,526,531,388,553,522,518,489,364,518,410,493,Squat
511,563,389,644,540,521,387,547,517,519,479,372,515,412,488,Squat
510,572,382,640,536,519,387,539,513,511,478,397,515,407,492,Squat
506,556,398,640,527,523,388,534,522,510,495,392,516,410,493,Squat
507,545,401,644,528,524,384,538,525,518,497,379,514,412,492,Squat
508,552,395,643,529,520,383,534,526,518,486,383,513,411,488,Squat
506,548,398,644,529,516,384,523,525,513,483,392,514,402,487,Squat
502,540,411,643,523,513,387,510,527,517,486,385,514,392,488,Squat
506,543,415,643,514,517,385,505,523,516,490,379,516,390,483,Squat
507,543,414,644,511,520,384,506,516,513,489,381,516,385,481,Squat
507,537,418,644,502,524,386,508,513,512,487,383,519,383,479,Squat
509,545,412,644,501,527,387,505,508,516,491,373,519,383,470,Squat
508,562,396,644,495,529,381,512,495,518,486,376,519,381,461,Squat
511,572,386,644,499,526,384,499,499,518,465,388,516,376,464,Squat
516,571,385,644,503,519,386,485,511,523,464,381,517,379,468,Squat
520,581,380,644,506,517,385,483,517,526,469,374,519,385,461,Squat
515,570,380,645,508,517,383,488,521,516,465,379,522,385,464,Squat
513,565,387,647,508,520,384,491,522,512,455,381,524,388,468,Squat
515,566,388,646,506,525,383,498,517,507,460,376,521,389,466,Squat
514,564,388,645,505,524,383,499,512,505,466,373,516,387,466,Squat
512,548,390,645,504,522,383,500,512,506,465,377,514,384,466,Squat
513,543,393,644,500,521,383,504,512,507,464,378,514,382,467,Squat
516,548,392,644,502,518,382,508,515,505,469,381,517,380,466,Squat
516,542,387,645,501,513,382,508,519,505,476,381,521,378,465,Squat
515,542,391,645,496,514,382,506,517,508,459,386,521,377,469,Squat
516,540,395,645,493,520,382,506,516,506,457,390,519,378,472,Squat
516,539,390,645,488,524,382,503,516,504,471,386,515,380,472,Squat
518,526,386,645,488,527,382,501,516,506,468,382,514,380,473,Squat
515,515,384,646,488,529,382,499,518,506,463,379,515,381,469,Squat
514,511,382,646,488,529,382,499,518,508,464,379,515,379,471,Squat
514,514,378,646,488,527,382,499,518,509,457,379,518,381,470,Squat
515,518,375,646,489,524,382,500,517,509,451,379,520,381,465,Squat
515,512,376,646,492,521,382,500,517,511,446,379,518,380,468,Squat
515,511,379,646,494,521,382,503,516,513,447,380,517,377,472,Squat
517,517,381,645,496,521,382,503,517,510,447,381,516,378,475,Squat
518,518,380,645,496,521,382,504,517,509,451,381,516,381,473,Squat
518,511,380,645,494,522,382,504,518,509,453,379,516,382,467,Squat
517,503,385,645,490,523,382,505,518,509,450,377,517,382,467,Squat
515,507,386,645,490,526,382,507,518,510,453,375,517,382,466,Squat
513,511,377,645,491,525,382,507,518,512,451,376,517,382,465,Squat
513,511,376,646,493,522,382,507,516,510,450,379,516,382,466,Squat
515,509,371,645,492,521,382,507,516,510,458,376,515,382,469,Squat
515,515,367,645,493,520,382,507,515,511,457,371,514,382,471,Squat
515,511,361,645,494,520,382,508,515,511,454,366,513,382,471,Squat
513,517,364,645,496,520,382,508,515,510,451,365,514,382,471,Squat
515,514,369,645,493,521,382,507,515,511,452,369,517,377,478,Squat
515,514,371,645,493,521,382,506,516,513,448,376,518,383,468,Squat
515,516,374,645,495,521,382,506,516,511,454,380,515,386,466,Squat
517,517,380,645,495,522,382,505,515,511,457,380,514,384,476,Squat
518,513,385,645,496,522,382,504,516,511,462,382,513,385,480,Squat
519,512,392,645,495,522,382,507,515,510,462,383,513,387,482,Squat
520,512,396,645,496,521,382,508,514,508,455,389,513,389,480,Squat
520,513,399,645,499,521,382,510,514,508,459,392,514,388,482,Squat
520,509,401,645,499,521,383,508,516,509,464,391,514,388,481,Squat
516,513,400,645,495,519,383,511,515,511,467,392,518,386,484,Squat
509,501,399,646,498,517,383,514,514,509,468,397,522,384,482,Squat
503,507,397,646,496,519,383,518,516,513,457,401,521,377,481,Squat
499,518,393,645,496,519,381,530,515,521,459,401,516,367,489,Squat
506,508,393,645,498,518,381,524,519,530,475,401,511,369,489,Squat
509,508,388,647,496,519,381,521,518,525,473,390,509,373,487,Squat
510,513,383,645,501,520,381,520,515,531,457,372,514,370,497,Squat
514,519,380,644,499,521,382,517,517,528,454,367,519,383,499,Squat
518,515,379,646,512,520,380,523,516,523,465,373,518,396,488,Squat
521,508,374,646,510,518,381,514,517,517,475,372,518,394,493,Squat
515,504,376,647,508,517,384,506,522,513,466,369,518,394,499,Squat
514,512,377,645,497,521,384,506,525,511,460,364,518,400,499,Squat
513,509,379,643,500,520,384,502,523,513,462,367,518,400,501,Squat
513,505,379,645,499,521,383,512,523,515,458,376,518,399,503,Squat
513,508,384,642,493,522,382,512,519,515,463,381,518,399,509,Squat
512,515,390,643,508,519,382,523,523,516,470,385,516,402,509,Squat
512,511,397,648,515,513,383,515,518,513,475,393,515,402,511,Squat
514,508,402,646,509,512,383,515,520,512,479,399,515,408,511,Squat
513,508,407,643,513,515,384,520,529,515,479,400,515,406,514,Squat
509,509,410,643,511,517,382,523,529,518,480,404,515,401,518,Squat
502,507,418,649,529,516,384,521,528,524,478,405,515,395,519,Squat
499,505,422,646,516,519,386,525,527,531,479,410,517,387,527,Squat
504,513,418,642,510,522,384,537,529,530,479,409,517,385,530,Squat
507,518,417,647,525,523,383,544,531,526,475,409,519,385,531,Squat
505,520,415,644,516,523,387,520,537,525,475,409,520,388,529,Squat
505,519,410,642,513,523,386,524,533,530,475,406,520,392,528,Squat
505,519,395,644,533,525,385,531,530,531,472,397,519,392,530,Squat
505,518,387,640,534,520,387,539,529,530,465,390,519,392,534,Squat
503,512,387,641,532,518,387,547,535,528,464,389,520,393,538,Squat
498,516,385,640,538,517,388,542,536,531,462,386,520,391,538,Squat
498,523,377,639,544,518,390,553,534,533,462,380,519,388,542,Squat
499,517,374,638,543,520,389,547,528,529,461,376,519,386,548,Squat
497,512,378,639,545,519,388,548,528,528,463,377,518,386,550,Squat
496,515,374,638,539,516,390,550,542,532,461,369,519,384,549,Squat
491,512,366,640,537,518,392,550,538,531,461,361,518,377,555,Squat
487,500,378,638,554,521,387,549,530,536,459,361,513,375,562,Squat
487,510,377,636,553,522,395,564,537,542,455,361,514,380,561,Squat
487,519,368,635,560,520,393,556,535,546,467,357,516,380,568,Squat
488,521,362,634,558,519,388,554,535,547,469,365,518,386,564,Squat
485,515,368,640,548,514,391,560,536,547,462,368,521,383,567,Squat
484,518,366,639,555,520,399,568,538,547,453,368,521,381,566,Squat
485,525,356,631,559,520,396,565,538,547,453,369,520,378,568,Squat
487,519,360,633,561,520,397,570,539,544,457,368,520,378,566,Squat
488,516,366,634,558,522,398,571,536,547,464,364,521,373,566,Squat
486,509,357,633,561,518,394,569,536,549,455,360,525,375,563,Squat
482,517,347,631,563,518,398,570,538,547,448,355,526,375,565,Squat
484,517,352,633,561,520,398,567,536,544,454,351,522,365,572,Squat
482,515,350,634,562,519,397,569,531,546,462,353,519,357,576,Squat
477,491,354,635,556,521,397,570,530,547,463,355,519,361,571,Squat
474,485,355,632,559,522,400,572,535,552,446,345,521,362,570,Squat
470,488,358,629,560,526,396,568,528,556,451,337,526,360,568,Squat
477,494,354,631,554,524,393,563,537,551,459,344,529,364,569,Squat
484,488,353,632,552,523,397,569,539,550,458,351,531,361,575,Squat
488,482,359,636,564,522,398,571,538,550,448,350,532,364,568,Squat
489,489,355,632,565,525,396,568,532,547,442,340,530,364,570,Squat
490,498,345,634,561,527,398,570,533,543,442,337,525,362,566,Squat
488,493,343,631,563,529,400,573,534,542,444,341,525,359,567,Squat
489,487,347,631,566,524,401,574,533,542,447,348,526,365,566,Squat
487,491,345,629,569,522,400,575,532,544,451,353,531,370,564,Squat
483,499,346,631,566,520,399,575,532,543,447,353,536,370,565,Squat
481,494,360,631,564,521,399,575,530,538,447,356,538,367,567,Squat
481,490,370,630,568,521,397,573,532,542,454,364,529,371,571,Squat
479,485,366,630,568,521,397,574,532,545,453,369,518,377,564,Squat
479,496,360,629,567,517,400,577,531,539,456,377,517,370,567,Squat
476,490,372,630,567,515,400,571,527,542,464,372,517,374,572,Squat
480,480,375,628,565,511,401,569,529,554,466,363,518,378,569,Squat
481,479,370,627,564,508,400,570,525,549,465,358,523,381,557,Squat
481,485,373,627,564,516,399,568,533,547,456,351,525,375,567,Squat
481,490,371,629,566,517,399,566,538,552,450,341,522,391,560,Squat
480,502,359,630,566,518,398,568,535,545,457,339,526,390,561,Squat
479,498,367,629,568,521,397,570,534,538,444,340,530,390,563,Squat
482,492,381,629,569,521,396,567,537,543,444,350,525,390,562,Squat
488,511,363,631,566,519,401,568,537,550,451,356,519,388,555,Squat
488,514,356,631,566,513,399,571,534,545,462,366,517,381,554,Squat
488,506,373,627,566,512,398,572,535,543,458,391,520,382,550,Squat
484,499,379,627,563,513,398,570,538,544,461,405,520,382,549,Squat
484,505,385,626,567,508,399,570,540,539,450,401,520,382,544,Squat
487,510,388,629,572,500,397,568,539,532,458,393,522,376,545,Squat
490,505,397,628,570,503,397,573,538,530,461,383,521,376,542,Squat
492,499,395,628,567,509,397,573,538,529,470,383,517,380,542,Squat
495,496,379,627,567,507,397,571,536,524,455,379,512,386,540,Squat
499,501,373,629,568,508,396,565,542,522,442,372,511,386,539,Squat
504,510,375,629,568,514,395,568,541,527,455,351,511,382,542,Squat
500,517,357,631,567,514,392,566,535,541,465,340,513,384,542,Squat
491,516,343,631,565,510,393,565,535,545,468,347,518,380,539,Squat
488,511,356,631,563,520,396,563,539,547,457,362,524,378,535,Squat
493,512,372,633,558,519,396,558,540,550,446,377,526,374,529,Squat
493,526,371,634,553,519,393,562,535,545,466,394,523,376,524,Squat
498,527,379,634,556,517,392,560,536,535,471,396,520,381,521,Squat
500,517,393,634,554,517,394,559,536,530,473,392,520,386,516,Squat
502,508,405,635,553,517,392,559,535,526,464,399,521,392,512,Squat
507,515,400,635,554,513,391,558,536,523,454,405,521,395,508,Squat
509,518,398,636,552,515,388,548,534,520,464,392,520,393,510,Squat
513,505,403,638,552,516,387,543,531,520,467,387,516,397,507,Squat
515,507,401,639,545,518,389,543,531,515,458,399,515,399,504,Squat
520,511,398,639,543,515,390,545,532,510,467,396,514,399,506,Squat
527,511,398,639,540,515,388,543,530,505,461,397,514,408,508,Squat
531,516,390,639,541,518,385,540,529,501,457,391,514,415,499,Squat
532,525,381,639,541,517,385,541,527,502,461,382,514,410,494,Squat
526,524,382,640,540,513,387,529,529,505,462,382,518,401,493,Squat
519,517,387,641,540,513,386,538,530,513,454,382,519,392,498,Squat
513,511,396,642,536,515,385,534,526,516,460,386,519,389,497,Squat
513,508,404,641,532,517,384,534,526,515,469,390,519,384,501,Squat
516,504,411,640,520,517,384,533,524,513,476,399,519,384,501,Squat
519,504,414,643,525,517,383,535,522,509,479,404,519,391,492,Squat
521,508,414,644,526,517,382,530,521,507,478,406,519,391,489,Squat
522,513,414,644,517,520,385,518,522,507,475,406,517,386,491,Squat
525,513,413,643,511,518,385,517,518,507,480,406,515,383,489,Squat
528,508,407,643,506,514,384,515,516,506,480,406,515,383,482,Squat
529,505,401,644,500,515,383,516,515,505,472,403,514,383,472,Squat
526,510,395,644,498,518,383,521,511,501,466,405,516,381,471,Squat
524,511,393,644,499,516,383,516,514,500,464,400,517,383,470,Squat
524,509,386,644,498,516,382,513,514,499,466,392,517,390,459,Squat
527,507,384,646,499,516,382,510,515,499,468,382,517,385,463,Squat
527,502,384,645,499,518,382,510,517,502,464,376,517,388,466,Squat
527,501,383,646,504,517,382,511,515,502,455,374,518,398,449,Squat
529,505,379,645,502,517,382,507,515,503,450,369,522,393,450,Squat
530,504,375,645,501,517,382,507,512,503,457,368,523,388,459,Squat
525,501,375,644,500,516,382,510,512,504,461,377,522,390,460,Squat
527,506,375,644,500,514,382,510,515,500,460,380,519,390,457,Squat
526,508,376,645,500,513,382,512,516,499,458,376,516,384,455,Squat
526,508,378,645,493,516,382,512,517,500,462,379,514,379,457,Squat
529,508,379,645,489,520,382,512,517,500,462,379,512,380,456,Squat
528,504,381,646,489,525,382,511,517,500,463,376,511,383,454,Squat
528,501,381,646,488,531,384,506,515,502,468,375,511,383,454,Squat
525,502,379,644,484,534,384,503,514,504,463,373,515,383,458,Squat
521,507,376,644,482,531,384,501,515,508,462,371,520,384,462,Squat
521,511,374,644,483,526,383,500,516,511,460,369,523,384,461,Squat
522,511,375,644,486,521,383,499,519,512,458,365,523,381,461,Squat
522,510,376,645,492,521,383,496,517,513,453,369,524,379,463,Squat
523,515,372,645,494,523,383,498,515,513,452,372,521,382,458,Squat
521,515,373,645,497,524,383,500,514,512,454,375,520,384,457,Squat
521,513,378,645,499,524,383,502,514,512,459,380,518,383,464,Squat
523,513,381,645,496,524,383,503,514,512,465,381,516,382,468,Squat
523,513,382,645,491,525,382,503,515,507,463,381,516,384,469,Squat
526,509,389,645,489,525,382,507,515,504,462,375,517,387,471,Squat
526,503,391,645,489,525,382,507,515,503,475,376,518,390,470,Squat
521,499,385,645,490,525,382,503,515,504,478,373,519,391,471,Squat
517,498,380,645,490,524,381,506,514,507,470,368,519,391,476,Squat
515,491,379,645,489,520,382,510,513,510,453,371,520,395,477,Squat
513,496,379,644,496,518,383,512,511,510,458,380,518,397,481,Squat
514,499,379,645,503,517,383,513,510,509,470,380,516,400,489,Squat
514,502,383,645,505,517,384,511,508,508,461,379,516,409,489,Squat
514,508,383,644,503,517,384,510,507,508,463,385,516,414,487,Squat
514,511,388,644,500,514,388,504,518,510,472,389,517,410,486,Squat
517,507,395,645,505,509,388,511,521,511,471,389,517,401,488,Squat
520,508,399,643,509,510,384,524,516,509,463,395,516,392,485,Squat
525,510,403,639,496,528,383,529,520,503,458,397,514,382,488,Squat
526,505,410,640,508,537,382,535,523,505,463,400,512,373,498,Squat
525,501,412,643,521,529,382,544,520,502,475,408,512,377,495,Squat
525,508,410,643,532,522,383,536,525,502,473,410,515,379,493,Squat
523,519,406,644,533,516,382,539,529,507,469,398,518,379,494,Squat
523,515,409,642,533,517,385,544,526,507,477,395,524,384,501,Squat
527,511,409,642,535,518,385,548,526,504,479,392,523,389,505,Squat
533,522,399,642,543,521,387,538,534,502,480,384,519,390,507,Squat
531,515,391,643,538,529,384,538,527,496,460,384,515,387,509,Squat
526,518,387,640,530,525,386,537,526,498,456,393,517,383,513,Squat
519,522,387,640,540,515,386,540,528,503,471,395,517,379,515,Squat
513,517,392,638,540,517,388,539,532,515,465,390,515,382,515,Squat
513,520,396,638,533,526,388,548,533,521,454,393,518,384,524,Squat
511,526,400,641,551,524,389,543,526,523,459,394,520,388,528,Squat
507,528,404,639,546,523,387,543,526,528,472,386,518,390,536,Squat
507,519,398,640,538,520,389,546,530,526,454,381,519,395,529,Squat
510,537,383,640,535,523,390,543,528,516,444,385,517,389,529,Squat
513,539,371,638,542,523,388,549,531,512,470,383,514,386,533,Squat
510,516,368,638,539,522,393,553,536,515,463,380,513,389,533,Squat
510,510,369,638,543,524,392,557,535,516,441,387,512,391,533,Squat
514,526,370,637,550,526,394,562,535,509,453,387,508,388,536,Squat
512,507,372,636,550,527,393,559,535,510,465,375,505,388,538,Squat
512,500,372,636,551,527,396,559,542,515,450,372,510,390,537,Squat
512,510,370,636,552,527,394,562,537,508,448,385,513,386,537,Squat
509,516,368,634,554,525,396,565,538,515,461,379,513,381,542,Squat
505,501,369,634,558,523,398,568,537,519,452,372,517,381,546,Squat
499,505,374,634,562,525,397,570,535,519,450,377,522,384,544,Squat
494,506,378,632,556,528,398,571,535,522,459,380,520,377,559,Squat
497,507,391,634,558,530,392,571,527,522,460,372,516,384,562,Squat
505,509,400,634,561,526,399,569,538,518,458,379,518,383,561,Squat
509,507,395,636,561,526,398,571,538,519,463,382,518,373,557,Squat
510,510,393,631,560,526,397,569,541,531,469,377,514,366,559,Squat
507,508,386,631,558,524,397,567,535,532,465,377,514,368,565,Squat
498,507,374,632,560,516,398,568,539,530,448,384,516,372,565,Squat
492,507,372,631,562,518,400,571,539,530,439,391,516,370,565,Squat
490,513,365,631,562,516,400,568,539,536,461,379,515,368,557,Squat
489,506,361,629,562,511,400,570,538,537,472,359,515,363,558,Squat
488,495,358,630,561,513,397,572,538,534,455,353,516,361,563,Squat
491,504,352,629,561,517,397,573,536,534,448,355,516,365,565,Squat
489,507,342,631,561,526,397,570,542,536,455,343,520,363,565,Squat
485,500,340,629,572,523,400,571,542,538,452,333,525,356,570,Squat
484,499,340,630,568,527,398,569,540,538,445,336,530,353,567,Squat
484,501,336,631,566,524,398,571,537,536,443,332,527,348,573,Squat
485,505,329,631,566,526,401,574,538,542,447,324,524,349,575,Squat
483,505,331,629,568,525,402,577,536,543,441,326,524,351,574,Squat
480,501,329,629,568,520,402,578,533,542,446,336,525,354,569,Squat
476,498,327,629,567,518,400,570,529,542,445,333,522,354,573,Squat
473,502,326,628,567,522,402,573,529,548,444,324,517,354,579,Squat
473,504,329,628,568,522,402,577,529,548,445,323,514,361,575,Squat
467,502,332,630,570,520,400,574,534,542,451,330,521,363,572,Squat
454,479,333,629,570,516,403,573,536,543,461,342,533,371,563,Squat
467,474,352,630,567,518,400,573,535,550,460,337,539,375,559,Squat
485,480,372,628,567,518,399,574,538,543,474,329,536,380,553,Squat
487,492,369,628,570,518,401,574,540,535,478,335,531,380,559,Squat
486,489,367,629,569,517,402,576,537,541,474,364,526,383,562,Squat
497,482,378,627,569,513,402,579,532,534,460,373,521,388,555,Squat
495,483,382,625,571,505,401,576,533,533,460,364,517,384,558,Squat
481,500,373,625,571,503,397,575,527,542,462,363,520,377,570,Squat
483,495,377,626,568,500,402,573,533,542,470,373,522,384,553,Squat
486,494,384,626,567,501,404,578,528,538,470,372,525,379,553,Squat
487,494,385,625,568,500,400,575,528,541,474,361,527,374,558,Squat
484,500,379,627,567,496,397,573,524,541,471,361,529,376,555,Squat
487,501,377,630,564,500,399,573,531,534,467,369,529,382,543,Squat
487,495,375,632,566,507,401,575,530,534,470,367,529,380,542,Squat
483,498,368,631,558,510,397,572,531,540,471,365,529,378,545,Squat
482,503,366,633,558,512,394,572,531,540,464,369,531,381,544,Squat
481,500,373,635,558,514,394,567,533,541,462,372,533,379,544,Squat
485,503,376,635,561,514,399,567,538,539,464,370,530,378,543,Squat
488,507,372,635,556,517,394,568,534,533,463,372,525,377,536,Squat
494,511,381,633,552,519,392,567,528,531,459,368,524,372,534,Squat
492,504,384,636,549,517,397,562,539,533,474,364,520,375,525,Squat
491,507,366,636,546,514,398,562,535,537,471,361,515,384,515,Squat
486,505,359,638,553,513,396,562,531,534,471,359,519,375,522,Squat
481,485,377,636,553,515,391,564,529,532,464,364,522,380,526,Squat
488,479,381,634,547,518,392,559,533,538,450,368,523,393,521,Squat
497,499,369,638,547,515,391,558,534,523,457,366,523,400,516,Squat
497,491,378,640,550,517,390,551,539,514,461,377,526,390,521,Squat
495,487,396,639,539,525,386,544,540,523,447,375,521,386,519,Squat
495,507,390,642,539,526,387,548,537,527,456,384,520,393,507,Squat
503,510,381,640,539,524,390,548,538,519,471,393,520,399,498,Squat
503,501,381,641,531,528,387,544,533,521,469,404,520,400,501,Squat
503,497,392,643,534,523,384,541,528,529,462,406,521,405,501,Squat
506,496,405,642,532,518,385,540,529,529,476,392,521,412,499,Squat
506,500,405,641,535,518,387,540,529,527,469,388,520,416,499,Squat
511,502,411,641,530,513,387,530,526,521,464,394,520,416,499,Squat
514,498,419,641,522,515,386,540,527,508,468,384,522,418,487,Squat
521,496,410,642,519,516,385,536,517,508,466,378,518,409,486,Squat
522,493,396,644,516,519,384,532,512,508,463,387,515,400,488,Squat
519,486,386,642,509,524,383,539,510,507,469,392,514,400,482,Squat
517,503,382,649,508,524,385,519,521,511,473,401,514,396,478,Squat
516,510,385,646,513,517,387,502,530,510,482,421,517,386,480,Squat
515,509,396,644,507,508,386,500,521,506,482,425,521,382,480,Squat
523,500,419,643,501,508,385,500,512,508,483,419,522,382,476,Squat
530,505,432,642,495,513,384,511,509,504,480,416,521,385,472,Squat
530,506,432,643,492,520,382,505,511,499,478,412,517,389,470,Squat
525,491,426,646,489,530,382,503,515,500,478,404,516,391,470,Squat
528,483,415,646,491,534,382,499,522,498,458,398,518,389,471,Squat
532,484,405,646,494,529,384,494,525,496,455,393,520,388,463,Squat
533,487,398,645,492,523,384,500,521,499,477,386,525,383,462,Squat
532,481,397,642,485,522,381,516,506,499,481,382,527,381,464,Squat
535,483,391,642,488,524,377,522,494,498,465,380,528,383,466,Squat
537,490,384,642,492,527,382,501,500,499,467,377,526,386,462,Squat
534,487,382,645,503,523,383,493,510,498,474,376,527,381,468,Squat
530,482,381,649,517,514,384,492,520,497,465,381,527,380,468,Squat
525,481,375,645,507,513,383,496,522,498,450,384,526,377,465,Squat
524,489,375,643,492,515,382,498,518,493,456,379,524,376,467,Squat
525,488,378,644,489,518,382,498,515,492,469,376,519,376,470,Squat
525,485,379,644,484,525,382,498,515,493,471,372,512,382,468,Squat
523,483,374,647,489,527,382,499,515,495,474,365,506,389,467,Squat
518,481,366,646,489,529,382,501,516,497,472,360,508,387,468,Squat
516,471,366,646,487,529,382,502,516,500,459,361,517,382,469,Squat
524,459,376,644,486,526,382,504,516,503,450,362,527,377,467,Squat
526,483,375,644,490,522,382,505,514,503,460,358,530,376,467,Squat
534,513,373,644,494,518,382,505,514,501,476,356,528,377,469,Squat
534,514,378,645,495,518,382,506,515,493,494,366,523,378,474,Squat
532,513,380,645,496,519,382,507,515,491,483,376,520,378,478,Squat
531,512,384,645,496,521,382,507,515,494,478,380,518,379,472,Squat
529,510,387,645,496,523,382,506,515,496,479,380,518,376,476,Squat
524,504,391,645,495,524,382,506,515,498,480,381,518,379,476,Squat
524,503,394,645,493,525,382,506,515,504,477,380,518,379,473,Squat
524,501,390,645,493,524,382,505,516,507,476,376,517,379,477,Squat
523,499,388,645,493,521,383,504,517,509,475,376,514,374,481,Squat
523,499,383,645,493,521,383,504,516,511,470,375,512,373,481,Squat
525,503,376,645,494,521,383,506,515,509,461,377,512,379,474,Squat
526,508,370,645,494,521,383,508,515,503,462,377,515,383,470,Squat
526,512,371,646,496,521,383,510,515,502,471,372,515,382,473,Squat
527,513,375,645,495,520,382,509,516,502,467,371,516,384,471,Squat
535,518,375,644,493,519,382,509,516,497,463,372,516,385,470,Squat
538,511,378,644,497,518,382,511,516,496,466,371,516,385,471,Squat
537,505,384,645,499,518,382,512,515,497,471,374,514,386,475,Squat
534,509,386,645,499,519,382,512,515,497,475,375,514,389,478,Squat
530,507,386,645,496,519,382,511,515,498,470,377,514,394,480,Squat
530,505,389,645,498,517,382,511,516,500,464,382,513,395,487,Squat
530,509,389,645,502,517,383,507,516,500,461,387,512,400,490,Squat
528,513,394,645,503,517,383,506,517,500,471,390,512,410,482,Squat
526,507,402,645,500,517,385,507,516,502,475,392,512,413,489,Squat
526,504,403,645,501,513,385,511,515,504,474,394,514,408,502,Squat
522,504,398,644,506,513,384,511,519,501,474,399,520,408,498,Squat
516,500,405,644,505,513,384,513,524,504,477,400,523,408,491,Squat
517,492,409,644,500,512,384,532,528,511,481,396,519,405,492,Squat
517,492,406,643,506,516,384,536,519,513,480,395,513,402,503,Squat
522,499,403,642,509,517,385,531,522,515,478,394,511,406,499,Squat
523,512,400,647,515,518,385,531,522,511,476,396,515,400,498,Squat
520,520,389,643,528,515,387,538,521,510,472,400,518,395,503,Squat
516,511,387,641,523,520,385,544,520,510,475,402,516,391,515,Squat
515,496,398,642,531,520,384,545,526,515,488,397,514,395,516,Squat
515,499,398,644,539,521,387,537,530,520,487,400,513,399,516,Squat
524,501,391,643,531,520,387,541,525,514,482,392,512,390,531,Squat
525,473,386,641,525,523,385,543,526,513,480,383,513,386,529,Squat
517,494,382,643,529,525,388,542,534,512,474,377,521,376,528,Squat
513,510,379,640,531,525,390,543,540,510,492,353,524,370,532,Squat
511,504,391,641,537,521,390,547,539,509,473,344,523,369,541,Squat
513,505,394,640,537,527,388,555,535,505,459,359,520,377,544,Squat
511,501,399,640,540,527,390,556,533,507,475,367,518,381,543,Squat
510,509,395,639,543,526,390,559,533,508,475,370,517,382,542,Squat
513,512,391,638,547,519,393,552,541,508,472,385,517,382,544,Squat
515,505,390,638,551,517,392,555,542,513,481,390,517,382,544,Squat
516,499,391,636,551,515,393,558,539,515,483,392,518,384,543,Squat
519,498,390,636,552,519,393,562,539,512,473,392,519,383,545,Squat
524,509,390,636,554,520,396,564,540,516,479,390,519,383,552,Squat
527,518,384,637,549,521,398,560,547,515,484,387,524,383,554,Squat
520,507,382,637,557,517,396,564,546,509,479,392,528,382,547,Squat
513,498,386,636,556,518,399,564,549,514,465,382,529,378,556,Squat
508,502,382,636,555,515,396,569,543,513,465,370,529,380,558,Squat
509,501,378,636,556,515,398,570,543,513,461,366,526,378,559,Squat
511,499,365,636,554,517,396,573,539,514,460,362,523,373,562,Squat
509,494,362,636,554,519,398,570,541,518,463,357,522,374,561,Squat
508,503,353,633,554,515,402,570,546,520,464,348,523,369,559,Squat
503,503,349,633,556,520,399,568,545,513,463,348,523,365,564,Squat
499,501,349,634,555,514,399,572,545,515,457,351,524,370,566,Squat
496,494,353,634,558,518,404,576,544,523,460,344,524,374,560,Squat
500,495,353,631,561,512,400,581,539,520,464,342,527,370,561,Squat
500,499,350,630,563,514,400,576,543,515,467,343,527,369,566,Squat
496,495,352,631,562,512,402,575,540,522,462,345,528,368,567,Squat
497,493,354,633,564,510,401,575,540,528,461,343,530,367,565,Squat
497,506,345,629,568,512,400,572,540,527,460,343,531,362,568,Squat
495,507,344,630,563,512,401,572,543,525,458,343,530,356,571,Squat
497,501,346,629,561,513,401,573,541,530,452,343,530,356,570,Squat
500,510,336,632,563,514,401,573,541,532,452,343,531,351,573,Squat
499,525,327,631,561,515,399,573,546,535,451,328,531,354,573,Squat
489,514,328,633,559,511,401,573,544,532,437,326,531,353,574,Squat
489,510,327,631,562,515,401,570,537,526,436,336,528,356,573,Squat
491,505,326,631,564,520,400,570,536,526,445,330,526,359,568,Squat
494,507,322,631,565,516,399,570,539,528,442,323,526,363,567,Squat
492,497,329,631,565,514,400,568,542,524,448,331,530,371,562,Squat
492,492,338,632,564,516,400,571,539,519,450,340,530,378,563,Squat
492,481,350,631,564,516,399,571,534,520,452,336,528,386,561,Squat
496,482,356,632,568,513,398,570,530,522,451,339,525,385,563,Squat
499,486,365,630,565,513,400,570,535,517,457,348,522,380,565,Squat
499,487,377,630,565,510,401,573,534,516,466,352,518,377,570,Squat
499,494,379,629,565,509,401,577,524,525,466,359,521,374,574,Squat
503,495,380,630,565,507,401,575,526,527,452,372,525,377,574,Squat
510,490,404,626,565,503,403,573,528,530,447,371,527,382,562,Squat
507,509,406,628,556,502,400,569,528,529,455,367,531,375,570,Squat
493,533,380,632,565,507,402,570,532,520,472,369,531,386,564,Squat
489,526,363,629,564,510,400,574,526,521,471,378,528,387,562,Squat
489,502,366,628,565,514,399,570,532,528,455,388,528,386,556,Squat
494,501,372,630,565,520,398,570,536,523,454,396,532,379,562,Squat
498,528,369,632,565,517,400,567,540,515,483,384,529,382,562,Squat
503,513,376,633,565,521,395,575,533,526,496,360,530,386,551,Squat
508,478,386,633,563,522,398,570,539,526,485,358,530,379,549,Squat
509,475,394,631,564,526,398,570,539,525,464,367,525,382,546,Squat
504,509,399,631,564,523,397,567,541,520,461,375,523,390,542,Squat
517,535,392,634,563,519,396,566,539,509,483,367,517,394,538,Squat
523,527,388,633,565,519,398,574,537,505,484,374,510,390,532,Squat
512,524,386,631,565,525,397,570,536,512,461,402,512,389,521,Squat
501,515,375,631,562,518,397,568,539,519,471,398,522,370,533,Squat
495,514,382,633,561,519,396,567,542,520,481,376,528,374,531,Squat
496,512,394,636,553,519,394,562,546,523,457,371,528,382,517,Squat
501,519,393,632,558,525,395,565,543,518,460,377,525,381,508,Squat
502,530,385,631,561,519,394,564,541,517,480,377,526,371,514,Squat
498,526,387,636,563,515,392,558,541,518,482,380,526,376,510,Squat
498,513,397,638,552,514,394,557,540,516,468,378,524,385,503,Squat
498,517,396,636,554,524,393,561,535,518,477,378,523,386,497,Squat
493,531,388,635,547,518,389,555,530,523,490,386,523,381,503,Squat
492,537,397,638,546,514,391,552,536,520,478,394,521,387,501,Squat
504,520,408,641,540,513,393,558,534,511,470,386,517,396,498,Squat
508,532,395,640,546,515,392,552,532,514,470,384,517,407,493,Squat
508,546,390,637,540,517,387,546,532,514,479,392,521,410,498,Squat
508,548,397,637,541,514,385,542,536,512,488,387,525,418,493,Squat
519,553,379,641,538,516,385,545,532,515,481,378,520,417,490,Squat
515,560,367,642,534,516,388,537,533,515,473,379,517,413,496,Squat
507,556,377,642,531,518,386,536,535,517,468,381,517,418,492,Squat
505,556,386,641,529,517,387,535,536,522,464,381,516,416,482,Squat
504,557,390,641,530,518,386,533,531,519,473,384,515,409,481,Squat
504,544,402,641,518,517,386,528,527,514,476,385,519,401,485,Squat
503,534,409,641,515,522,384,530,519,515,479,384,520,397,482,Squat
506,529,407,642,516,517,385,525,514,516,484,383,520,393,475,Squat
505,535,403,644,510,515,386,518,514,513,484,385,520,392,470,Squat
503,532,406,644,510,512,385,518,514,517,481,383,523,392,469,Squat
503,530,400,643,508,514,383,521,514,522,476,383,521,392,471,Squat
503,533,392,640,502,512,384,520,514,519,480,386,518,386,466,Squat
502,532,385,642,501,503,383,513,513,514,477,384,515,371,463,Squat
497,530,389,644,498,499,381,519,510,518,468,379,510,364,464,Squat
499,528,391,642,489,511,383,512,514,519,465,380,510,367,470,Squat
503,524,390,645,487,521,384,502,516,516,474,382,513,376,466,Squat
506,519,389,645,474,534,383,497,518,516,482,379,519,382,467,Squat
508,518,388,645,472,542,383,487,526,517,478,372,527,391,464,Squat
508,530,382,646,481,540,383,488,530,521,473,363,530,394,460,Squat
507,534,376,647,491,531,383,492,526,524,468,355,527,390,462,Squat
502,531,376,647,494,523,383,497,519,526,463,357,524,383,470,Squat
503,535,375,646,494,519,383,502,513,527,458,363,521,382,470,Squat
503,541,370,644,496,519,383,505,510,526,454,372,518,379,468,Squat
503,544,369,644,501,519,383,506,511,521,458,383,513,378,468,Squat
503,540,374,644,502,519,383,506,514,520,459,386,512,378,471,Squat
506,536,377,644,499,518,383,509,516,520,462,383,513,381,472,Squat
506,530,380,644,495,519,383,510,516,521,469,376,515,382,468,Squat
503,524,381,644,490,524,382,510,516,523,468,371,515,382,467,Squat
502,527,382,644,486,530,382,509,516,521,470,366,515,382,466,Squat
502,530,379,645,486,530,382,506,516,519,462,365,512,380,469,Squat
503,529,376,645,487,528,382,505,516,519,457,364,514,381,471,Squat
508,526,373,645,486,527,382,505,516,521,456,367,518,380,476,Squat
508,535,360,644,490,525,382,505,515,521,449,377,524,381,474,Squat
509,542,354,645,492,524,382,503,514,519,450,385,522,384,471,Squat
507,539,358,645,492,528,381,507,513,513,461,383,521,386,474,Squat
504,533,368,646,492,526,380,510,516,516,460,376,518,385,475,Squat
506,528,378,645,490,523,382,506,518,519,461,370,515,384,475,Squat
502,513,397,645,491,521,382,501,517,522,477,360,513,380,476,Squat
502,500,414,645,493,519,382,503,513,524,481,360,512,380,476,Squat
502,502,415,644,495,518,382,509,511,524,480,368,512,380,479,Squat
502,502,411,644,501,515,382,512,511,520,486,373,512,386,487,Squat
511,513,408,644,505,519,383,512,512,518,484,382,513,391,489,Squat
516,513,404,644,509,521,382,512,512,513,479,389,513,391,489,Squat
516,513,396,645,509,521,382,507,511,513,476,394,512,395,487,Squat
517,521,391,645,512,518,384,508,513,511,476,393,512,400,484,Squat
519,529,389,643,511,517,384,509,515,511,479,388,513,408,480,Squat
518,526,388,643,512,516,384,510,512,515,475,386,514,403,490,Squat
516,521,389,643,515,517,385,513,512,516,468,389,520,408,491,Squat
516,522,394,643,517,521,384,516,517,516,468,389,520,410,484,Squat
519,520,399,642,522,517,387,528,521,510,469,390,521,402,487,Squat
523,525,402,641,522,516,387,532,524,509,463,391,519,399,490,Squat
523,528,402,643,521,514,383,540,523,508,461,397,517,404,487,Squat
523,525,409,643,533,515,382,540,524,510,461,408,517,410,489,Squat
522,521,421,639,529,521,383,536,527,510,469,413,516,411,507,Squat
525,521,424,641,537,519,386,533,534,504,473,420,512,418,512,Squat
524,531,428,642,543,518,387,543,531,497,475,434,512,412,512,Squat
525,529,431,642,545,520,388,545,527,496,474,435,512,394,518,Squat
520,511,429,638,539,519,389,545,528,506,476,425,513,382,519,Squat
523,496,418,638,541,522,391,550,528,514,455,414,516,373,521,Squat
520,526,387,638,549,521,389,551,530,525,457,405,516,376,517,Squat
514,533,374,639,546,519,389,551,532,523,486,389,517,379,521,Squat
501,515,365,641,550,519,389,551,530,524,473,384,522,382,525,Squat
498,513,360,638,549,526,390,560,528,528,466,370,522,380,529,Squat
500,512,361,637,547,528,389,546,533,533,451,360,519,382,532,Squat
500,527,361,640,539,529,390,548,538,526,455,363,514,373,542,Squat
496,522,358,641,547,525,391,554,531,526,465,358,514,370,549,Squat
495,512,354,638,551,523,391,551,536,536,446,353,519,371,546,Squat
497,511,358,636,550,524,393,559,537,541,434,360,520,371,545,Squat
497,506,366,636,548,521,395,556,540,536,458,365,518,372,547,Squat
495,516,365,636,545,523,394,558,538,535,473,362,517,377,552,Squat
497,529,372,636,557,518,395,562,538,534,460,357,514,381,556,Squat
500,515,377,633,558,519,395,565,541,530,448,370,514,377,556,Squat
506,514,376,632,555,527,399,569,538,530,457,372,513,373,556,Squat
504,506,379,631,561,521,395,567,537,532,478,359,510,376,563,Squat
502,490,385,633,566,521,393,568,537,532,463,360,515,378,562,Squat
502,488,383,634,561,522,401,569,541,525,450,384,522,370,569,Squat
513,520,365,628,562,521,399,571,537,518,456,387,524,371,563,Squat
510,498,377,630,568,517,395,573,532,528,474,361,520,367,566,Squat
502,484,393,629,563,516,400,570,537,536,464,362,519,370,569,Squat
494,482,382,625,567,514,403,573,534,535,455,373,519,376,566,Squat
503,513,359,631,571,521,401,578,534,527,468,363,518,370,564,Squat
508,506,353,633,568,521,400,575,532,527,464,349,518,364,564,Squat
503,488,358,627,568,526,401,576,540,533,451,352,522,365,569,Squat
500,512,337,628,567,522,400,576,537,529,437,355,522,359,567,Squat
504,518,326,632,569,525,399,574,533,524,449,343,523,347,575,Squat
502,507,341,627,571,529,402,574,532,525,439,331,522,352,579,Squat
503,505,344,630,569,526,400,572,536,531,435,337,521,356,567,Squat
506,525,320,629,569,522,398,573,533,512,434,334,519,349,567,Squat
506,514,315,626,574,521,400,575,533,509,432,313,522,355,571,Squat
505,485,335,629,569,522,399,576,534,525,382,320,530,364,567,Squat
505,515,319,630,566,518,399,576,533,527,387,343,525,359,566,Squat
510,537,308,629,566,521,399,574,537,539,408,339,522,355,574,Squat
505,521,329,626,568,522,400,573,538,542,411,343,522,364,577,Squat
497,502,362,629,571,518,402,574,533,541,396,378,526,372,572,Squat
499,525,367,627,571,524,400,574,533,536,421,406,528,372,562,Squat
502,526,366,627,568,521,398,570,533,529,435,397,525,374,560,Squat
503,521,382,630,569,520,401,570,536,523,427,391,519,380,562,Squat
503,511,395,631,569,523,401,572,532,524,422,407,519,385,558,Squat
502,515,385,629,567,527,401,574,529,523,439,407,519,388,555,Squat
505,510,375,629,567,525,399,574,529,525,430,392,519,392,555,Squat
507,514,378,629,568,524,400,572,531,523,437,389,521,398,554,Squat
512,524,388,629,569,520,400,573,530,514,449,387,521,398,553,Squat
519,526,387,629,565,521,398,574,527,513,447,382,525,390,557,Squat
514,501,391,628,565,518,399,577,525,511,429,386,523,387,560,Squat
506,484,396,631,566,516,400,575,527,524,430,389,518,379,572,Squat
496,500,389,631,567,515,402,578,526,536,459,390,517,383,559,Squat
499,523,380,627,568,516,398,572,531,528,472,382,518,374,565,Squat
497,530,373,630,564,520,400,569,536,527,473,372,517,381,562,Squat
495,520,382,632,562,517,395,567,538,533,468,369,520,381,555,Squat
495,510,388,634,560,521,395,575,530,538,467,374,523,377,553,Squat
497,520,370,633,560,522,398,571,534,538,451,373,523,379,553,Squat
496,527,362,630,559,522,395,564,538,541,433,380,523,381,548,Squat
494,543,369,634,554,525,395,564,539,534,442,380,524,381,541,Squat
498,554,362,639,554,524,394,559,542,533,460,366,521,377,541,Squat
496,532,354,633,557,524,394,562,539,531,467,363,520,378,544,Squat
495,520,364,634,552,527,394,565,537,533,439,370,516,383,541,Squat
495,520,374,639,545,531,392,560,538,535,439,369,520,382,536,Squat
498,525,368,640,544,530,393,559,537,533,445,361,522,375,538,Squat
504,523,363,634,552,525,388,546,530,537,448,357,524,384,531,Squat
507,541,360,638,548,527,386,539,534,531,437,365,525,386,526,Squat
511,559,348,640,536,528,392,556,533,530,434,355,524,387,515,Squat
509,559,350,641,541,531,392,553,539,533,439,339,522,383,516,Squat
502,550,372,640,546,524,388,547,535,533,435,347,521,388,512,Squat
504,570,388,638,553,521,387,549,528,532,445,365,518,392,507,Squat
503,577,398,638,544,521,388,552,529,523,472,373,516,392,511,Squat
506,567,422,641,536,519,390,546,526,519,489,380,514,398,514,Squat
511,567,430,640,540,518,387,544,521,517,476,401,512,407,505,Squat
519,565,426,640,533,520,386,538,516,513,482,418,512,407,499,Squat
520,534,431,642,525,519,385,556,529,514,485,416,507,404,506,Squat
527,528,434,643,537,518,388,546,526,521,476,416,506,412,501,Squat
532,543,420,640,521,523,385,543,526,510,471,432,509,416,494,Squat
532,548,424,644,522,526,383,540,525,501,478,438,513,412,493,Squat
532,536,433,644,527,527,386,534,525,501,478,431,513,407,488,Squat
536,548,429,645,523,529,387,522,524,504,466,434,512,404,473,Squat
536,545,427,644,510,530,386,509,518,500,468,425,511,390,479,Squat
533,537,428,643,505,528,384,514,518,502,478,406,511,394,472,Squat
536,526,421,643,512,525,384,516,515,503,470,408,512,401,454,Squat
536,544,406,642,513,521,384,517,517,498,453,411,516,391,455,Squat
529,541,401,642,511,519,384,514,515,495,447,401,515,384,460,Squat
530,533,399,640,496,520,383,515,513,500,449,392,510,388,454,Squat
533,538,389,646,525,530,383,523,513,501,450,387,505,393,447,Squat
533,542,383,644,511,525,384,527,517,499,456,379,503,396,454,Squat
529,534,378,645,518,525,383,529,515,502,452,368,508,401,461,Squat
530,530,365,644,515,525,384,505,502,505,446,368,511,399,453,Squat
530,534,360,644,516,524,387,492,496,501,442,366,514,384,450,Squat
527,530,370,642,511,522,394,533,531,507,445,364,515,374,454,Squat
525,532,382,642,502,522,373,540,530,512,445,370,516,377,459,Squat
526,545,384,642,507,530,381,525,531,512,444,378,517,382,457,Squat
525,556,384,650,525,525,379,534,521,509,451,382,519,385,455,Squat
522,559,389,649,524,518,381,533,513,509,460,381,518,383,462,Squat
517,554,386,645,517,517,381,532,510,512,461,381,516,386,461,Squat
517,548,384,644,512,519,381,530,510,514,451,386,515,389,457,Squat
519,545,381,645,515,520,382,519,514,512,448,383,513,385,458,Squat
520,547,380,645,511,522,382,522,512,512,453,378,510,381,464,Squat
520,538,379,644,509,520,382,516,514,513,460,378,510,384,465,Squat
522,534,377,644,508,520,383,516,516,513,455,384,510,386,464,Squat
523,537,375,644,507,520,383,520,514,513,451,380,511,383,464,Squat
521,533,378,645,507,521,382,513,514,513,455,375,516,381,466,Squat
521,532,384,645,506,522,383,502,516,517,461,374,521,382,466,Squat
522,531,385,644,502,522,382,510,518,515,458,379,522,387,466,Squat
524,535,380,645,509,521,382,518,514,511,450,376,518,390,472,Squat
524,546,375,645,510,519,382,518,514,507,455,369,513,392,479,Squat
522,527,381,645,510,519,382,516,514,509,474,374,513,393,478,Squat
520,521,384,646,507,522,382,515,515,513,454,373,513,386,478,Squat
520,513,384,645,510,520,382,515,516,515,455,371,512,385,478,Squat
520,515,383,645,509,517,382,519,514,512,462,377,512,383,478,Squat
521,521,384,644,506,517,382,520,514,512,473,379,511,383,480,Squat
520,517,383,645,503,517,382,520,514,511,474,379,511,385,480,Squat
516,515,384,645,506,518,382,521,514,514,463,379,509,386,485,Squat
518,511,391,645,504,522,383,518,518,515,459,382,509,393,487,Squat
520,508,396,646,507,519,383,518,518,518,466,385,515,396,496,Squat
523,511,403,646,504,519,384,511,519,523,466,390,520,401,503,Squat
521,515,412,645,506,518,384,508,517,524,464,403,525,410,507,Squat
522,527,426,645,509,515,383,516,517,514,473,409,524,413,511,Squat
523,531,428,645,503,515,383,518,522,505,497,409,519,406,511,Squat
520,519,433,645,511,511,383,511,520,504,485,415,516,399,514,Squat
519,518,428,644,510,515,385,510,522,509,474,415,511,402,516,Squat
519,518,417,644,517,516,385,522,525,515,476,409,507,402,514,Squat
522,521,407,643,513,522,387,526,526,514,474,412,507,397,517,Squat
523,524,401,643,513,519,387,532,529,509,475,412,511,396,519,Squat
528,525,396,643,510,517,384,541,526,508,474,402,512,386,526,Squat
532,532,387,643,521,521,385,543,526,506,470,396,520,381,535,Squat
536,535,384,642,528,523,386,544,527,505,471,389,530,381,546,Squat
540,532,380,643,526,524,387,548,530,508,469,382,531,392,528,Squat
534,541,367,643,542,521,389,552,535,509,459,366,523,383,521,Squat
516,540,369,641,547,520,389,564,530,513,459,359,515,381,530,Squat
505,547,363,638,535,524,389,541,535,519,456,376,505,386,534,Squat
506,538,355,640,538,519,385,538,535,522,454,385,500,386,531,Squat
507,533,358,640,546,518,389,553,537,520,436,391,503,384,535,Squat
507,513,377,637,551,520,393,555,535,524,445,400,511,383,544,Squat
505,498,398,638,546,527,388,551,536,526,470,391,519,387,547,Squat
501,492,406,640,538,528,393,553,548,535,462,385,523,392,553,Squat
502,497,419,641,542,526,395,562,543,539,472,383,532,395,558,Squat
501,509,433,638,550,525,395,564,541,533,493,380,534,390,562,Squat
496,521,435,636,548,530,396,562,541,533,491,386,526,381,561,Squat
499,521,429,637,548,534,398,563,540,537,469,394,517,375,559,Squat
500,528,408,637,548,529,399,565,540,531,459,392,515,383,564,Squat
490,502,394,636,551,528,399,569,537,538,454,380,513,394,557,Squat
482,493,371,634,552,527,397,570,534,548,449,374,516,388,558,Squat
483,521,358,633,557,527,396,572,535,548,448,358,520,384,562,Squat
483,526,348,633,562,525,402,572,544,545,476,355,520,388,561,Squat
488,527,334,633,561,526,403,575,542,543,472,362,522,389,558,Squat
492,530,331,633,561,531,402,579,539,533,472,363,525,383,559,Squat
495,521,336,630,564,526,403,581,538,537,459,357,525,379,564,Squat
487,517,336,630,566,528,403,581,537,542,442,353,525,380,568,Squat
484,516,339,632,568,524,404,583,537,542,455,350,519,370,577,Squat
488,517,346,629,570,523,407,586,539,538,456,347,517,365,579,Squat
487,517,353,630,572,519,406,585,536,543,446,343,519,358,591,Squat
488,519,356,629,571,519,407,585,537,551,453,339,524,356,580,Squat
482,525,359,627,566,522,406,588,541,551,463,340,526,346,589,Squat
477,504,365,629,565,522,406,584,536,553,461,346,529,347,592,Squat
481,506,354,625,567,518,404,581,533,558,459,344,532,351,587,Squat
482,517,342,628,568,518,407,582,535,558,458,341,531,349,590,Squat
478,518,337,627,569,518,404,581,531,559,463,345,529,350,587,Squat
478,510,340,628,571,512,406,580,529,556,461,346,528,352,580,Squat
474,498,333,628,571,512,407,576,529,551,431,349,524,358,575,Squat
470,509,323,626,573,511,408,579,521,557,400,352,522,365,577,Squat
474,512,319,627,574,505,406,583,526,554,405,347,526,370,577,Squat
480,503,322,627,573,504,405,581,532,545,419,338,526,375,575,Squat
480,489,330,627,573,508,409,585,530,548,403,338,525,379,573,Squat
477,487,337,626,572,509,406,586,530,548,399,352,525,379,569,Squat
477,499,344,625,571,511,405,587,528,543,407,357,525,378,571,Squat
476,499,351,626,567,520,405,584,533,542,427,356,523,381,568,Squat
475,495,361,625,572,514,409,584,535,544,434,361,522,379,571,Squat
474,498,370,627,574,511,407,587,528,546,430,378,522,382,568,Squat
479,498,375,626,571,510,406,586,532,545,437,382,522,379,568,Squat
480,504,376,625,568,511,409,584,535,544,434,374,522,379,564,Squat
480,495,383,627,569,508,410,585,534,545,442,375,523,379,562,Squat
482,492,388,625,570,508,407,586,532,544,433,384,523,382,555,Squat
486,498,376,625,571,507,406,583,534,543,433,384,523,381,549,Squat
488,508,367,625,568,508,408,582,539,541,427,379,523,381,552,Squat
493,504,383,627,570,509,409,582,539,538,438,384,525,384,550,Squat
500,509,390,629,570,510,404,585,534,533,445,398,528,380,545,Squat
502,514,381,629,569,511,405,582,535,529,454,399,529,380,540,Squat
262,361,310,437,364,376,259,337,362,421,365,305,345,256,314,Squat
365,489,391,580,501,505,341,452,468,552,486,384,459,342,411,Squat
398,532,417,623,503,521,370,490,503,594,526,412,497,369,446,Squat
409,544,427,639,496,521,379,503,513,609,543,423,510,379,458,Squat
412,546,430,644,496,523,382,508,516,615,553,426,515,380,463,Squat
412,548,430,644,496,523,382,508,516,617,553,423,515,380,465,Squat
414,548,431,644,496,523,383,508,518,617,557,424,515,380,465,Squat
416,548,434,644,496,523,383,508,520,617,559,425,515,380,465,Squat
416,552,437,644,496,523,383,508,520,619,557,428,515,380,465,Squat
418,554,440,644,496,523,383,508,520,619,561,432,515,380,465,Squat
415,552,443,645,496,525,381,508,519,621,561,431,515,380,464,Squat
413,558,443,645,496,525,381,507,519,623,553,433,515,381,464,Squat
411,561,439,645,496,525,381,507,519,623,564,435,516,381,464,Squat
410,568,435,645,496,525,381,507,519,623,567,440,516,381,464,Squat
410,568,434,645,496,525,381,507,519,622,561,438,516,381,464,Squat
412,565,434,645,496,525,381,507,519,622,560,431,516,381,464,Squat
413,563,435,645,496,525,381,508,519,622,560,428,516,382,464,Squat
414,562,436,645,496,525,381,508,519,621,560,428,516,382,464,Squat
414,559,437,645,496,525,381,509,520,621,564,430,517,382,465,Squat
414,555,439,645,496,524,381,509,520,619,561,431,517,383,463,Squat
414,554,444,645,496,524,381,510,519,618,559,433,517,384,460,Squat
414,557,445,645,496,524,381,510,519,617,561,435,517,384,462,Squat
413,557,445,645,496,524,381,510,519,617,565,436,517,384,462,Squat
412,558,445,645,496,524,381,510,519,618,563,435,517,384,462,Squat
411,562,441,645,496,525,381,510,519,619,560,433,517,383,462,Squat
412,562,435,645,495,525,381,510,519,620,564,432,517,383,462,Squat
413,560,426,645,495,526,381,510,519,621,564,426,518,383,462,Squat
415,557,418,645,495,526,382,510,519,621,559,418,518,383,463,Squat
416,553,412,645,495,526,382,510,519,618,554,408,518,381,464,Squat
417,552,404,645,495,525,382,510,519,620,548,395,518,381,464,Squat
413,552,394,645,495,525,382,510,519,622,544,383,518,381,464,Squat
410,560,381,645,495,524,382,510,519,625,542,372,518,382,464,Squat
411,562,374,645,497,523,382,511,519,628,541,363,518,382,464,Squat
412,561,370,645,497,523,382,511,519,628,536,359,518,381,464,Squat
412,559,371,645,498,523,382,511,519,627,530,356,518,381,464,Squat
411,564,372,645,498,523,382,511,519,628,523,358,518,381,463,Squat
410,571,372,645,498,523,382,512,518,630,524,362,517,383,463,Squat
408,568,375,645,498,523,382,512,518,630,528,367,517,383,465,Squat
408,561,380,645,498,522,382,512,518,632,529,369,516,384,462,Squat
406,565,384,645,498,522,382,512,518,631,524,372,515,384,459,Squat
408,573,389,646,497,523,382,513,517,626,523,380,516,384,458,Squat
412,567,397,646,497,523,382,513,517,623,528,383,517,384,460,Squat
415,562,403,646,497,523,382,512,518,622,527,385,517,384,460,Squat
423,552,408,646,498,523,382,512,517,617,524,392,514,384,460,Squat
432,550,408,645,496,524,382,512,516,610,519,399,514,384,460,Squat
441,544,409,645,496,524,382,513,516,602,517,400,514,383,462,Squat
451,538,413,645,496,524,382,513,516,594,517,400,514,383,463,Squat
459,534,412,645,496,525,382,513,516,587,516,400,514,382,463,Squat
466,525,412,645,496,525,382,513,516,579,517,395,514,382,463,Squat
474,511,408,645,497,523,382,513,515,570,509,395,514,382,463,Squat
478,505,399,645,497,523,382,512,515,560,494,395,514,382,464,Squat
483,508,399,645,497,523,382,512,515,555,493,389,514,382,468,Squat
483,515,398,644,498,523,382,512,515,550,496,385,514,385,465,Squat
486,513,394,645,497,523,382,513,515,545,494,388,515,385,466,Squat
486,515,398,646,499,523,382,511,515,542,494,394,515,386,470,Squat
490,497,409,646,499,521,382,510,514,539,483,393,515,387,469,Squat
494,485,413,644,503,524,382,509,515,540,480,388,514,385,468,Squat
502,480,418,644,516,521,382,513,516,539,479,390,512,384,460,Squat
507,486,418,646,520,519,382,513,515,531,480,397,511,379,458,Squat
507,491,413,646,518,519,382,512,514,524,481,397,511,373,464,Squat
508,485,414,646,515,519,382,511,514,517,468,402,512,375,470,Squat
513,485,416,646,515,520,382,511,514,515,467,402,516,383,470,Squat
514,483,413,646,513,520,382,511,514,513,471,403,517,384,469,Squat
517,489,410,646,510,521,383,506,515,510,464,408,518,383,472,Squat
522,499,400,646,508,521,383,505,513,506,455,408,518,382,476,Squat
524,501,398,646,508,521,383,508,511,505,460,408,517,381,475,Squat
527,491,398,646,506,521,383,507,511,508,463,406,516,383,473,Squat
527,489,394,646,504,522,383,505,514,507,460,403,515,383,476,Squat
527,494,391,646,505,523,383,504,516,503,460,401,514,385,481,Squat
528,495,391,646,504,523,383,502,516,503,464,395,513,390,482,Squat
531,490,394,646,503,523,384,500,515,503,460,394,512,395,484,Squat
531,484,399,645,499,524,384,506,513,502,460,396,512,404,484,Squat
529,481,406,644,496,521,386,507,517,504,461,395,512,411,492,Squat
524,485,411,643,500,516,385,514,521,510,466,400,508,416,499,Squat
526,494,413,643,507,519,386,521,518,509,474,406,506,421,495,Squat
524,493,414,644,512,519,386,526,527,505,474,411,506,424,492,Squat
523,484,428,643,511,527,386,536,533,508,469,416,508,422,500,Squat
525,486,437,640,513,525,386,538,527,506,473,419,512,426,500,Squat
529,491,434,641,526,525,385,541,529,497,473,419,517,423,498,Squat
529,495,429,642,534,525,385,537,529,496,479,418,522,412,501,Squat
532,492,419,641,541,524,387,547,532,501,477,417,526,405,503,Squat
535,486,413,642,544,520,391,548,531,502,470,415,522,401,508,Squat
532,482,410,640,535,525,389,550,537,501,468,412,516,401,514,Squat
527,490,396,638,541,530,391,555,530,505,470,399,516,399,520,Squat
523,499,382,638,550,521,392,555,528,513,473,385,517,396,521,Squat
520,498,379,639,546,521,393,557,534,513,464,383,519,386,525,Squat
519,490,379,636,546,529,395,560,537,516,467,378,519,379,532,Squat
519,485,376,637,546,530,395,562,540,518,464,369,519,374,536,Squat
516,483,373,638,552,526,396,560,542,515,461,365,520,368,536,Squat
519,482,372,635,547,531,397,563,543,510,464,359,520,369,541,Squat
518,474,369,634,555,533,396,568,540,510,461,355,520,374,545,Squat
516,467,370,633,557,530,400,570,543,512,446,350,520,375,541,Squat
519,473,362,633,560,532,401,573,543,510,459,348,520,373,539,Squat
519,473,359,630,564,531,400,573,547,513,459,350,519,374,545,Squat
521,466,371,630,564,529,403,573,546,512,457,362,516,371,554,Squat
525,460,376,630,567,529,403,577,546,511,464,363,516,370,554,Squat
528,459,372,627,569,529,404,581,544,502,453,358,517,371,550,Squat
531,465,374,625,570,530,404,582,543,504,452,358,517,370,550,Squat
536,472,368,624,573,525,404,584,546,500,460,361,519,369,552,Squat
536,466,365,626,576,524,407,581,543,497,448,359,519,369,552,Squat
534,474,359,625,580,524,409,584,543,497,441,357,522,371,556,Squat
537,477,359,624,579,527,407,586,547,496,452,353,525,369,557,Squat
537,477,357,623,579,525,408,587,539,496,455,359,524,364,559,Squat
534,477,352,623,580,524,408,584,536,496,445,357,519,359,558,Squat
535,474,350,621,581,523,408,583,541,495,446,352,519,356,559,Squat
538,471,352,621,580,522,408,583,539,495,441,355,520,352,565,Squat
536,467,352,621,579,517,408,587,540,499,444,355,521,347,569,Squat
533,462,349,621,578,520,406,585,537,497,440,346,521,340,568,Squat
537,459,352,621,578,519,406,584,535,497,434,340,521,338,567,Squat
541,464,349,621,579,516,409,583,534,495,438,334,521,339,569,Squat
540,455,343,620,580,515,409,584,534,494,437,334,523,341,565,Squat
535,446,343,620,582,516,407,583,533,498,429,333,526,340,566,Squat
533,463,341,620,581,515,408,584,537,496,431,334,525,343,569,Squat
535,467,332,620,581,516,410,586,533,492,436,340,525,345,569,Squat
530,459,335,620,580,516,408,586,532,501,439,343,525,346,568,Squat
527,461,349,620,581,516,408,586,534,506,432,348,525,347,568,Squat
528,467,354,620,581,517,410,585,532,501,436,353,523,349,568,Squat
528,468,350,620,578,513,409,587,530,502,441,351,521,353,570,Squat
525,460,362,619,578,512,409,587,534,506,446,344,520,358,566,Squat
525,457,375,620,581,510,409,587,534,505,441,349,521,359,562,Squat
525,461,368,620,581,512,411,586,540,503,439,364,521,362,561,Squat
526,473,373,620,581,515,407,585,540,507,446,368,521,366,554,Squat
525,475,384,619,581,513,405,585,541,508,460,369,521,374,549,Squat
527,481,371,619,582,513,405,583,543,504,458,378,521,376,547,Squat
525,488,367,623,580,516,404,579,544,499,456,375,523,379,545,Squat
521,470,383,620,578,520,407,579,546,506,452,373,525,382,539,Squat
524,458,389,622,579,521,403,582,540,511,440,388,525,380,531,Squat
526,488,374,625,579,520,401,580,541,500,457,389,523,373,535,Squat
524,487,379,625,576,524,403,578,541,498,487,366,523,381,534,Squat
522,472,401,626,573,527,403,571,542,507,476,365,522,387,522,Squat
525,481,383,625,574,526,397,572,540,511,445,394,522,380,521,Squat
531,508,370,625,573,526,396,578,534,502,463,383,517,381,523,Squat
521,484,395,630,568,529,399,572,534,509,478,374,513,389,514,Squat
520,471,413,631,570,525,399,567,537,516,455,394,514,390,507,Squat
527,501,391,631,568,524,396,561,536,503,484,389,515,383,517,Squat
526,508,392,631,565,525,394,562,533,497,515,378,515,391,519,Squat
519,474,423,633,557,528,393,563,529,510,482,390,515,398,504,Squat
519,470,411,635,556,528,392,561,528,512,452,410,518,388,506,Squat
525,501,391,636,556,529,391,556,531,503,475,400,521,389,509,Squat
522,490,411,636,556,527,389,555,531,512,478,395,523,402,502,Squat
523,484,421,636,548,525,388,548,527,519,473,405,520,405,496,Squat
530,499,400,637,546,522,390,541,521,506,492,388,518,408,502,Squat
523,493,405,637,544,517,390,535,522,506,501,380,514,425,500,Squat
523,480,417,637,540,516,386,532,524,514,477,401,513,434,493,Squat
524,502,396,638,531,514,386,525,525,508,464,405,516,429,501,Squat
525,506,392,640,516,519,388,513,524,504,483,395,516,430,498,Squat
523,502,403,640,517,522,387,505,527,508,483,393,515,423,493,Squat
524,497,405,642,517,517,384,513,521,508,473,395,514,408,489,Squat
525,496,401,644,512,519,383,513,516,505,470,397,514,395,488,Squat
525,492,403,644,512,516,383,511,514,504,464,396,517,389,482,Squat
526,498,395,644,512,516,383,506,515,506,465,392,522,379,481,Squat
523,498,386,644,512,516,382,510,517,505,465,386,525,375,484,Squat
522,497,383,644,511,514,383,508,519,506,462,381,525,380,481,Squat
522,497,379,644,511,514,383,503,520,507,463,376,523,384,478,Squat
523,500,375,645,508,518,382,507,519,505,464,374,519,384,479,Squat
522,495,375,645,506,519,383,506,520,505,470,373,514,382,482,Squat
520,495,374,645,505,521,383,502,520,508,469,371,513,379,480,Squat
520,495,374,645,502,522,381,506,517,508,468,370,513,378,478,Squat
520,495,376,645,502,522,381,508,516,510,466,372,513,378,478,Squat
519,496,378,645,502,519,381,510,519,513,465,372,514,378,478,Squat
519,494,379,645,503,518,382,507,519,513,467,372,517,379,478,Squat
519,492,379,645,505,518,382,507,518,514,467,372,517,379,480,Squat
521,493,379,645,504,518,382,512,517,513,463,374,517,380,480,Squat
521,497,380,645,505,518,382,515,518,512,462,378,517,381,479,Squat
522,498,382,645,507,518,382,515,518,511,465,378,517,379,480,Squat
523,498,384,645,507,519,382,510,520,508,467,378,519,379,482,Squat
526,499,385,645,505,519,382,510,521,508,466,378,519,383,481,Squat
526,502,386,645,501,516,382,511,521,508,467,382,519,387,479,Squat
526,510,387,645,504,515,384,511,521,507,472,383,518,387,484,Squat
528,506,387,645,505,514,385,510,520,507,470,383,518,390,487,Squat
529,502,388,645,502,515,383,511,520,507,470,386,515,398,487,Squat
525,491,397,642,498,517,385,513,522,509,472,393,510,406,491,Squat
520,487,401,643,506,514,387,522,522,513,476,400,511,409,496,Squat
518,494,402,645,508,514,386,526,526,511,475,397,517,410,501,Squat
517,493,408,647,505,519,382,536,524,511,472,395,521,411,505,Squat
519,495,415,641,508,526,384,536,520,511,467,399,519,416,502,Squat
518,500,417,636,520,525,388,530,527,511,484,397,514,420,497,Squat
519,508,415,642,528,520,386,539,531,510,485,392,514,414,499,Squat
524,506,415,643,525,520,384,554,529,501,483,397,518,406,498,Squat
526,501,412,642,532,523,386,547,529,493,479,406,520,400,496,Squat
524,495,410,642,542,523,387,543,528,497,486,395,521,397,504,Squat
521,491,409,639,536,524,390,543,531,506,486,387,521,400,509,Squat
517,498,402,642,540,524,389,546,528,514,483,389,521,404,511,Squat
516,505,395,640,533,522,390,548,533,514,477,387,518,402,516,Squat
516,505,388,637,539,525,392,557,536,513,471,387,515,398,518,Squat
520,507,383,637,545,529,394,560,537,512,472,388,515,392,517,Squat
522,502,381,638,547,528,389,562,531,510,474,387,515,388,522,Squat
523,507,378,638,546,528,392,553,537,510,469,384,519,383,525,Squat
524,516,374,635,555,522,395,560,541,506,468,377,521,382,526,Squat
524,511,377,636,549,522,396,561,542,505,470,379,519,385,531,Squat
522,504,381,635,554,528,392,561,545,507,469,381,517,384,540,Squat
522,501,381,633,557,521,396,565,546,505,469,372,519,381,541,Squat
526,498,379,633,556,528,397,565,547,508,469,370,521,375,542,Squat
525,504,377,633,562,531,399,570,544,507,472,369,517,370,546,Squat
523,509,376,632,566,527,399,570,541,505,470,368,516,366,545,Squat
525,507,374,629,564,526,400,573,543,504,465,361,516,369,544,Squat
528,490,377,629,567,519,399,575,544,503,459,365,517,371,548,Squat
529,491,372,629,566,522,404,577,543,502,451,370,517,371,552,Squat
530,496,367,626,570,517,403,578,543,500,460,361,519,373,552,Squat
530,502,362,627,570,522,403,581,544,502,466,351,520,373,549,Squat
530,500,361,626,571,523,402,580,546,500,458,359,515,367,552,Squat
530,499,360,625,571,521,403,578,540,498,468,362,513,364,557,Squat
528,495,360,625,575,516,404,579,540,497,471,356,517,362,559,Squat
531,504,357,626,576,525,403,578,535,503,463,351,520,354,561,Squat
536,510,352,624,576,522,404,580,534,500,459,351,525,350,559,Squat
535,499,347,626,576,519,407,584,534,498,462,349,524,355,553,Squat
529,497,343,625,575,515,405,579,531,505,454,342,517,353,556,Squat
531,500,345,620,578,515,404,580,527,503,448,332,515,347,564,Squat
534,508,342,622,577,519,404,580,532,500,450,327,517,347,562,Squat
535,504,333,623,574,519,406,584,533,499,466,327,518,344,556,Squat
533,490,333,622,579,519,406,584,532,503,450,319,518,347,556,Squat
529,492,334,622,580,519,406,585,531,502,435,322,518,346,558,Squat
530,508,327,623,579,517,406,586,531,500,440,334,521,345,562,Squat
530,515,323,623,579,519,408,586,531,502,454,334,522,347,564,Squat
525,501,330,623,579,519,408,584,535,508,440,334,522,344,563,Squat
520,494,342,622,580,516,405,583,535,511,432,340,523,341,567,Squat
524,506,339,621,579,515,406,583,531,511,450,336,528,342,571,Squat
524,505,338,622,578,514,407,586,531,511,452,339,530,350,567,Squat
522,502,346,622,578,511,407,583,534,511,446,341,526,354,560,Squat
524,507,351,621,577,509,410,583,536,506,448,338,524,354,563,Squat
524,510,351,621,577,506,408,584,533,504,445,344,524,366,559,Squat
527,509,354,621,579,506,408,584,535,507,445,354,524,374,560,Squat
527,509,363,620,579,508,407,584,535,505,453,362,523,378,554,Squat
522,509,371,620,578,510,405,583,539,505,454,368,521,376,550,Squat
520,516,365,620,576,511,404,581,541,505,460,374,520,376,550,Squat
520,513,365,620,576,512,404,581,541,505,460,372,520,379,552,Squat
520,500,374,623,576,511,403,581,541,506,457,376,518,380,547,Squat
520,498,381,626,574,514,404,578,542,507,459,379,516,380,544,Squat
525,505,378,625,574,513,402,576,544,502,469,374,516,380,544,Squat
525,504,382,625,573,516,400,575,544,504,468,367,521,381,543,Squat
525,504,389,625,572,516,401,575,543,508,462,371,524,378,539,Squat
527,518,383,630,570,520,400,568,547,502,466,379,524,376,538,Squat
526,519,382,629,568,520,399,569,548,498,467,378,523,379,535,Squat
526,506,388,629,568,520,397,565,547,506,459,382,522,380,529,Squat
526,521,386,629,566,520,396,570,541,501,462,383,522,375,528,Squat
529,529,375,629,562,524,398,572,541,504,479,383,524,376,524,Squat
521,518,379,632,566,514,394,564,536,506,464,381,520,380,517,Squat
521,511,395,632,567,513,391,560,535,507,450,387,518,379,512,Squat
523,516,392,634,566,514,395,559,535,502,463,392,523,382,514,Squat
520,517,394,634,561,516,392,561,534,504,473,400,526,390,511,Squat
519,509,415,635,554,518,390,555,535,504,467,401,523,393,508,Squat
519,509,423,637,547,527,391,550,535,504,479,393,524,391,513,Squat
524,512,404,641,545,528,389,553,531,508,479,398,528,397,510,Squat
517,508,409,643,554,519,389,550,533,507,456,414,530,406,507,Squat
522,513,421,645,546,518,389,538,533,506,466,411,523,416,507,Squat
523,524,405,652,531,509,389,531,533,507,493,399,521,425,513,Squat
521,524,391,659,506,499,388,534,528,502,493,397,518,437,516,Squat
521,516,396,638,501,484,387,526,523,501,481,403,516,447,510,Squat
523,511,404,627,513,524,387,519,526,507,473,404,518,443,502,Squat
529,511,400,624,526,538,386,522,524,502,485,390,523,428,501,Squat
528,505,401,617,544,545,383,519,524,503,476,382,527,417,495,Squat
524,500,406,617,555,542,383,519,528,507,469,390,532,400,485,Squat
522,502,407,629,529,507,382,526,527,504,473,393,534,376,483,Squat
522,505,401,660,501,479,382,523,526,498,477,387,536,358,487,Squat
518,509,390,666,511,517,382,522,522,498,470,383,534,359,494,Squat
515,522,380,651,525,521,382,520,521,500,474,380,526,373,496,Squat
513,523,373,645,522,510,382,515,521,506,481,375,518,384,488,Squat
512,519,372,641,519,504,382,516,521,509,470,371,514,387,485,Squat
514,517,371,642,514,508,382,513,519,510,459,372,514,383,485,Squat
518,523,370,643,516,514,383,512,518,510,463,373,516,378,487,Squat
519,519,374,643,513,514,383,514,518,510,462,375,516,377,485,Squat
521,516,378,643,511,514,383,513,518,509,456,375,517,376,489,Squat
522,520,379,646,511,518,383,512,518,508,458,375,517,377,492,Squat
522,522,380,646,513,517,383,510,517,508,462,374,517,380,489,Squat
522,513,385,645,513,516,382,510,517,508,461,377,517,381,486,Squat
522,510,388,645,513,515,383,509,519,508,455,379,517,381,482,Squat
523,511,384,644,517,512,383,511,518,508,453,382,518,380,485,Squat
524,511,382,644,516,513,383,511,518,506,456,384,520,378,488,Squat
523,512,382,644,517,515,383,511,518,506,456,384,520,378,484,Squat
523,513,382,644,517,515,383,507,518,506,458,384,520,378,482,Squat
523,507,381,644,518,515,383,508,518,506,456,384,519,381,482,Squat
523,504,382,644,516,515,383,509,518,507,454,383,519,382,483,Squat
525,501,383,644,515,515,383,509,518,506,456,381,519,382,485,Squat
526,511,383,645,514,516,383,504,516,504,455,380,519,384,488,Squat
525,511,383,646,512,516,383,507,516,505,460,380,520,387,489,Squat
525,508,381,646,510,517,383,510,518,505,457,379,518,390,489,Squat
528,504,380,644,509,515,384,516,517,503,456,383,513,396,491,Squat
527,500,385,643,507,515,384,516,515,499,451,393,512,402,500,Squat
523,504,392,644,512,515,384,520,515,503,461,399,508,407,506,Squat
522,509,397,644,510,516,386,525,516,507,469,394,508,409,500,Squat
518,509,402,644,510,518,388,535,520,506,471,390,513,401,501,Squat
516,503,406,644,512,518,385,527,518,509,474,391,520,397,506,Squat
515,496,410,644,517,518,380,525,522,512,476,396,523,401,510,Squat
516,496,410,643,527,515,384,520,526,512,470,401,523,407,506,Squat
519,497,409,646,525,519,388,536,527,507,471,401,523,401,507,Squat
522,503,406,643,519,526,384,537,521,508,475,397,522,394,509,Squat
519,503,403,642,520,529,385,533,521,508,477,401,522,391,505,Squat
516,507,399,647,534,530,386,533,528,508,477,399,520,392,506,Squat
515,508,395,645,536,525,392,537,535,508,477,394,516,397,514,Squat
513,498,395,637,510,532,390,537,534,510,476,394,515,403,517,Squat
514,490,398,641,530,526,387,540,532,510,470,396,516,404,516,Squat
518,487,401,638,537,524,389,549,535,508,469,394,519,400,521,Squat
523,498,399,636,537,523,391,554,536,505,469,389,519,393,522,Squat
526,504,394,638,546,516,392,559,540,503,473,386,519,389,521,Squat
527,498,397,637,548,517,392,557,545,500,474,390,520,384,525,Squat
525,488,401,637,546,522,392,557,545,500,471,394,520,378,528,Squat
526,498,400,633,554,517,388,544,544,503,474,387,517,374,532,Squat
529,510,385,637,551,518,392,553,542,501,478,378,517,378,528,Squat
528,503,386,635,557,524,392,554,537,499,484,384,517,380,532,Squat
529,500,387,634,553,527,391,558,543,503,469,385,518,378,531,Squat
532,497,385,637,554,521,393,567,540,500,466,384,519,374,533,Squat
527,500,376,636,557,519,398,569,541,496,467,378,519,375,537,Squat
518,501,378,633,562,519,400,570,543,499,470,368,522,378,540,Squat
518,499,377,629,564,518,400,570,542,501,466,365,524,379,540,Squat
521,503,362,631,562,518,398,571,539,502,459,359,523,380,540,Squat
522,498,358,630,568,517,401,572,541,503,458,358,519,377,542,Squat
522,492,362,626,570,520,401,572,542,501,463,361,520,372,544,Squat
524,491,360,626,566,518,401,576,540,503,477,359,521,371,544,Squat
521,472,349,629,573,517,401,582,537,503,477,354,523,368,544,Squat
515,472,354,628,573,516,399,576,540,505,451,342,521,363,547,Squat
513,492,358,626,573,518,399,573,535,504,446,337,516,359,551,Squat
509,480,365,625,570,517,403,574,536,502,455,347,517,359,549,Squat
508,474,362,627,571,517,404,576,534,506,442,347,525,357,552,Squat
511,476,353,625,574,515,403,576,535,509,448,342,532,357,559,Squat
511,476,355,626,573,515,404,578,531,508,430,357,530,360,558,Squat
511,475,351,625,571,516,402,575,531,509,439,360,524,355,557,Squat
515,477,336,624,574,518,404,577,538,510,434,350,522,354,554,Squat
518,484,330,623,576,518,402,579,534,508,432,347,520,353,559,Squat
515,480,336,623,576,517,402,579,535,507,423,351,521,355,555,Squat
512,482,337,623,576,520,404,580,536,508,434,346,526,350,554,Squat
516,479,336,622,577,523,405,580,534,510,425,343,529,348,559,Squat
519,476,342,622,579,517,405,582,533,508,423,344,529,348,563,Squat
512,478,348,623,578,517,406,581,529,509,425,342,528,348,561,Squat
506,478,344,621,580,514,404,579,529,509,431,347,528,344,560,Squat
506,479,339,621,580,514,405,581,531,511,430,347,528,345,564,Squat
504,469,345,621,581,513,406,581,529,516,433,346,527,349,566,Squat
500,463,349,621,578,513,406,582,529,522,438,342,526,349,563,Squat
495,468,338,621,578,513,405,582,529,517,446,346,526,349,563,Squat
499,467,344,620,578,510,406,582,532,517,441,345,526,356,560,Squat
509,462,353,623,574,513,408,584,531,517,448,338,527,361,557,Squat
510,467,359,620,577,518,406,585,532,513,455,337,525,368,556,Squat
506,475,363,622,579,512,404,583,531,510,453,347,522,376,553,Squat
503,480,368,622,579,512,407,582,535,513,448,353,521,376,554,Squat
506,484,373,620,577,516,404,583,533,513,455,360,521,377,552,Squat
508,481,381,620,577,513,403,580,537,513,463,368,519,372,550,Squat
507,486,386,622,577,516,404,579,538,512,472,375,519,371,543,Squat
510,487,383,622,577,516,402,578,537,513,470,371,521,371,541,Squat
511,496,378,624,577,512,403,575,542,511,461,374,521,374,532,Squat
511,511,382,625,577,512,399,582,534,506,471,373,523,369,530,Squat
511,507,382,626,575,517,399,579,534,506,476,369,523,368,532,Squat
513,504,366,628,575,518,397,574,539,511,473,375,523,373,527,Squat
512,499,369,628,573,520,398,571,541,512,467,377,523,377,523,Squat
512,503,387,628,573,519,396,567,539,513,469,368,523,382,518,Squat
513,513,386,630,571,521,393,572,527,514,477,374,523,384,514,Squat
512,524,383,631,564,526,396,568,529,508,485,385,521,383,515,Squat
509,505,412,631,564,521,397,565,532,510,481,388,517,385,513,Squat
511,503,420,631,565,521,395,563,530,518,482,388,518,381,513,Squat
514,529,393,633,560,520,392,559,529,515,483,395,520,381,513,Squat
513,525,393,634,558,523,390,559,528,512,479,400,518,385,507,Squat
512,517,410,635,554,525,389,559,527,523,474,395,516,392,493,Squat
517,522,392,636,555,522,389,549,527,517,484,393,516,391,498,Squat
519,527,376,637,550,522,387,544,526,509,475,390,514,401,505,Squat
512,517,394,637,549,525,388,542,526,517,471,390,514,418,495,Squat
511,515,413,638,548,522,388,533,524,519,476,391,514,428,487,Squat
513,532,398,639,544,522,390,521,522,505,491,386,514,427,501,Squat
511,527,402,638,533,521,389,516,522,507,483,387,515,439,510,Squat
510,511,431,638,523,518,388,509,519,511,473,396,514,449,501,Squat
521,517,418,638,510,520,386,509,517,512,480,394,514,434,503,Squat
518,534,402,642,510,521,385,506,520,511,481,394,517,414,505,Squat
513,529,404,644,507,524,384,507,515,511,480,403,517,398,490,Squat
508,528,402,642,509,523,382,506,513,513,478,407,517,378,483,Squat
508,530,397,644,508,518,382,509,508,515,481,399,517,369,483,Squat
508,527,390,646,508,515,383,506,508,514,476,393,518,374,483,Squat
511,531,387,644,506,516,383,504,511,514,474,387,518,381,483,Squat
513,534,382,644,505,517,382,508,514,514,474,381,518,383,483,Squat
514,532,382,644,507,517,382,505,515,512,473,377,517,383,480,Squat
515,527,386,644,507,520,384,500,515,510,468,374,516,383,479,Squat
515,525,388,643,498,525,380,503,511,510,472,372,516,381,479,Squat
515,525,386,644,499,524,383,503,511,506,475,371,516,377,480,Squat
513,526,389,649,510,514,383,502,514,506,470,371,516,377,479,Squat
513,532,386,647,507,513,383,498,516,509,468,369,516,377,478,Squat
513,540,381,646,502,513,382,497,516,509,472,369,517,380,479,Squat
513,543,380,646,500,518,382,499,515,513,471,370,518,383,476,Squat
513,544,376,646,502,521,382,497,516,516,468,371,518,382,472,Squat
515,548,373,646,505,520,382,494,517,515,467,371,518,378,474,Squat
515,552,371,646,505,518,382,493,519,512,465,372,518,378,474,Squat
515,549,374,646,504,518,382,495,518,512,460,377,518,378,475,Squat
515,553,374,646,502,518,382,497,518,513,462,376,519,378,476,Squat
518,552,374,646,503,517,382,497,518,513,467,370,520,378,476,Squat
517,541,378,646,503,517,382,497,519,512,466,369,520,380,476,Squat
518,539,381,646,502,518,382,498,519,513,459,373,519,382,474,Squat
521,544,383,646,501,519,382,498,519,509,467,374,518,382,474,Squat
520,527,383,646,499,520,382,502,518,505,477,378,518,382,478,Squat
520,525,384,645,496,522,382,505,517,507,469,379,519,383,481,Squat
517,511,389,645,496,519,382,505,517,505,466,383,519,386,484,Squat
515,503,393,645,499,514,382,504,514,508,471,383,517,387,484,Squat
515,506,394,645,503,514,382,507,510,515,474,381,515,385,484,Squat
515,503,392,643,508,513,384,518,513,514,477,380,515,385,484,Squat
515,493,392,643,509,512,383,518,516,512,473,378,516,385,485,Squat
515,495,391,645,510,514,383,523,514,510,477,376,521,386,485,Squat
522,497,392,645,510,514,383,520,514,506,478,378,522,393,483,Squat
526,500,393,645,508,515,384,523,510,503,477,377,517,403,485,Squat
525,505,393,644,504,515,383,532,513,502,477,382,513,409,492,Squat
525,508,396,643,511,516,382,539,516,497,477,391,513,414,498,Squat
524,506,405,644,519,513,386,519,528,499,480,401,516,420,496,Squat
524,501,414,644,518,515,390,503,534,499,485,411,516,417,498,Squat
524,504,417,643,523,516,386,530,532,500,493,416,513,402,512,Squat
521,501,415,644,533,515,384,543,525,506,498,410,512,396,511,Squat
520,497,413,642,533,515,384,543,522,510,488,401,513,391,504,Squat
517,497,405,641,526,525,386,532,532,510,483,396,516,392,509,Squat
515,503,400,643,531,526,385,535,531,513,481,387,520,397,512,Squat
514,500,399,641,534,526,384,543,527,517,480,381,524,399,512,Squat
511,503,394,641,538,520,387,536,529,522,479,376,526,397,515,Squat
506,507,389,642,538,519,387,534,536,523,477,378,525,392,520,Squat
508,512,391,639,525,527,387,536,543,519,478,378,521,387,521,Squat
508,510,392,639,529,531,390,541,543,517,481,379,521,384,524,Squat
513,512,389,639,537,529,388,553,532,513,483,373,519,384,529,Squat
512,511,384,639,544,525,388,553,532,514,485,372,517,384,535,Squat
511,512,384,639,546,523,391,548,541,517,485,374,516,383,536,Squat
511,510,383,639,545,523,391,555,542,519,489,376,513,378,538,Squat
516,516,379,635,542,528,394,554,544,514,483,371,513,377,543,Squat
521,529,377,634,557,518,390,560,534,512,480,367,518,383,541,Squat
524,529,377,634,557,522,392,560,540,510,474,375,520,384,539,Squat
527,529,366,634,558,520,396,563,543,504,487,383,518,382,537,Squat
528,512,368,633,560,522,394,563,540,506,478,376,515,382,541,Squat
522,498,376,634,561,520,395,564,541,509,461,374,516,382,543,Squat
518,498,375,632,564,521,398,564,542,508,465,378,514,381,543,Squat
517,492,371,629,563,523,397,569,539,511,472,372,512,379,546,Squat
519,479,387,631,565,520,397,570,537,510,468,360,514,378,547,Squat
524,473,390,630,564,521,398,570,543,502,459,354,520,374,547,Squat
525,475,385,629,568,524,401,573,545,501,461,354,524,372,547,Squat
525,467,384,628,564,524,402,573,542,504,468,355,525,371,545,Squat
523,464,379,629,559,524,396,572,537,510,470,351,521,369,546,Squat
518,456,372,633,571,514,402,578,540,510,465,354,518,369,546,Squat
516,456,364,628,570,520,398,579,544,510,463,360,514,366,548,Squat
516,456,356,627,569,523,400,576,535,511,462,360,514,361,552,Squat
517,459,354,628,566,520,402,573,533,511,467,350,517,362,550,Squat
516,461,351,628,570,522,406,579,530,511,466,345,519,360,545,Squat
518,460,351,627,572,517,401,574,533,508,465,342,523,355,554,Squat
517,457,354,625,570,520,403,575,537,508,463,329,523,364,553,Squat
520,474,353,626,570,515,404,577,539,508,457,329,523,360,550,Squat
520,487,341,624,571,515,401,576,537,506,465,336,523,354,550,Squat
520,475,344,623,573,518,403,576,534,510,465,338,527,349,553,Squat
517,470,346,625,576,517,401,576,539,512,453,333,527,346,558,Squat
514,484,337,624,577,521,402,578,539,509,443,334,526,346,560,Squat
517,481,332,624,577,519,403,578,535,507,453,343,524,346,557,Squat
517,469,335,624,579,522,403,581,530,510,450,342,524,343,557,Squat
514,469,343,623,579,518,404,581,527,509,450,337,524,344,559,Squat
514,466,348,624,576,517,403,578,528,509,446,340,524,348,559,Squat
515,464,350,623,576,517,405,579,528,509,449,340,524,347,561,Squat
514,467,352,623,576,516,405,577,528,511,452,336,522,350,560,Squat
513,471,351,623,574,514,403,578,528,508,455,339,520,356,557,Squat
511,471,350,625,574,513,404,579,534,507,449,347,519,361,557,Squat
511,467,358,624,576,514,403,579,533,510,453,352,519,366,553,Squat
511,472,362,623,576,514,404,581,533,516,459,348,525,367,555,Squat
514,475,362,622,576,513,405,581,533,514,458,349,528,372,556,Squat
512,482,364,625,575,512,407,582,533,512,448,360,527,379,552,Squat
512,488,367,623,575,508,404,580,534,512,451,370,525,373,554,Squat
513,486,367,623,574,512,403,578,537,509,463,372,525,374,552,Squat
516,486,368,623,573,512,403,578,536,508,458,373,524,377,553,Squat
516,482,377,623,573,512,405,576,541,510,461,372,519,379,546,Squat
516,484,382,626,574,512,400,577,537,510,459,370,519,373,546,Squat
518,491,380,628,574,513,399,577,539,505,465,369,520,372,547,Squat
518,497,383,627,572,516,401,571,547,505,476,363,520,377,545,Squat
518,487,394,626,572,514,401,570,545,508,478,367,520,379,537,Squat
517,486,393,627,570,520,396,574,540,508,476,375,520,375,533,Squat
517,495,385,630,570,519,397,572,542,507,473,378,521,374,532,Squat
517,489,388,631,572,518,396,566,542,508,475,378,522,379,528,Squat
518,484,388,629,568,520,397,565,544,514,473,382,522,378,523,Squat
518,494,385,631,564,522,392,570,536,508,473,389,519,374,520,Squat
516,500,398,632,565,521,394,563,536,501,478,381,517,375,517,Squat
508,488,421,633,567,514,393,563,534,505,483,373,517,379,508,Squat
503,491,438,633,567,514,393,566,531,517,478,383,522,374,506,Squat
504,516,414,633,563,517,391,565,529,513,480,409,529,362,517,Squat
515,535,396,634,559,517,389,561,530,508,486,414,527,368,524,Squat
518,535,394,636,552,521,390,553,531,510,468,413,522,390,512,Squat
516,526,386,639,549,520,390,550,529,522,458,414,519,407,498,Squat
519,535,381,641,548,519,388,550,526,512,473,390,511,420,494,Squat
522,553,360,640,544,517,390,535,526,513,491,376,510,434,499,Squat
517,556,371,637,534,517,390,526,532,510,472,376,514,447,504,Squat
514,540,393,637,519,517,388,520,533,510,479,374,513,449,509,Squat
508,536,399,641,516,523,387,520,530,513,488,377,514,442,509,Squat
504,537,405,641,512,520,386,510,526,515,483,386,517,429,501,Squat
508,537,409,638,494,522,386,508,525,513,487,390,522,408,494,Squat
509,525,411,640,498,524,382,515,516,514,486,392,521,393,490,Squat
510,516,411,643,504,517,382,515,511,515,478,396,518,385,485,Squat
514,517,403,642,500,514,382,509,510,509,487,394,514,381,492,Squat
514,517,399,644,503,505,385,498,515,504,485,393,512,389,491,Squat
511,517,398,644,498,509,383,500,515,504,480,392,512,392,488,Squat
511,517,396,644,497,513,382,495,516,507,476,387,515,389,487,Squat
511,520,391,644,497,517,385,482,524,510,476,382,516,380,486,Squat
510,517,390,645,498,520,387,473,533,514,482,379,516,371,483,Squat
510,515,387,647,500,518,383,484,526,516,479,378,517,367,483,Squat
510,519,382,647,499,516,383,489,523,516,479,374,522,371,482,Squat
507,520,380,647,498,516,383,493,519,516,475,369,527,376,481,Squat
502,516,387,647,499,516,383,496,520,518,470,367,528,381,477,Squat
506,518,391,645,498,518,381,502,517,522,478,366,523,382,472,Squat
504,525,376,645,498,518,383,499,519,526,488,371,524,381,475,Squat
501,518,372,645,498,516,383,498,520,523,481,382,521,380,480,Squat
500,522,372,645,497,516,383,498,520,515,473,384,513,378,483,Squat
501,522,370,645,497,517,383,499,520,514,477,374,510,378,481,Squat
505,521,368,645,497,518,383,499,520,511,475,366,512,379,481,Squat
510,520,368,644,497,518,383,496,520,510,473,356,517,380,480,Squat
512,520,369,645,497,517,383,496,520,510,473,350,522,380,479,Squat
512,515,369,645,498,517,383,496,522,510,472,347,525,379,479,Squat
512,515,368,645,496,518,383,496,522,510,472,347,523,379,478,Squat
511,515,368,645,492,519,383,497,522,512,470,351,519,379,477,Squat
511,517,367,645,493,520,383,498,520,512,470,359,518,379,477,Squat
511,519,367,645,494,521,383,499,520,513,475,365,518,378,479,Squat
511,519,369,645,494,521,383,499,520,512,473,370,518,379,479,Squat
511,517,374,645,494,520,383,499,520,512,472,370,518,379,479,Squat
512,517,379,645,493,520,382,502,518,512,472,371,518,380,479,Squat
512,516,383,645,494,519,382,504,517,510,474,373,518,380,481,Squat
512,513,388,645,498,516,382,505,518,510,477,374,521,381,480,Squat
514,513,389,646,500,516,382,502,519,510,477,377,521,381,479,Squat
514,515,389,646,500,520,382,501,517,510,474,380,521,383,479,Squat
513,516,392,646,501,519,383,497,517,510,481,381,520,383,480,Squat
512,513,389,644,492,522,383,504,516,511,483,382,518,382,481,Squat
509,506,389,645,492,518,383,509,516,514,476,382,519,385,482,Squat
509,503,389,644,496,513,383,509,519,515,474,382,518,385,485,Squat
512,502,389,642,503,513,383,508,518,514,476,381,516,385,483,Squat
517,501,392,644,509,510,383,507,518,512,476,383,512,387,482,Squat
518,502,395,644,507,511,384,504,521,510,475,385,511,392,480,Squat
522,504,391,644,504,514,387,505,520,506,478,383,511,401,480,Squat
521,503,392,644,504,516,383,523,520,501,473,382,512,408,485,Squat
517,501,398,642,508,514,381,540,506,502,467,387,512,412,489,Squat
516,503,401,642,515,512,386,528,511,504,476,389,516,414,487,Squat
519,500,402,642,516,515,386,522,517,501,481,391,521,414,485,Squat
519,503,405,643,519,517,386,522,524,498,477,399,522,409,492,Squat
520,507,410,642,522,523,384,532,533,500,481,403,516,407,493,Squat
525,504,413,641,529,524,386,534,529,501,486,406,512,402,494,Squat
527,503,409,642,540,518,385,540,528,505,487,405,512,397,496,Squat
525,508,398,643,538,519,385,534,530,510,482,404,510,400,494,Squat
521,516,397,642,532,526,387,537,532,510,478,400,508,399,501,Squat
518,516,396,640,527,528,387,537,529,513,480,393,509,397,511,Squat
513,517,395,642,539,525,386,540,529,516,481,387,512,401,513,Squat
507,513,392,640,537,527,388,550,534,515,478,385,516,399,515,Squat
502,510,390,640,540,525,389,552,528,518,471,384,519,392,516,Squat
507,517,388,639,536,531,390,552,533,525,462,386,525,382,528,Squat
519,524,386,639,549,526,392,549,535,516,485,376,526,376,534,Squat
520,498,380,637,550,524,392,555,531,512,491,365,525,374,530,Squat
515,484,380,636,549,525,392,557,539,511,471,361,521,373,533,Squat
515,492,377,634,553,523,394,561,538,507,472,370,516,375,534,Squat
522,497,376,631,555,524,393,567,539,504,482,369,513,375,534,Squat
523,487,378,634,561,523,397,567,540,501,480,363,513,374,537,Squat
520,484,377,632,566,521,397,567,541,502,467,365,517,374,543,Squat
520,483,381,631,566,520,397,567,541,507,472,368,519,377,544,Squat
520,486,380,631,564,521,395,568,539,510,473,366,519,376,547,Squat
523,497,377,631,565,522,398,573,539,507,476,367,518,376,545,Squat
526,502,375,629,567,520,400,571,541,506,465,374,517,375,547,Squat
524,503,381,628,569,520,401,570,542,509,477,373,519,377,544,Squat
522,501,380,628,569,517,401,574,539,511,475,365,521,375,543,Squat
520,503,372,629,569,521,399,574,538,508,458,371,521,375,547,Squat
523,510,368,629,569,519,401,576,536,504,467,373,520,378,548,Squat
522,495,376,628,568,523,403,577,539,508,473,368,519,376,544,Squat
520,494,371,627,569,521,403,577,542,512,470,361,521,371,547,Squat
516,488,358,626,570,521,400,577,531,513,462,358,520,370,549,Squat
516,489,358,626,572,520,403,577,537,509,459,356,520,369,546,Squat
522,494,361,627,572,523,402,577,539,509,472,351,521,365,548,Squat
525,485,360,625,572,523,405,577,540,504,473,352,523,365,551,Squat
521,480,361,624,573,523,404,579,534,502,462,354,523,369,550,Squat
519,486,363,624,575,521,403,580,529,503,457,353,523,362,551,Squat
522,497,359,623,578,523,405,578,532,498,472,348,523,360,555,Squat
523,484,360,623,577,523,406,580,533,501,474,349,523,362,550,Squat
519,476,360,623,576,520,403,580,529,508,472,346,523,355,550,Squat
516,481,350,621,577,517,403,580,531,509,466,341,522,351,557,Squat
518,491,342,622,579,517,404,580,533,505,461,343,522,357,551,Squat
521,481,344,622,576,517,403,580,533,506,462,343,523,355,554,Squat
521,473,346,622,576,521,403,581,536,509,456,336,523,354,553,Squat
521,485,335,623,577,521,405,581,537,510,461,329,524,354,553,Squat
520,487,335,623,578,522,405,579,534,507,452,330,524,354,554,Squat
521,484,345,623,579,519,403,576,534,507,451,338,524,353,559,Squat
520,484,349,622,580,522,403,577,534,510,467,335,524,353,558,Squat
516,487,349,623,580,519,403,579,534,514,465,336,527,355,555,Squat
517,493,353,622,580,520,402,579,536,512,454,347,525,357,558,Squat
520,497,363,623,580,516,405,581,536,505,463,356,520,366,559,Squat
513,488,363,622,576,512,404,582,531,508,469,361,520,368,552,Squat
511,494,362,621,574,512,404,580,532,509,459,364,523,369,556,Squat
513,492,373,621,575,509,403,580,536,506,464,369,523,375,557,Squat
511,484,375,622,572,511,404,580,535,509,480,364,523,377,554,Squat
511,483,369,621,573,514,402,578,531,513,473,356,523,376,556,Squat
514,493,365,624,575,514,403,578,533,508,463,355,523,381,554,Squat
515,494,370,624,575,517,403,578,533,507,476,354,523,381,552,Squat
514,486,369,624,575,519,403,578,534,511,484,359,523,382,551,Squat
515,483,366,623,575,519,402,578,534,511,473,355,523,379,554,Squat
514,484,369,625,570,521,401,577,531,510,465,357,521,380,552,Squat
512,491,376,626,573,519,401,577,532,510,471,357,521,381,548,Squat
509,496,378,626,573,520,401,575,531,510,481,361,521,377,547,Squat
508,500,370,626,571,520,400,572,535,512,474,361,521,376,546,Squat
510,505,373,627,568,523,398,574,535,513,465,366,520,374,547,Squat
511,505,379,628,570,523,399,573,533,515,468,373,520,374,545,Squat
517,509,374,631,570,523,395,570,536,513,474,374,522,372,544,Squat
517,509,373,631,570,525,398,570,536,512,473,370,522,377,538,Squat
517,498,382,629,564,530,397,563,541,513,470,369,522,377,534,Squat
517,504,380,630,562,529,394,563,539,510,474,376,522,376,534,Squat
514,514,374,630,564,528,393,570,529,509,485,376,521,379,533,Squat
511,503,383,633,567,522,394,569,529,514,478,373,522,380,523,Squat
514,496,387,634,562,527,393,569,530,514,474,373,521,375,522,Squat
516,509,379,633,559,525,393,559,532,511,481,372,518,375,526,Squat
512,516,381,633,558,524,391,553,534,511,489,371,513,382,518,Squat
511,503,389,635,553,524,391,554,533,513,483,385,512,376,519,Squat
511,514,381,636,553,523,388,557,531,507,485,389,512,377,520,Squat
510,514,386,636,550,525,387,552,529,504,492,376,514,387,506,Squat
510,495,405,638,549,525,387,547,531,509,483,369,512,391,495,Squat
515,498,403,638,545,525,386,547,524,513,479,375,517,392,504,Squat
521,526,387,639,546,521,387,541,523,509,486,373,525,407,506,Squat
523,520,395,640,546,517,390,527,521,511,495,372,522,421,504,Squat
525,517,396,639,541,518,387,526,522,521,488,388,521,424,512,Squat
522,514,391,638,529,514,386,516,521,526,476,398,520,436,509,Squat
514,526,395,641,529,518,386,509,521,527,471,398,515,439,501,Squat
513,528,403,642,520,515,386,504,520,526,474,403,512,424,503,Squat
517,530,409,640,510,521,386,502,519,515,481,399,512,409,504,Squat
521,518,412,642,507,529,384,507,515,511,484,403,515,401,493,Squat
521,505,414,645,512,524,383,508,510,504,473,408,516,384,488,Squat
524,503,411,643,510,517,382,506,508,499,470,405,519,376,492,Squat
525,503,401,643,507,513,384,499,513,499,474,396,519,381,492,Squat
525,500,399,643,505,513,381,506,513,503,474,388,516,384,486,Squat
525,505,392,645,506,513,381,509,516,507,472,379,515,384,484,Squat
526,503,386,646,500,517,383,507,517,510,471,378,516,383,485,Squat
522,496,384,646,500,519,383,503,517,514,469,378,517,383,484,Squat
520,501,380,646,498,523,381,503,514,514,464,377,518,383,479,Squat
522,496,375,643,494,527,382,506,513,512,463,380,518,380,480,Squat
522,490,377,645,493,526,382,504,515,509,460,383,518,377,484,Squat
518,495,378,646,499,518,382,502,514,509,458,384,518,377,482,Squat
517,507,373,645,499,518,382,503,514,508,468,376,518,379,481,Squat
517,502,372,645,498,519,382,501,514,508,466,373,519,380,481,Squat
521,499,377,646,499,519,382,501,514,508,457,372,519,380,480,Squat
523,499,380,646,499,521,382,501,514,507,451,371,519,380,481,Squat
524,499,381,646,499,522,382,501,516,506,453,373,520,379,481,Squat
524,499,381,646,499,521,382,502,516,506,456,376,520,379,481,Squat
523,501,380,646,499,520,382,502,516,504,463,375,520,379,480,Squat
522,501,380,646,498,520,382,502,514,504,464,374,519,379,479,Squat
521,497,383,646,497,522,382,502,514,505,469,370,519,379,482,Squat
520,487,386,646,495,522,382,503,514,508,470,371,519,380,482,Squat
520,486,387,646,495,522,382,503,515,509,468,374,519,380,482,Squat
520,486,387,646,495,523,382,502,516,511,468,375,518,377,483,Squat
521,489,383,646,496,523,382,502,516,512,469,375,518,376,483,Squat
521,494,383,646,497,521,382,502,515,512,470,376,517,378,484,Squat
520,496,381,645,498,520,382,502,515,511,467,379,516,380,482,Squat
522,499,379,645,498,521,382,504,515,510,466,381,516,380,484,Squat
523,502,379,645,498,521,382,504,514,509,466,381,517,380,487,Squat
523,505,381,645,498,520,382,509,513,509,464,381,518,383,482,Squat
525,501,386,645,499,520,381,512,514,508,465,381,518,385,482,Squat
527,502,390,645,503,519,382,511,515,507,465,381,517,386,485,Squat
527,502,392,645,502,519,382,510,514,505,465,386,517,389,488,Squat
527,504,392,645,502,519,382,513,513,503,468,387,513,394,491,Squat
524,504,396,645,503,518,383,513,517,508,467,388,515,398,495,Squat
525,501,399,643,500,516,385,511,521,508,466,389,519,402,494,Squat
526,498,397,644,500,516,385,509,514,506,469,390,518,405,495,Squat
526,508,389,645,505,518,385,526,511,506,472,391,514,405,504,Squat
524,515,367,644,511,516,383,526,520,509,476,392,514,409,512,Squat
518,505,375,642,522,511,386,521,526,514,475,393,512,414,505,Squat
516,495,389,644,517,511,384,528,517,515,474,389,510,406,504,Squat
514,492,399,644,518,513,384,528,521,511,480,381,508,400,509,Squat
512,479,404,644,529,520,387,528,540,510,483,376,508,400,513,Squat
511,481,405,643,525,521,389,532,532,510,478,380,513,400,505,Squat
514,482,407,642,525,524,383,547,522,512,482,379,521,396,509,Squat
519,486,408,642,531,527,385,541,533,513,482,378,521,394,517,Squat
520,486,410,642,529,527,391,535,541,513,479,383,517,397,519,Squat
520,488,410,641,541,524,387,539,540,515,476,392,516,396,523,Squat
524,494,409,641,537,523,384,545,538,510,479,396,517,392,526,Squat
527,494,406,640,530,530,388,544,542,505,479,401,518,391,525,Squat
534,499,402,640,531,533,387,548,539,501,477,406,518,387,524,Squat
538,504,398,642,543,522,391,549,541,496,477,408,516,388,523,Squat
538,503,389,638,550,524,391,550,540,496,481,397,515,393,522,Squat
537,496,390,637,548,523,391,555,542,497,474,386,512,390,527,Squat
538,485,389,636,550,522,395,561,542,498,464,383,512,387,534,Squat
535,478,394,636,546,522,396,570,544,500,467,383,516,384,532,Squat
531,480,400,635,550,517,399,554,548,499,475,382,518,376,535,Squat
533,497,394,632,558,523,386,555,535,498,491,378,520,367,550,Squat
535,499,396,636,553,521,395,564,539,491,491,385,520,372,549,Squat
534,497,389,639,553,523,393,558,537,495,478,386,520,372,545,Squat
532,486,383,634,560,519,389,563,537,499,458,378,515,367,542,Squat
532,476,377,636,553,520,403,571,545,498,464,371,515,367,547,Squat
532,471,372,634,566,517,395,567,541,493,472,361,519,375,547,Squat
527,462,371,627,557,517,395,568,544,496,471,355,521,377,548,Squat
526,468,363,633,562,516,399,570,544,503,463,356,524,371,551,Squat
526,485,355,630,560,519,400,571,540,498,469,350,525,364,552,Squat
532,492,353,632,564,518,396,566,539,495,478,349,521,366,552,Squat
529,460,357,630,562,513,398,573,540,491,475,354,520,371,550,Squat
521,445,361,634,562,517,398,570,537,497,470,351,520,371,545,Squat
520,446,359,627,570,525,398,569,546,501,467,344,520,366,551,Squat
525,449,367,629,565,523,403,570,545,498,467,345,524,367,558,Squat
526,449,367,633,563,519,401,570,543,505,476,336,531,358,558,Squat
523,450,362,632,570,522,398,572,538,507,463,326,532,346,562,Squat
517,447,352,628,569,520,399,571,537,508,453,333,527,345,564,Squat
517,448,340,629,565,519,400,571,533,505,463,333,524,340,567,Squat
521,442,332,629,567,522,401,571,537,505,460,317,523,341,559,Squat
521,432,330,628,571,520,401,573,536,502,451,310,523,339,564,Squat
522,432,325,628,572,521,401,574,537,498,454,301,524,342,563,Squat
524,435,324,629,573,522,401,574,535,501,454,296,525,343,562,Squat
524,435,335,628,572,522,401,574,532,500,459,308,524,342,563,Squat
520,437,349,626,572,523,401,574,532,503,454,321,524,346,564,Squat
519,445,358,626,572,524,401,576,533,506,452,331,523,350,561,Squat
517,460,358,627,571,522,400,576,529,506,460,338,522,353,559,Squat
514,468,361,628,573,523,402,577,530,509,466,342,523,360,560,Squat
515,464,363,627,572,521,401,575,535,514,464,351,523,367,558,Squat
522,470,364,628,567,518,401,575,532,513,451,360,520,374,554,Squat
526,476,362,627,567,517,402,576,531,507,450,360,517,381,553,Squat
525,478,360,629,570,514,402,576,533,502,448,367,517,386,552,Squat
523,487,366,625,572,515,402,575,535,500,451,376,521,386,551,Squat
521,497,378,625,570,515,401,575,535,503,461,374,526,383,549,Squat
520,497,384,625,571,518,399,575,534,503,470,369,528,383,548,Squat
522,494,382,625,572,518,400,574,535,501,461,381,528,380,554,Squat
521,498,379,628,572,518,399,572,537,499,456,386,526,382,548,Squat
521,492,378,628,570,518,402,571,540,503,464,380,525,375,550,Squat
525,483,375,626,568,524,398,575,531,505,460,382,522,377,549,Squat
527,481,375,629,571,519,398,572,535,502,450,389,519,376,551,Squat
528,489,377,629,574,519,398,572,537,500,455,377,518,373,549,Squat
526,487,382,629,572,519,398,567,540,500,468,367,519,369,548,Squat
528,475,385,626,568,520,395,570,536,498,467,370,520,368,548,Squat
528,470,395,627,567,524,393,570,533,498,462,364,523,371,543,Squat
523,477,393,631,570,521,394,568,539,507,455,357,527,372,534,Squat
526,495,375,632,572,518,401,565,542,509,454,368,523,371,535,Squat
523,496,376,633,568,523,393,566,537,499,467,383,518,375,528,Squat
518,491,389,632,563,528,391,565,533,500,466,388,513,376,520,Squat
523,502,388,630,561,525,392,560,531,503,464,398,516,376,516,Squat
523,507,393,635,562,523,392,562,534,498,479,397,520,376,521,Squat
522,499,406,637,556,523,392,560,533,496,481,371,521,384,512,Squat
521,488,413,636,552,524,391,554,532,511,466,375,525,386,503,Squat
526,494,396,636,555,523,388,542,530,511,453,397,526,382,514,Squat
520,510,400,636,546,522,388,544,528,496,472,397,516,400,505,Squat
524,519,419,639,545,522,387,547,526,503,487,392,513,408,502,Squat
530,550,403,640,544,523,387,546,518,507,488,406,516,419,497,Squat
527,543,388,640,541,524,390,533,520,500,497,421,521,425,510,Squat
524,523,412,640,539,517,391,513,522,498,490,412,516,441,514,Squat
518,505,419,639,525,513,387,516,525,516,463,399,516,454,502,Squat
523,509,411,638,512,516,384,523,523,517,453,407,518,446,492,Squat
528,498,408,641,502,519,386,512,517,507,458,415,517,422,496,Squat
532,507,413,642,506,522,385,513,513,500,470,410,514,403,495,Squat
532,509,405,643,504,523,384,509,512,497,476,404,513,388,489,Squat
532,498,401,646,508,523,384,511,511,496,479,404,512,381,482,Squat
532,493,400,645,507,517,385,503,514,493,474,393,511,384,479,Squat
532,503,393,645,502,517,381,505,512,496,467,382,511,387,477,Squat
530,507,378,645,503,516,381,508,514,502,463,377,513,387,477,Squat
526,509,376,645,506,515,383,508,516,502,458,377,512,385,473,Squat
528,516,375,645,506,516,383,502,516,503,462,373,514,382,474,Squat
526,521,370,647,508,516,380,502,513,503,465,369,520,382,477,Squat
522,505,375,645,503,518,383,503,512,503,452,375,523,384,478,Squat
523,509,378,645,500,517,383,501,515,502,446,378,522,383,477,Squat
524,520,375,645,502,516,383,499,519,500,451,372,519,383,474,Squat
522,523,373,645,503,517,382,499,518,500,457,372,519,380,474,Squat
521,519,375,647,504,515,382,502,516,505,455,373,517,377,476,Squat
521,516,377,647,500,518,382,497,517,507,454,372,517,377,476,Squat
521,516,375,646,496,523,382,494,519,506,461,371,518,377,480,Squat
521,519,375,646,493,524,382,494,519,505,464,375,518,377,481,Squat
520,518,379,647,495,521,382,496,519,504,464,377,518,378,479,Squat
520,515,381,645,494,521,382,497,519,508,464,374,517,378,479,Squat
520,514,380,645,494,521,382,497,518,508,465,374,518,378,479,Squat
520,515,380,645,494,521,382,497,518,506,464,376,518,379,479,Squat
521,516,382,645,496,521,382,499,518,506,460,376,518,380,478,Squat
523,517,382,645,497,521,382,500,518,507,464,377,518,378,480,Squat
526,517,381,645,498,521,382,500,518,502,466,377,518,378,481,Squat
528,516,381,645,498,520,382,500,518,502,464,378,518,379,481,Squat
528,515,381,645,498,520,382,500,518,503,462,377,516,379,481,Squat
529,515,380,645,499,519,382,499,519,502,460,375,515,381,480,Squat
532,515,380,645,499,520,383,499,519,503,462,376,512,383,480,Squat
533,515,380,645,498,520,382,502,515,503,463,376,512,385,484,Squat
534,516,381,645,499,518,382,505,513,502,461,376,513,384,488,Squat
529,516,381,645,500,518,382,509,515,502,463,378,514,382,492,Squat
523,521,381,645,500,518,383,512,522,500,464,379,515,385,490,Squat
522,518,385,645,501,517,383,511,526,499,463,381,517,387,491,Squat
522,513,390,646,500,518,383,518,518,501,463,382,517,389,490,Squat
521,512,392,645,499,518,383,524,511,504,464,385,516,389,491,Squat
521,512,393,645,499,516,385,516,514,504,474,386,515,390,492,Squat
524,511,398,645,503,518,384,524,516,504,478,389,514,392,493,Squat
528,506,403,645,508,513,384,526,518,504,474,394,516,397,493,Squat
529,508,407,644,507,512,382,524,517,504,475,397,515,402,497,Squat
530,510,409,641,511,512,382,528,518,503,482,399,514,407,498,Squat
529,509,414,642,523,511,387,524,526,501,480,401,514,406,502,Squat
529,511,414,643,526,512,387,526,528,501,477,404,514,403,502,Squat
529,512,413,643,523,516,384,532,531,496,480,406,518,398,503,Squat
532,513,412,643,531,516,385,530,536,495,486,406,521,402,503,Squat
533,508,406,644,534,517,386,530,535,501,481,404,518,407,503,Squat
534,496,398,641,526,517,385,537,530,502,471,410,513,405,507,Squat
527,492,402,642,539,515,385,533,529,500,477,405,510,399,509,Squat
524,512,399,643,547,518,387,533,539,507,494,384,510,398,513,Squat
527,520,396,640,534,521,388,541,536,504,501,378,508,400,521,Squat
521,520,394,639,525,524,386,547,536,498,490,385,509,392,529,Squat
519,535,393,642,537,525,388,546,537,505,490,377,515,383,530,Squat
512,528,388,641,542,521,389,547,536,508,502,366,521,376,534,Squat
515,516,385,641,538,524,388,549,539,507,489,365,522,373,534,Squat
519,515,382,641,536,524,390,546,542,509,488,367,522,375,533,Squat
523,520,381,640,544,524,390,551,539,509,500,365,517,384,534,Squat
525,520,381,638,545,523,391,552,537,509,497,360,513,388,539,Squat
524,520,382,637,548,521,391,548,543,510,492,362,512,386,543,Squat
522,529,377,636,543,519,391,558,541,509,495,367,516,381,536,Squat
521,544,370,638,547,522,394,562,540,508,493,372,519,373,542,Squat
523,550,364,634,552,520,391,552,537,502,492,373,515,381,541,Squat
527,538,372,636,544,516,392,561,544,494,496,373,514,384,540,Squat
527,531,371,637,546,517,399,565,540,497,481,363,519,384,543,Squat
528,509,365,633,557,516,393,567,538,506,459,366,522,383,555,Squat
525,497,363,633,559,522,396,564,547,510,461,366,517,386,553,Squat
522,496,363,633,560,528,396,565,543,518,464,360,515,376,551,Squat
521,487,367,633,564,524,396,567,539,518,459,358,515,368,555,Squat
516,480,371,634,564,525,397,569,539,518,442,364,516,372,554,Squat
511,498,367,631,563,525,396,566,542,517,453,360,516,371,549,Squat
513,509,363,631,560,522,398,567,541,518,467,349,522,371,553,Squat
519,493,370,631,559,521,399,569,539,512,458,348,523,377,553,Squat
520,482,374,631,561,525,396,575,532,507,456,358,518,378,549,Squat
520,494,370,631,564,522,399,569,538,510,466,355,517,369,552,Squat
522,495,362,628,567,525,402,568,539,505,475,351,521,370,562,Squat
522,496,361,630,561,525,400,571,535,500,459,370,521,375,553,Squat
525,502,365,631,565,522,398,572,531,502,463,366,523,367,551,Squat
526,501,362,629,569,524,399,572,533,504,465,357,526,362,554,Squat
523,494,357,626,572,524,400,575,533,502,459,354,527,359,554,Squat
521,493,354,627,570,524,401,574,533,505,455,358,524,350,559,Squat
523,494,350,627,573,521,400,574,527,502,461,350,524,348,566,Squat
522,489,343,627,571,521,401,574,534,504,455,340,525,347,560,Squat
521,490,338,628,569,521,402,576,534,505,450,332,525,341,557,Squat
526,493,331,627,572,520,400,576,533,501,444,321,526,347,559,Squat
525,483,333,626,572,523,400,578,534,505,447,318,527,349,558,Squat
521,483,329,628,574,523,401,576,535,508,436,322,525,347,564,Squat
520,493,326,627,574,525,401,576,536,509,437,324,524,348,565,Squat
517,496,331,627,572,522,401,574,531,513,438,327,524,348,563,Squat
515,504,336,627,572,522,402,574,529,514,442,337,525,349,564,Squat
514,503,339,626,573,523,402,574,531,511,450,343,525,357,566,Squat
512,483,341,627,572,519,402,575,534,511,444,344,525,362,561,Squat
511,477,343,624,572,519,403,579,533,513,435,353,525,362,558,Squat
513,481,343,626,571,518,401,578,533,510,444,358,523,370,558,Squat
512,482,348,624,571,521,403,579,533,507,449,360,522,376,560,Squat
512,484,366,626,572,513,404,579,534,512,449,363,524,378,558,Squat
521,491,379,625,573,513,402,577,531,509,458,365,522,377,564,Squat
524,494,385,625,572,515,403,578,533,508,469,369,519,384,562,Squat
520,498,391,625,571,515,403,579,532,512,464,369,520,385,557,Squat
514,504,394,625,575,512,403,577,533,516,461,373,520,378,556,Squat
516,506,382,626,574,514,400,578,533,509,460,381,515,377,559,Squat
516,501,375,623,574,517,401,578,536,505,460,381,517,380,554,Squat
519,505,378,624,574,513,401,576,541,509,465,376,518,376,555,Squat
520,523,371,626,575,516,400,575,541,503,485,371,517,377,552,Squat
521,517,368,630,571,520,398,573,540,502,500,366,517,378,546,Squat
519,505,379,629,570,524,398,568,543,505,481,364,517,377,541,Squat
520,511,395,629,570,526,393,566,542,510,475,371,522,374,536,Squat
515,515,407,630,568,529,394,568,539,512,490,374,527,371,531,Squat
516,518,414,632,565,528,394,572,536,508,486,367,527,374,525,Squat
519,539,398,632,565,525,395,567,534,510,485,372,527,375,535,Squat
518,543,386,630,568,522,393,560,536,513,492,381,520,383,524,Squat
514,525,393,632,561,525,393,562,534,512,483,383,511,390,512,Squat
511,511,395,635,559,525,390,563,526,517,464,385,509,387,511,Squat
511,541,370,635,559,519,392,558,526,516,473,394,509,394,505,Squat
512,539,367,636,559,519,391,553,526,507,489,390,510,397,502,Squat
513,524,394,637,553,521,389,547,529,510,478,383,514,395,499,Squat
517,542,384,637,544,527,387,546,526,513,477,394,521,394,506,Squat
523,543,375,638,540,528,386,545,524,505,499,400,520,409,504,Squat
521,529,394,640,541,525,388,536,524,502,494,385,517,422,497,Squat
516,509,427,640,535,527,387,534,527,519,477,381,516,428,499,Squat
517,510,417,639,528,528,384,532,519,519,474,393,515,432,505,Squat
517,522,410,641,529,525,387,520,519,509,479,400,512,439,501,Squat
517,522,415,642,521,520,386,515,517,507,481,392,512,432,500,Squat
516,521,412,641,504,522,384,507,517,509,484,395,516,422,498,Squat
517,513,408,642,507,524,390,501,518,507,478,403,516,412,496,Squat
520,513,407,641,510,519,388,495,515,502,478,401,513,400,489,Squat
526,518,402,637,494,516,381,511,509,504,479,395,515,386,482,Squat
524,518,397,644,490,512,380,514,502,504,477,394,518,377,482,Squat
520,517,392,646,492,514,384,496,507,503,478,386,520,377,478,Squat
517,519,388,645,485,519,383,483,512,506,484,374,519,378,475,Squat
515,513,383,646,484,520,385,477,522,507,482,372,516,373,479,Squat
518,512,380,648,494,518,385,480,531,510,477,372,515,370,484,Squat
521,516,378,647,498,522,384,484,529,511,470,370,514,373,482,Squat
521,524,373,647,499,523,383,492,519,515,473,367,519,375,480,Squat
520,524,371,646,497,523,383,497,512,514,472,368,522,381,476,Squat
519,526,371,645,501,521,383,500,510,513,466,367,522,383,475,Squat
519,526,370,645,505,516,383,498,515,511,466,368,522,383,475,Squat
519,519,373,645,503,511,382,500,518,506,465,371,518,383,476,Squat
522,514,376,645,502,512,382,499,520,505,467,371,513,380,476,Squat
525,517,376,645,502,514,382,495,521,505,471,367,512,380,476,Squat
528,515,380,645,503,518,382,495,520,507,472,369,512,379,476,Squat
529,515,382,646,502,519,382,494,519,508,474,369,514,378,477,Squat
529,519,381,646,502,519,382,494,519,508,469,369,519,380,477,Squat
529,522,381,646,499,518,382,494,519,507,468,374,520,378,481,Squat
526,519,385,646,497,517,382,494,519,506,467,378,521,378,481,Squat
526,520,384,646,496,517,382,494,519,506,467,378,518,379,473,Squat
524,520,379,646,496,518,382,497,519,507,467,378,517,378,472,Squat
524,516,378,646,494,519,382,500,520,506,465,378,516,377,480,Squat
528,511,379,646,493,519,382,501,520,503,465,378,514,381,481,Squat
524,509,379,646,493,519,384,499,519,503,468,379,514,386,481,Squat
522,509,383,646,496,517,383,501,515,504,467,379,514,386,479,Squat
523,509,392,646,500,517,383,499,516,506,469,374,513,387,483,Squat
523,510,392,646,494,519,383,505,513,507,469,377,513,391,490,Squat
519,514,395,643,490,516,383,511,511,506,477,383,515,396,492,Squat
517,512,395,644,490,511,383,511,523,510,482,384,518,397,491,Squat
516,512,394,645,497,512,385,496,531,512,479,385,518,398,486,Squat
519,510,394,644,498,514,387,512,520,509,478,389,518,401,487,Squat
518,510,397,644,495,517,384,526,513,508,479,391,516,403,494,Squat
517,513,397,644,499,515,384,522,514,510,482,390,513,408,492,Squat
520,510,399,640,501,523,386,518,527,510,481,394,510,410,487,Squat
523,506,404,640,524,514,383,531,525,509,477,403,513,406,490,Squat
526,507,410,647,529,510,384,534,526,499,491,415,516,402,497,Squat
530,507,415,647,526,520,383,536,525,489,500,414,518,405,505,Squat
531,509,423,642,523,529,384,537,526,490,488,408,519,403,514,Squat
534,517,423,644,527,525,384,541,524,494,473,401,521,398,514,Squat
535,537,402,643,526,526,384,537,528,494,493,397,521,391,513,Squat
529,539,391,641,532,526,386,536,529,498,503,388,516,389,511,Squat
522,527,391,642,538,522,387,534,531,507,484,380,511,385,514,Squat
524,533,389,641,537,520,386,541,525,509,473,376,513,383,524,Squat
522,540,386,641,532,517,387,539,530,508,482,369,514,384,524,Squat
520,529,389,642,536,521,388,541,534,512,486,360,517,383,523,Squat
520,522,390,641,538,524,387,540,536,510,482,359,519,381,530,Squat
518,521,388,640,538,526,388,546,535,508,484,369,519,382,536,Squat
516,525,385,640,540,525,390,545,535,510,477,375,519,382,539,Squat
518,527,383,640,542,519,389,549,530,515,475,376,521,382,534,Squat
519,519,382,640,541,522,390,544,537,513,479,380,519,376,541,Squat
519,516,382,637,543,527,390,549,535,510,486,383,519,384,539,Squat
519,511,377,638,541,525,391,551,533,509,486,382,522,384,540,Squat
517,508,378,639,552,517,391,556,535,509,476,382,522,384,538,Squat
514,505,380,634,549,523,395,557,535,506,478,377,519,384,543,Squat
516,502,369,636,553,521,388,552,533,505,484,367,517,389,550,Squat
518,486,370,635,551,518,392,559,545,501,472,371,517,387,545,Squat
518,494,378,638,553,519,399,567,544,501,479,364,519,383,544,Squat
515,492,363,633,560,526,392,566,544,507,496,345,520,389,544,Squat
515,475,360,633,559,522,397,564,543,507,455,343,520,388,548,Squat
514,463,373,634,565,522,394,567,539,507,441,348,523,390,554,Squat
513,481,367,631,568,518,397,565,543,508,462,348,524,390,557,Squat
510,484,359,629,565,520,398,566,544,515,461,355,523,384,558,Squat
508,487,369,629,563,518,398,566,544,518,453,366,524,377,566,Squat
513,491,374,630,566,515,400,569,538,514,464,373,522,372,571,Squat
514,494,370,629,565,526,397,572,534,511,472,371,518,370,563,Squat
511,487,367,627,563,519,403,574,539,515,457,363,516,360,571,Squat
514,485,365,629,562,516,400,569,535,518,458,364,516,366,563,Squat
522,486,359,629,568,516,396,569,531,513,468,360,520,362,560,Squat
525,485,349,628,568,521,397,574,534,507,466,349,520,358,561,Squat
532,479,348,628,567,524,398,571,543,503,452,344,521,353,570,Squat
532,485,347,626,570,525,401,572,539,500,443,338,523,355,570,Squat
531,472,349,628,574,527,402,576,538,501,449,333,525,347,565,Squat
532,472,344,629,576,529,401,575,533,503,440,330,527,345,563,Squat
523,482,336,625,575,530,402,576,529,505,439,335,517,345,563,Squat
520,479,335,626,574,526,402,581,529,503,443,340,516,345,564,Squat
525,468,339,626,575,523,403,581,526,501,449,344,517,348,568,Squat
527,454,348,625,575,520,402,580,529,500,436,347,518,351,567,Squat
522,461,353,626,573,520,404,580,535,505,425,351,522,354,567,Squat
521,476,354,624,573,522,402,578,530,508,434,338,525,355,569,Squat
519,475,352,627,575,522,400,577,534,510,425,339,526,356,568,Squat
514,470,357,625,575,525,402,576,531,509,424,354,524,357,563,Squat
511,464,365,627,574,521,401,575,534,508,430,356,522,353,566,Squat
511,468,358,626,572,522,400,575,532,512,428,350,522,360,559,Squat
517,471,351,625,571,517,400,575,531,512,437,345,522,361,561,Squat
516,464,358,626,573,517,402,577,532,512,436,347,522,367,556,Squat
513,489,358,625,573,515,402,577,532,512,440,345,522,369,557,Squat
516,538,343,625,572,518,402,576,532,509,442,354,523,374,556,Squat
515,545,348,624,570,517,402,578,531,497,443,369,522,379,555,Squat
516,533,366,626,571,514,402,577,532,499,443,366,522,378,558,Squat
512,540,381,626,573,514,403,576,534,505,459,376,524,381,553,Squat
516,543,383,626,571,514,403,579,532,501,479,390,521,382,548,Squat
514,532,385,626,567,515,400,576,532,507,472,388,520,381,547,Squat
514,538,395,627,576,514,403,574,539,517,454,386,522,382,542,Squat
525,541,391,628,575,514,402,577,537,511,486,384,519,383,535,Squat
531,551,378,628,571,516,398,576,534,504,492,382,520,385,527,Squat
523,530,387,626,571,520,396,575,534,505,478,384,522,383,522,Squat
520,503,401,626,571,525,398,573,540,510,485,384,524,380,522,Squat
527,502,385,630,575,520,401,570,542,505,483,385,520,380,527,Squat
528,512,383,630,574,520,396,568,538,497,483,377,519,389,522,Squat
524,513,397,630,568,519,391,570,532,501,482,372,523,386,516,Squat
521,522,391,630,570,519,393,566,537,506,481,376,524,378,512,Squat
521,526,382,630,566,521,396,567,537,504,488,376,519,372,512,Squat
518,517,386,634,558,524,397,566,536,503,493,368,517,372,506,Squat
514,499,401,634,559,521,392,566,529,513,484,368,519,375,504,Squat
517,520,384,636,560,519,391,557,529,512,486,376,519,381,507,Squat
518,524,385,637,559,522,388,553,529,506,494,376,515,390,499,Squat
519,510,401,637,551,524,390,550,535,510,482,379,515,391,497,Squat
518,527,397,637,546,520,388,556,531,513,484,388,519,397,501,Squat
520,532,390,640,543,524,386,545,522,507,493,389,518,411,496,Squat
513,524,408,641,543,520,385,532,518,509,486,386,514,423,486,Squat
509,510,436,638,533,517,386,536,525,522,471,395,515,420,492,Squat
517,538,423,639,530,515,389,520,541,514,489,404,516,420,508,Squat
525,550,410,640,527,515,386,521,525,508,510,404,517,432,503,Squat
525,521,419,642,521,515,384,522,518,507,496,407,519,429,489,Squat
528,511,420,640,509,523,384,515,512,506,474,416,519,411,493,Squat
534,535,402,640,496,529,392,502,509,498,478,408,519,406,490,Squat
531,548,391,643,501,521,386,501,506,494,490,393,516,402,479,Squat
529,538,389,641,500,513,383,500,511,498,484,389,515,387,476,Squat
527,532,382,643,501,508,383,497,518,502,477,388,513,381,479,Squat
524,530,376,646,501,506,383,498,522,502,474,381,513,381,475,Squat
521,529,375,646,502,510,383,498,523,502,475,372,515,382,470,Squat
519,524,379,646,499,516,383,502,517,507,474,365,517,382,467,Squat
522,522,379,646,499,522,383,501,515,507,472,362,518,382,469,Squat
525,520,378,647,500,524,383,499,515,507,475,359,518,384,468,Squat
525,518,382,646,504,521,382,494,515,507,475,358,516,384,465,Squat
526,521,381,646,501,516,382,496,516,508,475,360,515,383,468,Squat
526,525,378,646,503,514,383,496,520,506,471,366,515,381,472,Squat
526,533,376,646,508,513,382,499,518,503,468,373,518,381,472,Squat
524,532,378,646,507,516,382,500,516,503,468,376,519,381,468,Squat
523,535,378,645,505,517,382,498,516,502,472,376,522,381,469,Squat
521,530,376,646,506,517,382,497,518,502,473,373,522,380,474,Squat
521,524,376,646,506,518,382,500,517,504,470,372,520,382,468,Squat
521,522,376,646,506,518,383,500,517,507,467,370,517,382,466,Squat
521,519,375,646,507,517,383,497,517,507,471,368,516,382,473,Squat
522,515,376,645,506,516,383,496,517,507,474,368,516,381,476,Squat
523,517,379,645,506,516,382,500,517,506,473,369,516,381,474,Squat
527,521,377,645,507,517,383,501,517,503,473,371,516,381,478,Squat
525,521,380,646,500,519,383,500,517,499,476,371,516,382,480,Squat
523,518,387,645,494,520,383,500,517,502,471,374,515,384,480,Squat
524,520,388,645,494,520,383,506,512,505,470,377,516,385,485,Squat
520,523,387,645,496,520,383,507,511,504,476,377,516,389,486,Squat
517,521,390,645,494,519,387,497,519,509,474,379,515,390,481,Squat
517,522,390,646,496,516,386,501,526,511,473,384,515,390,480,Squat
519,524,387,645,504,513,384,514,524,508,471,388,515,388,484,Squat
519,523,389,645,505,515,384,526,518,503,471,391,515,389,487,Squat
519,519,396,645,506,515,384,526,514,504,474,388,516,393,485,Squat
522,515,400,645,506,512,384,529,517,505,474,389,520,393,493,Squat
525,521,402,645,506,511,382,529,518,503,481,389,523,402,492,Squat
527,520,402,645,509,513,384,524,520,508,480,391,518,415,486,Squat
530,512,407,644,511,514,386,516,527,507,476,399,513,418,493,Squat
533,507,412,643,522,518,382,542,521,503,468,406,511,416,501,Squat
528,506,417,643,525,522,386,530,525,502,470,415,515,413,503,Squat
525,511,418,642,520,527,390,523,535,498,479,416,522,408,500,Squat
525,516,416,642,523,527,386,533,535,496,485,411,522,403,503,Squat
525,509,416,644,546,514,391,535,534,496,483,410,518,402,508,Squat
525,507,412,641,534,517,388,546,528,496,480,407,516,404,511,Squat
524,506,408,639,529,522,390,541,537,499,482,393,516,402,512,Squat
524,502,403,640,539,519,389,546,539,503,484,378,519,400,519,Squat
522,504,393,641,544,518,390,551,538,507,481,378,522,396,524,Squat
518,506,385,639,542,519,386,559,530,509,471,387,526,387,526,Squat
516,516,376,637,546,520,390,549,539,509,465,392,529,377,527,Squat
520,525,374,638,551,520,391,552,542,512,464,387,527,370,535,Squat
524,520,380,638,548,520,392,556,539,510,461,387,519,375,536,Squat
523,518,387,636,550,517,392,554,543,509,450,392,518,379,533,Squat
516,522,387,635,547,522,392,554,544,510,463,388,516,378,533,Squat
514,517,385,640,552,517,393,558,544,510,473,375,520,373,540,Squat
519,499,393,637,553,519,393,557,541,506,468,374,522,373,546,Squat
520,508,391,635,557,521,390,556,541,501,464,379,522,379,539,Squat
521,514,385,635,553,523,394,564,541,499,477,370,522,379,540,Squat
523,508,385,635,556,522,398,564,545,507,472,362,523,380,544,Squat
525,511,379,632,560,515,398,569,543,504,464,374,519,378,547,Squat
529,518,369,633,560,519,398,566,541,502,471,379,519,381,543,Squat
523,504,371,631,564,516,396,572,541,503,467,370,519,380,546,Squat
517,497,383,629,562,521,400,571,545,510,460,366,524,373,556,Squat
511,512,365,629,563,519,400,567,544,514,468,363,534,374,554,Squat
507,505,367,633,562,516,399,568,547,514,465,355,537,367,557,Squat
511,511,358,634,561,519,399,570,541,512,439,359,530,369,553,Squat
514,525,336,632,565,520,399,573,539,503,441,354,517,365,563,Squat
509,509,332,632,564,521,397,569,542,509,446,348,512,369,551,Squat
507,497,341,629,568,523,398,570,539,516,442,338,520,358,558,Squat
507,494,342,628,565,526,401,572,539,519,439,332,528,361,561,Squat
511,510,334,629,566,524,403,574,538,513,447,332,529,364,558,Squat
513,510,336,630,569,516,402,573,530,509,444,332,529,361,556,Squat
511,509,335,628,569,516,402,572,534,512,436,335,529,356,561,Squat
512,510,330,626,569,519,399,574,533,514,445,336,528,356,562,Squat
512,510,325,626,571,519,402,578,537,512,444,341,525,354,561,Squat
512,496,334,626,574,522,404,580,536,512,441,344,523,349,565,Squat
512,496,340,625,572,525,402,576,535,512,443,338,523,352,566,Squat
517,499,342,625,573,526,402,579,534,509,449,335,526,354,568,Squat
521,503,342,626,576,525,404,580,536,503,447,339,529,354,565,Squat
517,494,346,624,577,522,406,582,532,504,446,345,529,351,565,Squat
512,492,349,625,580,520,404,580,534,510,446,341,529,352,565,Squat
511,492,351,623,577,519,405,579,531,511,448,343,528,356,567,Squat
513,499,350,624,577,515,402,577,528,508,443,350,528,357,570,Squat
513,499,352,624,575,517,404,575,531,511,450,352,529,356,568,Squat
510,483,358,625,573,515,404,576,528,513,459,352,528,361,565,Squat
509,474,354,626,573,516,403,577,532,514,450,350,527,366,565,Squat
513,478,349,626,572,516,401,579,532,511,442,353,526,374,565,Squat
516,477,359,625,572,513,401,578,528,509,445,355,523,380,562,Squat
514,478,366,625,573,517,404,580,532,508,450,351,523,380,560,Squat
512,487,363,623,574,517,405,580,530,508,454,349,525,380,559,Squat
512,490,362,623,573,514,401,579,525,507,451,360,528,380,557,Squat
516,481,371,624,574,517,403,580,532,510,457,362,530,375,559,Squat
515,480,367,627,572,521,404,579,532,512,456,356,528,379,560,Squat
511,491,361,627,572,519,403,578,527,512,451,360,528,382,566,Squat
513,503,365,626,573,514,404,578,533,508,448,370,528,384,562,Squat
518,502,373,627,569,519,401,577,532,509,454,363,526,377,560,Squat
516,492,376,625,570,521,403,577,532,512,459,362,522,377,556,Squat
511,482,379,627,570,517,403,580,529,507,445,369,521,372,560,Squat
520,495,380,624,571,521,399,578,527,506,469,364,519,376,554,Squat
530,512,369,625,572,518,397,577,530,496,498,368,519,376,548,Squat
528,495,370,628,571,521,400,579,531,489,470,393,515,375,540,Squat
522,487,389,629,576,524,396,573,536,493,446,390,517,376,535,Squat
525,498,407,628,576,526,397,568,540,498,464,372,526,380,539,Squat
534,529,387,627,570,531,394,570,536,493,483,375,527,387,536,Squat
532,518,386,626,566,538,394,572,531,495,477,394,523,385,526,Squat
522,499,405,633,568,536,395,569,532,500,471,404,521,377,523,Squat
520,505,415,634,570,533,395,566,529,500,487,391,522,375,525,Squat
522,507,414,632,567,533,392,564,524,506,504,400,522,381,520,Squat
526,504,411,632,560,531,391,556,523,500,499,413,522,384,519,Squat
527,511,416,635,556,529,390,557,522,501,491,411,525,386,508,Squat
535,536,404,636,554,527,391,559,520,507,501,400,528,386,507,Squat
534,523,408,638,555,525,388,554,522,504,500,398,526,393,510,Squat
524,500,427,638,553,522,386,549,519,505,484,399,521,415,510,Squat
521,501,422,638,550,521,386,536,525,509,498,400,512,439,504,Squat
518,522,393,638,539,525,388,524,529,500,507,394,506,461,495,Squat
511,510,397,638,532,524,388,517,531,499,488,390,501,465,491,Squat
518,502,394,638,525,525,386,515,527,504,483,377,505,457,496,Squat
518,494,393,638,516,529,390,507,523,508,489,376,511,441,491,Squat
520,485,406,640,513,528,390,498,518,505,491,380,515,410,486,Squat
531,499,408,641,509,524,385,501,508,501,502,376,517,378,485,Squat
536,507,400,642,509,519,384,512,502,501,503,378,517,368,485,Squat
531,502,400,642,510,512,384,510,501,500,492,391,517,377,478,Squat
533,520,386,642,505,510,382,504,506,496,483,391,520,384,476,Squat
530,531,374,643,497,511,382,507,508,498,484,383,523,389,472,Squat
525,522,374,646,502,512,382,506,512,498,479,381,524,388,470,Squat
527,514,378,646,501,521,382,498,515,496,474,380,523,381,472,Squat
532,515,378,645,499,527,382,491,520,497,474,376,520,375,475,Squat
532,518,377,647,499,527,382,495,518,496,475,372,517,375,474,Squat
532,513,379,646,498,523,382,500,517,495,473,370,517,378,474,Squat
530,512,379,645,495,523,382,500,516,495,473,368,520,380,476,Squat
527,513,379,645,494,524,382,501,514,496,476,368,523,382,472,Squat
525,514,380,647,495,521,382,501,514,498,476,368,523,382,469,Squat
525,513,380,646,493,524,382,501,516,501,472,368,522,382,469,Squat
524,516,380,645,496,524,382,503,517,501,472,368,520,381,472,Squat
526,514,377,645,500,522,382,505,519,501,471,371,516,380,470,Squat
527,512,378,645,499,521,382,504,518,501,469,375,516,377,471,Squat
527,512,379,645,496,521,382,502,516,500,470,377,517,377,471,Squat
528,517,378,645,496,522,382,498,516,499,472,374,522,379,471,Squat
528,518,374,645,496,522,382,498,517,498,471,376,525,379,472,Squat
531,515,377,646,497,521,382,498,518,497,464,377,523,381,470,Squat
534,514,380,646,499,522,382,500,519,497,463,376,520,382,470,Squat
535,509,382,646,499,522,382,500,519,497,468,374,515,383,471,Squat
533,509,382,646,497,522,382,502,517,497,471,376,514,383,473,Squat
530,509,383,646,498,519,382,502,516,498,473,375,514,383,474,Squat
526,510,385,646,497,518,382,502,515,498,473,375,516,387,472,Squat
523,520,390,645,494,519,382,504,515,498,468,384,519,388,475,Squat
525,525,390,646,495,520,383,506,516,498,466,389,523,395,484,Squat
530,528,392,648,500,516,383,511,514,498,470,387,521,405,482,Squat
530,529,395,645,508,516,383,516,514,500,487,388,518,402,489,Squat
530,524,397,640,512,516,384,512,521,501,489,391,516,395,493,Squat
528,516,395,642,512,510,385,514,518,501,484,386,516,397,492,Squat
526,516,394,642,510,505,385,516,513,503,480,384,513,398,495,Squat
526,525,390,644,512,508,384,516,518,506,485,379,509,401,493,Squat
526,523,389,642,513,514,385,521,524,505,491,378,508,403,491,Squat
526,512,394,642,515,516,384,537,522,501,485,380,512,402,494,Squat
525,514,398,645,517,520,383,532,522,503,477,382,517,402,493,Squat
529,511,408,644,527,516,383,531,528,500,475,385,519,400,493,Squat
532,512,415,640,517,526,384,532,527,498,471,390,522,395,497,Squat
535,501,418,641,524,526,384,531,529,498,475,403,526,389,505,Squat
535,504,416,644,537,522,384,535,531,499,485,411,524,392,509,Squat
530,508,414,643,541,519,384,527,538,504,485,412,519,393,510,Squat
528,503,413,638,524,517,384,536,538,504,480,411,515,390,515,Squat
531,493,410,642,542,520,385,538,539,502,477,415,515,393,521,Squat
524,499,412,641,544,520,385,544,526,497,479,410,515,394,521,Squat
516,502,420,641,539,518,386,545,530,500,471,396,520,389,524,Squat
521,510,415,641,541,524,387,543,534,502,467,386,525,386,527,Squat
518,534,397,641,541,517,387,543,529,498,472,380,523,392,527,Squat
514,554,384,640,543,517,387,545,529,503,468,369,520,396,530,Squat
514,553,382,637,540,522,389,545,538,506,469,367,518,399,533,Squat
513,548,375,639,542,526,389,547,538,509,460,370,518,394,540,Squat
516,564,370,639,541,526,391,548,539,510,471,374,520,390,539,Squat
515,564,372,637,549,523,391,545,538,509,475,377,523,385,542,Squat
519,558,376,637,546,526,391,548,538,510,462,378,524,383,543,Squat
517,558,371,641,543,530,391,556,533,507,457,381,520,381,546,Squat
516,554,371,636,552,524,392,548,540,511,462,379,517,381,553,Squat
516,547,369,635,554,530,390,554,535,510,467,372,519,382,553,Squat
517,538,375,638,550,528,393,556,539,505,457,369,520,376,560,Squat
518,534,377,636,553,527,395,559,539,503,453,371,520,380,554,Squat
518,539,374,636,558,525,393,565,533,505,462,364,519,382,556,Squat
517,531,374,631,560,524,396,565,536,505,457,363,519,382,559,Squat
520,522,376,633,562,526,396,565,540,507,453,369,518,381,559,Squat
516,524,378,632,563,526,396,566,537,505,464,369,524,376,560,Squat
518,527,373,632,566,523,399,569,537,504,467,361,522,378,562,Squat
520,526,359,630,568,524,396,571,528,508,457,356,517,376,562,Squat
518,521,354,628,565,521,397,572,528,506,456,365,515,369,562,Squat
515,511,358,630,567,524,400,570,533,506,463,352,519,369,562,Squat
513,501,357,626,566,529,400,573,532,508,450,343,522,369,565,Squat
516,532,338,630,569,526,400,573,539,506,445,348,521,364,569,Squat
514,508,347,629,570,527,397,573,533,507,446,346,523,360,569,Squat
514,513,349,628,570,532,400,572,537,509,441,334,524,350,575,Squat
518,522,338,629,571,529,398,573,535,509,443,337,528,348,573,Squat
522,515,335,627,568,530,402,572,535,510,441,338,529,347,577,Squat
523,513,334,629,572,527,400,571,533,508,445,331,527,354,569,Squat
522,512,324,627,575,528,401,575,533,505,435,329,527,350,572,Squat
520,509,324,626,574,523,401,576,533,502,435,331,525,353,572,Squat
519,505,333,625,575,524,401,575,535,503,438,335,525,354,575,Squat
521,516,332,624,574,523,403,577,535,501,448,339,525,358,578,Squat
519,511,337,626,577,523,400,575,532,500,445,342,521,358,575,Squat
515,500,347,626,575,523,399,575,531,509,442,344,522,358,571,Squat
510,499,362,626,572,525,402,576,531,514,449,344,525,359,574,Squat
515,498,368,626,574,523,401,574,529,516,451,348,528,365,576,Squat
520,503,360,628,572,520,400,571,536,514,452,355,527,366,573,Squat
518,506,357,626,571,523,400,576,536,511,447,356,526,371,569,Squat
513,508,355,626,571,521,401,579,532,508,447,355,526,379,568,Squat
512,504,350,628,572,520,401,579,534,507,443,358,521,387,566,Squat
519,502,349,627,571,518,403,577,536,508,442,364,514,387,569,Squat
523,498,355,627,569,516,406,569,538,506,446,364,509,398,565,Squat
520,508,364,625,567,512,402,579,525,504,459,369,509,393,569,Squat
512,508,380,630,569,509,399,577,528,503,460,374,517,387,565,Squat
510,498,389,626,571,518,399,574,535,514,461,371,526,385,567,Squat
509,500,387,627,568,518,405,570,540,519,459,362,529,388,565,Squat
509,511,383,625,568,518,399,574,535,520,460,368,527,387,568,Squat
512,509,383,628,568,520,397,573,537,515,466,377,523,385,569,Squat
513,503,372,628,565,525,400,571,540,512,462,372,518,388,566,Squat
513,491,370,630,571,518,400,570,542,511,453,365,517,389,563,Squat
512,490,379,632,571,518,398,566,546,509,454,371,517,389,562,Squat
512,497,376,631,569,520,395,571,541,509,472,375,519,387,557,Squat
516,504,371,629,564,523,396,569,541,509,477,369,519,384,553,Squat
515,502,376,629,563,525,397,568,540,509,472,372,517,382,554,Squat
514,502,387,632,565,522,394,565,541,510,464,378,516,380,549,Squat
516,514,379,633,564,522,394,563,538,509,471,383,517,376,552,Squat
519,514,374,634,562,520,394,563,537,505,474,380,516,379,542,Squat
520,507,390,632,560,519,394,566,536,508,458,379,518,374,541,Squat
517,521,403,634,559,517,392,557,534,513,456,392,520,375,528,Squat
529,535,387,638,557,517,388,549,533,511,484,403,518,375,532,Squat
530,520,393,639,548,521,389,552,534,508,480,397,511,386,523,Squat
521,507,413,636,546,515,389,556,530,515,467,400,510,384,522,Squat
511,513,413,636,554,516,389,548,535,513,483,392,510,384,518,Squat
512,504,401,638,553,519,389,546,537,507,484,376,515,394,516,Squat
510,495,403,641,543,525,387,550,530,516,479,383,522,414,506,Squat
505,489,408,641,543,521,387,545,526,523,479,394,522,430,502,Squat
515,501,394,641,543,518,390,540,524,515,497,384,521,436,511,Squat
514,506,389,638,534,514,388,528,524,509,500,374,516,444,513,Squat
511,490,402,638,521,515,387,522,525,513,498,382,510,454,496,Squat
518,512,399,639,514,516,390,506,530,508,494,385,509,437,496,Squat
523,526,391,642,513,516,385,511,525,507,504,387,510,415,498,Squat
521,510,401,642,501,520,384,507,522,513,497,395,511,395,496,Squat
523,512,410,642,497,526,383,508,522,510,486,402,510,383,487,Squat
528,529,399,646,510,518,381,508,523,508,481,406,510,377,491,Squat
526,536,392,644,508,513,381,512,519,503,483,404,511,382,487,Squat
526,528,396,645,507,510,382,507,519,501,487,395,511,384,480,Squat
526,527,392,645,508,509,384,497,520,501,489,385,513,385,479,Squat
526,521,385,644,505,510,381,506,516,502,485,375,517,384,482,Squat
526,516,385,647,509,504,382,507,515,502,476,371,519,384,480,Squat
528,513,385,647,504,510,383,505,516,502,477,365,521,381,480,Squat
528,514,380,643,497,517,382,501,518,500,480,364,519,380,481,Squat
528,511,379,647,500,517,382,503,518,498,482,364,517,380,480,Squat
528,510,374,646,502,517,382,504,519,503,482,364,516,382,479,Squat
523,515,368,645,500,522,382,499,520,503,486,363,514,383,477,Squat
518,508,372,645,499,519,383,496,519,505,484,359,514,377,477,Squat
517,501,380,646,494,519,383,495,519,506,473,362,514,371,478,Squat
517,501,383,646,487,522,383,494,519,506,467,369,514,368,483,Squat
517,506,383,646,484,527,383,496,519,506,473,369,514,371,486,Squat
516,510,382,646,486,528,383,496,521,508,480,366,516,374,484,Squat
515,506,380,646,488,527,383,499,520,512,478,369,516,378,484,Squat
514,498,382,646,487,524,383,497,520,512,472,376,514,379,480,Squat
518,502,380,646,487,524,383,497,520,513,471,374,513,380,480,Squat
521,509,379,645,490,523,383,501,517,511,476,372,514,379,483,Squat
523,511,382,645,493,521,383,500,516,509,474,372,516,378,484,Squat
525,510,383,645,493,521,383,499,516,506,464,376,518,378,484,Squat
527,516,380,645,492,522,383,501,516,501,466,377,518,382,484,Squat
528,518,381,645,495,520,383,504,515,498,472,374,516,386,483,Squat
528,516,384,645,499,518,383,507,515,498,470,377,515,387,488,Squat
525,523,383,646,502,518,383,506,515,500,468,382,513,388,488,Squat
522,526,384,646,503,518,383,501,519,502,472,382,512,392,489,Squat
522,519,390,646,500,518,384,506,515,506,479,382,512,395,492,Squat
521,518,390,646,500,516,383,514,516,508,471,388,512,399,500,Squat
518,522,392,644,497,514,384,511,524,505,466,392,512,404,502,Squat
515,523,397,642,497,511,385,516,524,509,477,392,516,404,499,Squat
515,524,398,643,505,511,384,524,521,512,481,392,517,400,504,Squat
515,531,393,644,503,516,384,525,516,509,479,393,521,408,505,Squat
520,530,396,643,503,517,384,522,513,508,479,390,518,415,499,Squat
520,525,404,643,512,521,384,524,522,510,481,392,515,413,502,Squat
522,517,409,642,517,524,384,529,522,511,481,397,513,403,508,Squat
520,514,409,643,529,527,384,545,514,510,483,399,513,401,509,Squat
515,516,411,644,533,522,384,544,521,509,485,398,513,400,508,Squat
516,511,416,645,531,517,383,543,519,505,489,401,514,398,509,Squat
527,503,419,640,528,523,384,537,529,497,489,410,512,396,517,Squat
534,500,420,640,534,527,388,540,535,494,491,416,512,404,523,Squat
530,499,426,643,546,519,391,541,526,501,494,414,515,408,525,Squat
526,509,421,642,542,522,386,540,528,509,498,408,521,404,528,Squat
532,513,404,639,539,524,386,543,536,514,503,398,520,395,533,Squat
537,503,383,639,534,526,390,550,534,511,495,385,521,388,537,Squat
518,511,362,641,548,521,390,548,535,514,477,369,521,386,532,Squat
502,527,346,638,547,522,387,544,541,521,477,352,520,380,544,Squat
499,541,347,638,544,524,389,548,542,508,486,329,522,391,539,Squat
504,538,349,638,547,524,392,549,542,505,468,323,525,387,549,Squat
515,529,341,638,545,524,391,548,540,509,449,344,520,385,550,Squat
514,532,345,638,548,525,387,549,541,514,467,342,517,377,550,Squat
512,517,368,638,552,521,391,553,538,515,475,345,516,374,551,Squat
518,510,379,635,554,523,394,559,539,511,469,366,518,376,557,Squat
521,506,381,635,554,522,391,548,535,512,482,378,517,375,560,Squat
526,497,400,635,553,521,387,557,536,511,487,379,516,375,562,Squat
531,510,396,635,550,523,395,558,547,508,484,380,519,378,564,Squat
530,498,397,638,551,522,402,564,547,496,471,388,522,383,562,Squat
533,493,401,635,559,522,396,567,538,500,474,389,521,383,566,Squat
535,498,395,630,562,520,395,568,538,499,481,383,521,387,565,Squat
531,494,385,633,560,518,399,569,542,496,469,381,521,382,558,Squat
526,493,380,630,560,520,402,571,540,501,458,372,523,372,562,Squat
530,492,366,631,564,518,396,572,531,503,465,358,521,369,577,Squat
534,488,356,630,568,518,396,571,536,501,455,356,518,380,558,Squat
530,488,359,631,563,514,398,570,539,497,449,362,521,366,564,Squat
527,499,355,631,566,518,403,571,539,495,479,352,520,365,570,Squat
531,498,337,629,571,526,397,568,531,492,476,345,522,369,572,Squat
537,477,349,627,568,522,397,569,536,486,439,341,522,366,566,Squat
532,476,358,629,566,521,403,574,539,489,463,329,526,359,563,Squat
532,481,339,630,574,521,401,572,540,499,470,307,528,356,568,Squat
539,485,321,625,574,523,402,576,536,484,421,322,531,353,576,Squat
543,490,321,628,571,522,397,570,531,487,446,317,532,343,578,Squat
534,488,311,627,570,526,400,571,540,503,462,305,533,344,577,Squat
531,502,295,628,573,523,399,573,539,502,442,311,533,344,578,Squat
533,495,311,629,571,525,399,573,538,498,429,324,533,342,581,Squat
531,495,330,628,572,524,400,573,536,500,436,335,531,349,583,Squat
533,499,342,627,569,521,400,575,534,494,460,338,528,356,580,Squat
535,494,349,627,570,521,402,574,533,497,456,338,526,357,579,Squat
531,489,355,628,570,522,407,572,538,493,452,350,524,360,571,Squat
533,481,364,627,571,521,399,577,532,494,461,353,528,368,578,Squat
543,492,356,627,572,520,400,576,531,487,475,352,532,384,574,Squat
539,490,349,627,566,513,402,579,532,487,465,353,533,379,567,Squat
531,474,359,625,567,517,401,576,533,496,461,362,528,379,568,Squat
522,478,368,624,576,516,403,578,533,500,464,363,522,387,571,Squat
518,494,364,626,574,514,400,577,533,496,474,360,522,389,570,Squat
519,466,389,625,573,514,402,577,530,496,466,373,525,381,569,Squat
520,452,415,626,571,518,401,576,536,502,461,374,527,381,573,Squat
518,453,408,626,569,523,401,578,534,508,472,367,521,390,570,Squat
525,473,391,629,571,520,399,576,534,500,472,359,516,393,564,Squat
533,456,399,629,570,525,402,576,535,499,470,364,520,385,565,Squat
530,461,395,629,567,527,398,574,533,500,464,378,522,383,566,Squat
533,486,385,626,566,530,401,572,537,496,480,373,523,388,564,Squat
531,501,370,631,567,527,400,569,539,490,485,375,523,390,554,Squat
533,470,388,631,568,527,396,576,531,495,463,389,527,378,562,Squat
525,482,393,631,568,525,397,574,531,499,460,384,531,381,559,Squat
521,489,399,628,566,527,397,571,535,501,482,373,528,383,547,Squat
514,494,400,630,566,526,398,564,544,504,481,381,524,374,544,Squat
528,492,409,634,561,529,396,565,540,502,474,391,525,369,563,Squat
540,505,399,634,564,526,391,566,533,491,478,382,528,377,557,Squat
535,513,388,633,565,521,393,565,532,505,483,385,523,380,530,Squat
524,506,412,633,562,523,396,560,541,516,465,388,522,369,526,Squat
513,514,401,633,554,526,394,565,532,523,488,375,522,380,522,Squat
505,537,371,635,554,522,389,559,527,515,487,377,524,389,515,Squat
493,524,368,639,556,521,384,546,527,512,473,402,516,398,510,Squat
498,530,388,640,558,521,386,536,531,497,458,403,515,409,513,Squat
510,540,378,639,546,523,387,542,528,500,491,389,515,429,507,Squat
514,530,382,640,539,524,389,551,534,509,484,389,518,436,500,Squat
516,517,401,640,540,524,390,530,525,513,480,403,512,431,505,Squat
523,522,404,640,534,524,386,534,523,499,499,384,506,432,509,Squat
524,520,401,640,524,521,388,527,525,503,498,370,506,438,499,Squat
523,514,410,641,518,524,387,523,528,504,479,389,508,427,498,Squat
529,533,407,642,512,531,384,523,526,501,491,399,509,419,505,Squat
533,546,395,643,512,527,386,514,523,496,515,387,512,410,500,Squat
523,524,404,642,512,526,385,512,518,500,499,390,516,395,494,Squat
522,521,409,642,511,518,384,518,509,505,477,401,518,388,493,Squat
525,535,399,639,504,512,387,513,504,502,487,390,519,390,489,Squat
523,529,395,641,500,507,380,512,503,502,493,377,519,388,482,Squat
520,517,398,644,504,505,382,509,507,507,487,376,519,383,484,Squat
521,530,389,646,508,510,383,503,510,506,479,379,519,384,484,Squat
519,537,378,649,512,511,383,499,513,500,487,374,520,385,481,Squat
515,524,380,647,502,516,382,497,517,502,486,373,519,380,480,Squat
516,525,380,644,494,522,382,499,516,502,481,373,519,371,487,Squat
519,525,378,645,487,528,382,494,517,500,481,372,519,370,491,Squat
518,520,381,647,486,529,382,489,523,499,484,371,519,369,487,Squat
515,521,380,646,482,531,382,493,521,505,486,367,517,370,486,Squat
514,522,375,646,483,531,382,497,518,506,487,365,515,376,481,Squat
513,521,373,646,488,528,382,500,515,511,486,364,513,380,480,Squat
513,522,373,646,490,525,382,502,514,513,484,360,513,382,484,Squat
513,525,373,646,493,521,382,501,515,514,484,358,517,382,486,Squat
513,526,373,646,493,520,382,501,517,514,478,361,520,378,486,Squat
514,526,377,645,495,520,382,501,518,511,472,367,521,376,487,Squat
517,530,379,645,496,520,382,502,517,509,475,369,521,376,490,Squat
517,527,380,645,495,521,382,505,516,509,479,366,518,378,490,Squat
517,527,379,646,496,521,382,501,517,511,475,370,515,379,489,Squat
515,532,374,646,495,521,382,499,518,511,474,373,514,380,489,Squat
514,531,376,646,495,521,382,505,515,511,478,369,514,380,487,Squat
516,525,380,646,495,519,382,509,513,511,473,368,517,380,490,Squat
514,526,382,645,497,518,382,510,517,509,472,373,518,383,490,Squat
517,529,383,646,502,515,382,512,518,505,479,373,522,388,486,Squat
520,526,384,645,502,516,382,512,518,508,482,375,521,384,495,Squat
520,519,388,644,501,515,382,510,519,508,477,383,518,389,492,Squat
520,518,388,646,500,513,382,511,517,506,474,384,512,400,485,Squat
517,523,390,646,503,511,383,513,514,504,476,385,512,401,496,Squat
516,524,396,643,500,513,383,508,520,504,481,387,517,404,498,Squat
519,520,401,643,498,513,385,510,533,507,479,391,519,411,497,Squat
520,514,403,645,503,512,385,511,530,509,477,394,512,414,497,Squat
522,509,410,642,498,516,388,514,526,510,476,398,502,415,497,Squat
525,508,418,638,515,512,382,546,514,510,480,404,502,413,499,Squat
527,510,422,642,516,516,382,546,514,510,481,409,509,406,504,Squat
524,504,429,646,528,519,386,530,527,506,481,413,517,400,506,Squat
524,508,430,644,531,520,386,533,530,505,491,411,521,397,505,Squat
524,514,425,643,534,521,386,541,525,503,503,410,517,394,505,Squat
522,511,413,643,534,514,385,550,525,495,514,410,515,395,504,Squat
519,519,405,643,535,526,389,539,533,491,515,393,521,407,505,Squat
519,505,406,643,538,523,389,539,537,502,486,384,524,406,521,Squat
518,498,401,642,537,520,386,549,529,504,457,394,523,405,521,Squat
521,507,393,639,534,528,387,547,534,507,451,401,517,392,525,Squat
515,521,385,641,540,523,390,539,538,514,461,387,516,379,532,Squat
513,525,381,641,536,525,387,536,533,520,456,387,517,374,533,Squat
512,532,379,642,539,529,389,546,543,519,453,390,517,378,534,Squat
514,529,375,640,539,526,390,551,538,521,451,387,517,381,534,Squat
513,526,373,640,544,526,391,554,539,517,444,385,515,381,536,Squat
513,524,378,638,547,529,395,553,542,518,443,388,517,381,540,Squat
513,529,382,638,553,525,393,556,539,515,453,386,519,381,541,Squat
511,525,395,637,554,522,395,562,537,509,465,370,522,382,530,Squat
503,518,393,637,551,522,398,569,540,519,445,361,519,380,539,Squat
512,530,371,633,561,519,394,561,543,516,449,368,518,383,554,Squat
519,525,371,633,558,520,393,564,540,506,460,374,515,382,556,Squat
528,534,369,636,552,524,393,564,535,499,434,384,515,375,555,Squat
528,522,366,633,562,523,394,567,540,506,439,387,520,366,566,Squat
519,537,364,634,558,519,398,566,544,517,444,375,525,370,563,Squat
517,539,362,635,560,520,402,566,552,514,430,367,526,363,564,Squat
514,538,354,633,561,524,400,570,547,510,427,375,523,361,564,Squat
517,536,352,633,560,522,397,571,542,510,440,370,517,366,568,Squat
510,532,342,631,561,521,400,571,547,513,436,354,516,370,563,Squat
504,523,343,630,562,515,402,575,548,518,417,355,520,358,563,Squat
509,528,346,631,563,518,400,573,542,524,421,352,523,357,568,Squat
514,532,342,628,563,520,397,572,535,518,445,343,524,363,569,Squat
515,537,335,631,561,516,402,571,545,515,432,338,525,360,569,Squat
516,528,337,632,562,514,404,571,543,514,413,345,528,358,567,Squat
519,535,335,630,568,520,401,574,541,512,421,347,525,355,567,Squat
516,533,333,629,567,521,401,578,541,514,431,341,524,350,571,Squat
516,534,335,629,569,519,403,575,541,514,414,343,525,351,574,Squat
516,530,338,630,571,519,402,574,538,506,419,351,525,354,569,Squat
514,532,335,628,572,517,402,578,537,510,434,347,523,345,576,Squat
510,519,338,627,570,516,401,576,535,517,429,344,521,354,571,Squat
512,520,341,628,569,519,403,577,533,512,420,346,519,356,574,Squat
508,518,345,629,570,520,401,577,535,510,429,347,519,359,571,Squat
502,512,347,629,571,521,400,575,535,514,440,345,521,361,571,Squat
505,508,353,627,570,519,400,575,534,518,435,348,524,367,578,Squat
512,518,356,629,569,522,403,574,539,513,435,355,525,376,573,Squat
511,516,360,630,571,516,402,578,536,511,443,359,525,374,565,Squat
510,509,371,628,571,517,404,580,538,512,455,364,526,375,564,Squat
508,505,370,625,569,514,403,580,537,514,455,367,526,381,571,Squat
507,501,365,626,571,510,405,578,534,513,454,368,526,385,566,Squat
505,497,369,628,570,512,405,578,534,517,451,365,528,379,565,Squat
508,499,373,627,568,512,401,577,530,520,457,366,528,376,570,Squat
511,506,369,626,568,513,399,575,533,515,464,371,524,381,569,Squat
508,511,365,628,571,513,408,575,540,517,466,360,524,378,563,Squat
504,509,364,628,568,515,402,577,532,522,458,356,524,367,570,Squat
507,516,363,628,568,514,400,576,532,520,460,365,522,374,560,Squat
507,526,361,628,568,518,395,574,535,517,462,364,520,379,549,Squat
510,519,365,629,569,518,406,568,546,521,457,355,519,375,549,Squat
511,513,370,632,568,521,402,571,541,520,449,356,517,373,549,Squat
507,516,374,633,568,516,392,576,534,516,444,368,518,375,541,Squat
503,524,385,630,569,519,398,569,542,513,458,375,520,372,530,Squat
508,526,386,628,567,520,397,567,543,519,467,377,519,370,531,Squat
516,533,376,632,560,527,398,564,545,516,472,382,517,375,532,Squat
516,523,384,635,562,520,391,571,532,511,470,385,520,381,529,Squat
515,513,393,635,564,518,391,565,535,512,469,375,526,384,523,Squat
515,518,386,633,565,521,394,559,536,514,463,369,522,388,513,Squat
509,529,386,634,558,523,393,559,533,509,465,377,519,388,509,Squat
512,520,401,636,555,518,388,563,524,515,480,382,521,389,514,Squat
516,524,401,637,553,518,388,560,523,516,494,377,521,399,511,Squat
514,528,388,637,554,517,390,550,526,519,488,390,517,399,509,Squat
505,526,397,637,546,519,389,545,530,512,466,404,509,409,505,Squat
511,533,407,638,541,520,386,544,526,512,475,395,511,418,502,Squat
516,548,392,640,541,520,386,543,524,513,496,386,515,429,500,Squat
519,532,392,642,538,517,388,528,526,513,488,401,513,432,506,Squat
518,511,413,639,524,519,388,524,531,512,475,410,514,427,509,Squat
522,526,418,642,522,521,384,527,526,510,485,404,514,423,503,Squat
524,535,412,639,514,523,386,513,525,504,497,394,514,416,496,Squat
520,515,418,642,523,522,386,512,523,502,491,399,514,406,496,Squat
522,521,414,643,516,520,385,509,519,505,482,401,515,398,497,Squat
525,531,400,643,505,523,386,513,514,505,485,394,516,395,488,Squat
524,521,398,645,515,517,384,513,508,503,480,388,516,388,481,Squat
522,512,397,645,511,518,381,521,507,504,463,390,516,383,479,Squat
526,520,387,642,507,515,383,513,509,503,472,385,516,384,481,Squat
529,522,383,646,511,515,384,506,509,502,473,382,515,387,479,Squat
529,517,387,646,511,515,381,501,513,502,471,382,514,382,481,Squat
528,522,390,646,511,516,383,507,512,502,474,378,515,381,483,Squat
528,527,386,645,505,518,383,505,513,502,477,376,517,383,477,Squat
527,521,386,645,500,519,383,500,515,502,472,378,517,382,476,Squat
525,511,394,645,501,520,382,499,516,506,466,378,517,376,484,Squat
525,518,392,646,499,521,382,504,517,508,470,378,517,376,484,Squat
524,522,386,648,496,520,382,506,515,507,476,378,517,377,480,Squat
521,515,384,645,490,524,382,507,515,507,474,381,516,377,479,Squat
521,509,385,645,490,525,382,507,516,508,463,380,516,377,480,Squat
520,508,380,645,490,525,382,508,516,508,459,377,516,379,480,Squat
521,510,378,646,492,524,382,511,516,508,465,376,516,381,479,Squat
524,506,379,645,492,523,382,511,516,508,473,372,514,381,479,Squat
525,507,378,645,494,522,382,511,516,508,467,371,513,381,479,Squat
524,508,375,646,497,521,382,511,516,508,462,372,513,380,482,Squat
524,512,374,646,497,521,382,508,516,507,460,374,515,379,481,Squat
524,513,373,646,496,521,382,507,516,506,462,373,516,376,485,Squat
523,514,373,646,496,521,382,509,515,506,464,372,519,378,486,Squat
524,511,375,646,496,522,382,507,515,505,460,372,518,380,482,Squat
525,512,375,646,496,522,382,503,516,504,462,370,518,380,486,Squat
524,506,379,646,494,522,382,505,515,506,462,369,518,378,490,Squat
523,507,379,646,494,522,382,501,516,506,465,369,517,378,490,Squat
523,513,379,646,495,522,382,498,519,505,468,371,517,380,489,Squat
522,514,382,646,495,521,382,500,518,505,472,373,517,382,489,Squat
522,506,389,645,495,521,381,506,515,507,467,377,519,384,492,Squat
524,510,390,646,496,519,381,510,515,507,468,378,519,386,494,Squat
524,517,391,646,500,519,382,508,515,506,475,382,518,388,491,Squat
524,514,396,643,505,518,382,507,515,505,481,388,514,392,491,Squat
527,512,399,643,507,513,383,508,513,505,478,393,514,399,496,Squat
525,514,401,643,502,513,383,510,512,501,473,397,515,406,502,Squat
525,512,407,643,503,512,383,505,518,503,475,399,517,413,500,Squat
524,513,410,643,509,516,386,499,519,504,477,399,515,413,500,Squat
521,518,409,641,508,517,385,516,519,502,480,399,512,415,505,Squat
517,520,411,642,517,513,385,523,528,502,481,405,514,419,502,Squat
520,515,416,642,522,515,388,519,532,506,486,413,519,409,506,Squat
525,513,421,645,518,518,383,536,524,504,484,416,518,396,510,Squat
525,516,420,644,529,524,382,534,526,503,484,411,514,392,512,Squat
526,523,414,642,539,521,387,527,528,506,489,405,511,392,515,Squat
525,530,408,642,535,521,385,539,525,507,495,401,512,398,513,Squat
524,528,406,642,530,527,385,540,527,507,488,393,516,404,515,Squat
522,536,393,642,538,529,386,534,528,507,478,385,517,404,522,Squat
524,537,387,642,542,523,384,540,533,510,481,383,517,401,525,Squat
521,540,381,640,537,521,387,545,526,510,478,382,519,394,527,Squat
517,540,380,639,539,526,387,536,535,508,469,381,518,385,531,Squat
519,543,376,640,540,525,387,547,539,507,476,376,513,382,533,Squat
516,531,383,639,539,525,390,550,536,506,487,375,512,382,532,Squat
515,521,392,637,550,522,389,548,532,506,490,372,515,375,543,Squat
519,517,397,638,548,522,389,554,531,509,489,368,516,384,540,Squat
524,518,397,640,551,519,390,552,532,505,488,368,517,383,542,Squat
522,513,400,635,547,524,389,549,537,507,490,371,517,381,545,Squat
516,516,392,635,555,523,390,552,538,511,490,375,517,379,552,Squat
515,514,384,635,546,525,393,558,535,511,484,380,517,381,549,Squat
516,512,380,639,545,528,391,560,528,508,475,380,520,379,548,Squat
516,508,379,636,561,524,392,558,533,512,472,375,523,379,549,Squat
514,515,373,634,559,529,392,565,536,515,475,371,522,381,554,Squat
517,519,353,635,558,527,396,559,542,513,475,371,517,381,552,Squat
522,499,361,634,561,523,394,564,535,512,471,366,516,375,557,Squat
519,500,368,632,563,520,390,556,534,517,469,358,518,369,557,Squat
510,501,359,631,559,520,395,570,535,512,476,349,518,365,562,Squat
504,491,356,634,560,523,399,571,534,511,472,343,518,357,568,Squat
506,481,360,629,562,522,395,566,527,516,465,341,518,360,567,Squat
508,482,352,631,564,517,393,567,533,519,463,340,518,365,560,Squat
509,482,342,631,562,515,400,575,534,521,460,331,521,358,561,Squat
509,474,339,634,563,517,399,573,531,519,455,323,521,362,563,Squat
511,476,340,631,567,520,397,567,528,515,453,322,522,367,568,Squat
509,491,332,629,565,520,398,569,528,514,458,328,523,362,566,Squat
506,486,341,630,568,518,399,569,526,519,451,331,524,352,566,Squat
507,491,342,628,570,523,400,569,528,520,460,324,524,352,568,Squat
508,500,341,628,569,521,398,571,528,519,462,327,522,350,568,Squat
508,498,326,630,568,519,398,572,530,519,469,340,518,351,569,Squat
509,485,324,629,570,521,397,571,531,519,455,342,518,353,570,Squat
507,487,325,628,570,520,399,573,531,524,447,327,523,352,572,Squat
509,502,322,628,570,520,399,574,531,520,448,319,526,357,577,Squat
506,491,333,630,572,521,399,572,530,511,454,329,527,361,581,Squat
500,479,353,629,572,516,399,572,530,517,457,330,531,359,583,Squat
498,496,356,626,569,519,400,573,528,528,452,331,530,362,588,Squat
501,505,347,627,570,519,398,572,530,521,455,341,527,370,575,Squat
497,490,354,629,575,514,400,573,537,521,457,353,527,364,573,Squat
500,496,370,626,573,512,402,576,533,528,456,353,524,376,574,Squat
506,483,369,624,572,511,401,574,528,525,472,352,521,383,576,Squat
502,486,376,626,573,511,400,573,531,521,468,354,521,379,572,Squat
497,520,385,626,572,510,402,575,532,516,454,350,521,378,569,Squat
501,540,375,625,569,510,399,572,534,514,475,344,519,385,571,Squat
510,571,358,627,572,505,401,580,528,511,513,337,515,389,563,Squat
509,566,354,626,571,507,399,576,531,510,510,342,518,383,562,Squat
507,558,358,625,570,507,400,575,534,518,483,360,523,379,567,Squat
504,570,358,625,565,515,400,574,532,518,517,376,523,380,562,Squat
504,564,362,628,573,512,400,574,532,513,528,381,523,381,559,Squat
506,551,378,629,572,510,398,574,532,517,506,373,522,381,558,Squat
508,545,394,628,568,517,399,571,533,518,501,372,522,382,548,Squat
516,552,386,628,567,518,398,571,537,510,497,374,522,375,554,Squat
522,526,392,631,567,518,398,568,539,509,513,361,521,382,541,Squat
513,509,403,633,567,518,396,569,535,518,504,352,518,379,536,Squat
511,526,407,631,565,523,394,569,534,517,471,361,513,380,531,Squat
519,524,393,632,564,523,394,568,536,511,486,368,512,381,530,Squat
514,514,403,634,561,523,394,564,536,509,490,367,511,379,522,Squat
509,536,420,634,560,524,392,553,538,515,466,375,514,374,524,Squat
526,590,391,634,562,523,384,557,532,515,478,396,514,382,526,Squat
527,588,385,636,557,523,394,569,526,501,521,387,510,391,513,Squat
532,575,401,639,556,520,391,559,522,508,509,364,515,386,515,Squat
530,577,404,637,561,519,388,553,527,511,481,375,521,390,515,Squat
533,596,391,634,548,529,389,544,529,512,486,384,518,403,508,Squat
527,590,394,638,546,526,387,546,530,507,497,377,512,407,501,Squat
516,553,416,641,544,523,386,540,529,508,495,377,514,403,508,Squat
512,567,406,641,542,520,386,542,527,510,486,395,517,415,502,Squat
512,575,396,641,541,521,386,535,527,507,497,400,516,419,504,Squat
510,556,412,639,532,525,387,525,527,512,504,391,510,424,500,Squat
510,523,432,639,525,520,386,513,526,515,504,389,510,420,502,Squat
516,535,425,641,515,517,384,518,528,513,497,392,511,419,502,Squat
521,538,411,644,514,517,384,513,524,512,498,399,514,415,506,Squat
520,523,420,641,512,522,384,501,523,512,481,400,514,408,500,Squat
525,526,424,643,514,524,386,502,522,510,483,398,514,398,495,Squat
530,535,411,643,508,518,385,507,515,506,495,398,512,393,490,Squat
530,526,407,643,507,513,387,504,512,503,485,397,510,391,483,Squat
529,525,409,645,512,511,384,505,505,505,478,392,509,382,488,Squat
534,533,399,645,511,510,382,502,493,503,477,391,509,381,490,Squat
536,538,387,646,507,514,384,490,501,497,476,392,512,382,484,Squat
534,529,389,646,501,518,384,483,513,498,466,387,516,379,480,Squat
534,525,391,645,502,523,383,484,524,503,460,382,521,374,483,Squat
534,533,384,645,502,522,383,485,528,502,465,378,524,378,481,Squat
534,537,380,647,505,520,383,486,527,501,465,374,521,380,485,Squat
531,534,380,647,505,519,382,490,520,502,463,372,521,383,481,Squat
528,529,378,647,508,515,382,498,514,503,458,374,520,381,482,Squat
527,530,372,646,505,515,382,501,512,503,460,372,516,383,485,Squat
525,524,371,646,502,513,382,501,515,503,462,372,514,381,486,Squat
525,521,374,645,499,512,382,501,516,504,465,370,514,376,486,Squat
524,519,374,645,498,513,382,498,518,505,470,366,514,373,488,Squat
526,519,375,643,487,520,382,496,522,504,471,367,514,373,489,Squat
526,519,378,644,484,526,382,499,522,503,468,369,514,373,489,Squat
528,521,381,644,483,528,382,497,522,503,468,369,516,374,492,Squat
528,522,381,645,483,528,382,497,521,502,473,370,516,376,491,Squat
529,525,381,645,483,526,382,497,520,501,471,372,516,379,491,Squat
529,529,380,645,486,523,382,497,519,501,470,374,516,379,491,Squat
529,526,383,645,491,518,382,498,519,505,467,374,516,379,493,Squat
529,525,383,645,495,517,382,498,519,505,466,376,516,380,492,Squat
531,531,380,645,496,518,382,498,519,503,464,379,516,381,497,Squat
531,528,384,645,496,518,382,500,518,503,467,378,517,383,496,Squat
532,522,388,645,496,518,383,499,520,504,460,380,516,383,499,Squat
532,525,383,645,495,518,383,498,521,501,459,384,511,386,500,Squat
535,529,381,645,494,517,383,503,520,496,474,384,508,385,506,Squat
530,523,386,645,499,516,382,508,517,496,483,384,509,385,508,Squat
525,529,390,645,497,520,384,507,516,501,471,383,510,384,508,Squat
523,522,394,645,496,518,384,507,515,501,465,385,514,384,509,Squat
523,515,396,646,495,514,384,509,515,501,468,385,520,385,514,Squat
524,523,392,646,496,513,382,511,514,501,468,381,522,389,511,Squat
520,524,391,645,496,518,384,506,519,501,475,379,521,387,507,Squat
518,519,397,645,494,520,384,507,521,505,475,378,522,387,511,Squat
518,521,398,647,498,515,383,514,519,507,478,387,519,399,514,Squat
518,524,401,645,495,517,383,512,515,503,482,390,515,410,514,Squat
519,524,404,642,494,517,385,515,514,509,481,389,513,418,514,Squat
520,522,408,640,495,512,385,510,519,513,478,399,508,415,520,Squat
520,522,413,643,520,506,384,520,527,515,482,406,509,411,516,Squat
526,521,414,644,525,510,384,523,531,511,485,406,512,400,515,Squat
531,520,412,642,517,513,384,526,529,504,478,411,518,395,516,Squat
537,514,413,642,526,530,382,540,523,493,477,412,520,401,517,Squat
544,492,422,645,532,523,382,540,527,491,483,405,516,410,520,Squat
548,495,425,642,520,525,388,524,538,493,486,391,511,414,523,Squat
541,521,413,638,537,514,387,531,543,496,484,389,508,407,531,Squat
529,547,407,644,537,517,386,544,530,486,485,402,513,396,538,Squat
515,554,399,645,537,524,384,553,521,492,480,403,523,384,538,Squat
510,549,394,638,535,524,388,548,529,507,486,397,527,374,540,Squat
512,543,389,640,536,523,389,546,533,517,478,391,527,374,545,Squat
514,542,389,640,545,519,389,547,532,513,464,391,523,380,542,Squat
516,545,388,638,545,517,389,553,530,512,477,382,519,385,543,Squat
516,540,382,638,546,520,389,554,531,511,472,370,514,391,544,Squat
516,532,385,636,549,523,390,551,536,509,467,361,513,392,545,Squat
516,537,382,639,552,519,389,554,532,509,464,361,518,389,546,Squat
517,545,376,638,550,518,392,548,537,508,472,367,521,388,553,Squat
517,540,369,637,548,522,393,554,538,508,471,367,519,383,557,Squat
516,526,375,636,550,523,392,560,535,511,468,366,518,379,556,Squat
515,525,377,635,554,522,393,561,539,514,473,367,522,379,558,Squat
515,530,367,638,553,518,394,564,538,511,476,367,523,382,560,Squat
512,528,369,636,558,520,397,563,537,511,470,362,522,381,558,Squat
517,533,367,636,556,520,395,566,531,514,475,362,521,377,563,Squat
522,543,352,632,560,522,396,566,533,506,486,361,516,379,560,Squat
513,518,365,632,560,522,397,568,535,508,459,354,518,374,557,Squat
503,521,374,633,564,519,396,569,539,520,460,348,523,372,564,Squat
508,547,357,632,562,523,399,570,536,514,454,345,524,377,573,Squat
514,533,348,630,563,520,399,568,535,517,445,345,522,381,566,Squat
507,526,353,630,566,515,399,571,534,529,444,347,520,365,572,Squat
506,532,355,631,563,519,400,574,534,522,455,356,518,369,564,Squat
510,534,351,630,565,520,400,574,534,518,468,356,520,370,568,Squat
504,521,354,627,567,521,399,573,533,526,461,343,518,366,572,Squat
506,519,356,629,567,523,396,572,532,526,462,345,518,358,575,Squat
510,520,354,631,568,525,396,571,534,518,462,346,523,355,571,Squat
510,520,354,631,566,525,400,572,532,521,464,341,527,351,570,Squat
509,524,347,630,567,523,401,570,531,523,456,335,524,351,576,Squat
510,532,332,630,570,523,400,572,531,516,449,339,519,353,576,Squat
509,521,337,630,570,522,399,575,530,521,449,330,524,351,577,Squat
506,527,332,628,569,519,400,576,531,528,445,322,524,353,582,Squat
506,536,316,626,571,518,401,576,530,521,443,330,522,360,581,Squat
502,528,326,628,574,513,401,573,532,517,437,339,522,361,579,Squat
494,513,347,626,573,514,401,573,531,525,444,328,521,361,579,Squat
493,521,340,625,573,512,399,575,531,526,459,327,516,368,578,Squat
494,528,333,626,572,508,401,574,533,527,457,343,514,369,583,Squat
498,515,347,625,570,508,401,575,528,529,451,344,520,374,579,Squat
500,517,360,626,571,510,399,575,532,531,448,338,529,376,576,Squat
499,529,356,624,572,512,402,574,534,529,451,347,532,382,575,Squat
499,535,350,628,573,512,402,572,539,526,448,361,528,387,576,Squat
502,531,358,627,572,515,399,577,530,524,447,365,527,388,571,Squat
502,521,370,625,572,519,398,573,537,526,454,361,525,385,570,Squat
507,524,363,625,573,519,401,572,537,527,461,367,520,388,570,Squat
509,521,367,626,573,518,401,570,537,520,461,374,518,390,565,Squat
503,506,382,628,573,515,398,580,527,519,462,367,519,386,564,Squat
503,513,375,627,572,518,400,574,531,523,465,359,521,383,570,Squat
507,520,364,625,572,519,399,573,532,523,467,362,521,386,563,Squat
508,520,372,629,571,518,401,569,539,523,466,362,522,382,557,Squat
502,516,387,629,569,518,397,575,533,521,461,362,522,376,555,Squat
494,517,373,629,569,523,397,573,527,524,464,368,521,377,560,Squat
500,509,370,627,568,523,395,567,533,523,469,376,519,384,554,Squat
500,499,381,631,566,525,395,569,533,514,472,366,519,379,548,Squat
500,492,393,632,564,526,394,567,536,516,465,354,520,373,546,Squat
504,490,396,633,566,524,389,566,531,518,456,358,520,375,542,Squat
510,510,396,634,562,527,395,565,531,515,459,366,518,377,537,Squat
513,522,403,633,561,525,394,563,532,515,470,373,517,380,536,Squat
517,545,389,634,559,524,390,562,530,521,474,380,517,385,531,Squat
516,557,380,635,557,522,388,555,526,524,474,394,516,385,520,Squat
514,551,386,636,553,524,388,555,524,514,469,399,515,383,518,Squat
514,546,390,638,553,520,390,554,525,512,482,398,518,388,520,Squat
505,560,380,638,550,520,389,545,525,510,482,397,517,404,509,Squat
503,545,388,637,544,522,386,543,526,509,475,398,516,416,499,Squat
501,525,419,639,543,522,384,544,526,513,482,390,516,419,503,Squat
511,548,411,642,535,521,386,542,525,516,510,392,516,429,509,Squat
522,560,398,640,535,522,387,527,528,514,510,400,513,436,507,Squat
522,527,416,640,533,521,385,515,531,514,482,399,512,433,508,Squat
511,504,441,640,521,525,384,517,530,516,484,397,511,433,503,Squat
525,524,430,642,525,525,385,509,522,515,506,393,508,430,496,Squat
531,532,414,641,512,526,386,504,521,503,511,393,508,411,493,Squat
528,519,422,641,516,525,386,507,517,505,493,400,509,392,492,Squat
531,520,421,643,512,515,383,519,507,504,494,402,514,385,487,Squat
535,540,407,645,512,513,386,509,503,497,496,400,515,384,482,Squat
531,536,404,643,505,518,379,520,496,491,489,404,514,385,478,Squat
529,537,399,643,507,513,383,509,500,495,479,399,519,390,481,Squat
529,548,387,646,508,511,386,497,508,495,478,389,521,394,477,Squat
526,538,386,645,506,512,383,495,513,496,477,382,520,388,473,Squat
525,533,389,644,499,520,381,500,513,502,471,380,515,378,475,Squat
528,537,384,645,496,522,382,496,514,504,474,374,514,369,481,Squat
528,540,379,648,492,526,382,489,518,502,477,367,513,367,484,Squat
525,529,384,646,484,533,382,490,522,500,473,366,512,368,484,Squat
521,542,378,645,480,536,382,494,520,502,475,366,513,375,483,Squat
519,554,367,647,485,531,382,497,516,501,478,364,513,383,474,Squat
516,549,370,647,488,529,382,497,515,505,477,363,513,384,475,Squat
515,537,378,644,490,525,382,499,513,511,471,363,516,381,480,Squat
516,536,381,644,492,520,382,500,512,513,471,363,518,376,484,Squat
521,543,379,645,494,519,382,501,513,513,473,363,519,375,484,Squat
523,542,381,645,496,519,382,501,517,513,468,371,516,376,482,Squat
522,541,384,645,497,521,382,501,518,512,465,375,516,376,482,Squat
524,541,381,645,495,523,382,500,517,510,468,377,516,376,483,Squat
525,542,381,645,491,526,382,499,518,505,473,377,516,377,482,Squat
525,538,383,645,489,525,382,499,519,504,472,376,516,377,482,Squat
525,539,383,645,491,522,382,499,518,506,469,374,515,378,483,Squat
525,541,380,645,491,521,382,499,516,506,471,374,514,379,482,Squat
525,535,380,645,492,521,382,499,516,507,467,374,514,382,482,Squat
525,530,378,645,494,521,382,499,516,507,469,373,515,383,487,Squat
527,530,375,645,494,520,382,503,514,507,470,374,517,386,491,Squat
527,528,375,645,494,520,384,501,512,502,466,378,517,400,480,Squat
524,522,385,646,492,519,383,504,506,501,469,379,517,409,487,Squat
523,524,388,647,487,521,381,508,505,500,477,378,516,414,503,Squat
521,533,390,644,489,520,382,509,510,501,484,378,515,425,502,Squat
518,522,403,639,501,517,387,502,535,505,482,387,516,428,497,Squat
517,516,412,639,510,512,388,502,542,508,482,395,517,419,501,Squat
517,522,414,640,509,513,386,528,518,511,488,397,512,405,500,Squat
518,522,418,640,520,509,384,518,520,512,490,402,506,391,496,Squat
523,520,420,640,527,518,384,528,530,507,485,415,509,374,502,Squat
524,525,419,647,533,523,385,541,530,505,491,415,518,373,506,Squat
530,528,412,647,533,523,384,543,521,505,487,403,521,383,506,Squat
533,522,409,643,533,524,382,547,517,500,480,401,519,392,506,Squat
532,515,410,643,539,522,385,535,524,498,483,400,514,399,502,Squat
533,520,408,645,539,523,385,536,526,498,487,394,511,392,516,Squat
533,524,400,641,531,530,385,540,529,502,478,389,514,397,519,Squat
532,518,399,642,533,530,387,544,529,507,466,383,519,396,515,Squat
520,526,400,640,531,524,386,541,524,513,475,385,521,386,523,Squat
520,529,396,639,533,523,387,536,526,513,479,388,520,382,530,Squat
526,521,392,639,538,523,387,539,536,500,473,392,520,387,528,Squat
526,526,393,640,541,525,389,546,536,499,470,395,520,387,527,Squat
519,529,400,639,548,523,389,549,529,503,474,394,515,387,536,Squat
513,535,387,639,542,524,388,547,528,507,478,382,515,389,540,Squat
514,514,386,639,544,529,388,549,534,506,463,379,517,388,538,Squat
517,511,392,638,548,530,392,553,537,505,473,379,520,385,539,Squat
516,508,391,636,553,525,392,551,537,509,507,373,521,383,544,Squat
513,494,386,635,552,523,391,554,536,515,498,363,520,383,544,Squat
509,499,381,635,557,525,393,559,535,509,474,365,517,382,543,Squat
513,508,372,633,560,522,394,561,535,508,483,364,515,381,550,Squat
511,500,367,633,560,529,392,560,535,508,481,359,515,384,551,Squat
510,495,367,634,561,528,392,559,533,514,477,352,516,377,552,Squat
509,499,369,634,561,523,394,565,538,513,473,353,519,380,554,Squat
512,506,365,632,560,525,399,566,538,511,488,363,522,379,559,Squat
514,505,364,630,563,521,396,564,539,512,484,357,525,375,553,Squat
511,501,368,629,568,522,395,567,540,518,471,352,525,371,552,Squat
508,497,370,631,568,522,400,569,539,518,468,355,520,373,558,Squat
509,508,358,628,569,520,397,570,538,515,477,362,515,376,553,Squat
507,503,349,628,567,520,396,569,537,516,474,361,515,365,556,Squat
507,502,355,628,565,521,398,573,537,519,470,349,520,360,560,Squat
510,505,353,628,568,520,399,571,539,521,469,347,525,365,554,Squat
508,495,351,629,567,518,400,571,533,517,472,349,524,362,553,Squat
507,486,354,628,566,520,397,572,528,517,475,344,522,363,561,Squat
509,497,347,626,569,516,398,572,534,516,468,334,520,366,557,Squat
509,502,342,627,569,518,399,572,534,512,464,335,526,350,567,Squat
510,498,343,629,568,521,400,572,535,516,476,337,528,349,562,Squat
510,486,347,627,576,520,398,571,533,522,476,331,524,349,567,Squat
504,493,343,629,570,518,399,572,534,525,463,329,523,347,568,Squat
500,498,335,627,570,518,401,573,533,522,461,337,526,346,570,Squat
502,485,333,627,571,522,399,572,529,519,470,335,527,348,570,Squat
500,480,333,627,570,521,397,573,535,524,469,321,522,349,570,Squat
501,482,331,628,570,521,401,575,534,529,454,312,522,354,573,Squat
503,486,327,629,570,519,399,572,533,521,452,319,523,358,571,Squat
500,486,327,626,571,519,400,573,531,522,463,325,524,359,573,Squat
497,488,335,628,572,519,400,571,535,527,463,321,524,360,573,Squat
495,489,345,628,570,517,400,572,532,529,457,324,525,366,571,Squat
499,484,353,626,570,513,401,575,533,526,453,337,528,368,569,Squat
499,488,350,629,568,512,400,573,533,527,465,345,528,371,567,Squat
494,492,354,626,567,512,400,574,532,529,468,346,525,374,570,Squat
496,493,366,626,568,511,399,573,533,528,463,350,523,385,566,Squat
501,499,365,628,568,512,400,573,532,526,464,360,521,383,569,Squat
501,493,368,628,569,512,400,572,533,517,472,371,522,384,563,Squat
501,491,375,628,569,512,401,573,530,522,466,361,522,379,565,Squat
502,494,378,628,568,514,400,573,529,526,467,354,520,378,566,Squat
508,497,366,627,563,517,397,571,531,521,462,362,520,378,559,Squat
510,492,371,630,568,515,398,568,533,519,466,360,524,375,559,Squat
503,495,380,632,568,513,396,571,531,528,462,347,524,374,558,Squat
496,503,381,633,568,514,397,568,536,529,459,357,519,373,556,Squat
499,528,369,630,562,518,397,568,536,521,460,375,519,374,549,Squat
500,528,374,627,560,522,396,560,542,517,464,375,520,372,543,Squat
497,517,403,630,556,528,389,568,538,526,455,376,517,373,538,Squat
507,526,395,638,563,524,392,563,539,524,466,395,522,375,535,Squat
512,527,380,639,554,531,388,564,536,515,501,388,523,386,521,Squat
509,496,394,635,555,531,394,564,535,519,490,372,522,375,531,Squat
503,494,402,637,562,527,392,561,535,531,470,379,517,387,521,Squat
515,549,363,637,559,525,392,557,537,525,483,389,511,395,506,Squat
511,543,358,639,547,529,391,552,536,508,494,395,505,394,502,Squat
511,510,392,638,553,523,389,554,527,511,484,396,508,391,513,Squat
508,508,412,636,555,518,387,557,525,515,491,393,513,406,503,Squat
514,523,408,638,548,519,389,547,527,508,505,384,517,412,493,Squat
512,518,422,641,539,519,389,530,530,510,512,388,513,407,495,Squat
521,509,440,640,542,519,385,544,534,511,513,395,513,409,513,Squat
528,524,408,640,550,515,386,540,527,509,522,390,512,428,508,Squat
519,511,395,640,543,514,388,533,528,508,510,402,512,442,494,Squat
507,501,399,640,531,520,386,529,526,513,470,416,516,438,493,Squat
513,510,400,639,526,524,386,526,525,516,465,402,525,430,494,Squat
510,516,394,641,523,524,385,520,524,519,483,392,528,423,490,Squat
508,508,400,643,516,524,384,512,524,518,479,391,526,408,485,Squat
507,505,407,642,510,524,386,502,522,517,473,391,523,391,490,Squat
509,505,410,640,497,516,387,505,515,519,475,395,521,391,481,Squat
515,506,406,642,500,516,386,506,508,510,486,390,516,389,475,Squat
516,500,406,642,502,520,383,510,501,509,492,383,513,384,476,Squat
519,500,401,638,491,524,380,516,507,512,482,384,512,385,481,Squat
522,508,392,647,504,508,384,505,515,509,481,384,510,387,478,Squat
522,517,382,650,506,504,385,500,515,506,484,379,507,379,474,Squat
517,504,383,646,486,513,382,500,512,509,484,377,505,369,474,Squat
517,505,381,642,466,531,382,494,509,512,472,378,504,364,480,Squat
518,514,375,644,466,541,384,481,518,508,477,381,507,371,477,Squat
517,516,372,643,476,542,384,480,524,507,478,374,512,377,472,Squat
516,517,373,645,485,532,384,489,523,512,474,368,517,383,475,Squat
518,516,372,646,493,525,384,496,517,519,472,363,522,388,477,Squat
515,509,371,646,497,521,384,496,512,522,465,365,522,388,477,Squat
512,504,371,645,500,522,384,496,510,522,455,366,519,379,483,Squat
510,501,372,644,498,520,383,499,509,522,453,371,517,376,481,Squat
510,499,373,645,497,519,383,501,512,518,455,376,513,372,482,Squat
510,498,376,645,494,520,382,504,514,516,463,378,511,374,485,Squat
510,488,380,645,491,522,382,504,516,516,468,375,509,374,491,Squat
510,484,383,645,490,526,382,502,517,519,470,373,509,379,489,Squat
510,490,383,645,489,529,382,502,518,518,470,368,511,379,489,Squat
511,490,383,645,488,525,382,499,519,518,468,363,512,379,489,Squat
513,485,387,645,489,521,382,500,516,518,465,365,513,379,490,Squat
514,489,384,645,490,520,382,501,514,518,462,368,514,379,491,Squat
514,496,382,645,492,520,382,503,511,518,461,370,514,380,491,Squat
514,495,383,645,494,521,381,504,514,517,467,375,514,382,491,Squat
516,499,384,645,494,520,382,504,517,517,461,380,514,385,493,Squat
517,508,384,645,494,518,382,504,518,513,459,383,512,386,496,Squat
514,516,391,645,493,519,382,513,510,513,463,385,514,390,497,Squat
512,522,394,645,494,519,381,514,511,512,472,385,516,390,502,Squat
509,528,394,645,495,517,386,499,523,511,476,388,519,400,494,Squat
513,531,397,645,495,515,386,499,521,506,476,394,516,407,492,Squat
521,527,406,645,496,514,384,510,515,506,476,398,515,412,502,Squat
529,536,404,644,496,512,383,511,525,506,476,407,510,416,502,Squat
533,551,405,641,498,514,382,514,528,507,488,401,507,416,498,Squat
533,546,412,639,499,516,384,512,520,511,488,401,507,406,504,Squat
536,547,408,640,515,513,383,535,512,507,483,408,508,403,509,Squat
532,551,402,647,537,511,379,539,519,499,488,406,513,406,508,Squat
522,532,407,645,533,520,385,521,523,505,478,397,523,402,517,Squat
515,525,409,641,513,522,386,535,516,504,465,396,529,401,517,Squat
515,521,412,642,517,529,381,550,515,505,468,391,526,395,521,Squat
517,512,408,644,530,525,383,539,523,514,472,384,515,390,530,Squat
515,511,395,643,537,519,388,519,517,517,470,383,505,390,530,Squat
513,513,390,641,524,525,386,523,528,518,476,385,504,383,536,Squat
512,506,392,644,524,529,385,530,535,520,479,388,510,387,536,Squat
516,496,397,643,524,524,385,532,534,520,474,392,516,387,541,Squat
521,496,396,643,535,529,386,531,538,513,475,393,522,389,545,Squat
519,505,396,642,541,525,386,547,540,512,473,389,523,389,547,Squat
510,507,402,640,541,526,387,544,541,515,481,386,521,389,554,Squat
513,509,396,638,545,520,386,545,541,520,484,383,520,393,559,Squat
521,508,377,638,539,522,388,548,538,513,457,393,520,393,549,Squat
511,518,349,638,546,520,390,547,538,500,464,400,520,385,547,Squat
507,513,342,634,547,519,392,550,535,516,482,364,517,391,542,Squat
507,503,339,634,555,517,390,551,534,525,460,338,515,391,544,Squat
505,490,353,637,554,521,386,545,539,523,432,347,517,382,556,Squat
511,477,371,637,546,527,391,554,538,525,443,363,516,377,560,Squat
515,478,379,636,549,525,391,551,537,520,469,366,515,379,559,Squat
513,468,395,637,550,526,388,554,535,515,477,359,515,377,570,Squat
514,455,405,639,550,529,391,560,540,520,492,356,512,389,561,Squat
518,438,412,637,555,528,398,564,544,524,480,361,512,384,568,Squat
522,439,417,628,554,529,396,563,541,518,468,375,516,383,565,Squat
521,463,408,633,564,523,393,568,537,517,474,371,519,379,569,Squat
515,469,396,635,567,524,397,567,536,512,482,370,519,377,572,Squat
514,466,383,629,561,529,397,571,533,511,485,377,518,377,573,Squat
518,462,376,627,559,526,397,569,537,514,471,371,516,379,568,Squat
520,472,369,630,566,517,397,570,530,513,464,363,518,376,562,Squat
516,482,354,631,567,518,398,569,532,514,457,359,521,367,566,Squat
517,484,341,630,566,520,399,568,534,512,464,356,521,367,573,Squat
518,463,352,626,569,523,399,570,532,514,452,346,516,361,574,Squat
514,468,344,631,568,521,395,567,527,514,441,346,513,347,575,Squat
513,479,325,630,569,526,397,569,534,518,457,333,515,349,579,Squat
516,453,323,626,570,529,399,570,537,518,446,323,516,340,579,Squat
518,450,321,630,570,526,396,569,534,519,407,322,515,339,575,Squat
521,489,293,631,567,528,396,568,538,512,425,317,518,335,579,Squat
523,486,289,630,570,531,398,571,535,511,439,281,522,336,581,Squat
522,456,313,630,570,526,399,570,535,519,421,278,521,340,583,Squat
519,448,327,627,569,522,400,572,534,522,427,298,518,345,586,Squat
518,465,328,627,572,517,399,572,531,519,455,306,518,355,580,Squat
517,465,339,627,571,516,403,575,534,517,468,314,522,362,578,Squat
515,467,360,625,574,511,402,575,528,521,463,334,521,371,578,Squat
514,467,373,624,571,510,399,573,524,524,465,358,519,383,573,Squat
520,490,365,624,570,506,401,575,531,522,467,371,516,386,567,Squat
519,496,370,624,571,505,404,577,535,517,464,362,520,384,574,Squat
509,487,389,622,571,504,402,580,530,517,446,373,520,387,577,Squat
514,490,389,624,570,511,402,581,529,520,477,382,522,386,571,Squat
517,496,382,626,571,521,401,576,537,515,479,376,522,388,564,Squat
514,483,387,628,576,518,404,575,542,521,471,365,522,389,572,Squat
512,490,385,628,573,521,402,572,539,524,467,371,523,393,567,Squat
519,505,369,626,573,517,396,579,527,514,474,388,522,392,558,Squat
515,500,375,627,574,520,403,573,542,507,479,367,523,382,555,Squat
514,485,374,627,572,515,403,573,540,518,474,355,521,377,559,Squat
509,496,363,626,569,517,400,571,541,514,470,371,517,381,558,Squat
508,504,364,627,571,518,397,577,533,510,461,387,519,379,553,Squat
512,500,381,628,570,518,403,573,538,509,478,371,522,374,543,Squat
513,506,392,629,574,516,399,569,542,515,484,366,519,369,542,Squat
520,509,389,629,567,520,399,565,547,506,475,386,517,375,547,Squat
522,509,387,627,569,522,395,570,539,497,490,376,521,379,533,Squat
512,484,397,630,569,520,394,575,531,511,478,355,525,370,528,Squat
510,503,389,631,569,521,394,567,539,520,460,361,519,373,531,Squat
515,534,364,630,561,529,393,567,538,507,463,387,514,380,524,Squat
516,531,372,633,565,522,396,565,540,504,481,393,514,372,531,Squat
513,507,394,635,565,524,396,564,535,515,470,389,518,380,518,Squat
511,517,389,637,561,524,391,558,528,518,471,397,520,390,511,Squat
514,518,389,637,560,519,387,556,524,514,495,402,516,402,503,Squat
513,509,407,634,550,527,391,555,531,513,504,379,517,403,505,Squat
512,504,422,635,549,521,390,552,531,521,490,382,517,408,510,Squat
519,521,401,639,551,517,389,548,530,509,488,385,519,421,509,Squat
521,523,408,640,549,518,387,534,523,511,495,382,515,433,508,Squat
523,514,421,639,545,520,386,537,522,516,498,382,513,441,517,Squat
523,522,411,639,529,525,390,532,521,507,500,395,509,447,518,Squat
518,527,407,640,525,523,389,527,525,504,504,396,507,452,500,Squat
518,526,409,639,525,521,387,521,523,515,489,400,511,434,493,Squat
517,532,395,642,521,523,389,505,523,511,479,407,518,412,494,Squat
514,532,397,641,503,525,388,507,522,515,484,402,522,395,491,Squat
508,522,407,638,502,517,386,509,508,523,485,391,524,377,487,Squat
506,516,406,645,509,508,383,512,504,524,473,390,522,369,494,Squat
507,516,398,642,497,510,380,519,512,520,474,394,521,374,492,Squat
512,524,389,645,493,516,382,516,517,518,481,390,519,383,488,Squat
512,528,383,645,495,525,383,512,520,516,477,382,514,384,487,Squat
512,528,380,644,490,530,379,511,515,516,475,375,509,383,487,Squat
515,531,375,642,486,525,381,509,517,515,475,369,507,381,488,Squat
516,530,374,647,490,515,384,499,522,515,472,368,507,376,487,Squat
514,523,377,645,487,515,384,500,516,515,471,368,509,373,487,Squat
515,524,380,646,488,517,380,505,509,515,470,369,514,377,490,Squat
518,528,378,648,495,520,382,503,509,512,469,366,517,380,489,Squat
516,527,378,646,496,523,382,496,514,513,468,366,517,377,487,Squat
514,526,380,646,496,525,383,492,519,516,469,369,517,377,488,Squat
514,532,376,646,500,523,383,497,519,518,464,370,515,377,492,Squat
511,530,375,646,498,522,383,499,515,517,464,373,515,378,491,Squat
510,525,375,646,496,520,383,498,515,515,468,376,514,376,497,Squat
510,522,374,646,496,519,383,491,517,516,469,371,513,379,496,Squat
510,522,375,645,494,521,383,495,517,517,470,369,512,379,491,Squat
514,526,374,645,495,518,383,498,518,523,472,369,512,377,495,Squat
517,525,376,645,496,516,383,498,519,525,474,371,512,374,499,Squat
515,521,379,645,495,516,383,496,518,524,470,371,514,375,499,Squat
512,520,383,646,495,519,381,503,512,522,467,373,516,378,493,Squat
513,525,384,645,494,520,380,510,511,517,467,377,517,382,493,Squat
514,526,383,645,500,517,382,504,517,515,475,378,514,386,494,Squat
515,517,388,645,502,517,382,499,519,515,478,379,512,392,495,Squat
517,514,389,644,500,517,382,497,520,514,477,379,512,401,496,Squat
517,515,391,645,499,515,383,504,515,512,475,381,514,409,496,Squat
519,513,392,644,499,512,383,508,518,508,480,383,518,416,499,Squat
519,510,398,644,499,511,386,507,518,506,480,385,523,421,497,Squat
519,509,400,643,497,516,386,515,517,509,480,387,523,410,504,Squat
517,498,405,641,499,517,385,525,517,509,480,392,516,405,501,Squat
520,495,409,644,520,513,383,525,515,509,481,401,512,397,499,Squat
521,495,412,644,522,515,383,539,519,511,480,405,515,387,511,Squat
516,505,414,643,525,515,385,534,522,509,480,404,519,385,511,Squat
515,496,416,644,535,518,384,535,522,509,484,402,519,388,510,Squat
518,495,416,644,532,517,384,535,524,509,486,404,518,396,514,Squat
514,495,416,642,531,520,386,525,536,510,481,397,518,405,512,Squat
509,499,421,644,533,524,386,523,535,517,478,391,520,406,518,Squat
511,510,421,646,530,526,386,528,535,517,478,397,518,408,524,Squat
517,530,410,641,526,525,384,542,528,512,484,395,514,405,530,Squat
524,532,399,640,536,518,386,536,528,511,481,390,512,394,536,Squat
522,516,396,637,532,515,388,535,538,515,474,396,515,387,535,Squat
513,531,384,639,537,521,386,540,539,519,472,393,518,382,529,Squat
507,537,375,638,541,526,386,547,540,521,474,383,516,374,545,Squat
510,528,377,638,546,524,389,541,550,513,473,381,518,391,535,Squat
511,522,378,639,552,520,387,553,538,518,478,375,521,393,533,Squat
508,521,374,639,549,524,389,549,536,526,480,367,519,392,543,Squat
507,524,378,639,544,527,389,548,535,519,477,377,515,387,552,Squat
513,540,377,638,546,528,389,548,530,509,499,377,518,388,541,Squat
513,538,375,635,548,523,386,542,531,514,496,360,523,378,544,Squat
513,518,381,639,547,524,391,565,532,516,466,360,525,379,553,Squat
508,511,389,636,558,524,400,569,530,517,480,363,522,382,561,Squat
508,524,375,632,554,525,394,565,532,517,512,355,521,383,554,Squat
509,520,363,633,559,520,396,564,538,525,501,357,520,374,554,Squat
508,509,366,635,561,517,395,563,532,525,488,367,519,374,565,Squat
507,514,366,632,562,518,395,564,530,524,487,354,515,377,565,Squat
507,528,351,630,562,519,396,565,537,522,491,350,512,379,565,Squat
514,522,346,634,561,520,396,569,534,526,471,356,520,377,574,Squat
516,512,361,629,561,516,396,568,538,523,478,349,524,383,562,Squat
514,506,371,629,567,516,397,569,536,517,488,341,524,375,562,Squat
507,514,363,632,566,517,400,571,535,514,483,338,519,369,573,Squat
507,522,360,630,565,519,398,571,532,518,466,347,515,374,574,Squat
510,519,359,627,564,517,394,567,528,520,487,350,517,365,570,Squat
508,508,357,631,565,516,395,568,533,520,482,351,518,360,575,Squat
511,511,351,629,568,515,403,574,538,522,460,349,520,365,573,Squat
515,514,343,632,565,519,398,572,527,513,463,345,521,357,570,Squat
509,502,339,628,565,523,395,571,523,517,480,333,518,349,583,Squat
512,503,333,629,573,520,397,574,530,522,464,325,517,354,587,Squat
518,516,323,627,570,523,404,574,537,513,463,317,519,348,578,Squat
515,509,318,628,571,520,400,578,527,509,451,314,521,340,581,Squat
512,497,326,630,572,525,399,578,527,523,458,315,520,347,589,Squat
511,505,333,626,572,521,401,576,531,525,465,314,522,349,596,Squat
514,525,330,627,570,518,403,578,529,516,453,318,522,353,582,Squat
513,524,337,629,570,519,402,577,527,515,438,331,521,351,584,Squat
509,514,346,628,571,521,400,579,526,522,452,341,521,365,583,Squat
502,506,350,626,572,521,401,575,528,525,455,346,518,372,582,Squat
509,522,337,627,572,519,406,574,529,518,458,357,514,375,578,Squat
515,522,343,625,569,516,403,576,524,517,460,364,515,377,575,Squat
510,507,358,624,573,513,403,578,525,527,451,352,517,385,572,Squat
507,495,368,627,572,513,403,577,529,525,453,350,523,389,573,Squat
511,499,371,624,572,512,405,576,528,517,450,362,527,388,571,Squat
511,497,382,624,572,514,400,576,526,520,443,364,524,387,560,Squat
510,500,384,624,574,520,401,576,532,522,452,359,518,385,564,Squat
509,503,365,628,576,517,401,576,535,524,464,363,509,385,568,Squat
506,500,361,625,572,520,405,577,536,526,463,385,506,387,566,Squat
503,484,378,624,571,526,398,575,531,515,455,401,514,390,560,Squat
504,485,384,626,571,521,395,573,531,515,458,382,518,386,557,Squat
509,493,377,631,570,522,403,575,538,522,465,369,519,383,559,Squat
517,493,382,629,566,526,402,569,541,514,475,372,519,383,552,Squat
516,481,404,624,566,523,394,575,528,513,474,366,518,380,549,Squat
512,478,399,630,566,529,396,568,535,514,462,360,520,376,546,Squat
514,500,382,631,561,533,401,572,537,518,456,365,515,375,541,Squat
515,500,384,638,570,526,398,569,536,510,464,377,514,379,535,Squat
514,496,393,630,564,528,393,560,540,511,472,382,521,382,531,Squat
515,488,388,630,562,531,394,574,532,516,472,380,520,382,532,Squat
512,503,383,637,560,529,393,567,533,516,454,391,521,382,539,Squat
517,518,383,639,555,531,392,562,538,512,458,389,522,389,530,Squat
515,509,391,634,558,529,393,558,536,515,470,375,520,389,521,Squat
512,502,398,632,555,530,391,559,533,520,458,385,515,384,528,Squat
513,513,399,638,550,528,390,553,531,520,458,402,510,390,518,Squat
517,537,387,639,550,522,389,552,533,515,481,390,510,389,512,Squat
510,517,396,639,547,521,394,557,532,514,490,383,513,389,513,Squat
511,518,401,638,545,522,390,558,523,514,469,395,517,398,512,Squat
511,538,398,638,547,519,384,543,523,513,477,391,518,411,505,Squat
512,528,417,639,541,513,383,530,527,515,486,383,525,416,515,Squat
517,539,414,640,537,516,384,551,529,516,483,390,527,435,509,Squat
513,565,403,640,534,516,387,533,530,515,495,400,525,444,501,Squat
519,556,403,640,524,518,386,526,527,514,496,394,523,439,502,Squat
521,554,404,641,522,520,387,512,526,513,482,392,522,425,505,Squat
517,565,397,638,509,523,388,503,527,512,474,399,519,413,500,Squat
519,560,400,641,499,522,384,511,521,507,485,396,518,395,496,Squat
520,546,405,644,513,519,387,506,517,508,491,396,517,382,495,Squat
517,537,405,642,503,519,383,517,512,509,482,401,516,376,495,Squat
515,524,405,641,500,516,384,513,514,511,472,399,516,378,489,Squat
514,532,402,642,499,511,381,514,513,512,478,392,513,379,494,Squat
516,536,396,648,509,500,379,516,512,512,484,382,513,389,489,Squat
516,534,389,646,505,509,383,511,515,514,481,373,513,386,490,Squat
516,533,386,643,495,518,385,501,516,515,476,367,513,380,493,Squat
514,531,385,646,492,520,380,506,512,515,475,365,514,374,498,Squat
512,534,383,645,489,521,382,503,516,515,473,364,516,369,494,Squat
511,537,380,646,488,522,382,496,519,518,470,368,517,368,493,Squat
512,540,378,646,487,523,382,489,523,518,469,369,517,371,496,Squat
513,540,375,646,488,523,382,490,522,518,468,369,517,376,498,Squat
513,539,374,646,492,523,382,493,521,518,469,367,519,378,496,Squat
511,537,374,646,494,524,382,495,521,518,467,365,521,378,494,Squat
511,540,373,646,494,522,382,497,519,521,463,365,519,378,495,Squat
509,538,372,646,495,520,382,498,518,522,464,366,516,377,498,Squat
506,534,372,646,497,519,382,500,517,522,465,368,513,373,496,Squat
511,538,372,645,497,519,382,502,517,521,470,370,513,367,499,Squat
514,537,372,645,496,518,382,502,519,518,466,373,517,374,495,Squat
514,537,377,645,496,519,382,502,519,516,469,371,517,383,487,Squat
517,535,382,646,496,520,382,504,519,518,468,368,517,382,491,Squat
517,533,385,646,496,520,382,503,518,518,468,370,517,377,499,Squat
518,534,386,646,495,520,382,503,518,517,463,374,518,377,497,Squat
518,537,385,646,495,519,381,506,516,517,462,377,519,380,493,Squat
518,536,386,645,496,518,381,506,515,517,466,380,518,385,493,Squat
518,534,387,645,501,517,381,504,516,514,468,385,513,390,494,Squat
518,531,385,645,501,516,381,506,516,512,463,387,512,397,494,Squat
516,524,388,645,499,514,383,501,516,510,463,389,511,395,495,Squat
512,520,391,644,497,513,383,502,520,511,465,389,514,391,492,Squat
512,520,393,644,506,510,385,514,523,513,468,389,517,388,494,Squat
516,520,395,645,511,514,384,524,518,512,469,388,515,398,497,Squat
520,514,396,647,508,520,382,521,518,509,476,388,510,408,506,Squat
520,510,401,644,504,514,383,522,515,511,472,388,505,416,507,Squat
521,510,407,644,504,515,385,529,516,515,470,392,501,423,489,Squat
521,520,407,642,512,523,384,532,520,517,476,401,503,409,499,Squat
522,518,409,641,526,517,386,522,527,515,481,406,510,391,517,Squat
517,513,409,641,530,520,386,535,519,511,480,409,514,392,515,Squat
514,491,416,644,529,523,384,534,524,510,479,406,515,394,511,Squat
514,491,412,641,532,522,386,526,540,510,479,400,512,392,515,Squat
516,506,401,641,543,514,385,532,537,514,490,391,513,392,514,Squat
517,515,401,643,539,514,385,533,542,516,490,380,518,393,510,Squat
521,535,399,641,531,521,385,538,535,511,485,376,519,393,517,Squat
525,558,385,640,539,514,385,543,536,501,493,369,519,396,520,Squat
527,555,385,639,542,515,387,538,543,499,492,367,521,394,520,Squat
529,549,392,638,536,518,389,536,548,499,481,381,521,394,523,Squat
528,545,395,640,543,522,387,550,538,501,476,398,519,387,537,Squat
523,537,397,640,548,520,388,548,537,502,471,396,514,393,529,Squat
525,539,402,637,548,513,390,549,537,508,472,392,510,388,532,Squat
527,548,404,635,549,512,389,548,538,509,476,394,508,386,537,Squat
527,551,399,639,547,513,391,549,543,508,486,389,508,386,538,Squat
522,534,391,636,551,519,391,550,539,512,471,383,508,387,540,Squat
522,524,395,635,551,519,393,555,538,513,460,383,508,387,542,Squat
525,534,391,635,556,519,392,558,536,511,467,381,504,384,544,Squat
526,533,374,634,553,520,391,559,543,508,460,376,503,378,553,Squat
532,523,368,636,553,522,394,561,545,498,449,380,510,385,551,Squat
537,523,363,632,556,523,398,561,550,500,451,375,515,388,549,Squat
535,525,353,635,560,526,397,572,536,508,456,365,515,384,554,Squat
526,516,360,633,564,520,398,570,536,512,451,366,517,379,561,Squat
518,513,366,629,568,515,397,568,540,505,442,369,521,374,564,Squat
511,512,384,630,566,521,399,570,538,502,444,365,523,361,583,Squat
510,489,395,631,566,523,392,570,531,508,447,368,515,363,579,Squat
512,494,388,630,564,521,399,571,540,514,452,383,511,370,571,Squat
518,502,377,628,564,512,400,572,537,510,458,383,510,375,561,Squat
517,497,382,629,566,509,400,574,537,510,456,369,514,373,565,Squat
521,485,391,629,567,510,400,577,536,521,449,373,515,374,570,Squat
526,500,372,626,572,511,401,574,533,513,455,377,515,374,564,Squat
523,509,357,624,569,508,401,569,540,508,457,360,518,371,564,Squat
518,507,353,628,573,506,399,572,534,512,443,353,517,374,567,Squat
517,515,343,625,577,512,399,576,529,506,433,360,518,378,564,Squat
517,526,326,622,573,513,400,572,538,505,439,349,523,366,561,Squat
512,505,328,623,577,511,404,576,539,513,433,348,523,359,568,Squat
517,503,334,623,580,510,403,577,534,511,430,351,517,360,566,Squat
515,508,334,624,576,511,398,578,527,510,441,342,512,351,569,Squat
511,512,328,624,573,511,402,576,535,516,443,338,512,353,574,Squat
516,505,325,623,575,512,402,576,532,515,438,340,513,350,572,Squat
515,499,325,624,577,514,403,576,532,504,431,336,514,351,573,Squat
516,495,332,624,576,514,401,578,531,508,430,325,517,351,579,Squat
515,491,332,620,575,512,403,578,535,513,429,321,521,353,582,Squat
512,484,339,624,580,510,404,580,528,509,427,331,528,355,582,Squat
512,483,350,625,578,511,403,579,535,513,420,332,529,357,577,Squat
506,490,353,620,574,509,406,574,536,521,418,344,523,365,567,Squat
503,494,357,622,578,506,405,578,527,518,447,354,518,366,572,Squat
508,499,358,622,578,506,400,580,528,523,457,351,513,375,568,Squat
510,498,356,620,575,507,401,579,533,523,468,351,513,382,560,Squat
511,487,361,618,563,511,407,577,541,522,474,367,515,387,561,Squat
508,461,369,625,577,508,404,580,536,514,457,365,521,392,564,Squat
510,473,374,626,579,512,403,579,534,515,440,355,520,393,569,Squat
511,505,366,623,578,512,403,576,538,516,458,352,519,400,555,Squat
508,504,363,621,576,514,405,575,540,512,478,367,521,389,560,Squat
504,484,372,623,575,512,404,579,537,511,475,367,523,388,560,Squat
506,472,377,626,579,507,401,580,529,518,450,361,519,387,565,Squat
514,497,372,623,577,509,404,578,534,517,458,364,518,387,565,Squat
514,493,379,622,572,512,404,576,537,511,475,378,520,386,562,Squat
512,491,385,622,574,510,402,577,536,516,473,371,522,382,561,Squat
514,498,389,623,580,510,401,578,535,519,465,369,519,384,559,Squat
518,511,385,624,578,515,402,577,537,511,474,378,519,384,553,Squat
514,502,393,622,575,518,403,577,541,509,480,383,521,377,552,Squat
512,492,403,623,575,513,400,578,537,518,461,380,517,376,552,Squat
521,502,394,625,577,514,401,577,538,514,462,385,517,379,548,Squat
523,512,389,625,575,520,401,577,536,509,472,387,522,378,540,Squat
515,482,397,626,576,516,400,575,539,517,451,386,521,369,548,Squat
509,475,396,626,576,520,400,568,544,520,452,386,513,375,540,Squat
509,498,386,629,576,520,398,573,538,512,456,389,511,376,527,Squat
506,507,389,629,572,522,396,573,537,501,464,385,519,374,526,Squat
505,504,384,627,566,525,398,575,531,503,452,384,522,379,526,Squat
507,506,372,630,566,524,393,575,527,510,456,397,521,389,508,Squat
508,507,372,630,564,519,394,573,528,518,471,381,521,385,503,Squat
509,499,379,632,561,520,402,553,543,536,471,361,518,381,514,Squat
510,502,373,632,559,524,395,564,531,533,451,365,517,390,508,Squat
510,501,377,634,559,522,388,562,523,520,439,375,519,389,506,Squat
507,502,389,636,556,519,387,559,525,521,441,381,515,386,507,Squat
512,518,392,636,552,518,394,547,537,522,452,388,513,397,497,Squat
523,532,373,637,544,522,391,544,534,516,467,394,512,403,490,Squat
520,524,369,640,548,521,387,541,527,511,469,400,508,401,493,Squat
514,512,384,640,549,519,386,542,521,514,462,398,512,406,503,Squat
510,515,377,640,555,516,386,542,524,522,445,396,517,423,498,Squat
508,507,383,640,539,513,386,545,531,514,450,396,522,428,486,Squat
505,496,398,638,518,517,385,536,528,515,462,390,527,422,493,Squat
507,499,409,639,521,513,387,523,524,517,472,393,529,419,499,Squat
514,520,405,640,515,511,384,532,523,512,484,391,528,412,497,Squat
517,527,404,641,511,518,384,526,516,510,483,389,525,400,491,Squat
516,517,409,640,504,531,387,510,520,512,474,400,519,389,489,Squat
519,516,411,641,498,533,383,511,521,507,468,400,515,383,486,Squat
520,513,408,646,507,521,383,512,521,507,473,397,515,382,481,Squat
520,511,404,648,512,512,384,510,518,507,476,396,518,386,476,Squat
526,517,394,646,509,511,382,514,517,510,480,384,521,391,475,Squat
532,512,383,645,504,512,385,505,520,518,482,370,509,387,481,Squat
534,483,386,643,498,515,382,511,515,509,459,379,498,387,480,Squat
529,487,387,645,500,511,382,513,511,505,455,384,498,386,478,Squat
528,530,373,647,510,511,385,506,508,501,468,380,507,384,477,Squat
526,537,375,644,505,517,384,500,512,496,499,375,513,379,476,Squat
526,543,383,646,503,516,383,499,512,493,492,375,518,374,481,Squat
521,522,390,646,494,516,383,497,514,500,456,382,519,364,489,Squat
520,513,395,646,484,524,383,490,519,503,440,383,514,364,489,Squat
520,519,394,646,478,534,382,485,524,507,452,377,512,368,486,Squat
520,524,389,646,480,538,382,487,526,510,461,375,511,374,483,Squat
519,519,384,647,487,531,382,492,522,515,466,373,511,380,483,Squat
519,520,378,646,490,525,382,496,517,520,468,366,511,382,483,Squat
520,524,373,646,492,520,382,498,514,522,468,367,512,379,482,Squat
523,532,373,646,493,517,382,499,512,520,466,374,516,376,481,Squat
523,531,377,646,493,519,382,501,515,512,468,379,519,373,482,Squat
525,530,378,646,497,519,382,501,518,506,458,383,520,376,480,Squat
525,531,377,646,497,522,382,502,520,505,453,387,519,381,479,Squat
528,535,377,646,496,522,382,503,519,505,452,384,516,384,484,Squat
529,529,380,646,496,521,382,502,517,503,457,382,514,392,480,Squat
531,523,382,646,494,519,381,504,516,503,463,384,513,395,486,Squat
528,529,383,645,490,517,381,503,517,504,471,383,515,391,496,Squat
524,532,383,647,496,513,383,503,520,505,471,382,515,394,494,Squat
523,529,389,643,498,516,383,507,518,508,473,382,512,395,493,Squat
523,526,394,642,504,514,383,507,516,511,476,379,507,396,494,Squat
519,527,397,641,498,511,383,508,516,514,478,378,506,396,494,Squat
512,524,402,643,505,511,384,511,515,514,480,386,516,404,493,Squat
510,528,408,644,512,517,384,519,520,510,480,390,528,413,499,Squat
513,532,405,648,509,524,386,513,521,506,484,382,525,419,508,Squat
516,519,403,645,497,522,386,518,516,512,480,384,515,424,503,Squat
518,521,405,640,497,527,385,523,519,514,473,395,510,416,496,Squat
518,523,413,637,510,531,385,534,516,510,475,405,511,392,509,Squat
521,522,416,640,533,525,385,538,518,505,483,406,516,387,516,Squat
523,523,408,643,533,523,384,543,523,504,487,403,518,395,498,Squat
525,522,406,644,540,517,386,527,526,502,483,406,518,391,504,Squat
523,527,404,643,536,520,386,539,525,501,481,395,515,391,510,Squat
523,532,389,641,535,528,386,543,526,506,481,378,513,393,514,Squat
521,522,379,641,533,528,386,534,539,510,472,384,513,393,519,Squat
524,516,382,640,541,523,389,529,543,495,463,380,520,392,522,Squat
523,545,373,638,541,529,385,546,531,500,481,357,518,386,527,Squat
522,539,369,639,549,524,386,544,529,507,490,356,517,379,528,Squat
524,519,387,639,545,527,390,548,537,500,479,380,517,373,531,Squat
530,529,408,639,546,525,391,545,539,503,485,389,516,375,534,Squat
526,545,393,636,556,520,387,548,538,502,490,394,515,376,535,Squat
526,517,407,638,546,524,389,555,532,505,490,394,517,381,536,Squat
519,506,415,637,551,522,392,552,535,514,468,391,517,383,543,Squat
522,531,398,635,551,522,391,553,535,512,474,390,514,386,538,Squat
525,526,389,635,551,526,392,555,535,505,485,384,509,383,535,Squat
520,506,392,635,555,522,394,559,538,511,467,375,509,380,546,Squat
516,518,372,634,557,523,393,560,539,515,450,368,517,388,555,Squat
517,522,351,633,554,525,394,564,541,503,468,361,524,386,549,Squat
519,493,371,633,553,528,401,560,550,501,475,353,522,374,554,Squat
522,487,376,633,559,525,398,564,543,508,443,355,518,375,557,Squat
526,480,354,628,563,524,395,573,533,511,451,371,521,379,555,Squat
527,494,358,630,570,517,394,569,536,513,468,365,525,379,556,Squat
519,479,387,631,571,519,403,571,539,517,453,364,520,380,563,Squat
516,486,381,629,571,524,400,571,538,516,455,376,514,384,561,Squat
516,500,362,627,570,521,400,579,534,511,468,373,518,381,557,Squat
514,487,375,626,571,520,398,579,534,512,469,359,520,375,564,Squat
512,481,386,625,576,516,401,582,539,513,465,367,522,381,570,Squat
519,496,371,625,577,521,401,573,536,506,469,367,526,377,565,Squat
522,493,356,625,575,519,401,573,535,503,476,357,525,370,563,Squat
525,478,366,625,574,519,403,575,535,505,459,353,524,365,567,Squat
524,477,359,622,576,519,403,578,535,499,458,361,524,361,567,Squat
521,490,355,624,576,520,403,577,536,501,466,355,524,352,569,Squat
518,490,359,622,579,520,403,576,533,506,479,350,521,350,578,Squat
513,488,360,624,581,519,401,573,535,509,472,350,516,356,570,Squat
511,480,355,625,579,519,402,577,532,505,473,349,516,352,565,Squat
513,472,347,624,576,520,405,578,531,507,467,332,520,352,564,Squat
516,469,344,622,575,522,401,576,530,510,467,320,517,356,569,Squat
516,471,330,622,575,520,399,574,530,505,462,317,514,359,567,Squat
514,470,313,624,576,521,401,576,534,500,450,312,521,356,561,Squat
511,464,318,624,575,518,402,576,533,507,442,314,523,348,583,Squat
516,477,327,624,575,520,402,577,532,514,450,308,523,365,573,Squat
517,475,333,623,575,520,400,575,535,512,451,315,520,363,574,Squat
512,486,338,625,575,517,402,578,536,507,451,340,518,368,573,Squat
511,502,345,625,574,517,402,579,534,512,453,350,516,376,575,Squat
515,504,349,624,575,516,402,576,531,516,450,351,513,381,570,Squat
514,493,352,624,571,517,399,572,526,515,448,358,512,376,570,Squat
513,509,363,623,564,522,402,574,528,513,440,364,513,380,573,Squat
514,514,381,619,570,528,404,572,532,505,471,364,517,388,573,Squat
512,491,389,624,578,520,402,577,528,508,484,358,518,385,573,Squat
511,484,390,625,581,514,402,579,523,516,462,366,518,386,571,Squat
511,499,386,626,580,514,403,576,519,518,473,360,515,391,570,Squat
512,501,377,622,576,517,405,577,524,517,481,360,514,389,572,Squat
509,490,378,621,574,516,404,577,524,514,470,373,517,382,567,Squat
506,503,373,626,578,516,402,580,521,516,462,387,518,380,572,Squat
505,503,364,625,576,516,400,577,523,514,459,377,518,390,564,Squat
513,516,357,625,572,523,403,576,530,515,473,361,517,386,561,Squat
520,503,370,624,572,524,402,571,540,514,466,367,517,379,564,Squat
520,503,382,626,574,523,399,577,533,517,462,376,514,383,564,Squat
517,505,375,629,571,525,397,577,530,517,465,359,512,390,556,Squat
514,518,363,629,568,524,400,577,533,514,478,364,513,387,553,Squat
511,515,382,627,570,524,399,572,538,514,471,369,516,386,556,Squat
510,511,388,628,570,524,396,564,539,514,464,372,518,389,560,Squat
514,508,379,631,568,527,387,567,531,511,461,374,518,392,553,Squat
514,508,376,631,568,524,399,570,538,512,473,368,516,387,549,Squat
520,513,389,627,564,525,402,570,536,516,465,368,514,383,547,Squat
516,521,389,631,561,527,393,559,539,513,479,376,512,382,554,Squat
515,517,375,634,563,524,389,556,537,509,480,379,515,389,546,Squat
510,517,379,633,559,523,393,569,534,506,477,376,521,382,552,Squat
510,516,392,633,556,525,400,568,536,523,470,372,521,387,539,Squat
504,516,385,633,561,520,393,556,533,525,471,379,517,391,534,Squat
504,529,372,636,551,523,386,552,529,515,467,373,515,398,523,Squat
501,523,384,637,554,518,388,550,525,520,462,360,521,389,526,Squat
505,531,404,637,551,515,389,556,522,530,437,385,517,386,533,Squat
519,553,377,636,553,517,391,550,522,514,463,392,514,396,527,Squat
520,550,362,637,548,520,389,543,524,504,505,376,514,401,515,Squat
518,515,375,639,540,524,387,541,527,512,496,370,519,394,518,Squat
516,492,392,641,539,529,386,545,528,526,457,389,516,394,521,Squat
514,498,390,641,541,526,386,547,528,528,458,388,511,404,516,Squat
517,531,388,641,532,523,385,543,524,516,483,383,509,414,510,Squat
512,532,402,641,526,526,386,533,523,512,490,387,512,415,515,Squat
509,526,413,641,522,523,386,534,519,518,486,395,512,415,515,Squat
513,526,408,642,511,520,388,522,517,522,483,406,512,411,517,Squat
514,525,402,641,506,522,385,522,512,516,485,402,512,407,508,Squat
511,514,413,642,506,522,385,507,516,514,476,399,512,400,506,Squat
517,516,413,641,499,525,385,505,519,512,471,404,512,400,503,Squat
523,526,407,643,503,523,385,507,520,505,481,407,512,395,502,Squat
523,519,410,640,500,522,383,509,516,504,488,398,512,390,502,Squat
526,510,411,641,500,519,381,513,513,509,479,390,512,388,504,Squat
529,516,400,642,504,512,384,505,514,505,470,391,513,387,499,Squat
525,514,392,646,509,502,385,498,509,504,475,386,513,379,495,Squat
524,505,395,647,505,502,384,491,508,508,476,376,514,371,500,Squat
523,509,386,647,496,508,383,484,512,508,470,376,517,366,503,Squat
523,516,381,646,484,527,383,479,517,504,467,380,520,362,503,Squat
524,517,383,644,472,541,383,481,524,504,474,378,521,368,502,Squat
523,519,381,646,476,543,383,487,527,504,479,371,518,379,492,Squat
517,521,372,647,484,536,383,494,522,504,479,366,512,383,492,Squat
513,516,369,646,489,526,383,499,515,508,473,364,510,388,490,Squat
512,509,369,645,491,519,383,500,511,511,472,363,510,384,492,Squat
513,508,369,645,494,516,383,502,511,511,469,363,510,379,495,Squat
516,510,369,645,497,516,383,503,512,509,468,367,513,374,498,Squat
520,510,373,645,498,520,383,503,515,507,472,370,517,375,499,Squat
524,511,379,645,499,523,383,503,516,508,473,370,519,379,500,Squat
524,510,381,647,499,523,383,503,516,506,476,374,518,382,499,Squat
524,509,384,647,499,520,383,503,514,504,473,376,517,384,502,Squat
527,509,384,646,495,520,383,501,514,503,476,376,516,390,506,Squat
526,510,384,646,493,521,383,501,512,502,483,377,514,394,504,Squat
521,501,387,647,495,521,383,501,513,502,481,379,512,394,506,Squat
519,503,391,646,498,521,383,500,514,505,476,382,509,398,513,Squat
518,507,388,644,500,521,383,496,519,508,485,381,506,404,511,Squat
513,509,397,643,501,518,383,502,518,510,489,384,507,394,514,Squat
505,507,402,643,501,514,383,511,519,516,494,392,514,386,506,Squat
502,506,404,642,514,510,384,515,524,520,497,395,519,383,506,Squat
505,509,404,643,510,519,384,519,519,519,498,392,520,383,519,Squat
506,514,406,645,513,515,384,526,512,518,498,389,516,391,517,Squat
506,510,402,644,521,511,384,526,510,521,492,390,515,399,504,Squat
513,505,400,645,520,514,384,520,517,521,481,389,514,399,506,Squat
525,506,396,646,524,517,383,532,519,517,470,380,510,403,511,Squat
528,507,398,643,525,524,383,533,520,512,472,379,510,407,509,Squat
525,503,394,642,523,522,384,521,526,507,475,385,511,405,508,Squat
523,492,392,639,516,527,385,528,531,505,483,382,511,400,516,Squat
528,497,398,643,531,525,384,536,532,506,474,379,511,394,520,Squat
529,504,403,642,535,521,385,533,531,505,476,386,515,388,524,Squat
524,508,408,640,537,521,387,536,544,509,476,387,519,385,527,Squat
511,513,407,640,538,525,384,546,532,520,481,394,518,384,534,Squat
509,522,412,640,541,522,385,538,528,516,491,413,523,389,526,Squat
517,525,414,640,540,518,386,543,527,506,498,414,525,389,522,Squat
519,507,421,641,547,522,389,546,532,506,479,407,520,386,528,Squat
516,518,420,639,538,532,389,545,532,505,454,396,517,389,533,Squat
,,,,,,,,,,,,,,,
,,,,,,,,,,,,,,,
,,,,,,,,,,,,,,,
,,,,,,,,,,,,,,,
,,,,,,,,,,,,,,,
,,,,,,,,,,,,,,,
,,,,,,,,,,,,,,,
,,,,,,,,,,,,,,,
,,,,,,,,,,,,,,,
,,,,,,,,,,,,,,,
,,,,,,,,,,,,,,,
,,,,,,,,,,,,,,,
,,,,,,,,,,,,,,,
,,,,,,,,,,,,,,,
,,,,,,,,,,,,,,,
,,,,,,,,,,,,,,,
,,,,,,,,,,,,,,,
,,,,,,,,,,,,,,,
,,,,,,,,,,,,,,,
,,,,,,,,,,,,,,,
,,,,,,,,,,,,,,,
,,,,,,,,,,,,,,,
,,,,,,,,,,,,,,,
,,,,,,,,,,,,,,,
,,,,,,,,,,,,,,,
,,,,,,,,,,,,,,,
,,,,,,,,,,,,,,,
,,,,,,,,,,,,,,,
,,,,,,,,,,,,,,,
,,,,,,,,,,,,,,,
,,,,,,,,,,,,,,,
,,,,,,,,,,,,,,,
,,,,,,,,,,,,,,,
,,,,,,,,,,,,,,,
,,,,,,,,,,,,,,,
,,,,,,,,,,,,,,,
,,,,,,,,,,,,,,,
,,,,,,,,,,,,,,,
,,,,,,,,,,,,,,,
,,,,,,,,,,,,,,,
,,,,,,,,,,,,,,,
,,,,,,,,,,,,,,,
,,,,,,,,,,,,,,,
,,,,,,,,,,,,,,,
,,,,,,,,,,,,,,,
,,,,,,,,,,,,,,,
,,,,,,,,,,,,,,,
,,,,,,,,,,,,,,,
,,,,,,,,,,,,,,,
,,,,,,,,,,,,,,,
,,,,,,,,,,,,,,,
,,,,,,,,,,,,,,,
,,,,,,,,,,,,,,,
,,,,,,,,,,,,,,,
,,,,,,,,,,,,,,,
,,,,,,,,,,,,,,,
,,,,,,,,,,,,,,,
,,,,,,,,,,,,,,,
,,,,,,,,,,,,,,,
,,,,,,,,,,,,,,,
,,,,,,,,,,,,,,,
,,,,,,,,,,,,,,,
,,,,,,,,,,,,,,,
,,,,,,,,,,,,,,,
,,,,,,,,,,,,,,,
,,,,,,,,,,,,,,,
,,,,,,,,,,,,,,,
,,,,,,,,,,,,,,,
,,,,,,,,,,,,,,,
,,,,,,,,,,,,,,,
,,,,,,,,,,,,,,,
,,,,,,,,,,,,,,,
,,,,,,,,,,,,,,,
,,,,,,,,,,,,,,,
,,,,,,,,,,,,,,,
,,,,,,,,,,,,,,,
,,,,,,,,,,,,,,,
,,,,,,,,,,,,,,,
,,,,,,,,,,,,,,,
,,,,,,,,,,,,,,,
,,,,,,,,,,,,,,,
,,,,,,,,,,,,,,,
,,,,,,,,,,,,,,,
,,,,,,,,,,,,,,,
,,,,,,,,,,,,,,,
,,,,,,,,,,,,,,,
,,,,,,,,,,,,,,,
,,,,,,,,,,,,,,,
,,,,,,,,,,,,,,,
,,,,,,,,,,,,,,,
,,,,,,,,,,,,,,,
,,,,,,,,,,,,,,,
,,,,,,,,,,,,,,,
,,,,,,,,,,,,,,,
,,,,,,,,,,,,,,,
,,,,,,,,,,,,,,,
,,,,,,,,,,,,,,,
,,,,,,,,,,,,,,,
,,,,,,,,,,,,,,,
,,,,,,,,,,,,,,,
,,,,,,,,,,,,,,,
,,,,,,,,,,,,,,,
,,,,,,,,,,,,,,,
,,,,,,,,,,,,,,,
,,,,,,,,,,,,,,,
,,,,,,,,,,,,,,,
,,,,,,,,,,,,,,,
,,,,,,,,,,,,,,,
,,,,,,,,,,,,,,,
,,,,,,,,,,,,,,,
,,,,,,,,,,,,,,,
,,,,,,,,,,,,,,,
,,,,,,,,,,,,,,,
,,,,,,,,,,,,,,,
,,,,,,,,,,,,,,,
,,,,,,,,,,,,,,,
,,,,,,,,,,,,,,,
,,,,,,,,,,,,,,,
,,,,,,,,,,,,,,,
,,,,,,,,,,,,,,,
,,,,,,,,,,,,,,,
,,,,,,,,,,,,,,,
,,,,,,,,,,,,,,,
,,,,,,,,,,,,,,,
,,,,,,,,,,,,,,,
,,,,,,,,,,,,,,,
,,,,,,,,,,,,,,,
,,,,,,,,,,,,,,,
,,,,,,,,,,,,,,,
,,,,,,,,,,,,,,,
,,,,,,,,,,,,,,,
,,,,,,,,,,,,,,,
,,,,,,,,,,,,,,,
,,,,,,,,,,,,,,,
,,,,,,,,,,,,,,,
,,,,,,,,,,,,,,,
,,,,,,,,,,,,,,,
,,,,,,,,,,,,,,,
,,,,,,,,,,,,,,,
,,,,,,,,,,,,,,,
,,,,,,,,,,,,,,,
,,,,,,,,,,,,,,,
,,,,,,,,,,,,,,,
,,,,,,,,,,,,,,,
,,,,,,,,,,,,,,,
,,,,,,,,,,,,,,,
,,,,,,,,,,,,,,,
,,,,,,,,,,,,,,,
,,,,,,,,,,,,,,,
,,,,,,,,,,,,,,,
,,,,,,,,,,,,,,,
,,,,,,,,,,,,,,,
,,,,,,,,,,,,,,,
,,,,,,,,,,,,,,,
,,,,,,,,,,,,,,,
,,,,,,,,,,,,,,,
,,,,,,,,,,,,,,,
,,,,,,,,,,,,,,,
,,,,,,,,,,,,,,,
,,,,,,,,,,,,,,,
,,,,,,,,,,,,,,,
,,,,,,,,,,,,,,,
,,,,,,,,,,,,,,,
,,,,,,,,,,,,,,,
,,,,,,,,,,,,,,,
,,,,,,,,,,,,,,,
,,,,,,,,,,,,,,,
,,,,,,,,,,,,,,,
,,,,,,,,,,,,,,,
,,,,,,,,,,,,,,,
,,,,,,,,,,,,,,,
,,,,,,,,,,,,,,,
,,,,,,,,,,,,,,,
,,,,,,,,,,,,,,,
,,,,,,,,,,,,,,,
,,,,,,,,,,,,,,,
,,,,,,,,,,,,,,,
,,,,,,,,,,,,,,,
,,,,,,,,,,,,,,,
,,,,,,,,,,,,,,,
,,,,,,,,,,,,,,,
,,,,,,,,,,,,,,,
,,,,,,,,,,,,,,,
,,,,,,,,,,,,,,,
,,,,,,,,,,,,,,,
,,,,,,,,,,,,,,,
,,,,,,,,,,,,,,,
,,,,,,,,,,,,,,,
,,,,,,,,,,,,,,,
,,,,,,,,,,,,,,,
,,,,,,,,,,,,,,,
,,,,,,,,,,,,,,,
,,,,,,,,,,,,,,,
,,,,,,,,,,,,,,,
,,,,,,,,,,,,,,,
,,,,,,,,,,,,,,,
,,,,,,,,,,,,,,,
,,,,,,,,,,,,,,,
,,,,,,,,,,,,,,,
,,,,,,,,,,,,,,,
,,,,,,,,,,,,,,,
,,,,,,,,,,,,,,,
,,,,,,,,,,,,,,,
,,,,,,,,,,,,,,,
,,,,,,,,,,,,,,,
,,,,,,,,,,,,,,,
,,,,,,,,,,,,,,,
,,,,,,,,,,,,,,,
,,,,,,,,,,,,,,,
,,,,,,,,,,,,,,,
,,,,,,,,,,,,,,,
,,,,,,,,,,,,,,,
,,,,,,,,,,,,,,,
,,,,,,,,,,,,,,,
,,,,,,,,,,,,,,,
,,,,,,,,,,,,,,,
,,,,,,,,,,,,,,,
,,,,,,,,,,,,,,,
,,,,,,,,,,,,,,,
,,,,,,,,,,,,,,,
,,,,,,,,,,,,,,,
,,,,,,,,,,,,,,,
,,,,,,,,,,,,,,,
,,,,,,,,,,,,,,,
,,,,,,,,,,,,,,,
,,,,,,,,,,,,,,,
,,,,,,,,,,,,,,,
,,,,,,,,,,,,,,,
,,,,,,,,,,,,,,,
,,,,,,,,,,,,,,,
,,,,,,,,,,,,,,,
,,,,,,,,,,,,,,,
,,,,,,,,,,,,,,,
,,,,,,,,,,,,,,,
,,,,,,,,,,,,,,,
,,,,,,,,,,,,,,,
,,,,,,,,,,,,,,,
,,,,,,,,,,,,,,,
,,,,,,,,,,,,,,,
,,,,,,,,,,,,,,,
,,,,,,,,,,,,,,,
,,,,,,,,,,,,,,,
,,,,,,,,,,,,,,,
,,,,,,,,,,,,,,,
,,,,,,,,,,,,,,,
,,,,,,,,,,,,,,,
,,,,,,,,,,,,,,,
,,,,,,,,,,,,,,,
,,,,,,,,,,,,,,,
,,,,,,,,,,,,,,,
,,,,,,,,,,,,,,,
,,,,,,,,,,,,,,,
,,,,,,,,,,,,,,,
,,,,,,,,,,,,,,,
,,,,,,,,,,,,,,,
,,,,,,,,,,,,,,,
,,,,,,,,,,,,,,,
,,,,,,,,,,,,,,,
,,,,,,,,,,,,,,,
,,,,,,,,,,,,,,,
,,,,,,,,,,,,,,,
,,,,,,,,,,,,,,,
,,,,,,,,,,,,,,,
,,,,,,,,,,,,,,,
,,,,,,,,,,,,,,,
,,,,,,,,,,,,,,,
,,,,,,,,,,,,,,,
,,,,,,,,,,,,,,,
,,,,,,,,,,,,,,,
,,,,,,,,,,,,,,,
,,,,,,,,,,,,,,,
,,,,,,,,,,,,,,,
,,,,,,,,,,,,,,,
,,,,,,,,,,,,,,,
,,,,,,,,,,,,,,,
,,,,,,,,,,,,,,,
,,,,,,,,,,,,,,,
,,,,,,,,,,,,,,,
,,,,,,,,,,,,,,,
,,,,,,,,,,,,,,,
,,,,,,,,,,,,,,,
,,,,,,,,,,,,,,,
,,,,,,,,,,,,,,,
,,,,,,,,,,,,,,,
,,,,,,,,,,,,,,,
,,,,,,,,,,,,,,,
,,,,,,,,,,,,,,,
,,,,,,,,,,,,,,,
,,,,,,,,,,,,,,,
,,,,,,,,,,,,,,,
,,,,,,,,,,,,,,,
,,,,,,,,,,,,,,,
,,,,,,,,,,,,,,,
,,,,,,,,,,,,,,,
,,,,,,,,,,,,,,,
,,,,,,,,,,,,,,,
,,,,,,,,,,,,,,,
,,,,,,,,,,,,,,,
,,,,,,,,,,,,,,,
,,,,,,,,,,,,,,,
,,,,,,,,,,,,,,,
,,,,,,,,,,,,,,,
,,,,,,,,,,,,,,,
,,,,,,,,,,,,,,,
,,,,,,,,,,,,,,,
,,,,,,,,,,,,,,,
,,,,,,,,,,,,,,,
,,,,,,,,,,,,,,,
,,,,,,,,,,,,,,,
,,,,,,,,,,,,,,,
,,,,,,,,,,,,,,,
,,,,,,,,,,,,,,,
,,,,,,,,,,,,,,,
,,,,,,,,,,,,,,,
,,,,,,,,,,,,,,,
,,,,,,,,,,,,,,,
,,,,,,,,,,,,,,,
,,,,,,,,,,,,,,,
,,,,,,,,,,,,,,,
,,,,,,,,,,,,,,,
,,,,,,,,,,,,,,,
,,,,,,,,,,,,,,,
,,,,,,,,,,,,,,,
,,,,,,,,,,,,,,,
,,,,,,,,,,,,,,,
,,,,,,,,,,,,,,,
,,,,,,,,,,,,,,,
,,,,,,,,,,,,,,,
,,,,,,,,,,,,,,,
,,,,,,,,,,,,,,,
,,,,,,,,,,,,,,,
,,,,,,,,,,,,,,,
,,,,,,,,,,,,,,,
,,,,,,,,,,,,,,,
,,,,,,,,,,,,,,,
,,,,,,,,,,,,,,,
,,,,,,,,,,,,,,,
,,,,,,,,,,,,,,,
,,,,,,,,,,,,,,,
,,,,,,,,,,,,,,,
,,,,,,,,,,,,,,,
,,,,,,,,,,,,,,,
,,,,,,,,,,,,,,,
,,,,,,,,,,,,,,,
,,,,,,,,,,,,,,,
,,,,,,,,,,,,,,,
,,,,,,,,,,,,,,,
,,,,,,,,,,,,,,,
,,,,,,,,,,,,,,,
,,,,,,,,,,,,,,,
,,,,,,,,,,,,,,,
,,,,,,,,,,,,,,,
,,,,,,,,,,,,,,,
,,,,,,,,,,,,,,,
,,,,,,,,,,,,,,,
,,,,,,,,,,,,,,,
,,,,,,,,,,,,,,,
,,,,,,,,,,,,,,,
,,,,,,,,,,,,,,,
,,,,,,,,,,,,,,,
,,,,,,,,,,,,,,,
,,,,,,,,,,,,,,,
,,,,,,,,,,,,,,,
,,,,,,,,,,,,,,,
,,,,,,,,,,,,,,,
,,,,,,,,,,,,,,,
,,,,,,,,,,,,,,,
,,,,,,,,,,,,,,,
,,,,,,,,,,,,,,,
,,,,,,,,,,,,,,,
,,,,,,,,,,,,,,,
,,,,,,,,,,,,,,,
,,,,,,,,,,,,,,,
,,,,,,,,,,,,,,,
,,,,,,,,,,,,,,,
,,,,,,,,,,,,,,,
,,,,,,,,,,,,,,,
,,,,,,,,,,,,,,,
,,,,,,,,,,,,,,,
,,,,,,,,,,,,,,,
,,,,,,,,,,,,,,,
,,,,,,,,,,,,,,,
,,,,,,,,,,,,,,,
,,,,,,,,,,,,,,,
,,,,,,,,,,,,,,,
,,,,,,,,,,,,,,,
,,,,,,,,,,,,,,,
,,,,,,,,,,,,,,,
,,,,,,,,,,,,,,,
,,,,,,,,,,,,,,,
,,,,,,,,,,,,,,,
,,,,,,,,,,,,,,,
,,,,,,,,,,,,,,,
,,,,,,,,,,,,,,,
,,,,,,,,,,,,,,,
,,,,,,,,,,,,,,,
,,,,,,,,,,,,,,,
,,,,,,,,,,,,,,,
,,,,,,,,,,,,,,,
,,,,,,,,,,,,,,,
,,,,,,,,,,,,,,,
,,,,,,,,,,,,,,,
,,,,,,,,,,,,,,,
,,,,,,,,,,,,,,,
,,,,,,,,,,,,,,,
,,,,,,,,,,,,,,,
,,,,,,,,,,,,,,,
,,,,,,,,,,,,,,,
,,,,,,,,,,,,,,,
,,,,,,,,,,,,,,,
,,,,,,,,,,,,,,,
,,,,,,,,,,,,,,,
,,,,,,,,,,,,,,,
,,,,,,,,,,,,,,,
,,,,,,,,,,,,,,,
,,,,,,,,,,,,,,,
,,,,,,,,,,,,,,,
,,,,,,,,,,,,,,,
,,,,,,,,,,,,,,,
,,,,,,,,,,,,,,,
,,,,,,,,,,,,,,,
,,,,,,,,,,,,,,,
,,,,,,,,,,,,,,,
,,,,,,,,,,,,,,,
,,,,,,,,,,,,,,,
,,,,,,,,,,,,,,,
,,,,,,,,,,,,,,,
,,,,,,,,,,,,,,,
,,,,,,,,,,,,,,,
,,,,,,,,,,,,,,,
,,,,,,,,,,,,,,,
,,,,,,,,,,,,,,,
,,,,,,,,,,,,,,,
,,,,,,,,,,,,,,,
,,,,,,,,,,,,,,,
,,,,,,,,,,,,,,,
,,,,,,,,,,,,,,,
,,,,,,,,,,,,,,,
,,,,,,,,,,,,,,,
,,,,,,,,,,,,,,,
,,,,,,,,,,,,,,,
,,,,,,,,,,,,,,,
,,,,,,,,,,,,,,,
,,,,,,,,,,,,,,,
,,,,,,,,,,,,,,,
,,,,,,,,,,,,,,,
,,,,,,,,,,,,,,,
,,,,,,,,,,,,,,,
,,,,,,,,,,,,,,,
,,,,,,,,,,,,,,,
,,,,,,,,,,,,,,,
,,,,,,,,,,,,,,,
,,,,,,,,,,,,,,,
,,,,,,,,,,,,,,,
,,,,,,,,,,,,,,,
,,,,,,,,,,,,,,,
,,,,,,,,,,,,,,,
,,,,,,,,,,,,,,,
,,,,,,,,,,,,,,,
,,,,,,,,,,,,,,,
,,,,,,,,,,,,,,,
,,,,,,,,,,,,,,,
,,,,,,,,,,,,,,,
,,,,,,,,,,,,,,,
,,,,,,,,,,,,,,,
,,,,,,,,,,,,,,,
,,,,,,,,,,,,,,,
,,,,,,,,,,,,,,,
,,,,,,,,,,,,,,,
,,,,,,,,,,,,,,,
,,,,,,,,,,,,,,,
,,,,,,,,,,,,,,,
,,,,,,,,,,,,,,,
,,,,,,,,,,,,,,,
,,,,,,,,,,,,,,,
,,,,,,,,,,,,,,,
,,,,,,,,,,,,,,,
,,,,,,,,,,,,,,,
,,,,,,,,,,,,,,,
,,,,,,,,,,,,,,,
,,,,,,,,,,,,,,,
,,,,,,,,,,,,,,,
,,,,,,,,,,,,,,,
,,,,,,,,,,,,,,,
,,,,,,,,,,,,,,,
,,,,,,,,,,,,,,,
,,,,,,,,,,,,,,,
,,,,,,,,,,,,,,,
,,,,,,,,,,,,,,,
,,,,,,,,,,,,,,,
,,,,,,,,,,,,,,,
,,,,,,,,,,,,,,,
,,,,,,,,,,,,,,,
,,,,,,,,,,,,,,,
,,,,,,,,,,,,,,,
,,,,,,,,,,,,,,,
,,,,,,,,,,,,,,,
,,,,,,,,,,,,,,,
,,,,,,,,,,,,,,,
,,,,,,,,,,,,,,,
,,,,,,,,,,,,,,,
,,,,,,,,,,,,,,,
,,,,,,,,,,,,,,,
,,,,,,,,,,,,,,,
,,,,,,,,,,,,,,,
,,,,,,,,,,,,,,,
,,,,,,,,,,,,,,,
,,,,,,,,,,,,,,,
,,,,,,,,,,,,,,,
,,,,,,,,,,,,,,,
,,,,,,,,,,,,,,,
,,,,,,,,,,,,,,,
,,,,,,,,,,,,,,,
,,,,,,,,,,,,,,,
,,,,,,,,,,,,,,,
,,,,,,,,,,,,,,,
,,,,,,,,,,,,,,,
,,,,,,,,,,,,,,,
,,,,,,,,,,,,,,,
,,,,,,,,,,,,,,,
,,,,,,,,,,,,,,,
,,,,,,,,,,,,,,,
,,,,,,,,,,,,,,,
,,,,,,,,,,,,,,,
,,,,,,,,,,,,,,,
,,,,,,,,,,,,,,,
,,,,,,,,,,,,,,,
,,,,,,,,,,,,,,,
,,,,,,,,,,,,,,,
,,,,,,,,,,,,,,,
,,,,,,,,,,,,,,,
,,,,,,,,,,,,,,,
,,,,,,,,,,,,,,,
,,,,,,,,,,,,,,,
,,,,,,,,,,,,,,,
,,,,,,,,,,,,,,,
,,,,,,,,,,,,,,,
,,,,,,,,,,,,,,,
,,,,,,,,,,,,,,,
,,,,,,,,,,,,,,,
,,,,,,,,,,,,,,,
,,,,,,,,,,,,,,,
,,,,,,,,,,,,,,,
,,,,,,,,,,,,,,,
,,,,,,,,,,,,,,,
,,,,,,,,,,,,,,,
,,,,,,,,,,,,,,,
,,,,,,,,,,,,,,,
,,,,,,,,,,,,,,,
,,,,,,,,,,,,,,,
,,,,,,,,,,,,,,,
,,,,,,,,,,,,,,,
,,,,,,,,,,,,,,,
,,,,,,,,,,,,,,,
,,,,,,,,,,,,,,,
,,,,,,,,,,,,,,,
,,,,,,,,,,,,,,,
,,,,,,,,,,,,,,,
,,,,,,,,,,,,,,,
,,,,,,,,,,,,,,,
,,,,,,,,,,,,,,,
,,,,,,,,,,,,,,,
,,,,,,,,,,,,,,,
,,,,,,,,,,,,,,,
,,,,,,,,,,,,,,,
,,,,,,,,,,,,,,,
,,,,,,,,,,,,,,,
,,,,,,,,,,,,,,,
,,,,,,,,,,,,,,,
,,,,,,,,,,,,,,,
,,,,,,,,,,,,,,,
,,,,,,,,,,,,,,,
,,,,,,,,,,,,,,,
,,,,,,,,,,,,,,,
,,,,,,,,,,,,,,,
,,,,,,,,,,,,,,,
,,,,,,,,,,,,,,,
,,,,,,,,,,,,,,,
,,,,,,,,,,,,,,,
,,,,,,,,,,,,,,,
,,,,,,,,,,,,,,,
,,,,,,,,,,,,,,,
,,,,,,,,,,,,,,,
,,,,,,,,,,,,,,,
,,,,,,,,,,,,,,,
,,,,,,,,,,,,,,,
,,,,,,,,,,,,,,,
,,,,,,,,,,,,,,,
,,,,,,,,,,,,,,,
,,,,,,,,,,,,,,,
,,,,,,,,,,,,,,,
,,,,,,,,,,,,,,,
,,,,,,,,,,,,,,,
,,,,,,,,,,,,,,,
,,,,,,,,,,,,,,,
,,,,,,,,,,,,,,,
,,,,,,,,,,,,,,,
,,,,,,,,,,,,,,,
,,,,,,,,,,,,,,,
,,,,,,,,,,,,,,,
,,,,,,,,,,,,,,,
,,,,,,,,,,,,,,,
,,,,,,,,,,,,,,,
,,,,,,,,,,,,,,,
,,,,,,,,,,,,,,,
,,,,,,,,,,,,,,,
,,,,,,,,,,,,,,,
,,,,,,,,,,,,,,,
,,,,,,,,,,,,,,,
,,,,,,,,,,,,,,,
,,,,,,,,,,,,,,,
,,,,,,,,,,,,,,,
,,,,,,,,,,,,,,,
,,,,,,,,,,,,,,,
,,,,,,,,,,,,,,,
,,,,,,,,,,,,,,,
,,,,,,,,,,,,,,,
,,,,,,,,,,,,,,,
,,,,,,,,,,,,,,,
,,,,,,,,,,,,,,,
,,,,,,,,,,,,,,,
,,,,,,,,,,,,,,,
,,,,,,,,,,,,,,,
,,,,,,,,,,,,,,,
,,,,,,,,,,,,,,,
,,,,,,,,,,,,,,,
,,,,,,,,,,,,,,,
,,,,,,,,,,,,,,,
,,,,,,,,,,,,,,,
,,,,,,,,,,,,,,,
,,,,,,,,,,,,,,,
,,,,,,,,,,,,,,,
,,,,,,,,,,,,,,,
,,,,,,,,,,,,,,,
,,,,,,,,,,,,,,,
,,,,,,,,,,,,,,,
,,,,,,,,,,,,,,,
,,,,,,,,,,,,,,,
,,,,,,,,,,,,,,,
,,,,,,,,,,,,,,,
,,,,,,,,,,,,,,,
,,,,,,,,,,,,,,,
,,,,,,,,,,,,,,,
,,,,,,,,,,,,,,,
,,,,,,,,,,,,,,,
,,,,,,,,,,,,,,,
,,,,,,,,,,,,,,,
,,,,,,,,,,,,,,,
,,,,,,,,,,,,,,,
,,,,,,,,,,,,,,,
,,,,,,,,,,,,,,,
,,,,,,,,,,,,,,,
,,,,,,,,,,,,,,,
,,,,,,,,,,,,,,,
,,,,,,,,,,,,,,,
,,,,,,,,,,,,,,,
,,,,,,,,,,,,,,,
,,,,,,,,,,,,,,,
,,,,,,,,,,,,,,,
,,,,,,,,,,,,,,,
,,,,,,,,,,,,,,,
,,,,,,,,,,,,,,,
,,,,,,,,,,,,,,,
,,,,,,,,,,,,,,,
,,,,,,,,,,,,,,,
,,,,,,,,,,,,,,,
,,,,,,,,,,,,,,,
,,,,,,,,,,,,,,,
,,,,,,,,,,,,,,,
,,,,,,,,,,,,,,,
,,,,,,,,,,,,,,,
,,,,,,,,,,,,,,,
,,,,,,,,,,,,,,,
,,,,,,,,,,,,,,,
,,,,,,,,,,,,,,,
,,,,,,,,,,,,,,,
,,,,,,,,,,,,,,,
,,,,,,,,,,,,,,,
,,,,,,,,,,,,,,,
,,,,,,,,,,,,,,,
,,,,,,,,,,,,,,,
,,,,,,,,,,,,,,,
,,,,,,,,,,,,,,,
,,,,,,,,,,,,,,,
,,,,,,,,,,,,,,,
,,,,,,,,,,,,,,,
,,,,,,,,,,,,,,,
,,,,,,,,,,,,,,,
,,,,,,,,,,,,,,,
,,,,,,,,,,,,,,,
,,,,,,,,,,,,,,,
,,,,,,,,,,,,,,,
,,,,,,,,,,,,,,,
,,,,,,,,,,,,,,,
,,,,,,,,,,,,,,,
,,,,,,,,,,,,,,,
,,,,,,,,,,,,,,,
,,,,,,,,,,,,,,,
,,,,,,,,,,,,,,,
,,,,,,,,,,,,,,,
,,,,,,,,,,,,,,,
,,,,,,,,,,,,,,,
,,,,,,,,,,,,,,,
,,,,,,,,,,,,,,,
,,,,,,,,,,,,,,,
,,,,,,,,,,,,,,,
,,,,,,,,,,,,,,,
,,,,,,,,,,,,,,,
,,,,,,,,,,,,,,,
,,,,,,,,,,,,,,,
,,,,,,,,,,,,,,,
,,,,,,,,,,,,,,,
,,,,,,,,,,,,,,,
,,,,,,,,,,,,,,,
,,,,,,,,,,,,,,,
,,,,,,,,,,,,,,,
,,,,,,,,,,,,,,,
,,,,,,,,,,,,,,,
,,,,,,,,,,,,,,,
,,,,,,,,,,,,,,,
,,,,,,,,,,,,,,,
,,,,,,,,,,,,,,,
,,,,,,,,,,,,,,,
,,,,,,,,,,,,,,,
,,,,,,,,,,,,,,,
,,,,,,,,,,,,,,,
,,,,,,,,,,,,,,,
,,,,,,,,,,,,,,,
,,,,,,,,,,,,,,,
,,,,,,,,,,,,,,,
,,,,,,,,,,,,,,,
,,,,,,,,,,,,,,,
,,,,,,,,,,,,,,,
,,,,,,,,,,,,,,,
,,,,,,,,,,,,,,,
,,,,,,,,,,,,,,,
,,,,,,,,,,,,,,,
,,,,,,,,,,,,,,,
,,,,,,,,,,,,,,,
,,,,,,,,,,,,,,,
,,,,,,,,,,,,,,,
,,,,,,,,,,,,,,,
,,,,,,,,,,,,,,,
,,,,,,,,,,,,,,,
,,,,,,,,,,,,,,,
,,,,,,,,,,,,,,,
,,,,,,,,,,,,,,,
,,,,,,,,,,,,,,,
,,,,,,,,,,,,,,,
,,,,,,,,,,,,,,,
,,,,,,,,,,,,,,,
,,,,,,,,,,,,,,,
,,,,,,,,,,,,,,,
,,,,,,,,,,,,,,,
,,,,,,,,,,,,,,,
,,,,,,,,,,,,,,,
,,,,,,,,,,,,,,,
,,,,,,,,,,,,,,,
,,,,,,,,,,,,,,,
,,,,,,,,,,,,,,,
,,,,,,,,,,,,,,,
,,,,,,,,,,,,,,,
,,,,,,,,,,,,,,,
,,,,,,,,,,,,,,,
,,,,,,,,,,,,,,,
,,,,,,,,,,,,,,,
,,,,,,,,,,,,,,,
,,,,,,,,,,,,,,,
,,,,,,,,,,,,,,,
,,,,,,,,,,,,,,,
,,,,,,,,,,,,,,,
,,,,,,,,,,,,,,,
,,,,,,,,,,,,,,,
,,,,,,,,,,,,,,,
,,,,,,,,,,,,,,,
,,,,,,,,,,,,,,,
,,,,,,,,,,,,,,,
,,,,,,,,,,,,,,,
,,,,,,,,,,,,,,,
,,,,,,,,,,,,,,,
,,,,,,,,,,,,,,,
,,,,,,,,,,,,,,,
,,,,,,,,,,,,,,,
,,,,,,,,,,,,,,,
,,,,,,,,,,,,,,,
,,,,,,,,,,,,,,,
,,,,,,,,,,,,,,,
,,,,,,,,,,,,,,,
,,,,,,,,,,,,,,,
,,,,,,,,,,,,,,,
,,,,,,,,,,,,,,,
,,,,,,,,,,,,,,,
,,,,,,,,,,,,,,,
,,,,,,,,,,,,,,,
,,,,,,,,,,,,,,,
,,,,,,,,,,,,,,,
,,,,,,,,,,,,,,,
,,,,,,,,,,,,,,,
,,,,,,,,,,,,,,,
,,,,,,,,,,,,,,,
,,,,,,,,,,,,,,,
,,,,,,,,,,,,,,,
,,,,,,,,,,,,,,,
,,,,,,,,,,,,,,,
,,,,,,,,,,,,,,,
,,,,,,,,,,,,,,,
,,,,,,,,,,,,,,,
,,,,,,,,,,,,,,,
,,,,,,,,,,,,,,,
,,,,,,,,,,,,,,,
,,,,,,,,,,,,,,,
,,,,,,,,,,,,,,,
,,,,,,,,,,,,,,,
,,,,,,,,,,,,,,,
,,,,,,,,,,,,,,,
,,,,,,,,,,,,,,,
,,,,,,,,,,,,,,,
,,,,,,,,,,,,,,,
,,,,,,,,,,,,,,,
,,,,,,,,,,,,,,,
,,,,,,,,,,,,,,,
,,,,,,,,,,,,,,,
,,,,,,,,,,,,,,,
,,,,,,,,,,,,,,,
,,,,,,,,,,,,,,,
,,,,,,,,,,,,,,,
,,,,,,,,,,,,,,,
,,,,,,,,,,,,,,,
,,,,,,,,,,,,,,,
,,,,,,,,,,,,,,,
,,,,,,,,,,,,,,,
,,,,,,,,,,,,,,,
,,,,,,,,,,,,,,,
,,,,,,,,,,,,,,,
,,,,,,,,,,,,,,,
,,,,,,,,,,,,,,,
,,,,,,,,,,,,,,,
,,,,,,,,,,,,,,,
,,,,,,,,,,,,,,,
,,,,,,,,,,,,,,,
,,,,,,,,,,,,,,,
,,,,,,,,,,,,,,,
,,,,,,,,,,,,,,,
,,,,,,,,,,,,,,,
,,,,,,,,,,,,,,,
,,,,,,,,,,,,,,,
,,,,,,,,,,,,,,,
,,,,,,,,,,,,,,,
,,,,,,,,,,,,,,,
,,,,,,,,,,,,,,,
,,,,,,,,,,,,,,,
,,,,,,,,,,,,,,,
,,,,,,,,,,,,,,,
,,,,,,,,,,,,,,,
,,,,,,,,,,,,,,,
,,,,,,,,,,,,,,,
,,,,,,,,,,,,,,,
,,,,,,,,,,,,,,,
,,,,,,,,,,,,,,,
,,,,,,,,,,,,,,,
,,,,,,,,,,,,,,,
,,,,,,,,,,,,,,,
,,,,,,,,,,,,,,,
,,,,,,,,,,,,,,,
,,,,,,,,,,,,,,,
,,,,,,,,,,,,,,,
,,,,,,,,,,,,,,,
,,,,,,,,,,,,,,,
,,,,,,,,,,,,,,,
,,,,,,,,,,,,,,,
,,,,,,,,,,,,,,,
,,,,,,,,,,,,,,,
,,,,,,,,,,,,,,,
,,,,,,,,,,,,,,,
,,,,,,,,,,,,,,,
,,,,,,,,,,,,,,,
,,,,,,,,,,,,,,,
,,,,,,,,,,,,,,,
,,,,,,,,,,,,,,,
,,,,,,,,,,,,,,,
,,,,,,,,,,,,,,,
,,,,,,,,,,,,,,,
,,,,,,,,,,,,,,,
,,,,,,,,,,,,,,,
,,,,,,,,,,,,,,,
,,,,,,,,,,,,,,,
,,,,,,,,,,,,,,,
,,,,,,,,,,,,,,,
,,,,,,,,,,,,,,,
,,,,,,,,,,,,,,,
,,,,,,,,,,,,,,,
,,,,,,,,,,,,,,,
,,,,,,,,,,,,,,,
,,,,,,,,,,,,,,,
,,,,,,,,,,,,,,,
,,,,,,,,,,,,,,,
,,,,,,,,,,,,,,,
,,,,,,,,,,,,,,,
,,,,,,,,,,,,,,,
,,,,,,,,,,,,,,,
,,,,,,,,,,,,,,,
,,,,,,,,,,,,,,,
,,,,,,,,,,,,,,,
,,,,,,,,,,,,,,,
,,,,,,,,,,,,,,,
,,,,,,,,,,,,,,,
,,,,,,,,,,,,,,,
,,,,,,,,,,,,,,,
,,,,,,,,,,,,,,,
,,,,,,,,,,,,,,,
,,,,,,,,,,,,,,,
,,,,,,,,,,,,,,,
,,,,,,,,,,,,,,,
,,,,,,,,,,,,,,,
,,,,,,,,,,,,,,,
,,,,,,,,,,,,,,,
,,,,,,,,,,,,,,,
,,,,,,,,,,,,,,,
,,,,,,,,,,,,,,,
,,,,,,,,,,,,,,,
,,,,,,,,,,,,,,,
,,,,,,,,,,,,,,,
,,,,,,,,,,,,,,,
,,,,,,,,,,,,,,,
,,,,,,,,,,,,,,,
,,,,,,,,,,,,,,,
,,,,,,,,,,,,,,,
,,,,,,,,,,,,,,,
,,,,,,,,,,,,,,,
,,,,,,,,,,,,,,,
,,,,,,,,,,,,,,,
,,,,,,,,,,,,,,,
,,,,,,,,,,,,,,,
,,,,,,,,,,,,,,,
,,,,,,,,,,,,,,,
,,,,,,,,,,,,,,,
,,,,,,,,,,,,,,,
,,,,,,,,,,,,,,,
,,,,,,,,,,,,,,,
,,,,,,,,,,,,,,,
,,,,,,,,,,,,,,,
,,,,,,,,,,,,,,,
,,,,,,,,,,,,,,,
,,,,,,,,,,,,,,,
,,,,,,,,,,,,,,,
,,,,,,,,,,,,,,,
,,,,,,,,,,,,,,,
,,,,,,,,,,,,,,,
,,,,,,,,,,,,,,,
,,,,,,,,,,,,,,,
,,,,,,,,,,,,,,,
,,,,,,,,,,,,,,,
,,,,,,,,,,,,,,,
,,,,,,,,,,,,,,,
,,,,,,,,,,,,,,,
,,,,,,,,,,,,,,,
,,,,,,,,,,,,,,,
,,,,,,,,,,,,,,,
,,,,,,,,,,,,,,,
,,,,,,,,,,,,,,,
,,,,,,,,,,,,,,,
,,,,,,,,,,,,,,,
,,,,,,,,,,,,,,,
,,,,,,,,,,,,,,,
,,,,,,,,,,,,,,,
,,,,,,,,,,,,,,,
,,,,,,,,,,,,,,,
,,,,,,,,,,,,,,,
,,,,,,,,,,,,,,,
,,,,,,,,,,,,,,,
,,,,,,,,,,,,,,,
,,,,,,,,,,,,,,,
,,,,,,,,,,,,,,,
,,,,,,,,,,,,,,,
,,,,,,,,,,,,,,,
,,,,,,,,,,,,,,,
,,,,,,,,,,,,,,,
,,,,,,,,,,,,,,,
,,,,,,,,,,,,,,,
,,,,,,,,,,,,,,,
,,,,,,,,,,,,,,,
,,,,,,,,,,,,,,,
,,,,,,,,,,,,,,,
,,,,,,,,,,,,,,,
,,,,,,,,,,,,,,,
,,,,,,,,,,,,,,,
,,,,,,,,,,,,,,,
,,,,,,,,,,,,,,,
,,,,,,,,,,,,,,,
,,,,,,,,,,,,,,,
,,,,,,,,,,,,,,,
,,,,,,,,,,,,,,,
,,,,,,,,,,,,,,,
,,,,,,,,,,,,,,,
,,,,,,,,,,,,,,,
,,,,,,,,,,,,,,,
,,,,,,,,,,,,,,,
,,,,,,,,,,,,,,,
,,,,,,,,,,,,,,,
,,,,,,,,,,,,,,,
,,,,,,,,,,,,,,,
,,,,,,,,,,,,,,,
,,,,,,,,,,,,,,,
,,,,,,,,,,,,,,,
,,,,,,,,,,,,,,,
,,,,,,,,,,,,,,,
,,,,,,,,,,,,,,,
,,,,,,,,,,,,,,,
,,,,,,,,,,,,,,,
,,,,,,,,,,,,,,,
,,,,,,,,,,,,,,,
,,,,,,,,,,,,,,,
,,,,,,,,,,,,,,,
,,,,,,,,,,,,,,,
,,,,,,,,,,,,,,,
,,,,,,,,,,,,,,,
,,,,,,,,,,,,,,,
,,,,,,,,,,,,,,,
,,,,,,,,,,,,,,,
,,,,,,,,,,,,,,,
,,,,,,,,,,,,,,,
,,,,,,,,,,,,,,,
,,,,,,,,,,,,,,,
,,,,,,,,,,,,,,,
,,,,,,,,,,,,,,,
,,,,,,,,,,,,,,,
,,,,,,,,,,,,,,,
,,,,,,,,,,,,,,,
,,,,,,,,,,,,,,,
,,,,,,,,,,,,,,,
,,,,,,,,,,,,,,,
,,,,,,,,,,,,,,,
,,,,,,,,,,,,,,,
,,,,,,,,,,,,,,,
,,,,,,,,,,,,,,,
,,,,,,,,,,,,,,,
,,,,,,,,,,,,,,,
,,,,,,,,,,,,,,,
,,,,,,,,,,,,,,,
,,,,,,,,,,,,,,,
,,,,,,,,,,,,,,,
,,,,,,,,,,,,,,,
,,,,,,,,,,,,,,,
,,,,,,,,,,,,,,,
,,,,,,,,,,,,,,,
,,,,,,,,,,,,,,,
,,,,,,,,,,,,,,,
,,,,,,,,,,,,,,,
,,,,,,,,,,,,,,,
,,,,,,,,,,,,,,,
,,,,,,,,,,,,,,,
,,,,,,,,,,,,,,,
,,,,,,,,,,,,,,,
,,,,,,,,,,,,,,,
,,,,,,,,,,,,,,,
,,,,,,,,,,,,,,,
,,,,,,,,,,,,,,,
,,,,,,,,,,,,,,,
,,,,,,,,,,,,,,,
,,,,,,,,,,,,,,,
,,,,,,,,,,,,,,,
,,,,,,,,,,,,,,,
,,,,,,,,,,,,,,,
,,,,,,,,,,,,,,,
,,,,,,,,,,,,,,,
,,,,,,,,,,,,,,,
,,,,,,,,,,,,,,,
,,,,,,,,,,,,,,,
,,,,,,,,,,,,,,,
,,,,,,,,,,,,,,,
,,,,,,,,,,,,,,,
,,,,,,,,,,,,,,,
,,,,,,,,,,,,,,,
,,,,,,,,,,,,,,,
,,,,,,,,,,,,,,,
,,,,,,,,,,,,,,,
,,,,,,,,,,,,,,,
,,,,,,,,,,,,,,,
,,,,,,,,,,,,,,,
,,,,,,,,,,,,,,,
,,,,,,,,,,,,,,,
,,,,,,,,,,,,,,,
,,,,,,,,,,,,,,,
,,,,,,,,,,,,,,,
,,,,,,,,,,,,,,,
,,,,,,,,,,,,,,,
,,,,,,,,,,,,,,,
,,,,,,,,,,,,,,,
,,,,,,,,,,,,,,,
,,,,,,,,,,,,,,,
,,,,,,,,,,,,,,,
,,,,,,,,,,,,,,,
,,,,,,,,,,,,,,,
,,,,,,,,,,,,,,,
,,,,,,,,,,,,,,,
,,,,,,,,,,,,,,,
,,,,,,,,,,,,,,,
,,,,,,,,,,,,,,,
,,,,,,,,,,,,,,,
,,,,,,,,,,,,,,,
,,,,,,,,,,,,,,,
,,,,,,,,,,,,,,,
,,,,,,,,,,,,,,,
,,,,,,,,,,,,,,,
,,,,,,,,,,,,,,,
,,,,,,,,,,,,,,,
,,,,,,,,,,,,,,,
,,,,,,,,,,,,,,,
,,,,,,,,,,,,,,,
,,,,,,,,,,,,,,,
,,,,,,,,,,,,,,,
,,,,,,,,,,,,,,,
,,,,,,,,,,,,,,,
,,,,,,,,,,,,,,,
,,,,,,,,,,,,,,,
,,,,,,,,,,,,,,,
,,,,,,,,,,,,,,,
,,,,,,,,,,,,,,,
,,,,,,,,,,,,,,,
,,,,,,,,,,,,,,,
,,,,,,,,,,,,,,,
,,,,,,,,,,,,,,,
,,,,,,,,,,,,,,,
,,,,,,,,,,,,,,,
,,,,,,,,,,,,,,,
,,,,,,,,,,,,,,,
,,,,,,,,,,,,,,,
,,,,,,,,,,,,,,,
,,,,,,,,,,,,,,,
,,,,,,,,,,,,,,,
,,,,,,,,,,,,,,,
,,,,,,,,,,,,,,,
,,,,,,,,,,,,,,,
,,,,,,,,,,,,,,,
,,,,,,,,,,,,,,,
,,,,,,,,,,,,,,,
,,,,,,,,,,,,,,,
,,,,,,,,,,,,,,,
,,,,,,,,,,,,,,,
,,,,,,,,,,,,,,,
,,,,,,,,,,,,,,,
,,,,,,,,,,,,,,,
,,,,,,,,,,,,,,,
,,,,,,,,,,,,,,,
,,,,,,,,,,,,,,,
,,,,,,,,,,,,,,,
,,,,,,,,,,,,,,,
,,,,,,,,,,,,,,,
,,,,,,,,,,,,,,,
,,,,,,,,,,,,,,,
,,,,,,,,,,,,,,,
,,,,,,,,,,,,,,,
,,,,,,,,,,,,,,,
,,,,,,,,,,,,,,,
,,,,,,,,,,,,,,,
,,,,,,,,,,,,,,,
,,,,,,,,,,,,,,,
,,,,,,,,,,,,,,,
,,,,,,,,,,,,,,,
,,,,,,,,,,,,,,,
,,,,,,,,,,,,,,,
,,,,,,,,,,,,,,,
,,,,,,,,,,,,,,,
,,,,,,,,,,,,,,,
,,,,,,,,,,,,,,,
,,,,,,,,,,,,,,,
,,,,,,,,,,,,,,,
,,,,,,,,,,,,,,,
,,,,,,,,,,,,,,,
,,,,,,,,,,,,,,,
,,,,,,,,,,,,,,,
,,,,,,,,,,,,,,,
,,,,,,,,,,,,,,,
,,,,,,,,,,,,,,,
,,,,,,,,,,,,,,,
,,,,,,,,,,,,,,,
,,,,,,,,,,,,,,,
,,,,,,,,,,,,,,,
,,,,,,,,,,,,,,,
,,,,,,,,,,,,,,,
,,,,,,,,,,,,,,,
,,,,,,,,,,,,,,,
,,,,,,,,,,,,,,,
,,,,,,,,,,,,,,,
,,,,,,,,,,,,,,,
,,,,,,,,,,,,,,,
,,,,,,,,,,,,,,,
,,,,,,,,,,,,,,,
,,,,,,,,,,,,,,,
,,,,,,,,,,,,,,,
,,,,,,,,,,,,,,,
,,,,,,,,,,,,,,,
,,,,,,,,,,,,,,,
,,,,,,,,,,,,,,,
,,,,,,,,,,,,,,,
,,,,,,,,,,,,,,,
,,,,,,,,,,,,,,,
,,,,,,,,,,,,,,,
,,,,,,,,,,,,,,,
,,,,,,,,,,,,,,,
,,,,,,,,,,,,,,,
,,,,,,,,,,,,,,,
,,,,,,,,,,,,,,,
,,,,,,,,,,,,,,,
,,,,,,,,,,,,,,,
,,,,,,,,,,,,,,,
,,,,,,,,,,,,,,,
,,,,,,,,,,,,,,,
,,,,,,,,,,,,,,,
,,,,,,,,,,,,,,,
,,,,,,,,,,,,,,,
,,,,,,,,,,,,,,,
,,,,,,,,,,,,,,,
,,,,,,,,,,,,,,,
,,,,,,,,,,,,,,,
,,,,,,,,,,,,,,,
,,,,,,,,,,,,,,,
,,,,,,,,,,,,,,,
,,,,,,,,,,,,,,,
,,,,,,,,,,,,,,,
,,,,,,,,,,,,,,,
,,,,,,,,,,,,,,,
,,,,,,,,,,,,,,,
,,,,,,,,,,,,,,,
,,,,,,,,,,,,,,,
,,,,,,,,,,,,,,,
,,,,,,,,,,,,,,,
,,,,,,,,,,,,,,,
,,,,,,,,,,,,,,,
,,,,,,,,,,,,,,,
,,,,,,,,,,,,,,,
,,,,,,,,,,,,,,,
,,,,,,,,,,,,,,,
,,,,,,,,,,,,,,,
,,,,,,,,,,,,,,,
,,,,,,,,,,,,,,,
,,,,,,,,,,,,,,,
,,,,,,,,,,,,,,,
,,,,,,,,,,,,,,,
,,,,,,,,,,,,,,,
,,,,,,,,,,,,,,,
,,,,,,,,,,,,,,,
,,,,,,,,,,,,,,,
,,,,,,,,,,,,,,,
,,,,,,,,,,,,,,,
,,,,,,,,,,,,,,,
,,,,,,,,,,,,,,,
,,,,,,,,,,,,,,,
,,,,,,,,,,,,,,,
,,,,,,,,,,,,,,,
,,,,,,,,,,,,,,,
,,,,,,,,,,,,,,,
,,,,,,,,,,,,,,,
,,,,,,,,,,,,,,,
,,,,,,,,,,,,,,,
,,,,,,,,,,,,,,,
,,,,,,,,,,,,,,,
,,,,,,,,,,,,,,,
,,,,,,,,,,,,,,,
,,,,,,,,,,,,,,,
,,,,,,,,,,,,,,,
,,,,,,,,,,,,,,,
,,,,,,,,,,,,,,,
,,,,,,,,,,,,,,,
,,,,,,,,,,,,,,,
,,,,,,,,,,,,,,,
,,,,,,,,,,,,,,,
,,,,,,,,,,,,,,,
,,,,,,,,,,,,,,,
,,,,,,,,,,,,,,,
,,,,,,,,,,,,,,,
,,,,,,,,,,,,,,,
,,,,,,,,,,,,,,,
,,,,,,,,,,,,,,,
,,,,,,,,,,,,,,,
,,,,,,,,,,,,,,,
,,,,,,,,,,,,,,,
,,,,,,,,,,,,,,,
,,,,,,,,,,,,,,,
,,,,,,,,,,,,,,,
,,,,,,,,,,,,,,,
,,,,,,,,,,,,,,,
,,,,,,,,,,,,,,,
,,,,,,,,,,,,,,,
,,,,,,,,,,,,,,,
,,,,,,,,,,,,,,,
,,,,,,,,,,,,,,,
,,,,,,,,,,,,,,,
,,,,,,,,,,,,,,,
,,,,,,,,,,,,,,,
,,,,,,,,,,,,,,,
,,,,,,,,,,,,,,,
,,,,,,,,,,,,,,,
,,,,,,,,,,,,,,,
,,,,,,,,,,,,,,,
,,,,,,,,,,,,,,,
,,,,,,,,,,,,,,,
,,,,,,,,,,,,,,,
,,,,,,,,,,,,,,,
,,,,,,,,,,,,,,,
,,,,,,,,,,,,,,,
,,,,,,,,,,,,,,,
,,,,,,,,,,,,,,,
,,,,,,,,,,,,,,,
,,,,,,,,,,,,,,,
,,,,,,,,,,,,,,,
,,,,,,,,,,,,,,,
,,,,,,,,,,,,,,,
,,,,,,,,,,,,,,,
,,,,,,,,,,,,,,,
,,,,,,,,,,,,,,,
,,,,,,,,,,,,,,,
,,,,,,,,,,,,,,,
,,,,,,,,,,,,,,,
,,,,,,,,,,,,,,,
,,,,,,,,,,,,,,,
,,,,,,,,,,,,,,,
,,,,,,,,,,,,,,,
,,,,,,,,,,,,,,,
,,,,,,,,,,,,,,,
,,,,,,,,,,,,,,,
,,,,,,,,,,,,,,,
,,,,,,,,,,,,,,,
,,,,,,,,,,,,,,,
,,,,,,,,,,,,,,,
,,,,,,,,,,,,,,,
,,,,,,,,,,,,,,,
,,,,,,,,,,,,,,,
,,,,,,,,,,,,,,,
,,,,,,,,,,,,,,,
,,,,,,,,,,,,,,,
,,,,,,,,,,,,,,,
,,,,,,,,,,,,,,,
,,,,,,,,,,,,,,,
,,,,,,,,,,,,,,,
,,,,,,,,,,,,,,,
,,,,,,,,,,,,,,,
,,,,,,,,,,,,,,,
,,,,,,,,,,,,,,,
,,,,,,,,,,,,,,,
,,,,,,,,,,,,,,,
,,,,,,,,,,,,,,,
,,,,,,,,,,,,,,,
,,,,,,,,,,,,,,,
,,,,,,,,,,,,,,,
,,,,,,,,,,,,,,,
,,,,,,,,,,,,,,,
,,,,,,,,,,,,,,,
,,,,,,,,,,,,,,,
,,,,,,,,,,,,,,,
,,,,,,,,,,,,,,,
,,,,,,,,,,,,,,,
,,,,,,,,,,,,,,,
,,,,,,,,,,,,,,,
,,,,,,,,,,,,,,,
,,,,,,,,,,,,,,,
,,,,,,,,,,,,,,,
,,,,,,,,,,,,,,,
,,,,,,,,,,,,,,,
,,,,,,,,,,,,,,,
,,,,,,,,,,,,,,,
,,,,,,,,,,,,,,,
,,,,,,,,,,,,,,,
,,,,,,,,,,,,,,,
,,,,,,,,,,,,,,,
,,,,,,,,,,,,,,,
,,,,,,,,,,,,,,,
,,,,,,,,,,,,,,,
,,,,,,,,,,,,,,,
,,,,,,,,,,,,,,,
,,,,,,,,,,,,,,,
,,,,,,,,,,,,,,,
,,,,,,,,,,,,,,,
,,,,,,,,,,,,,,,
,,,,,,,,,,,,,,,
,,,,,,,,,,,,,,,
,,,,,,,,,,,,,,,
,,,,,,,,,,,,,,,
,,,,,,,,,,,,,,,
,,,,,,,,,,,,,,,
,,,,,,,,,,,,,,,
,,,,,,,,,,,,,,,
,,,,,,,,,,,,,,,
,,,,,,,,,,,,,,,
,,,,,,,,,,,,,,,
,,,,,,,,,,,,,,,
,,,,,,,,,,,,,,,
,,,,,,,,,,,,,,,
,,,,,,,,,,,,,,,
,,,,,,,,,,,,,,,
,,,,,,,,,,,,,,,
,,,,,,,,,,,,,,,
,,,,,,,,,,,,,,,
,,,,,,,,,,,,,,,
,,,,,,,,,,,,,,,
,,,,,,,,,,,,,,,
,,,,,,,,,,,,,,,
,,,,,,,,,,,,,,,
,,,,,,,,,,,,,,,
,,,,,,,,,,,,,,,
,,,,,,,,,,,,,,,
,,,,,,,,,,,,,,,
,,,,,,,,,,,,,,,
,,,,,,,,,,,,,,,
,,,,,,,,,,,,,,,
,,,,,,,,,,,,,,,
,,,,,,,,,,,,,,,
,,,,,,,,,,,,,,,
,,,,,,,,,,,,,,,
,,,,,,,,,,,,,,,
,,,,,,,,,,,,,,,
,,,,,,,,,,,,,,,
,,,,,,,,,,,,,,,
,,,,,,,,,,,,,,,
,,,,,,,,,,,,,,,
,,,,,,,,,,,,,,,
,,,,,,,,,,,,,,,
,,,,,,,,,,,,,,,
,,,,,,,,,,,,,,,
,,,,,,,,,,,,,,,
,,,,,,,,,,,,,,,
,,,,,,,,,,,,,,,
,,,,,,,,,,,,,,,
,,,,,,,,,,,,,,,
,,,,,,,,,,,,,,,
,,,,,,,,,,,,,,,
,,,,,,,,,,,,,,,
,,,,,,,,,,,,,,,
,,,,,,,,,,,,,,,
,,,,,,,,,,,,,,,
,,,,,,,,,,,,,,,
,,,,,,,,,,,,,,,
,,,,,,,,,,,,,,,
,,,,,,,,,,,,,,,
,,,,,,,,,,,,,,,
,,,,,,,,,,,,,,,
,,,,,,,,,,,,,,,
,,,,,,,,,,,,,,,
,,,,,,,,,,,,,,,
,,,,,,,,,,,,,,,
,,,,,,,,,,,,,,,
,,,,,,,,,,,,,,,
,,,,,,,,,,,,,,,
,,,,,,,,,,,,,,,
,,,,,,,,,,,,,,,
,,,,,,,,,,,,,,,
,,,,,,,,,,,,,,,
,,,,,,,,,,,,,,,
,,,,,,,,,,,,,,,
,,,,,,,,,,,,,,,
,,,,,,,,,,,,,,,
,,,,,,,,,,,,,,,
,,,,,,,,,,,,,,,
,,,,,,,,,,,,,,,
,,,,,,,,,,,,,,,
,,,,,,,,,,,,,,,
,,,,,,,,,,,,,,,
,,,,,,,,,,,,,,,
,,,,,,,,,,,,,,,
,,,,,,,,,,,,,,,
,,,,,,,,,,,,,,,
,,,,,,,,,,,,,,,
,,,,,,,,,,,,,,,
,,,,,,,,,,,,,,,
,,,,,,,,,,,,,,,
,,,,,,,,,,,,,,,
,,,,,,,,,,,,,,,
,,,,,,,,,,,,,,,
,,,,,,,,,,,,,,,
,,,,,,,,,,,,,,,
,,,,,,,,,,,,,,,
,,,,,,,,,,,,,,,
,,,,,,,,,,,,,,,
,,,,,,,,,,,,,,,
,,,,,,,,,,,,,,,
,,,,,,,,,,,,,,,
,,,,,,,,,,,,,,,
,,,,,,,,,,,,,,,
,,,,,,,,,,,,,,,
,,,,,,,,,,,,,,,
,,,,,,,,,,,,,,,
,,,,,,,,,,,,,,,
,,,,,,,,,,,,,,,
,,,,,,,,,,,,,,,
,,,,,,,,,,,,,,,
,,,,,,,,,,,,,,,
,,,,,,,,,,,,,,,
,,,,,,,,,,,,,,,
,,,,,,,,,,,,,,,
,,,,,,,,,,,,,,,
,,,,,,,,,,,,,,,
,,,,,,,,,,,,,,,
,,,,,,,,,,,,,,,
,,,,,,,,,,,,,,,
,,,,,,,,,,,,,,,
,,,,,,,,,,,,,,,
,,,,,,,,,,,,,,,
,,,,,,,,,,,,,,,
,,,,,,,,,,,,,,,
,,,,,,,,,,,,,,,
,,,,,,,,,,,,,,,
,,,,,,,,,,,,,,,
,,,,,,,,,,,,,,,
,,,,,,,,,,,,,,,
,,,,,,,,,,,,,,,
,,,,,,,,,,,,,,,
,,,,,,,,,,,,,,,
,,,,,,,,,,,,,,,
,,,,,,,,,,,,,,,
,,,,,,,,,,,,,,,
,,,,,,,,,,,,,,,
,,,,,,,,,,,,,,,
,,,,,,,,,,,,,,,
,,,,,,,,,,,,,,,
,,,,,,,,,,,,,,,
,,,,,,,,,,,,,,,
,,,,,,,,,,,,,,,
,,,,,,,,,,,,,,,
,,,,,,,,,,,,,,,
,,,,,,,,,,,,,,,
,,,,,,,,,,,,,,,
,,,,,,,,,,,,,,,
,,,,,,,,,,,,,,,
,,,,,,,,,,,,,,,
,,,,,,,,,,,,,,,
,,,,,,,,,,,,,,,
,,,,,,,,,,,,,,,
,,,,,,,,,,,,,,,
,,,,,,,,,,,,,,,
,,,,,,,,,,,,,,,
,,,,,,,,,,,,,,,
,,,,,,,,,,,,,,,
,,,,,,,,,,,,,,,
,,,,,,,,,,,,,,,
,,,,,,,,,,,,,,,
,,,,,,,,,,,,,,,
,,,,,,,,,,,,,,,
,,,,,,,,,,,,,,,
,,,,,,,,,,,,,,,
,,,,,,,,,,,,,,,
,,,,,,,,,,,,,,,
,,,,,,,,,,,,,,,
,,,,,,,,,,,,,,,
,,,,,,,,,,,,,,,
,,,,,,,,,,,,,,,
,,,,,,,,,,,,,,,
,,,,,,,,,,,,,,,
,,,,,,,,,,,,,,,
,,,,,,,,,,,,,,,
,,,,,,,,,,,,,,,
,,,,,,,,,,,,,,,
,,,,,,,,,,,,,,,
,,,,,,,,,,,,,,,
,,,,,,,,,,,,,,,
,,,,,,,,,,,,,,,
,,,,,,,,,,,,,,,
,,,,,,,,,,,,,,,
,,,,,,,,,,,,,,,
,,,,,,,,,,,,,,,
,,,,,,,,,,,,,,,
,,,,,,,,,,,,,,,
,,,,,,,,,,,,,,,
,,,,,,,,,,,,,,,
,,,,,,,,,,,,,,,
,,,,,,,,,,,,,,,
,,,,,,,,,,,,,,,
,,,,,,,,,,,,,,,
,,,,,,,,,,,,,,,
,,,,,,,,,,,,,,,
,,,,,,,,,,,,,,,
,,,,,,,,,,,,,,,
,,,,,,,,,,,,,,,
,,,,,,,,,,,,,,,
,,,,,,,,,,,,,,,
,,,,,,,,,,,,,,,
,,,,,,,,,,,,,,,
,,,,,,,,,,,,,,,
,,,,,,,,,,,,,,,
,,,,,,,,,,,,,,,
,,,,,,,,,,,,,,,
,,,,,,,,,,,,,,,
,,,,,,,,,,,,,,,
,,,,,,,,,,,,,,,
,,,,,,,,,,,,,,,
,,,,,,,,,,,,,,,
,,,,,,,,,,,,,,,
,,,,,,,,,,,,,,,
,,,,,,,,,,,,,,,
,,,,,,,,,,,,,,,
,,,,,,,,,,,,,,,
,,,,,,,,,,,,,,,
,,,,,,,,,,,,,,,
,,,,,,,,,,,,,,,
,,,,,,,,,,,,,,,
,,,,,,,,,,,,,,,
,,,,,,,,,,,,,,,
,,,,,,,,,,,,,,,
,,,,,,,,,,,,,,,
,,,,,,,,,,,,,,,
,,,,,,,,,,,,,,,
,,,,,,,,,,,,,,,
,,,,,,,,,,,,,,,
,,,,,,,,,,,,,,,
,,,,,,,,,,,,,,,
,,,,,,,,,,,,,,,
,,,,,,,,,,,,,,,
,,,,,,,,,,,,,,,
,,,,,,,,,,,,,,,
,,,,,,,,,,,,,,,
,,,,,,,,,,,,,,,
,,,,,,,,,,,,,,,
,,,,,,,,,,,,,,,
,,,,,,,,,,,,,,,
,,,,,,,,,,,,,,,
,,,,,,,,,,,,,,,
,,,,,,,,,,,,,,,
,,,,,,,,,,,,,,,
,,,,,,,,,,,,,,,
,,,,,,,,,,,,,,,
,,,,,,,,,,,,,,,
,,,,,,,,,,,,,,,
,,,,,,,,,,,,,,,
,,,,,,,,,,,,,,,
,,,,,,,,,,,,,,,
,,,,,,,,,,,,,,,
,,,,,,,,,,,,,,,
,,,,,,,,,,,,,,,
,,,,,,,,,,,,,,,
,,,,,,,,,,,,,,,
,,,,,,,,,,,,,,,
,,,,,,,,,,,,,,,
,,,,,,,,,,,,,,,
,,,,,,,,,,,,,,,
,,,,,,,,,,,,,,,
,,,,,,,,,,,,,,,
,,,,,,,,,,,,,,,
,,,,,,,,,,,,,,,
,,,,,,,,,,,,,,,
,,,,,,,,,,,,,,,
,,,,,,,,,,,,,,,
,,,,,,,,,,,,,,,
,,,,,,,,,,,,,,,
,,,,,,,,,,,,,,,
,,,,,,,,,,,,,,,
,,,,,,,,,,,,,,,
,,,,,,,,,,,,,,,
,,,,,,,,,,,,,,,
,,,,,,,,,,,,,,,
,,,,,,,,,,,,,,,
,,,,,,,,,,,,,,,
,,,,,,,,,,,,,,,
,,,,,,,,,,,,,,,
,,,,,,,,,,,,,,,
,,,,,,,,,,,,,,,
,,,,,,,,,,,,,,,
,,,,,,,,,,,,,,,
,,,,,,,,,,,,,,,
,,,,,,,,,,,,,,,
,,,,,,,,,,,,,,,
,,,,,,,,,,,,,,,
,,,,,,,,,,,,,,,
,,,,,,,,,,,,,,,
,,,,,,,,,,,,,,,
,,,,,,,,,,,,,,,
,,,,,,,,,,,,,,,
,,,,,,,,,,,,,,,
,,,,,,,,,,,,,,,
,,,,,,,,,,,,,,,
,,,,,,,,,,,,,,,
,,,,,,,,,,,,,,,
,,,,,,,,,,,,,,,
,,,,,,,,,,,,,,,
,,,,,,,,,,,,,,,
,,,,,,,,,,,,,,,
,,,,,,,,,,,,,,,
,,,,,,,,,,,,,,,
,,,,,,,,,,,,,,,
,,,,,,,,,,,,,,,
,,,,,,,,,,,,,,,
,,,,,,,,,,,,,,,
,,,,,,,,,,,,,,,
,,,,,,,,,,,,,,,
,,,,,,,,,,,,,,,
,,,,,,,,,,,,,,,
,,,,,,,,,,,,,,,
,,,,,,,,,,,,,,,
,,,,,,,,,,,,,,,
,,,,,,,,,,,,,,,
,,,,,,,,,,,,,,,
,,,,,,,,,,,,,,,
,,,,,,,,,,,,,,,
,,,,,,,,,,,,,,,
,,,,,,,,,,,,,,,
,,,,,,,,,,,,,,,
,,,,,,,,,,,,,,,
,,,,,,,,,,,,,,,
,,,,,,,,,,,,,,,
,,,,,,,,,,,,,,,
,,,,,,,,,,,,,,,
,,,,,,,,,,,,,,,
,,,,,,,,,,,,,,,
,,,,,,,,,,,,,,,
,,,,,,,,,,,,,,,
,,,,,,,,,,,,,,,
,,,,,,,,,,,,,,,
,,,,,,,,,,,,,,,
,,,,,,,,,,,,,,,
,,,,,,,,,,,,,,,
,,,,,,,,,,,,,,,
,,,,,,,,,,,,,,,
,,,,,,,,,,,,,,,
,,,,,,,,,,,,,,,
,,,,,,,,,,,,,,,
,,,,,,,,,,,,,,,
,,,,,,,,,,,,,,,
,,,,,,,,,,,,,,,
,,,,,,,,,,,,,,,
,,,,,,,,,,,,,,,
,,,,,,,,,,,,,,,
,,,,,,,,,,,,,,,
,,,,,,,,,,,,,,,
,,,,,,,,,,,,,,,
,,,,,,,,,,,,,,,
,,,,,,,,,,,,,,,
,,,,,,,,,,,,,,,
,,,,,,,,,,,,,,,
,,,,,,,,,,,,,,,
,,,,,,,,,,,,,,,
,,,,,,,,,,,,,,,
,,,,,,,,,,,,,,,
,,,,,,,,,,,,,,,
,,,,,,,,,,,,,,,
,,,,,,,,,,,,,,,
,,,,,,,,,,,,,,,
,,,,,,,,,,,,,,,
,,,,,,,,,,,,,,,
,,,,,,,,,,,,,,,
,,,,,,,,,,,,,,,
,,,,,,,,,,,,,,,
,,,,,,,,,,,,,,,
,,,,,,,,,,,,,,,
,,,,,,,,,,,,,,,
,,,,,,,,,,,,,,,
,,,,,,,,,,,,,,,
,,,,,,,,,,,,,,,
,,,,,,,,,,,,,,,
,,,,,,,,,,,,,,,
,,,,,,,,,,,,,,,
,,,,,,,,,,,,,,,
,,,,,,,,,,,,,,,
,,,,,,,,,,,,,,,
,,,,,,,,,,,,,,,
,,,,,,,,,,,,,,,
,,,,,,,,,,,,,,,
,,,,,,,,,,,,,,,
,,,,,,,,,,,,,,,
,,,,,,,,,,,,,,,
,,,,,,,,,,,,,,,
,,,,,,,,,,,,,,,
,,,,,,,,,,,,,,,
,,,,,,,,,,,,,,,
,,,,,,,,,,,,,,,
,,,,,,,,,,,,,,,
,,,,,,,,,,,,,,,
,,,,,,,,,,,,,,,
,,,,,,,,,,,,,,,
,,,,,,,,,,,,,,,
,,,,,,,,,,,,,,,
,,,,,,,,,,,,,,,
,,,,,,,,,,,,,,,
,,,,,,,,,,,,,,,
,,,,,,,,,,,,,,,
,,,,,,,,,,,,,,,
,,,,,,,,,,,,,,,
,,,,,,,,,,,,,,,
,,,,,,,,,,,,,,,
,,,,,,,,,,,,,,,
,,,,,,,,,,,,,,,
,,,,,,,,,,,,,,,
,,,,,,,,,,,,,,,
,,,,,,,,,,,,,,,
,,,,,,,,,,,,,,,
,,,,,,,,,,,,,,,
,,,,,,,,,,,,,,,
,,,,,,,,,,,,,,,
,,,,,,,,,,,,,,,
,,,,,,,,,,,,,,,
,,,,,,,,,,,,,,,
,,,,,,,,,,,,,,,
,,,,,,,,,,,,,,,
,,,,,,,,,,,,,,,
,,,,,,,,,,,,,,,
,,,,,,,,,,,,,,,
,,,,,,,,,,,,,,,
,,,,,,,,,,,,,,,
,,,,,,,,,,,,,,,
,,,,,,,,,,,,,,,
,,,,,,,,,,,,,,,
,,,,,,,,,,,,,,,
,,,,,,,,,,,,,,,
,,,,,,,,,,,,,,,
,,,,,,,,,,,,,,,
,,,,,,,,,,,,,,,
,,,,,,,,,,,,,,,
,,,,,,,,,,,,,,,
,,,,,,,,,,,,,,,
,,,,,,,,,,,,,,,
,,,,,,,,,,,,,,,
,,,,,,,,,,,,,,,
,,,,,,,,,,,,,,,
,,,,,,,,,,,,,,,
,,,,,,,,,,,,,,,
,,,,,,,,,,,,,,,
,,,,,,,,,,,,,,,
,,,,,,,,,,,,,,,
,,,,,,,,,,,,,,,
,,,,,,,,,,,,,,,
,,,,,,,,,,,,,,,
,,,,,,,,,,,,,,,
,,,,,,,,,,,,,,,
,,,,,,,,,,,,,,,
,,,,,,,,,,,,,,,
,,,,,,,,,,,,,,,
,,,,,,,,,,,,,,,
,,,,,,,,,,,,,,,
,,,,,,,,,,,,,,,
,,,,,,,,,,,,,,,
,,,,,,,,,,,,,,,
,,,,,,,,,,,,,,,
,,,,,,,,,,,,,,,
,,,,,,,,,,,,,,,
,,,,,,,,,,,,,,,
,,,,,,,,,,,,,,,
,,,,,,,,,,,,,,,
,,,,,,,,,,,,,,,
,,,,,,,,,,,,,,,
,,,,,,,,,,,,,,,
,,,,,,,,,,,,,,,
,,,,,,,,,,,,,,,
,,,,,,,,,,,,,,,
,,,,,,,,,,,,,,,
,,,,,,,,,,,,,,,
,,,,,,,,,,,,,,,
,,,,,,,,,,,,,,,
,,,,,,,,,,,,,,,
,,,,,,,,,,,,,,,
,,,,,,,,,,,,,,,
,,,,,,,,,,,,,,,
,,,,,,,,,,,,,,,
,,,,,,,,,,,,,,,
,,,,,,,,,,,,,,,
,,,,,,,,,,,,,,,
,,,,,,,,,,,,,,,
,,,,,,,,,,,,,,,
,,,,,,,,,,,,,,,
,,,,,,,,,,,,,,,
,,,,,,,,,,,,,,,
,,,,,,,,,,,,,,,
,,,,,,,,,,,,,,,
,,,,,,,,,,,,,,,
,,,,,,,,,,,,,,,
,,,,,,,,,,,,,,,
,,,,,,,,,,,,,,,
,,,,,,,,,,,,,,,
,,,,,,,,,,,,,,,
,,,,,,,,,,,,,,,
,,,,,,,,,,,,,,,
,,,,,,,,,,,,,,,
,,,,,,,,,,,,,,,
,,,,,,,,,,,,,,,
,,,,,,,,,,,,,,,
,,,,,,,,,,,,,,,
,,,,,,,,,,,,,,,
,,,,,,,,,,,,,,,
,,,,,,,,,,,,,,,
,,,,,,,,,,,,,,,
,,,,,,,,,,,,,,,
,,,,,,,,,,,,,,,
,,,,,,,,,,,,,,,
,,,,,,,,,,,,,,,
,,,,,,,,,,,,,,,
,,,,,,,,,,,,,,,
,,,,,,,,,,,,,,,
,,,,,,,,,,,,,,,
,,,,,,,,,,,,,,,
,,,,,,,,,,,,,,,
,,,,,,,,,,,,,,,
,,,,,,,,,,,,,,,
,,,,,,,,,,,,,,,
,,,,,,,,,,,,,,,
,,,,,,,,,,,,,,,
,,,,,,,,,,,,,,,
,,,,,,,,,,,,,,,
,,,,,,,,,,,,,,,
,,,,,,,,,,,,,,,
,,,,,,,,,,,,,,,
,,,,,,,,,,,,,,,
,,,,,,,,,,,,,,,
,,,,,,,,,,,,,,,
,,,,,,,,,,,,,,,
,,,,,,,,,,,,,,,
,,,,,,,,,,,,,,,
,,,,,,,,,,,,,,,
,,,,,,,,,,,,,,,
,,,,,,,,,,,,,,,
,,,,,,,,,,,,,,,
,,,,,,,,,,,,,,,
,,,,,,,,,,,,,,,
,,,,,,,,,,,,,,,
,,,,,,,,,,,,,,,
,,,,,,,,,,,,,,,
,,,,,,,,,,,,,,,
,,,,,,,,,,,,,,,
,,,,,,,,,,,,,,,
,,,,,,,,,,,,,,,
,,,,,,,,,,,,,,,
,,,,,,,,,,,,,,,
,,,,,,,,,,,,,,,
,,,,,,,,,,,,,,,
,,,,,,,,,,,,,,,
,,,,,,,,,,,,,,,
,,,,,,,,,,,,,,,
,,,,,,,,,,,,,,,
,,,,,,,,,,,,,,,
,,,,,,,,,,,,,,,
,,,,,,,,,,,,,,,
,,,,,,,,,,,,,,,
,,,,,,,,,,,,,,,
,,,,,,,,,,,,,,,
,,,,,,,,,,,,,,,
,,,,,,,,,,,,,,,
,,,,,,,,,,,,,,,
,,,,,,,,,,,,,,,
,,,,,,,,,,,,,,,
,,,,,,,,,,,,,,,
,,,,,,,,,,,,,,,
,,,,,,,,,,,,,,,
,,,,,,,,,,,,,,,
,,,,,,,,,,,,,,,
,,,,,,,,,,,,,,,
,,,,,,,,,,,,,,,
,,,,,,,,,,,,,,,
,,,,,,,,,,,,,,,
,,,,,,,,,,,,,,,
,,,,,,,,,,,,,,,
,,,,,,,,,,,,,,,
,,,,,,,,,,,,,,,
,,,,,,,,,,,,,,,
,,,,,,,,,,,,,,,
,,,,,,,,,,,,,,,
,,,,,,,,,,,,,,,
,,,,,,,,,,,,,,,
,,,,,,,,,,,,,,,
,,,,,,,,,,,,,,,
,,,,,,,,,,,,,,,
,,,,,,,,,,,,,,,
,,,,,,,,,,,,,,,
,,,,,,,,,,,,,,,
,,,,,,,,,,,,,,,
,,,,,,,,,,,,,,,
,,,,,,,,,,,,,,,
,,,,,,,,,,,,,,,
,,,,,,,,,,,,,,,
,,,,,,,,,,,,,,,
,,,,,,,,,,,,,,,
,,,,,,,,,,,,,,,
,,,,,,,,,,,,,,,
,,,,,,,,,,,,,,,
,,,,,,,,,,,,,,,
,,,,,,,,,,,,,,,
,,,,,,,,,,,,,,,
,,,,,,,,,,,,,,,
,,,,,,,,,,,,,,,
,,,,,,,,,,,,,,,
,,,,,,,,,,,,,,,
,,,,,,,,,,,,,,,
,,,,,,,,,,,,,,,
,,,,,,,,,,,,,,,
,,,,,,,,,,,,,,,
,,,,,,,,,,,,,,,
,,,,,,,,,,,,,,,
,,,,,,,,,,,,,,,
,,,,,,,,,,,,,,,
,,,,,,,,,,,,,,,
,,,,,,,,,,,,,,,
,,,,,,,,,,,,,,,
,,,,,,,,,,,,,,,
,,,,,,,,,,,,,,,
,,,,,,,,,,,,,,,
,,,,,,,,,,,,,,,
,,,,,,,,,,,,,,,
,,,,,,,,,,,,,,,
,,,,,,,,,,,,,,,
,,,,,,,,,,,,,,,
,,,,,,,,,,,,,,,
,,,,,,,,,,,,,,,
,,,,,,,,,,,,,,,
,,,,,,,,,,,,,,,
,,,,,,,,,,,,,,,
,,,,,,,,,,,,,,,
,,,,,,,,,,,,,,,
,,,,,,,,,,,,,,,
,,,,,,,,,,,,,,,
,,,,,,,,,,,,,,,
,,,,,,,,,,,,,,,
,,,,,,,,,,,,,,,
,,,,,,,,,,,,,,,
,,,,,,,,,,,,,,,
,,,,,,,,,,,,,,,
,,,,,,,,,,,,,,,
,,,,,,,,,,,,,,,
,,,,,,,,,,,,,,,
,,,,,,,,,,,,,,,
,,,,,,,,,,,,,,,
,,,,,,,,,,,,,,,
,,,,,,,,,,,,,,,
,,,,,,,,,,,,,,,
,,,,,,,,,,,,,,,
,,,,,,,,,,,,,,,
,,,,,,,,,,,,,,,
,,,,,,,,,,,,,,,
,,,,,,,,,,,,,,,
,,,,,,,,,,,,,,,
,,,,,,,,,,,,,,,
,,,,,,,,,,,,,,,
,,,,,,,,,,,,,,,
,,,,,,,,,,,,,,,
,,,,,,,,,,,,,,,
,,,,,,,,,,,,,,,
,,,,,,,,,,,,,,,
,,,,,,,,,,,,,,,
,,,,,,,,,,,,,,,
,,,,,,,,,,,,,,,
,,,,,,,,,,,,,,,
,,,,,,,,,,,,,,,
,,,,,,,,,,,,,,,
,,,,,,,,,,,,,,,
,,,,,,,,,,,,,,,
,,,,,,,,,,,,,,,
,,,,,,,,,,,,,,,
,,,,,,,,,,,,,,,
,,,,,,,,,,,,,,,
,,,,,,,,,,,,,,,
,,,,,,,,,,,,,,,
,,,,,,,,,,,,,,,
,,,,,,,,,,,,,,,
,,,,,,,,,,,,,,,
,,,,,,,,,,,,,,,
,,,,,,,,,,,,,,,
,,,,,,,,,,,,,,,
,,,,,,,,,,,,,,,
,,,,,,,,,,,,,,,
,,,,,,,,,,,,,,,
,,,,,,,,,,,,,,,
,,,,,,,,,,,,,,,
,,,,,,,,,,,,,,,
,,,,,,,,,,,,,,,
,,,,,,,,,,,,,,,
,,,,,,,,,,,,,,,
,,,,,,,,,,,,,,,
,,,,,,,,,,,,,,,
,,,,,,,,,,,,,,,
,,,,,,,,,,,,,,,
,,,,,,,,,,,,,,,
,,,,,,,,,,,,,,,
,,,,,,,,,,,,,,,
,,,,,,,,,,,,,,,
,,,,,,,,,,,,,,,
,,,,,,,,,,,,,,,
,,,,,,,,,,,,,,,
,,,,,,,,,,,,,,,
,,,,,,,,,,,,,,,
,,,,,,,,,,,,,,,
,,,,,,,,,,,,,,,
,,,,,,,,,,,,,,,
,,,,,,,,,,,,,,,
,,,,,,,,,,,,,,,
,,,,,,,,,,,,,,,
,,,,,,,,,,,,,,,
,,,,,,,,,,,,,,,
,,,,,,,,,,,,,,,
,,,,,,,,,,,,,,,
,,,,,,,,,,,,,,,
,,,,,,,,,,,,,,,
,,,,,,,,,,,,,,,
,,,,,,,,,,,,,,,
,,,,,,,,,,,,,,,
,,,,,,,,,,,,,,,
,,,,,,,,,,,,,,,
,,,,,,,,,,,,,,,
,,,,,,,,,,,,,,,
,,,,,,,,,,,,,,,
,,,,,,,,,,,,,,,
,,,,,,,,,,,,,,,
,,,,,,,,,,,,,,,
,,,,,,,,,,,,,,,
,,,,,,,,,,,,,,,
,,,,,,,,,,,,,,,
,,,,,,,,,,,,,,,
,,,,,,,,,,,,,,,
,,,,,,,,,,,,,,,
,,,,,,,,,,,,,,,
,,,,,,,,,,,,,,,
,,,,,,,,,,,,,,,
,,,,,,,,,,,,,,,
,,,,,,,,,,,,,,,
,,,,,,,,,,,,,,,
,,,,,,,,,,,,,,,
,,,,,,,,,,,,,,,
,,,,,,,,,,,,,,,
,,,,,,,,,,,,,,,
,,,,,,,,,,,,,,,
,,,,,,,,,,,,,,,
,,,,,,,,,,,,,,,
,,,,,,,,,,,,,,,
,,,,,,,,,,,,,,,
,,,,,,,,,,,,,,,
,,,,,,,,,,,,,,,
,,,,,,,,,,,,,,,
,,,,,,,,,,,,,,,
,,,,,,,,,,,,,,,
,,,,,,,,,,,,,,,
,,,,,,,,,,,,,,,
,,,,,,,,,,,,,,,
,,,,,,,,,,,,,,,
,,,,,,,,,,,,,,,
,,,,,,,,,,,,,,,
,,,,,,,,,,,,,,,
,,,,,,,,,,,,,,,
,,,,,,,,,,,,,,,
,,,,,,,,,,,,,,,
,,,,,,,,,,,,,,,
,,,,,,,,,,,,,,,
,,,,,,,,,,,,,,,
,,,,,,,,,,,,,,,
,,,,,,,,,,,,,,,
,,,,,,,,,,,,,,,
,,,,,,,,,,,,,,,
,,,,,,,,,,,,,,,
,,,,,,,,,,,,,,,
,,,,,,,,,,,,,,,
,,,,,,,,,,,,,,,
,,,,,,,,,,,,,,,
,,,,,,,,,,,,,,,
,,,,,,,,,,,,,,,
,,,,,,,,,,,,,,,
,,,,,,,,,,,,,,,
,,,,,,,,,,,,,,,
,,,,,,,,,,,,,,,
,,,,,,,,,,,,,,,
,,,,,,,,,,,,,,,
,,,,,,,,,,,,,,,
,,,,,,,,,,,,,,,
,,,,,,,,,,,,,,,
,,,,,,,,,,,,,,,
,,,,,,,,,,,,,,,
,,,,,,,,,,,,,,,
,,,,,,,,,,,,,,,
,,,,,,,,,,,,,,,
,,,,,,,,,,,,,,,
,,,,,,,,,,,,,,,
,,,,,,,,,,,,,,,
,,,,,,,,,,,,,,,
,,,,,,,,,,,,,,,
,,,,,,,,,,,,,,,
,,,,,,,,,,,,,,,
,,,,,,,,,,,,,,,
,,,,,,,,,,,,,,,
,,,,,,,,,,,,,,,
,,,,,,,,,,,,,,,
,,,,,,,,,,,,,,,
,,,,,,,,,,,,,,,
,,,,,,,,,,,,,,,
,,,,,,,,,,,,,,,
,,,,,,,,,,,,,,,
,,,,,,,,,,,,,,,
,,,,,,,,,,,,,,,
,,,,,,,,,,,,,,,
,,,,,,,,,,,,,,,
,,,,,,,,,,,,,,,
,,,,,,,,,,,,,,,
,,,,,,,,,,,,,,,
,,,,,,,,,,,,,,,
,,,,,,,,,,,,,,,
,,,,,,,,,,,,,,,
,,,,,,,,,,,,,,,
,,,,,,,,,,,,,,,
,,,,,,,,,,,,,,,
,,,,,,,,,,,,,,,
,,,,,,,,,,,,,,,
,,,,,,,,,,,,,,,
,,,,,,,,,,,,,,,
,,,,,,,,,,,,,,,
,,,,,,,,,,,,,,,
,,,,,,,,,,,,,,,
,,,,,,,,,,,,,,,
,,,,,,,,,,,,,,,
,,,,,,,,,,,,,,,
,,,,,,,,,,,,,,,
,,,,,,,,,,,,,,,
,,,,,,,,,,,,,,,
,,,,,,,,,,,,,,,
,,,,,,,,,,,,,,,
,,,,,,,,,,,,,,,
,,,,,,,,,,,,,,,
,,,,,,,,,,,,,,,
,,,,,,,,,,,,,,,
,,,,,,,,,,,,,,,
,,,,,,,,,,,,,,,
,,,,,,,,,,,,,,,
,,,,,,,,,,,,,,,
,,,,,,,,,,,,,,,
,,,,,,,,,,,,,,,
,,,,,,,,,,,,,,,
,,,,,,,,,,,,,,,
,,,,,,,,,,,,,,,
,,,,,,,,,,,,,,,
,,,,,,,,,,,,,,,
,,,,,,,,,,,,,,,
